D2H_us,H2D_us,allocation_us,case,collect_us,execute_wall_us,graph_through_D2H_us,kernel_event_us,kernel_profiler_us,layout,mode,pack_through_D2H_us,pack_us,pair,permutation_us,phase,predict_us,remap_soa_us,seed
36.817,69.491,145.216,chain-128x8,,594.728,,39.36000168323517,3.615,Current,initialize,,,-1,,initialization,,,
29.014000000000003,51.451,109.75,chain-128x8,,431.262,,30.81599995493889,3.552,Random,initialize,,,-1,,initialization,,,928
36.688,50.374,125.982,chain-128x8,,415.265,,29.600000008940697,3.488,Random,initialize,,,-1,,initialization,,,929
28.715,49.24100000000001,126.95100000000001,chain-128x8,,402.208,,29.440000653266907,3.52,Random,initialize,,,-1,,initialization,,,930
27.407,,,chain-128x8,,63.809,,20.255999639630318,3.552,Random,resident,,,0,,warmup,,,928
26.518,,,chain-128x8,,42.96,,19.45599913597107,3.552,Current,resident,,,0,,warmup,,,928
25.105,,,chain-128x8,,39.468,,17.023999243974686,3.168,Random,resident,,,1,,warmup,,,928
24.237000000000002,,,chain-128x8,,39.237,,16.35199971497059,3.232,Current,resident,,,1,,warmup,,,928
23.181,,,chain-128x8,,37.912,,15.968000516295433,3.168,Current,resident,,,2,,warmup,,,928
23.796,,,chain-128x8,,37.208,,15.87199978530407,3.168,Random,resident,,,2,,warmup,,,928
23.479,,,chain-128x8,,38.17,,16.416000202298164,3.232,Current,resident,,,3,,warmup,,,928
23.436,,,chain-128x8,,37.712,,16.3199994713068,3.168,Random,resident,,,3,,warmup,,,928
23.36,,,chain-128x8,,37.433,,16.416000202298164,3.072,Random,resident,,,4,,warmup,,,928
24.103,,,chain-128x8,,37.09,,16.063999384641647,3.232,Current,resident,,,4,,warmup,,,928
24.067,,,chain-128x8,,37.229,,15.584000386297703,3.168,Random,resident,,,5,,warmup,,,928
23.704,,,chain-128x8,,36.883,,15.48799965530634,3.232,Current,resident,,,5,,warmup,,,928
23.748,,,chain-128x8,,36.962,,15.807999297976494,3.199,Current,resident,,,0,,measured,,,928
24.283,,,chain-128x8,,36.901,,15.456000342965126,3.2,Random,resident,,,0,,measured,,,928
23.649,,,chain-128x8,,36.62,,15.744000673294067,3.136,Random,resident,,,1,,measured,,,928
23.886,,,chain-128x8,,70.043,,30.848000198602676,3.2,Current,resident,,,1,,measured,,,928
24.72,,,chain-128x8,,37.864,,16.256000846624374,3.2,Random,resident,,,2,,measured,,,928
24.497,,,chain-128x8,,38.206,,15.615999698638916,3.232,Current,resident,,,2,,measured,,,928
23.711,,,chain-128x8,,36.849,,15.615999698638916,3.168,Random,resident,,,3,,measured,,,928
23.791,,,chain-128x8,,36.572,,15.072000212967396,3.2,Current,resident,,,3,,measured,,,928
23.25,,,chain-128x8,,36.717,,15.615999698638916,3.2,Current,resident,,,4,,measured,,,928
23.67,,,chain-128x8,,36.585,,15.807999297976494,3.2,Random,resident,,,4,,measured,,,928
23.255000000000003,,,chain-128x8,,37.025,,15.936000272631645,3.104,Random,resident,,,5,,measured,,,928
23.479999999999997,,,chain-128x8,,36.974,,15.87199978530407,3.2,Current,resident,,,5,,measured,,,928
23.628,,,chain-128x8,,36.785,,16.063999384641647,3.168,Current,resident,,,6,,measured,,,928
23.657,,,chain-128x8,,36.405,,15.680000185966492,3.168,Random,resident,,,6,,measured,,,928
23.645,,,chain-128x8,,37.798,,15.71200042963028,3.2,Current,resident,,,7,,measured,,,928
23.394,,,chain-128x8,,36.94,,15.647999942302704,3.2,Random,resident,,,7,,measured,,,928
23.746000000000002,,,chain-128x8,,37.167,,15.615999698638916,3.136,Random,resident,,,8,,measured,,,928
23.53,,,chain-128x8,,36.798,,15.807999297976494,3.264,Current,resident,,,8,,measured,,,928
24.037,,,chain-128x8,,36.402,,15.296000055968761,3.168,Random,resident,,,9,,measured,,,928
23.57,,,chain-128x8,,36.369,,15.424000099301338,3.232,Current,resident,,,9,,measured,,,928
23.991999999999997,,,chain-128x8,,36.701,,15.584000386297703,3.168,Current,resident,,,10,,measured,,,928
23.918,,,chain-128x8,,36.695,,15.776000916957855,3.168,Random,resident,,,10,,measured,,,928
23.848,,,chain-128x8,,36.805,,15.776000916957855,3.104,Random,resident,,,11,,measured,,,928
23.912,,,chain-128x8,,36.456,,15.32800029963255,3.2,Current,resident,,,11,,measured,,,928
23.757,,,chain-128x8,,36.787,,15.776000916957855,3.2,Random,resident,,,12,,measured,,,928
23.53,,,chain-128x8,,36.478,,14.84800036996603,3.232,Current,resident,,,12,,measured,,,928
23.279,,,chain-128x8,,36.7,,15.519999898970127,3.2,Current,resident,,,13,,measured,,,928
23.931,,,chain-128x8,,36.728,,15.680000185966492,3.168,Random,resident,,,13,,measured,,,928
23.423000000000002,,,chain-128x8,,36.805,,15.744000673294067,3.136,Random,resident,,,14,,measured,,,928
23.899,,,chain-128x8,,36.83,,15.584000386297703,3.232,Current,resident,,,14,,measured,,,928
23.598,,,chain-128x8,,36.743,,15.680000185966492,3.2,Random,resident,,,15,,measured,,,928
23.338,,,chain-128x8,,36.643,,15.552000142633915,3.2,Current,resident,,,15,,measured,,,928
24.055,117.398,0.0,chain-128x8,,245.127,34637.4429989572,16.48000068962574,3.168,Random,one_shot,9244.838998512794,8999.711998512794,0,640.8599992937525,warmup,0.0,,928
24.633000000000003,118.42599999999999,0.0,chain-128x8,,240.997,33992.45299966345,17.055999487638474,3.2,Current,one_shot,8599.84899921904,8358.851999219041,0,,warmup,0.0,,928
23.925,117.46300000000001,0.0,chain-128x8,,236.47,34628.7859989572,16.64000004529953,3.168,Random,one_shot,9236.181998512793,8999.711998512794,1,640.8599992937525,warmup,0.0,,928
23.997,116.57499999999999,0.0,chain-128x8,,233.309,33984.76499966345,16.448000445961952,3.264,Current,one_shot,8592.16099921904,8358.851999219041,1,,warmup,0.0,,928
23.741,39.645,0.0,chain-128x8,,157.11,33908.56599966345,16.704000532627106,3.168,Current,one_shot,8515.961999219042,8358.851999219041,2,,warmup,0.0,,928
24.096,118.631,0.0,chain-128x8,,237.233,34629.5489989572,17.216000705957413,3.168,Random,one_shot,9236.944998512794,8999.711998512794,2,640.8599992937525,warmup,0.0,,928
24.271,117.49199999999999,0.0,chain-128x8,,236.264,33987.719999663444,16.736000776290894,3.232,Current,one_shot,8595.11599921904,8358.851999219041,3,,warmup,0.0,,928
23.766,117.184,0.0,chain-128x8,,236.081,34628.3969989572,16.64000004529953,3.199,Random,one_shot,9235.792998512794,8999.711998512794,3,640.8599992937525,warmup,0.0,,928
24.157,40.367999999999995,0.0,chain-128x8,,158.634,34550.9499989572,16.863999888300896,3.104,Random,one_shot,9158.345998512794,8999.711998512794,4,640.8599992937525,warmup,0.0,,928
23.936,116.96900000000001,0.0,chain-128x8,,234.04,33985.49599966345,16.416000202298164,3.232,Current,one_shot,8592.891999219042,8358.851999219041,4,,warmup,0.0,,928
23.686999999999998,118.17199999999998,0.0,chain-128x8,,235.095,34627.4109989572,16.607999801635742,3.2,Random,one_shot,9234.806998512793,8999.711998512794,5,640.8599992937525,warmup,0.0,,928
23.852,116.516,0.0,chain-128x8,,231.688,33983.14399966345,15.839999541640282,3.232,Current,one_shot,8590.539999219041,8358.851999219041,5,,warmup,0.0,,928
24.236,39.642999999999994,0.0,chain-128x8,,157.154,33908.60999966345,16.79999940097332,3.168,Current,one_shot,8516.005999219042,8358.851999219041,0,,measured,0.0,,928
24.221,117.38499999999999,0.0,chain-128x8,,234.267,34626.5829989572,17.27999933063984,3.2,Random,one_shot,9233.978998512794,8999.711998512794,0,640.8599992937525,measured,0.0,,928
23.371000000000002,39.92700000000001,0.0,chain-128x8,,155.523,34547.8389989572,16.224000602960587,3.104,Random,one_shot,9155.234998512793,8999.711998512794,1,640.8599992937525,measured,0.0,,928
24.497999999999998,117.234,0.0,chain-128x8,,233.972,33985.42799966345,16.287999227643013,3.232,Current,one_shot,8592.823999219041,8358.851999219041,1,,measured,0.0,,928
24.445999999999998,116.78800000000001,0.0,chain-128x8,,232.443,34624.7589989572,16.3199994713068,3.2,Random,one_shot,9232.154998512793,8999.711998512794,2,640.8599992937525,measured,0.0,,928
39.24,116.744,0.0,chain-128x8,,275.125,34026.58099966345,21.056000143289566,3.2,Current,one_shot,8633.976999219041,8358.851999219041,2,,measured,0.0,,928
23.924,116.927,0.0,chain-128x8,,234.799,34627.1149989572,16.96000061929226,3.2,Random,one_shot,9234.510998512795,8999.711998512794,3,640.8599992937525,measured,0.0,,928
24.195,117.277,0.0,chain-128x8,,233.587,33985.04299966345,16.767999157309532,3.232,Current,one_shot,8592.43899921904,8358.851999219041,3,,measured,0.0,,928
24.045,39.981,0.0,chain-128x8,,156.063,33907.51899966345,16.896000131964684,3.168,Current,one_shot,8514.914999219041,8358.851999219041,4,,measured,0.0,,928
24.274,118.134,0.0,chain-128x8,,235.13,34627.4459989572,16.767999157309532,3.2,Random,one_shot,9234.841998512793,8999.711998512794,4,640.8599992937525,measured,0.0,,928
23.453000000000003,40.159,0.0,chain-128x8,,158.193,34550.5089989572,16.64000004529953,3.135,Random,one_shot,9157.904998512793,8999.711998512794,5,640.8599992937525,measured,0.0,,928
24.287,116.881,0.0,chain-128x8,,232.946,33984.401999663445,16.16000011563301,3.232,Current,one_shot,8591.797999219041,8358.851999219041,5,,measured,0.0,,928
24.354,39.483,0.0,chain-128x8,,158.335,33909.79099966345,16.672000288963318,3.168,Current,one_shot,8517.18699921904,8358.851999219041,6,,measured,0.0,,928
24.6,117.16,0.0,chain-128x8,,232.761,34625.0769989572,16.64000004529953,3.167,Random,one_shot,9232.472998512794,8999.711998512794,6,640.8599992937525,measured,0.0,,928
23.853,116.888,0.0,chain-128x8,,232.808,33984.26399966345,16.575999557971954,3.264,Current,one_shot,8591.659999219042,8358.851999219041,7,,measured,0.0,,928
23.723,115.91700000000002,0.0,chain-128x8,,230.979,34623.2949989572,16.383999958634377,3.168,Random,one_shot,9230.690998512793,8999.711998512794,7,640.8599992937525,measured,0.0,,928
23.836,38.95,0.0,chain-128x8,,154.637,34546.952998957204,16.64000004529953,3.136,Random,one_shot,9154.348998512794,8999.711998512794,8,640.8599992937525,measured,0.0,,928
24.649,116.503,0.0,chain-128x8,,232.862,33984.31799966345,16.607999801635742,3.232,Current,one_shot,8591.71399921904,8358.851999219041,8,,measured,0.0,,928
25.769,116.818,0.0,chain-128x8,,239.341,34631.6569989572,16.672000288963318,3.2,Random,one_shot,9239.052998512794,8999.711998512794,9,640.8599992937525,measured,0.0,,928
24.563,116.208,0.0,chain-128x8,,232.608,33984.06399966345,16.095999628305435,3.2,Current,one_shot,8591.459999219041,8358.851999219041,9,,measured,0.0,,928
23.759,39.437,0.0,chain-128x8,,155.923,33907.37899966345,16.48000068962574,3.168,Current,one_shot,8514.774999219042,8358.851999219041,10,,measured,0.0,,928
24.28,116.226,0.0,chain-128x8,,233.499,34625.8149989572,16.79999940097332,3.168,Random,one_shot,9233.210998512794,8999.711998512794,10,640.8599992937525,measured,0.0,,928
23.573999999999998,40.332,0.0,chain-128x8,,157.348,34549.6639989572,16.704000532627106,3.136,Random,one_shot,9157.059998512794,8999.711998512794,11,640.8599992937525,measured,0.0,,928
24.421999999999997,117.176,0.0,chain-128x8,,234.469,33985.924999663446,16.607999801635742,3.232,Current,one_shot,8593.32099921904,8358.851999219041,11,,measured,0.0,,928
24.066,116.522,0.0,chain-128x8,,234.101,34626.416998957204,16.672000288963318,3.2,Random,one_shot,9233.812998512794,8999.711998512794,12,640.8599992937525,measured,0.0,,928
24.365000000000002,116.96000000000001,0.0,chain-128x8,,233.097,33984.55299966345,16.543999314308167,3.264,Current,one_shot,8591.948999219041,8358.851999219041,12,,measured,0.0,,928
24.541,39.576,0.0,chain-128x8,,156.076,33907.53199966345,16.704000532627106,3.168,Current,one_shot,8514.92799921904,8358.851999219041,13,,measured,0.0,,928
23.73,116.602,0.0,chain-128x8,,232.665,34624.9809989572,16.48000068962574,3.2,Random,one_shot,9232.376998512795,8999.711998512794,13,640.8599992937525,measured,0.0,,928
23.974,40.06,0.0,chain-128x8,,157.123,34549.4389989572,16.16000011563301,3.136,Random,one_shot,9156.834998512793,8999.711998512794,14,640.8599992937525,measured,0.0,,928
23.615000000000002,116.178,0.0,chain-128x8,,231.174,33982.62999966345,16.607999801635742,3.2,Current,one_shot,8590.025999219042,8358.851999219041,14,,measured,0.0,,928
23.784,116.85,0.0,chain-128x8,,233.311,34625.6269989572,16.992000862956047,3.2,Random,one_shot,9233.022998512793,8999.711998512794,15,640.8599992937525,measured,0.0,,928
23.936,116.76499999999999,0.0,chain-128x8,,232.479,33983.93499966345,16.416000202298164,3.232,Current,one_shot,8591.33099921904,8358.851999219041,15,,measured,0.0,,928
24.027,,,chain-128x8,,38.067,,16.543999314308167,3.168,Current,resident,,,0,,warmup,,,929
25.875,,,chain-128x8,,42.644,,19.328000023961067,3.519,Random,resident,,,0,,warmup,,,929
23.529,,,chain-128x8,,37.771,,16.256000846624374,3.072,Random,resident,,,1,,warmup,,,929
24.35,,,chain-128x8,,37.495,,15.968000516295433,3.232,Current,resident,,,1,,warmup,,,929
23.829,,,chain-128x8,,37.178,,16.416000202298164,3.168,Random,resident,,,2,,warmup,,,929
24.381,,,chain-128x8,,37.179,,15.680000185966492,3.264,Current,resident,,,2,,warmup,,,929
24.024,,,chain-128x8,,52.407,,16.79999940097332,3.168,Random,resident,,,3,,warmup,,,929
23.628,,,chain-128x8,,37.149,,16.383999958634377,3.232,Current,resident,,,3,,warmup,,,929
24.445999999999998,,,chain-128x8,,37.98,,17.11999997496605,3.136,Random,resident,,,4,,warmup,,,929
24.289,,,chain-128x8,,36.85,,16.127999871969223,3.232,Current,resident,,,4,,warmup,,,929
24.189,,,chain-128x8,,37.37,,16.1920003592968,3.168,Random,resident,,,5,,warmup,,,929
24.011,,,chain-128x8,,36.1,,15.200000256299973,3.232,Current,resident,,,5,,warmup,,,929
23.091,,,chain-128x8,,37.106,,15.680000185966492,3.168,Current,resident,,,0,,measured,,,929
23.595,,,chain-128x8,,37.644,,16.1920003592968,3.168,Random,resident,,,0,,measured,,,929
23.399,,,chain-128x8,,37.386,,16.383999958634377,3.104,Random,resident,,,1,,measured,,,929
24.825,,,chain-128x8,,42.077,,20.640000700950623,3.199,Current,resident,,,1,,measured,,,929
23.113,,,chain-128x8,,36.976,,16.03199914097786,3.2,Current,resident,,,2,,measured,,,929
24.156,,,chain-128x8,,36.989,,16.1920003592968,3.168,Random,resident,,,2,,measured,,,929
24.481,,,chain-128x8,,37.504,,15.936000272631645,3.072,Random,resident,,,3,,measured,,,929
23.991999999999997,,,chain-128x8,,36.789,,15.48799965530634,3.232,Current,resident,,,3,,measured,,,929
23.469,,,chain-128x8,,36.634,,15.904000028967857,3.136,Current,resident,,,4,,measured,,,929
23.66,,,chain-128x8,,37.576,,16.48000068962574,3.168,Random,resident,,,4,,measured,,,929
23.228,,,chain-128x8,,37.602,,16.64000004529953,3.072,Random,resident,,,5,,measured,,,929
23.724,,,chain-128x8,,36.816,,15.968000516295433,3.232,Current,resident,,,5,,measured,,,929
23.854,,,chain-128x8,,37.499,,16.3199994713068,3.168,Random,resident,,,6,,measured,,,929
24.058999999999997,,,chain-128x8,,36.871,,15.584000386297703,3.2,Current,resident,,,6,,measured,,,929
23.851,,,chain-128x8,,37.265,,16.256000846624374,3.168,Random,resident,,,7,,measured,,,929
23.444000000000003,,,chain-128x8,,36.895,,15.71200042963028,3.232,Current,resident,,,7,,measured,,,929
23.692,,,chain-128x8,,36.889,,15.968000516295433,3.168,Current,resident,,,8,,measured,,,929
24.043,,,chain-128x8,,37.784,,16.607999801635742,3.168,Random,resident,,,8,,measured,,,929
24.633,,,chain-128x8,,37.15,,16.095999628305435,3.104,Random,resident,,,9,,measured,,,929
23.674,,,chain-128x8,,36.936,,15.680000185966492,3.232,Current,resident,,,9,,measured,,,929
38.528999999999996,,,chain-128x8,,63.27,,20.255999639630318,3.168,Current,resident,,,10,,measured,,,929
23.65,,,chain-128x8,,37.026,,16.3199994713068,3.168,Random,resident,,,10,,measured,,,929
23.926000000000002,,,chain-128x8,,37.767,,15.87199978530407,3.232,Current,resident,,,11,,measured,,,929
23.823,,,chain-128x8,,37.198,,16.00000075995922,3.168,Random,resident,,,11,,measured,,,929
23.174999999999997,,,chain-128x8,,36.939,,15.71200042963028,3.072,Random,resident,,,12,,measured,,,929
23.664,,,chain-128x8,,51.101,,15.71200042963028,3.232,Current,resident,,,12,,measured,,,929
23.619,,,chain-128x8,,37.361,,16.1920003592968,3.168,Random,resident,,,13,,measured,,,929
23.816,,,chain-128x8,,36.7,,15.71200042963028,3.2,Current,resident,,,13,,measured,,,929
23.225,,,chain-128x8,,36.686,,15.807999297976494,3.2,Current,resident,,,14,,measured,,,929
24.72,,,chain-128x8,,36.847,,16.095999628305435,3.168,Random,resident,,,14,,measured,,,929
23.401,,,chain-128x8,,36.627,,15.48799965530634,3.232,Current,resident,,,15,,measured,,,929
23.728,,,chain-128x8,,36.876,,15.87199978530407,3.168,Random,resident,,,15,,measured,,,929
24.532,116.899,0.0,chain-128x8,,236.69,33988.14599966345,16.79999940097332,3.232,Current,one_shot,8595.541999219042,8358.851999219041,0,,warmup,0.0,,929
24.122,117.65700000000001,0.0,chain-128x8,,235.72,34626.50199971846,16.992000862956047,3.136,Random,one_shot,9233.897999274048,8998.177999274048,0,639.3260000550072,warmup,0.0,,929
24.223999999999997,40.416000000000004,0.0,chain-128x8,,156.928,34547.709999718456,17.376000061631203,3.136,Random,one_shot,9155.105999274048,8998.177999274048,1,639.3260000550072,warmup,0.0,,929
38.172,117.15899999999999,0.0,chain-128x8,,285.257,34036.71299966345,17.472000792622566,3.232,Current,one_shot,8644.108999219041,8358.851999219041,1,,warmup,0.0,,929
23.953,117.11,0.0,chain-128x8,,234.885,34625.66699971846,17.24799908697605,3.167,Random,one_shot,9233.062999274049,8998.177999274048,2,639.3260000550072,warmup,0.0,,929
23.977,117.05700000000002,0.0,chain-128x8,,232.987,33984.44299966345,16.896000131964684,3.232,Current,one_shot,8591.83899921904,8358.851999219041,2,,warmup,0.0,,929
23.674999999999997,132.234,0.0,chain-128x8,,248.377,34639.15899971846,16.863999888300896,3.136,Random,one_shot,9246.554999274049,8998.177999274048,3,639.3260000550072,warmup,0.0,,929
24.094,116.842,0.0,chain-128x8,,232.523,33983.97899966345,16.063999384641647,3.264,Current,one_shot,8591.37499921904,8358.851999219041,3,,warmup,0.0,,929
24.285,116.728,0.0,chain-128x8,,232.879,34623.66099971846,17.08799973130226,3.168,Random,one_shot,9231.05699927405,8998.177999274048,4,639.3260000550072,warmup,0.0,,929
23.736,116.716,0.0,chain-128x8,,234.154,33985.60999966345,16.607999801635742,3.2,Current,one_shot,8593.005999219042,8358.851999219041,4,,warmup,0.0,,929
24.363,117.451,0.0,chain-128x8,,234.583,34625.364999718455,16.607999801635742,3.168,Random,one_shot,9232.760999274049,8998.177999274048,5,639.3260000550072,warmup,0.0,,929
23.674999999999997,116.55699999999999,0.0,chain-128x8,,231.835,33983.29099966345,16.64000004529953,3.232,Current,one_shot,8590.68699921904,8358.851999219041,5,,warmup,0.0,,929
23.91,39.503,0.0,chain-128x8,,156.652,33908.10799966345,17.08799973130226,3.136,Current,one_shot,8515.503999219041,8358.851999219041,0,,measured,0.0,,929
23.92,116.836,0.0,chain-128x8,,232.775,34623.55699971846,17.44000054895878,3.136,Random,one_shot,9230.952999274048,8998.177999274048,0,639.3260000550072,measured,0.0,,929
23.317999999999998,40.543,0.0,chain-128x8,,155.675,34546.45699971846,16.704000532627106,3.104,Random,one_shot,9153.852999274048,8998.177999274048,1,639.3260000550072,measured,0.0,,929
24.393,116.409,0.0,chain-128x8,,230.852,33982.30799966345,16.16000011563301,3.2,Current,one_shot,8589.703999219042,8358.851999219041,1,,measured,0.0,,929
23.628,39.469,0.0,chain-128x8,,170.809,33922.26499966345,16.48000068962574,3.168,Current,one_shot,8529.66099921904,8358.851999219041,2,,measured,0.0,,929
23.531,116.048,0.0,chain-128x8,,231.281,34622.06299971846,17.08799973130226,3.136,Random,one_shot,9229.45899927405,8998.177999274048,2,639.3260000550072,measured,0.0,,929
23.338,39.309,0.0,chain-128x8,,154.434,34545.21599971846,17.216000705957413,3.104,Random,one_shot,9152.611999274048,8998.177999274048,3,639.3260000550072,measured,0.0,,929
23.864,116.834,0.0,chain-128x8,,232.156,33983.61199966345,16.224000602960587,3.232,Current,one_shot,8591.007999219042,8358.851999219041,3,,measured,0.0,,929
23.765,39.379999999999995,0.0,chain-128x8,,155.474,33906.92999966345,16.543999314308167,3.199,Current,one_shot,8514.325999219041,8358.851999219041,4,,measured,0.0,,929
24.311999999999998,116.11500000000001,0.0,chain-128x8,,231.338,34622.11999971846,16.575999557971954,3.168,Random,one_shot,9229.515999274048,8998.177999274048,4,639.3260000550072,measured,0.0,,929
23.787999999999997,40.705,0.0,chain-128x8,,156.619,34547.400999718455,16.35199971497059,3.104,Random,one_shot,9154.796999274049,8998.177999274048,5,639.3260000550072,measured,0.0,,929
24.759,117.86100000000002,0.0,chain-128x8,,233.893,33985.348999663445,16.224000602960587,3.231,Current,one_shot,8592.744999219041,8358.851999219041,5,,measured,0.0,,929
24.086,116.66199999999999,0.0,chain-128x8,,233.727,34624.508999718455,16.767999157309532,3.136,Random,one_shot,9231.90499927405,8998.177999274048,6,639.3260000550072,measured,0.0,,929
23.85,117.31400000000001,0.0,chain-128x8,,232.765,33984.22099966345,16.575999557971954,3.2,Current,one_shot,8591.61699921904,8358.851999219041,6,,measured,0.0,,929
24.851,116.75399999999999,0.0,chain-128x8,,234.261,34625.042999718455,16.831999644637108,3.168,Random,one_shot,9232.438999274049,8998.177999274048,7,639.3260000550072,measured,0.0,,929
23.909,116.727,0.0,chain-128x8,,232.44,33983.89599966345,16.831999644637108,3.232,Current,one_shot,8591.291999219042,8358.851999219041,7,,measured,0.0,,929
23.578,41.37500000000001,0.0,chain-128x8,,157.784,33909.23999966345,16.672000288963318,3.168,Current,one_shot,8516.635999219041,8358.851999219041,8,,measured,0.0,,929
24.33,133.365,0.0,chain-128x8,,250.497,34641.27899971846,16.79999940097332,3.136,Random,one_shot,9248.674999274048,8998.177999274048,8,639.3260000550072,measured,0.0,,929
23.55,39.141,0.0,chain-128x8,,154.675,34545.45699971846,16.607999801635742,3.136,Random,one_shot,9152.852999274048,8998.177999274048,9,639.3260000550072,measured,0.0,,929
23.942999999999998,116.345,0.0,chain-128x8,,231.524,33982.97999966345,16.256000846624374,3.264,Current,one_shot,8590.37599921904,8358.851999219041,9,,measured,0.0,,929
24.087,39.643,0.0,chain-128x8,,155.856,33907.31199966345,16.48000068962574,3.2,Current,one_shot,8514.707999219041,8358.851999219041,10,,measured,0.0,,929
24.325,116.88300000000001,0.0,chain-128x8,,231.736,34622.51799971846,17.376000061631203,3.167,Random,one_shot,9229.91399927405,8998.177999274048,10,639.3260000550072,measured,0.0,,929
24.223,116.846,0.0,chain-128x8,,233.009,33984.46499966345,16.736000776290894,3.2,Current,one_shot,8591.860999219041,8358.851999219041,11,,measured,0.0,,929
23.948999999999998,116.968,0.0,chain-128x8,,232.267,34623.048999718456,17.696000635623932,3.168,Random,one_shot,9230.444999274048,8998.177999274048,11,639.3260000550072,measured,0.0,,929
23.418,39.783,0.0,chain-128x8,,154.068,34544.849999718455,16.575999557971954,3.136,Random,one_shot,9152.245999274048,8998.177999274048,12,639.3260000550072,measured,0.0,,929
24.028,116.867,0.0,chain-128x8,,231.969,33983.424999663446,16.64000004529953,3.232,Current,one_shot,8590.82099921904,8358.851999219041,12,,measured,0.0,,929
24.015,117.253,0.0,chain-128x8,,234.293,34625.074999718454,17.055999487638474,3.168,Random,one_shot,9232.470999274048,8998.177999274048,13,639.3260000550072,measured,0.0,,929
23.945,116.724,0.0,chain-128x8,,231.511,33982.96699966345,16.383999958634377,3.264,Current,one_shot,8590.362999219042,8358.851999219041,13,,measured,0.0,,929
23.737000000000002,39.324000000000005,0.0,chain-128x8,,154.06,33905.51599966345,16.3199994713068,3.168,Current,one_shot,8512.91199921904,8358.851999219041,14,,measured,0.0,,929
23.732,116.483,0.0,chain-128x8,,230.635,34621.41699971846,16.92800037562847,3.136,Random,one_shot,9228.812999274049,8998.177999274048,14,639.3260000550072,measured,0.0,,929
24.316,121.81799999999998,0.0,chain-128x8,,271.166,34022.621999663446,16.51199907064438,3.232,Current,one_shot,8630.01799921904,8358.851999219041,15,,measured,0.0,,929
23.931,116.441,0.0,chain-128x8,,231.255,34622.03699971845,16.607999801635742,3.136,Random,one_shot,9229.432999274048,8998.177999274048,15,639.3260000550072,measured,0.0,,929
24.851,,,chain-128x8,,38.509,,16.79999940097332,3.232,Current,resident,,,0,,warmup,,,930
24.66,,,chain-128x8,,37.99,,16.48000068962574,3.52,Random,resident,,,0,,warmup,,,930
22.849,,,chain-128x8,,37.037,,15.839999541640282,3.168,Random,resident,,,1,,warmup,,,930
23.65,,,chain-128x8,,37.28,,16.3199994713068,3.2,Current,resident,,,1,,warmup,,,930
23.11,,,chain-128x8,,36.917,,15.904000028967857,3.168,Current,resident,,,2,,warmup,,,930
23.990000000000002,,,chain-128x8,,36.379,,15.552000142633915,3.168,Random,resident,,,2,,warmup,,,930
23.698999999999998,,,chain-128x8,,37.151,,15.680000185966492,3.232,Current,resident,,,3,,warmup,,,930
23.427,,,chain-128x8,,37.346,,16.16000011563301,3.2,Random,resident,,,3,,warmup,,,930
22.801000000000002,,,chain-128x8,,37.089,,15.968000516295433,3.168,Random,resident,,,4,,warmup,,,930
23.217,,,chain-128x8,,36.871,,15.776000916957855,3.232,Current,resident,,,4,,warmup,,,930
23.427999999999997,,,chain-128x8,,36.646,,15.519999898970127,3.168,Current,resident,,,5,,warmup,,,930
24.112000000000002,,,chain-128x8,,36.922,,15.552000142633915,3.168,Random,resident,,,5,,warmup,,,930
24.293,,,chain-128x8,,36.905,,15.776000916957855,3.264,Current,resident,,,0,,measured,,,930
23.625,,,chain-128x8,,36.757,,16.16000011563301,3.168,Random,resident,,,0,,measured,,,930
23.44,,,chain-128x8,,36.96,,15.904000028967857,3.232,Current,resident,,,1,,measured,,,930
23.476999999999997,,,chain-128x8,,36.425,,15.647999942302704,3.168,Random,resident,,,1,,measured,,,930
22.847,,,chain-128x8,,37.128,,16.35199971497059,3.168,Random,resident,,,2,,measured,,,930
23.908,,,chain-128x8,,37.189,,16.575999557971954,3.264,Current,resident,,,2,,measured,,,930
23.206,,,chain-128x8,,36.988,,15.87199978530407,3.168,Current,resident,,,3,,measured,,,930
23.712,,,chain-128x8,,36.829,,16.03199914097786,3.2,Random,resident,,,3,,measured,,,930
23.494,,,chain-128x8,,36.327,,15.552000142633915,3.104,Random,resident,,,4,,measured,,,930
23.851,,,chain-128x8,,39.195,,18.239999189972878,3.2,Current,resident,,,4,,measured,,,930
23.62,,,chain-128x8,,37.103,,16.095999628305435,3.168,Random,resident,,,5,,measured,,,930
23.317,,,chain-128x8,,36.399,,15.296000055968761,3.232,Current,resident,,,5,,measured,,,930
23.465,,,chain-128x8,,36.504,,15.839999541640282,3.168,Random,resident,,,6,,measured,,,930
23.559,,,chain-128x8,,36.416,,15.615999698638916,3.263,Current,resident,,,6,,measured,,,930
23.372999999999998,,,chain-128x8,,36.972,,15.584000386297703,3.168,Current,resident,,,7,,measured,,,930
23.236,,,chain-128x8,,36.282,,15.104000456631184,3.2,Random,resident,,,7,,measured,,,930
23.592,,,chain-128x8,,36.15,,14.879999682307243,3.232,Current,resident,,,8,,measured,,,930
23.399,,,chain-128x8,,36.538,,15.839999541640282,3.168,Random,resident,,,8,,measured,,,930
24.392,,,chain-128x8,,36.394,,15.647999942302704,3.136,Random,resident,,,9,,measured,,,930
23.616,,,chain-128x8,,36.294,,15.39199985563755,3.232,Current,resident,,,9,,measured,,,930
23.592,,,chain-128x8,,37.342,,15.807999297976494,3.168,Random,resident,,,10,,measured,,,930
23.543,,,chain-128x8,,37.225,,16.1920003592968,3.232,Current,resident,,,10,,measured,,,930
23.029,,,chain-128x8,,36.821,,15.552000142633915,3.168,Current,resident,,,11,,measured,,,930
23.823999999999998,,,chain-128x8,,36.291,,15.200000256299973,3.168,Random,resident,,,11,,measured,,,930
23.997999999999998,,,chain-128x8,,36.958,,16.063999384641647,3.2,Current,resident,,,12,,measured,,,930
23.844,,,chain-128x8,,36.472,,15.552000142633915,3.168,Random,resident,,,12,,measured,,,930
23.000999999999998,,,chain-128x8,,36.727,,15.680000185966492,3.104,Random,resident,,,13,,measured,,,930
23.838,,,chain-128x8,,36.935,,15.680000185966492,3.232,Current,resident,,,13,,measured,,,930
23.292,,,chain-128x8,,36.83,,15.936000272631645,3.168,Random,resident,,,14,,measured,,,930
23.431,,,chain-128x8,,36.933,,15.904000028967857,3.232,Current,resident,,,14,,measured,,,930
23.096,,,chain-128x8,,85.318,,31.072000041604042,3.168,Random,resident,,,15,,measured,,,930
34.46,,,chain-128x8,,54.926,,33.79200026392937,3.232,Current,resident,,,15,,measured,,,930
23.686,39.302,0.0,chain-128x8,,192.112,33943.56799966345,16.863999888300896,3.2,Current,one_shot,8550.96399921904,8358.851999219041,0,,warmup,0.0,,930
70.119,117.21699999999998,0.0,chain-128x8,,281.849,34668.17599999289,16.831999644637108,3.168,Random,one_shot,9275.571999548481,8993.722999548481,0,634.87100032944,warmup,0.0,,930
23.461,39.711,0.0,chain-128x8,,156.754,34543.08099999289,16.992000862956047,3.136,Random,one_shot,9150.476999548482,8993.722999548481,1,634.87100032944,warmup,0.0,,930
24.000999999999998,116.35799999999999,0.0,chain-128x8,,233.167,33984.62299966345,16.831999644637108,3.232,Current,one_shot,8592.01899921904,8358.851999219041,1,,warmup,0.0,,930
24.332,38.32899999999999,0.0,chain-128x8,,155.783,33907.238999663445,16.767999157309532,3.2,Current,one_shot,8514.63499921904,8358.851999219041,2,,warmup,0.0,,930
24.046,116.838,0.0,chain-128x8,,232.486,34618.81299999289,16.831999644637108,3.2,Random,one_shot,9226.208999548482,8993.722999548481,2,634.87100032944,warmup,0.0,,930
24.966,116.77000000000001,0.0,chain-128x8,,234.194,33985.64999966345,16.831999644637108,3.2,Current,one_shot,8593.04599921904,8358.851999219041,3,,warmup,0.0,,930
24.335,117.19600000000001,0.0,chain-128x8,,233.658,34619.984999992885,17.24799908697605,3.2,Random,one_shot,9227.38099954848,8993.722999548481,3,634.87100032944,warmup,0.0,,930
23.310000000000002,39.337,0.0,chain-128x8,,155.561,34541.88799999289,16.64000004529953,3.135,Random,one_shot,9149.283999548481,8993.722999548481,4,634.87100032944,warmup,0.0,,930
24.22,116.308,0.0,chain-128x8,,231.952,33983.40799966345,16.35199971497059,3.232,Current,one_shot,8590.80399921904,8358.851999219041,4,,warmup,0.0,,930
23.391,39.148999999999994,0.0,chain-128x8,,155.459,33906.91499966345,17.376000061631203,3.168,Current,one_shot,8514.310999219042,8358.851999219041,5,,warmup,0.0,,930
24.255000000000003,117.326,0.0,chain-128x8,,234.141,34620.46799999289,17.24799908697605,3.167,Random,one_shot,9227.863999548481,8993.722999548481,5,634.87100032944,warmup,0.0,,930
23.866999999999997,116.453,0.0,chain-128x8,,232.608,33984.06399966345,16.704000532627106,3.232,Current,one_shot,8591.459999219041,8358.851999219041,0,,measured,0.0,,930
23.959,116.411,0.0,chain-128x8,,232.351,34618.67799999289,16.896000131964684,3.168,Random,one_shot,9226.073999548482,8993.722999548481,0,634.87100032944,measured,0.0,,930
28.540999999999997,115.93299999999999,0.0,chain-128x8,,237.092,33988.54799966345,16.448000445961952,3.2,Current,one_shot,8595.943999219042,8358.851999219041,1,,measured,0.0,,930
23.896,117.142,0.0,chain-128x8,,232.587,34618.91399999289,16.416000202298164,3.2,Random,one_shot,9226.30999954848,8993.722999548481,1,634.87100032944,measured,0.0,,930
23.944,38.839,0.0,chain-128x8,,155.542,34541.86899999289,16.51199907064438,3.104,Random,one_shot,9149.26499954848,8993.722999548481,2,634.87100032944,measured,0.0,,930
24.106,115.6,0.0,chain-128x8,,230.815,33982.27099966345,16.51199907064438,3.232,Current,one_shot,8589.666999219042,8358.851999219041,2,,measured,0.0,,930
24.110999999999997,38.50899999999999,0.0,chain-128x8,,154.963,33906.41899966345,16.64000004529953,3.168,Current,one_shot,8513.814999219041,8358.851999219041,3,,measured,0.0,,930
24.837,116.993,0.0,chain-128x8,,233.192,34619.518999992884,16.48000068962574,3.168,Random,one_shot,9226.91499954848,8993.722999548481,3,634.87100032944,measured,0.0,,930
23.587,38.882000000000005,0.0,chain-128x8,,154.303,34540.62999999289,16.736000776290894,3.136,Random,one_shot,9148.025999548481,8993.722999548481,4,634.87100032944,measured,0.0,,930
24.014,115.77,0.0,chain-128x8,,230.611,33982.06699966345,16.35199971497059,3.232,Current,one_shot,8589.462999219042,8358.851999219041,4,,measured,0.0,,930
23.698999999999998,116.138,0.0,chain-128x8,,231.031,34617.35799999289,16.575999557971954,3.2,Random,one_shot,9224.753999548482,8993.722999548481,5,634.87100032944,measured,0.0,,930
24.067999999999998,116.24500000000002,0.0,chain-128x8,,232.673,33984.12899966345,16.831999644637108,3.232,Current,one_shot,8591.524999219042,8358.851999219041,5,,measured,0.0,,930
24.34,132.352,0.0,chain-128x8,,249.927,34636.253999992885,16.736000776290894,3.168,Random,one_shot,9243.649999548481,8993.722999548481,6,634.87100032944,measured,0.0,,930
23.912,115.66099999999999,0.0,chain-128x8,,231.942,33983.397999663444,17.11999997496605,3.2,Current,one_shot,8590.79399921904,8358.851999219041,6,,measured,0.0,,930
23.893,38.778000000000006,0.0,chain-128x8,,154.31,33905.76599966345,16.287999227643013,3.168,Current,one_shot,8513.16199921904,8358.851999219041,7,,measured,0.0,,930
24.067,116.882,0.0,chain-128x8,,233.092,34619.41899999289,15.936000272631645,3.2,Random,one_shot,9226.814999548482,8993.722999548481,7,634.87100032944,measured,0.0,,930
24.448,116.342,0.0,chain-128x8,,237.643,33989.098999663445,17.24799908697605,3.232,Current,one_shot,8596.494999219041,8358.851999219041,8,,measured,0.0,,930
23.836,116.234,0.0,chain-128x8,,232.073,34618.39999999289,16.79999940097332,3.2,Random,one_shot,9225.795999548482,8993.722999548481,8,634.87100032944,measured,0.0,,930
23.52,39.858999999999995,0.0,chain-128x8,,155.619,34541.94599999289,16.383999958634377,3.136,Random,one_shot,9149.341999548482,8993.722999548481,9,634.87100032944,measured,0.0,,930
24.113,150.01799999999997,0.0,chain-128x8,,280.989,34032.44499966345,16.3199994713068,3.2,Current,one_shot,8639.84099921904,8358.851999219041,9,,measured,0.0,,930
24.073999999999998,116.49399999999999,0.0,chain-128x8,,232.611,34618.93799999289,16.896000131964684,3.167,Random,one_shot,9226.333999548482,8993.722999548481,10,634.87100032944,measured,0.0,,930
24.467,116.72699999999999,0.0,chain-128x8,,232.88,33984.335999663446,16.00000075995922,3.232,Current,one_shot,8591.73199921904,8358.851999219041,10,,measured,0.0,,930
23.631,38.173,0.0,chain-128x8,,153.317,33904.772999663444,16.672000288963318,3.2,Current,one_shot,8512.16899921904,8358.851999219041,11,,measured,0.0,,930
24.13,117.486,0.0,chain-128x8,,232.674,34619.00099999289,16.704000532627106,3.168,Random,one_shot,9226.396999548482,8993.722999548481,11,634.87100032944,measured,0.0,,930
24.097,116.33300000000003,0.0,chain-128x8,,233.085,33984.54099966345,16.896000131964684,3.232,Current,one_shot,8591.93699921904,8358.851999219041,12,,measured,0.0,,930
23.882,116.66599999999998,0.0,chain-128x8,,231.452,34617.77899999289,16.51199907064438,3.2,Random,one_shot,9225.17499954848,8993.722999548481,12,634.87100032944,measured,0.0,,930
23.434,39.273,0.0,chain-128x8,,153.82,34540.14699999289,16.063999384641647,3.136,Random,one_shot,9147.542999548481,8993.722999548481,13,634.87100032944,measured,0.0,,930
24.097,115.807,0.0,chain-128x8,,230.512,33981.96799966345,16.1920003592968,3.232,Current,one_shot,8589.363999219042,8358.851999219041,13,,measured,0.0,,930
24.320999999999998,163.158,0.0,chain-128x8,,297.253,34683.579999992886,16.48000068962574,3.168,Random,one_shot,9290.975999548482,8993.722999548481,14,634.87100032944,measured,0.0,,930
23.695999999999998,115.60300000000001,0.0,chain-128x8,,229.689,33981.14499966345,16.063999384641647,3.232,Current,one_shot,8588.540999219042,8358.851999219041,14,,measured,0.0,,930
23.711,117.252,0.0,chain-128x8,,232.651,34618.97799999289,16.607999801635742,3.168,Random,one_shot,9226.373999548481,8993.722999548481,15,634.87100032944,measured,0.0,,930
24.1,116.33999999999999,0.0,chain-128x8,,231.676,33983.13199966345,16.575999557971954,3.264,Current,one_shot,8590.52799921904,8358.851999219041,15,,measured,0.0,,930
29.012,227.678,114.589,chain-1024x64,,585.729,,38.336001336574554,14.816,Current,initialize,,,-1,,initialization,,,
28.252000000000002,222.934,118.894,chain-1024x64,,587.248,,40.672000497579575,17.471,Random,initialize,,,-1,,initialization,,,928
28.417,214.721,126.21600000000001,chain-1024x64,,580.999,,44.60800066590309,21.727,Random,initialize,,,-1,,initialization,,,929
28.019,210.091,138.82399999999998,chain-1024x64,,592.214,,42.688000947237015,19.583,Random,initialize,,,-1,,initialization,,,930
28.818,,,chain-1024x64,,65.998,,43.03999990224838,26.656,Random,resident,,,0,,warmup,,,928
28.641,,,chain-1024x64,,64.575,,41.53599962592125,25.759,Current,resident,,,0,,warmup,,,928
26.500999999999998,,,chain-1024x64,,54.1,,31.647998839616776,18.336,Random,resident,,,1,,warmup,,,928
25.588,,,chain-1024x64,,49.084,,27.295999228954315,14.719,Current,resident,,,1,,warmup,,,928
25.762,,,chain-1024x64,,48.162,,26.815999299287796,14.399,Current,resident,,,2,,warmup,,,928
25.387999999999998,,,chain-1024x64,,51.157,,29.24799919128418,17.088,Random,resident,,,2,,warmup,,,928
25.23,,,chain-1024x64,,64.102,,26.815999299287796,14.432,Current,resident,,,3,,warmup,,,928
25.250999999999998,,,chain-1024x64,,50.477,,29.152000322937965,17.088,Random,resident,,,3,,warmup,,,928
25.042,,,chain-1024x64,,50.78,,29.311999678611755,17.024,Random,resident,,,4,,warmup,,,928
25.509,,,chain-1024x64,,48.263,,26.688000187277794,14.4,Current,resident,,,4,,warmup,,,928
24.988999999999997,,,chain-1024x64,,51.627,,29.664000496268272,17.087,Random,resident,,,5,,warmup,,,928
24.820999999999998,,,chain-1024x64,,47.856,,26.655999943614006,14.432,Current,resident,,,5,,warmup,,,928
24.869,,,chain-1024x64,,47.956,,26.30399912595749,14.399,Current,resident,,,0,,measured,,,928
25.173000000000002,,,chain-1024x64,,50.604,,29.279999434947968,17.055,Random,resident,,,0,,measured,,,928
25.061999999999998,,,chain-1024x64,,52.49,,29.952000826597214,17.024,Random,resident,,,1,,measured,,,928
25.342,,,chain-1024x64,,48.143,,26.464000344276428,14.431,Current,resident,,,1,,measured,,,928
25.122,,,chain-1024x64,,50.872,,29.40800040960312,17.055,Random,resident,,,2,,measured,,,928
25.893,,,chain-1024x64,,48.887,,26.976000517606735,14.432,Current,resident,,,2,,measured,,,928
25.055,,,chain-1024x64,,51.161,,29.56799976527691,17.056,Random,resident,,,3,,measured,,,928
24.820999999999998,,,chain-1024x64,,48.532,,26.815999299287796,14.432,Current,resident,,,3,,measured,,,928
24.687,,,chain-1024x64,,48.592,,26.688000187277794,14.399,Current,resident,,,4,,measured,,,928
25.368,,,chain-1024x64,,50.94,,29.40800040960312,17.088,Random,resident,,,4,,measured,,,928
24.98,,,chain-1024x64,,50.126,,28.960000723600388,17.023,Random,resident,,,5,,measured,,,928
24.858,,,chain-1024x64,,47.867,,25.95200017094612,14.432,Current,resident,,,5,,measured,,,928
24.695,,,chain-1024x64,,47.692,,26.655999943614006,14.4,Current,resident,,,6,,measured,,,928
25.587,,,chain-1024x64,,51.46,,29.85600009560585,17.056,Random,resident,,,6,,measured,,,928
25.863999999999997,,,chain-1024x64,,87.276,,31.775999814271927,14.432,Current,resident,,,7,,measured,,,928
25.494,,,chain-1024x64,,52.229,,30.271999537944794,17.088,Random,resident,,,7,,measured,,,928
25.058,,,chain-1024x64,,50.67,,28.9280004799366,17.024,Random,resident,,,8,,measured,,,928
25.1,,,chain-1024x64,,48.564,,26.240000501275063,14.399,Current,resident,,,8,,measured,,,928
24.988999999999997,,,chain-1024x64,,50.808,,29.40800040960312,17.023,Random,resident,,,9,,measured,,,928
25.645,,,chain-1024x64,,48.705,,26.464000344276428,14.4,Current,resident,,,9,,measured,,,928
25.637,,,chain-1024x64,,49.153,,27.135999873280525,14.4,Current,resident,,,10,,measured,,,928
24.986,,,chain-1024x64,,50.692,,29.21600081026554,17.088,Random,resident,,,10,,measured,,,928
24.966,,,chain-1024x64,,50.677,,29.24799919128418,17.055,Random,resident,,,11,,measured,,,928
25.421,,,chain-1024x64,,48.296,,26.87999978661537,14.432,Current,resident,,,11,,measured,,,928
25.594,,,chain-1024x64,,51.922,,29.40800040960312,17.088,Random,resident,,,12,,measured,,,928
25.114,,,chain-1024x64,,49.401,,27.07199938595295,14.432,Current,resident,,,12,,measured,,,928
24.983,,,chain-1024x64,,47.666,,26.30399912595749,14.4,Current,resident,,,13,,measured,,,928
25.383,,,chain-1024x64,,75.474,,53.18399891257286,17.024,Random,resident,,,13,,measured,,,928
24.512999999999998,,,chain-1024x64,,50.679,,29.37600016593933,17.119,Random,resident,,,14,,measured,,,928
25.065,,,chain-1024x64,,47.7,,26.43200010061264,14.432,Current,resident,,,14,,measured,,,928
25.251,,,chain-1024x64,,50.736,,29.53599952161312,17.088,Random,resident,,,15,,measured,,,928
24.899,,,chain-1024x64,,48.703,,27.008000761270523,14.432,Current,resident,,,15,,measured,,,928
26.692,275.719,0.0,chain-1024x64,,419.34,878094.2370003609,30.33600002527237,17.023,Random,one_shot,611263.5560002596,610844.2160002596,0,49771.83400023932,warmup,0.0,,928
27.024,266.56200000000007,0.0,chain-1024x64,,402.721,828305.7840001215,28.351999819278717,14.432,Current,one_shot,561475.1030000203,561072.3820000202,0,,warmup,0.0,,928
43.323,262.557,0.0,chain-1024x64,,415.818,878090.715000361,30.208000913262367,17.055,Random,one_shot,611260.0340002596,610844.2160002596,1,49771.83400023932,warmup,0.0,,928
25.588,267.05,0.0,chain-1024x64,,399.642,828302.7050001216,27.96800062060356,14.432,Current,one_shot,561472.0240000202,561072.3820000202,1,,warmup,0.0,,928
26.396,153.62199999999999,0.0,chain-1024x64,,285.664,828188.7270001215,28.031999245285988,14.4,Current,one_shot,561358.0460000202,561072.3820000202,2,,warmup,0.0,,928
25.79,230.68499999999997,0.0,chain-1024x64,,365.802,878040.6990003609,30.49599938094616,17.152,Random,one_shot,611210.0180002596,610844.2160002596,2,49771.83400023932,warmup,0.0,,928
25.414,226.97200000000004,0.0,chain-1024x64,,358.173,828261.2360001216,27.744000777602196,14.432,Current,one_shot,561430.5550000202,561072.3820000202,3,,warmup,0.0,,928
25.594,240.101,0.0,chain-1024x64,,375.165,878050.062000361,30.46399913728237,17.023,Random,one_shot,611219.3810002597,610844.2160002596,3,49771.83400023932,warmup,0.0,,928
25.6,154.12400000000002,0.0,chain-1024x64,,286.916,877961.813000361,29.983999207615852,17.024,Random,one_shot,611131.1320002596,610844.2160002596,4,49771.83400023932,warmup,0.0,,928
25.839,225.72800000000004,0.0,chain-1024x64,,356.746,828259.8090001217,27.264000847935677,14.399,Current,one_shot,561429.1280000203,561072.3820000202,4,,warmup,0.0,,928
26.158,226.393,0.0,chain-1024x64,,362.31,878037.207000361,30.432000756263733,17.055,Random,one_shot,611206.5260002597,610844.2160002596,5,49771.83400023932,warmup,0.0,,928
25.948,257.281,0.0,chain-1024x64,,424.803,828327.8660001215,33.440001308918,14.463,Current,one_shot,561497.1850000202,561072.3820000202,5,,warmup,0.0,,928
25.71,155.63,0.0,chain-1024x64,,286.086,828189.1490001215,27.295999228954315,14.399,Current,one_shot,561358.4680000202,561072.3820000202,0,,measured,0.0,,928
25.664,233.57700000000003,0.0,chain-1024x64,,366.452,878041.349000361,30.17600066959858,17.088,Random,one_shot,611210.6680002597,610844.2160002596,0,49771.83400023932,measured,0.0,,928
25.213,174.242,0.0,chain-1024x64,,308.763,877983.660000361,30.079999938607216,17.023,Random,one_shot,611152.9790002597,610844.2160002596,1,49771.83400023932,measured,0.0,,928
25.509999999999998,233.962,0.0,chain-1024x64,,364.871,828267.9340001217,27.583999559283257,14.432,Current,one_shot,561437.2530000203,561072.3820000202,1,,measured,0.0,,928
30.073,232.235,0.0,chain-1024x64,,557.632,878232.529000361,30.079999938607216,17.024,Random,one_shot,611401.8480002596,610844.2160002596,2,49771.83400023932,measured,0.0,,928
26.786,237.11899999999997,0.0,chain-1024x64,,374.525,828277.5880001215,27.775999158620834,14.431,Current,one_shot,561446.9070000203,561072.3820000202,2,,measured,0.0,,928
26.046,231.95600000000002,0.0,chain-1024x64,,368.055,878042.9520003609,30.592000111937523,17.023,Random,one_shot,611212.2710002597,610844.2160002596,3,49771.83400023932,measured,0.0,,928
25.551000000000002,227.54700000000003,0.0,chain-1024x64,,360.313,828263.3760001215,27.583999559283257,14.431,Current,one_shot,561432.6950000202,561072.3820000202,3,,measured,0.0,,928
25.856,153.46500000000003,0.0,chain-1024x64,,286.12,828189.1830001215,28.12799997627735,14.4,Current,one_shot,561358.5020000202,561072.3820000202,4,,measured,0.0,,928
25.241,227.738,0.0,chain-1024x64,,360.809,878035.7060003609,30.400000512599945,17.055,Random,one_shot,611205.0250002596,610844.2160002596,4,49771.83400023932,measured,0.0,,928
25.621,154.42600000000002,0.0,chain-1024x64,,288.389,877963.286000361,30.079999938607216,17.056,Random,one_shot,611132.6050002596,610844.2160002596,5,49771.83400023932,measured,0.0,,928
26.272,227.12300000000002,0.0,chain-1024x64,,358.883,828261.9460001215,27.775999158620834,14.399,Current,one_shot,561431.2650000203,561072.3820000202,5,,measured,0.0,,928
25.494,153.70399999999998,0.0,chain-1024x64,,314.809,828217.8720001215,27.07199938595295,14.4,Current,one_shot,561387.1910000202,561072.3820000202,6,,measured,0.0,,928
25.895,226.037,0.0,chain-1024x64,,358.817,878033.714000361,30.368000268936157,17.056,Random,one_shot,611203.0330002597,610844.2160002596,6,49771.83400023932,measured,0.0,,928
25.365000000000002,228.067,0.0,chain-1024x64,,359.293,828262.3560001215,28.00000086426735,14.496,Current,one_shot,561431.6750000202,561072.3820000202,7,,measured,0.0,,928
26.363,225.462,0.0,chain-1024x64,,359.248,878034.1450003609,30.079999938607216,17.023,Random,one_shot,611203.4640002596,610844.2160002596,7,49771.83400023932,measured,0.0,,928
30.787,154.178,0.0,chain-1024x64,,293.117,877968.0140003609,30.079999938607216,17.024,Random,one_shot,611137.3330002596,610844.2160002596,8,49771.83400023932,measured,0.0,,928
26.451999999999998,226.883,0.0,chain-1024x64,,357.85,828260.9130001215,27.68000029027462,14.463,Current,one_shot,561430.2320000202,561072.3820000202,8,,measured,0.0,,928
25.45,228.386,0.0,chain-1024x64,,362.446,878037.343000361,30.432000756263733,17.055,Random,one_shot,611206.6620002596,610844.2160002596,9,49771.83400023932,measured,0.0,,928
26.093,226.49099999999999,0.0,chain-1024x64,,357.03,828260.0930001216,27.488000690937042,14.432,Current,one_shot,561429.4120000203,561072.3820000202,9,,measured,0.0,,928
25.362000000000002,194.60699999999997,0.0,chain-1024x64,,325.664,828228.7270001215,27.583999559283257,14.4,Current,one_shot,561398.0460000202,561072.3820000202,10,,measured,0.0,,928
25.787999999999997,230.01999999999998,0.0,chain-1024x64,,363.234,878038.1310003609,30.112000182271004,17.056,Random,one_shot,611207.4500002597,610844.2160002596,10,49771.83400023932,measured,0.0,,928
25.169,153.899,0.0,chain-1024x64,,286.424,877961.3210003609,30.047999694943428,17.024,Random,one_shot,611130.6400002596,610844.2160002596,11,49771.83400023932,measured,0.0,,928
25.490000000000002,225.522,0.0,chain-1024x64,,354.681,828257.7440001215,27.295999228954315,14.432,Current,one_shot,561427.0630000202,561072.3820000202,11,,measured,0.0,,928
25.967,227.08999999999997,0.0,chain-1024x64,,362.17,878037.0670003609,30.559999868273735,17.023,Random,one_shot,611206.3860002597,610844.2160002596,12,49771.83400023932,measured,0.0,,928
25.983,227.81500000000003,0.0,chain-1024x64,,359.413,828262.4760001216,27.807999402284622,14.4,Current,one_shot,561431.7950000202,561072.3820000202,12,,measured,0.0,,928
40.967,154.532,0.0,chain-1024x64,,300.655,828203.7180001216,27.456000447273254,14.367,Current,one_shot,561373.0370000203,561072.3820000202,13,,measured,0.0,,928
25.624000000000002,226.836,0.0,chain-1024x64,,359.773,878034.670000361,30.271999537944794,17.088,Random,one_shot,611203.9890002597,610844.2160002596,13,49771.83400023932,measured,0.0,,928
25.084,154.51600000000002,0.0,chain-1024x64,,286.349,877961.2460003609,29.888000339269638,17.024,Random,one_shot,611130.5650002597,610844.2160002596,14,49771.83400023932,measured,0.0,,928
26.381,230.674,0.0,chain-1024x64,,403.772,828306.8350001215,42.24000126123428,14.432,Current,one_shot,561476.1540000202,561072.3820000202,14,,measured,0.0,,928
26.173000000000002,226.816,0.0,chain-1024x64,,360.938,878035.8350003609,30.17600066959858,17.023,Random,one_shot,611205.1540002596,610844.2160002596,15,49771.83400023932,measured,0.0,,928
25.792,227.169,0.0,chain-1024x64,,373.131,828276.1940001217,27.35999971628189,14.432,Current,one_shot,561445.5130000203,561072.3820000202,15,,measured,0.0,,928
25.089,,,chain-1024x64,,48.836,,26.976000517606735,14.4,Current,resident,,,0,,warmup,,,929
27.399,,,chain-1024x64,,62.632,,40.54399952292442,26.56,Random,resident,,,0,,warmup,,,929
25.308,,,chain-1024x64,,51.74,,30.079999938607216,17.215,Random,resident,,,1,,warmup,,,929
24.857999999999997,,,chain-1024x64,,50.064,,28.575999662280083,15.712,Current,resident,,,1,,warmup,,,929
25.061,,,chain-1024x64,,50.65,,29.600000008940697,17.056,Random,resident,,,2,,warmup,,,929
24.824,,,chain-1024x64,,49.248,,27.23200060427189,14.432,Current,resident,,,2,,warmup,,,929
24.738,,,chain-1024x64,,50.936,,29.503999277949333,17.056,Random,resident,,,3,,warmup,,,929
24.831,,,chain-1024x64,,47.685,,26.559999212622643,14.432,Current,resident,,,3,,warmup,,,929
25.384999999999998,,,chain-1024x64,,50.526,,29.40800040960312,17.056,Random,resident,,,4,,warmup,,,929
25.094,,,chain-1024x64,,47.529,,26.559999212622643,14.464,Current,resident,,,4,,warmup,,,929
25.206,,,chain-1024x64,,50.479,,29.279999434947968,17.087,Random,resident,,,5,,warmup,,,929
25.15,,,chain-1024x64,,48.004,,26.87999978661537,14.432,Current,resident,,,5,,warmup,,,929
24.767000000000003,,,chain-1024x64,,47.653,,26.496000587940216,14.399,Current,resident,,,0,,measured,,,929
25.323999999999998,,,chain-1024x64,,50.274,,29.472000896930695,17.088,Random,resident,,,0,,measured,,,929
24.862000000000002,,,chain-1024x64,,50.403,,29.53599952161312,17.023,Random,resident,,,1,,measured,,,929
25.213,,,chain-1024x64,,50.134,,27.712000533938408,14.432,Current,resident,,,1,,measured,,,929
25.162,,,chain-1024x64,,47.712,,26.688000187277794,14.399,Current,resident,,,2,,measured,,,929
24.955,,,chain-1024x64,,50.98,,29.7279991209507,17.056,Random,resident,,,2,,measured,,,929
41.093,,,chain-1024x64,,74.99,,51.67999863624573,17.023,Random,resident,,,3,,measured,,,929
25.191000000000003,,,chain-1024x64,,47.903,,27.008000761270523,14.4,Current,resident,,,3,,measured,,,929
25.026,,,chain-1024x64,,47.622,,26.208000257611275,14.4,Current,resident,,,4,,measured,,,929
25.575,,,chain-1024x64,,50.26,,29.311999678611755,17.056,Random,resident,,,4,,measured,,,929
25.785,,,chain-1024x64,,50.53,,29.055999591946602,17.024,Random,resident,,,5,,measured,,,929
24.851,,,chain-1024x64,,48.389,,27.008000761270523,14.432,Current,resident,,,5,,measured,,,929
25.395,,,chain-1024x64,,51.055,,29.823999851942062,17.023,Random,resident,,,6,,measured,,,929
24.677,,,chain-1024x64,,47.893,,26.87999978661537,14.432,Current,resident,,,6,,measured,,,929
24.944000000000003,,,chain-1024x64,,51.116,,29.823999851942062,17.024,Random,resident,,,7,,measured,,,929
25.224,,,chain-1024x64,,48.272,,26.847999542951584,14.431,Current,resident,,,7,,measured,,,929
24.514000000000003,,,chain-1024x64,,47.916,,26.944000273942947,14.4,Current,resident,,,8,,measured,,,929
25.362000000000002,,,chain-1024x64,,50.816,,29.24799919128418,16.992,Random,resident,,,8,,measured,,,929
24.505000000000003,,,chain-1024x64,,50.759,,28.863999992609024,16.991,Random,resident,,,9,,measured,,,929
25.304,,,chain-1024x64,,48.242,,26.43200010061264,14.432,Current,resident,,,9,,measured,,,929
24.77,,,chain-1024x64,,47.728,,26.559999212622643,14.4,Current,resident,,,10,,measured,,,929
25.254,,,chain-1024x64,,50.894,,29.311999678611755,17.024,Random,resident,,,10,,measured,,,929
25.017,,,chain-1024x64,,48.093,,27.07199938595295,14.4,Current,resident,,,11,,measured,,,929
25.07,,,chain-1024x64,,51.435,,29.472000896930695,17.087,Random,resident,,,11,,measured,,,929
24.853,,,chain-1024x64,,50.022,,28.991999104619026,16.992,Random,resident,,,12,,measured,,,929
24.674,,,chain-1024x64,,47.644,,26.655999943614006,14.4,Current,resident,,,12,,measured,,,929
25.224,,,chain-1024x64,,50.656,,29.184000566601753,17.056,Random,resident,,,13,,measured,,,929
24.931,,,chain-1024x64,,48.99,,27.07199938595295,14.432,Current,resident,,,13,,measured,,,929
24.461,,,chain-1024x64,,47.81,,26.784000918269157,14.368,Current,resident,,,14,,measured,,,929
24.796,,,chain-1024x64,,50.594,,29.311999678611755,17.023,Random,resident,,,14,,measured,,,929
25.192,,,chain-1024x64,,48.354,,27.07199938595295,14.463,Current,resident,,,15,,measured,,,929
24.708,,,chain-1024x64,,50.688,,29.279999434947968,17.056,Random,resident,,,15,,measured,,,929
25.856,269.656,0.0,chain-1024x64,,406.236,828309.2990001217,27.96800062060356,14.4,Current,one_shot,561478.6180000203,561072.3820000202,0,,warmup,0.0,,929
25.945,274.645,0.0,chain-1024x64,,414.155,879415.2980000959,30.6560005992651,17.024,Random,one_shot,612584.6169999946,612170.4619999946,0,51098.07999997429,warmup,0.0,,929
25.404,171.31199999999998,0.0,chain-1024x64,,306.553,879307.6960000959,30.17600066959858,17.023,Random,one_shot,612477.0149999945,612170.4619999946,1,51098.07999997429,warmup,0.0,,929
25.875,233.875,0.0,chain-1024x64,,366.476,828269.5390001216,27.488000690937042,14.399,Current,one_shot,561438.8580000203,561072.3820000202,1,,warmup,0.0,,929
25.955,228.225,0.0,chain-1024x64,,362.654,879363.797000096,30.400000512599945,17.055,Random,one_shot,612533.1159999946,612170.4619999946,2,51098.07999997429,warmup,0.0,,929
26.012,265.593,0.0,chain-1024x64,,402.97,828306.0330001216,27.712000533938408,14.432,Current,one_shot,561475.3520000202,561072.3820000202,2,,warmup,0.0,,929
25.819,227.60000000000002,0.0,chain-1024x64,,362.064,879363.2070000959,30.271999537944794,17.055,Random,one_shot,612532.5259999946,612170.4619999946,3,51098.07999997429,warmup,0.0,,929
26.019,226.66199999999998,0.0,chain-1024x64,,358.763,828261.8260001217,27.871999889612198,14.464,Current,one_shot,561431.1450000203,561072.3820000202,3,,warmup,0.0,,929
25.118000000000002,227.895,0.0,chain-1024x64,,361.797,879362.9400000959,30.239999294281006,16.992,Random,one_shot,612532.2589999946,612170.4619999946,4,51098.07999997429,warmup,0.0,,929
25.534,232.11400000000003,0.0,chain-1024x64,,363.075,828266.1380001216,27.35999971628189,14.399,Current,one_shot,561435.4570000202,561072.3820000202,4,,warmup,0.0,,929
25.724,227.28499999999997,0.0,chain-1024x64,,360.785,879361.928000096,30.14400042593479,17.023,Random,one_shot,612531.2469999946,612170.4619999946,5,51098.07999997429,warmup,0.0,,929
25.924,226.93299999999996,0.0,chain-1024x64,,357.303,828260.3660001215,27.327999472618103,14.4,Current,one_shot,561429.6850000202,561072.3820000202,5,,warmup,0.0,,929
25.179000000000002,152.755,0.0,chain-1024x64,,282.222,828185.2850001215,27.456000447273254,14.368,Current,one_shot,561354.6040000202,561072.3820000202,0,,measured,0.0,,929
25.244,225.90699999999998,0.0,chain-1024x64,,359.787,879360.9300000959,30.400000512599945,17.087,Random,one_shot,612530.2489999946,612170.4619999946,0,51098.07999997429,measured,0.0,,929
25.598,153.37099999999998,0.0,chain-1024x64,,285.947,879287.090000096,30.208000913262367,17.024,Random,one_shot,612456.4089999946,612170.4619999946,1,51098.07999997429,measured,0.0,,929
26.628,227.447,0.0,chain-1024x64,,358.509,828261.5720001215,27.904000133275986,14.431,Current,one_shot,561430.8910000202,561072.3820000202,1,,measured,0.0,,929
25.124,153.675,0.0,chain-1024x64,,282.488,828185.5510001215,27.168000116944313,14.368,Current,one_shot,561354.8700000203,561072.3820000202,2,,measured,0.0,,929
25.982,226.773,0.0,chain-1024x64,,359.029,879360.172000096,30.047999694943428,17.023,Random,one_shot,612529.4909999946,612170.4619999946,2,51098.07999997429,measured,0.0,,929
25.144,153.243,0.0,chain-1024x64,,286.827,879287.9700000959,29.503999277949333,17.024,Random,one_shot,612457.2889999946,612170.4619999946,3,51098.07999997429,measured,0.0,,929
26.512,225.54899999999998,0.0,chain-1024x64,,357.374,828260.4370001215,27.424000203609467,14.368,Current,one_shot,561429.7560000202,561072.3820000202,3,,measured,0.0,,929
25.344,153.36100000000005,0.0,chain-1024x64,,283.086,828186.1490001215,27.103999629616737,14.367,Current,one_shot,561355.4680000202,561072.3820000202,4,,measured,0.0,,929
25.433,225.59799999999998,0.0,chain-1024x64,,358.348,879359.4910000958,30.208000913262367,17.024,Random,one_shot,612528.8099999946,612170.4619999946,4,51098.07999997429,measured,0.0,,929
24.966,155.059,0.0,chain-1024x64,,286.716,879287.8590000959,30.01599945127964,17.024,Random,one_shot,612457.1779999946,612170.4619999946,5,51098.07999997429,measured,0.0,,929
25.734,226.34599999999998,0.0,chain-1024x64,,356.579,828259.6420001215,27.68000029027462,14.432,Current,one_shot,561428.9610000203,561072.3820000202,5,,measured,0.0,,929
25.838,226.78800000000004,0.0,chain-1024x64,,360.464,879361.607000096,30.079999938607216,17.055,Random,one_shot,612530.9259999946,612170.4619999946,6,51098.07999997429,measured,0.0,,929
25.61,224.786,0.0,chain-1024x64,,354.714,828257.7770001215,27.583999559283257,14.432,Current,one_shot,561427.0960000203,561072.3820000202,6,,measured,0.0,,929
25.389,227.567,0.0,chain-1024x64,,360.457,879361.600000096,30.33600002527237,17.055,Random,one_shot,612530.9189999946,612170.4619999946,7,51098.07999997429,measured,0.0,,929
25.927999999999997,226.253,0.0,chain-1024x64,,357.767,828260.8300001216,27.23200060427189,14.432,Current,one_shot,561430.1490000202,561072.3820000202,7,,measured,0.0,,929
25.214,152.20700000000002,0.0,chain-1024x64,,282.502,828185.5650001215,28.28799933195114,14.4,Current,one_shot,561354.8840000202,561072.3820000202,8,,measured,0.0,,929
25.831000000000003,226.68599999999998,0.0,chain-1024x64,,359.233,879360.3760000959,30.14400042593479,17.055,Random,one_shot,612529.6949999946,612170.4619999946,8,51098.07999997429,measured,0.0,,929
25.633000000000003,152.706,0.0,chain-1024x64,,286.409,879287.5520000958,29.952000826597214,16.992,Random,one_shot,612456.8709999946,612170.4619999946,9,51098.07999997429,measured,0.0,,929
55.547000000000004,227.17600000000002,0.0,chain-1024x64,,387.389,828290.4520001216,27.936000376939774,14.399,Current,one_shot,561459.7710000202,561072.3820000202,9,,measured,0.0,,929
25.240000000000002,153.286,0.0,chain-1024x64,,283.612,828186.6750001216,27.648000046610832,14.399,Current,one_shot,561355.9940000202,561072.3820000202,10,,measured,0.0,,929
26.064,227.29300000000003,0.0,chain-1024x64,,360.865,879362.0080000958,30.17600066959858,17.088,Random,one_shot,612531.3269999946,612170.4619999946,10,51098.07999997429,measured,0.0,,929
25.506,226.56900000000002,0.0,chain-1024x64,,355.916,828258.9790001216,27.712000533938408,14.432,Current,one_shot,561428.2980000202,561072.3820000202,11,,measured,0.0,,929
25.454,226.174,0.0,chain-1024x64,,358.209,879359.3520000959,29.888000339269638,17.055,Random,one_shot,612528.6709999946,612170.4619999946,11,51098.07999997429,measured,0.0,,929
37.538,217.063,0.0,chain-1024x64,,367.911,879369.0540000959,33.376000821590424,16.991,Random,one_shot,612538.3729999945,612170.4619999946,12,51098.07999997429,measured,0.0,,929
25.529,226.516,0.0,chain-1024x64,,357.367,828260.4300001215,27.648000046610832,14.4,Current,one_shot,561429.7490000202,561072.3820000202,12,,measured,0.0,,929
25.834000000000003,227.71999999999997,0.0,chain-1024x64,,361.23,879362.3730000958,30.49599938094616,16.992,Random,one_shot,612531.6919999946,612170.4619999946,13,51098.07999997429,measured,0.0,,929
25.875,224.688,0.0,chain-1024x64,,354.931,828257.9940001215,27.775999158620834,14.399,Current,one_shot,561427.3130000202,561072.3820000202,13,,measured,0.0,,929
25.985,152.59099999999998,0.0,chain-1024x64,,286.217,828189.2800001216,27.775999158620834,14.4,Current,one_shot,561358.5990000202,561072.3820000202,14,,measured,0.0,,929
25.72,226.41300000000004,0.0,chain-1024x64,,361.025,879362.168000096,30.46399913728237,17.024,Random,one_shot,612531.4869999946,612170.4619999946,14,51098.07999997429,measured,0.0,,929
25.993000000000002,231.40800000000002,0.0,chain-1024x64,,367.81,828270.8730001217,27.583999559283257,14.432,Current,one_shot,561440.1920000203,561072.3820000202,15,,measured,0.0,,929
26.261,228.141,0.0,chain-1024x64,,362.832,879363.975000096,30.30399978160858,17.056,Random,one_shot,612533.2939999946,612170.4619999946,15,51098.07999997429,measured,0.0,,929
47.65,,,chain-1024x64,,49.226,,27.55199931561947,14.4,Current,resident,,,0,,warmup,,,930
26.93,,,chain-1024x64,,63.186,,41.05599969625473,26.528,Random,resident,,,0,,warmup,,,930
24.101,,,chain-1024x64,,51.517,,30.239999294281006,17.375,Random,resident,,,1,,warmup,,,930
25.045,,,chain-1024x64,,49.682,,27.936000376939774,15.488,Current,resident,,,1,,warmup,,,930
24.813,,,chain-1024x64,,48.397,,27.008000761270523,14.4,Current,resident,,,2,,warmup,,,930
25.161,,,chain-1024x64,,50.472,,28.79999950528145,17.151,Random,resident,,,2,,warmup,,,930
25.089,,,chain-1024x64,,48.211,,26.944000273942947,14.4,Current,resident,,,3,,warmup,,,930
24.89,,,chain-1024x64,,50.697,,29.440000653266907,17.12,Random,resident,,,3,,warmup,,,930
24.792,,,chain-1024x64,,51.569,,30.01599945127964,17.055,Random,resident,,,4,,warmup,,,930
25.564,,,chain-1024x64,,47.861,,26.847999542951584,14.432,Current,resident,,,4,,warmup,,,930
24.906,,,chain-1024x64,,47.473,,26.688000187277794,14.367,Current,resident,,,5,,warmup,,,930
25.015,,,chain-1024x64,,51.172,,29.823999851942062,17.12,Random,resident,,,5,,warmup,,,930
25.143,,,chain-1024x64,,49.024,,26.91200003027916,14.432,Current,resident,,,0,,measured,,,930
25.085,,,chain-1024x64,,50.82,,29.600000008940697,17.088,Random,resident,,,0,,measured,,,930
24.546,,,chain-1024x64,,48.225,,26.784000918269157,14.432,Current,resident,,,1,,measured,,,930
25.337,,,chain-1024x64,,50.478,,29.311999678611755,17.151,Random,resident,,,1,,measured,,,930
24.182,,,chain-1024x64,,50.308,,28.76799926161766,17.12,Random,resident,,,2,,measured,,,930
25.064,,,chain-1024x64,,48.681,,27.008000761270523,14.431,Current,resident,,,2,,measured,,,930
24.773,,,chain-1024x64,,47.699,,26.655999943614006,14.4,Current,resident,,,3,,measured,,,930
24.663,,,chain-1024x64,,50.61,,29.37600016593933,17.151,Random,resident,,,3,,measured,,,930
24.576999999999998,,,chain-1024x64,,50.313,,28.543999418616295,17.088,Random,resident,,,4,,measured,,,930
24.772,,,chain-1024x64,,47.406,,26.559999212622643,14.399,Current,resident,,,4,,measured,,,930
24.652,,,chain-1024x64,,84.162,,44.67200115323067,17.12,Random,resident,,,5,,measured,,,930
24.915,,,chain-1024x64,,48.364,,26.559999212622643,14.399,Current,resident,,,5,,measured,,,930
25.339,,,chain-1024x64,,50.45,,29.37600016593933,17.088,Random,resident,,,6,,measured,,,930
25.628999999999998,,,chain-1024x64,,47.442,,26.528000831604004,14.432,Current,resident,,,6,,measured,,,930
24.643,,,chain-1024x64,,48.146,,26.59199945628643,14.4,Current,resident,,,7,,measured,,,930
29.034,,,chain-1024x64,,51.118,,29.823999851942062,17.12,Random,resident,,,7,,measured,,,930
25.259,,,chain-1024x64,,48.251,,26.623999699950218,14.432,Current,resident,,,8,,measured,,,930
24.459000000000003,,,chain-1024x64,,50.202,,29.24799919128418,17.119,Random,resident,,,8,,measured,,,930
24.168,,,chain-1024x64,,50.01,,28.64000014960766,17.087,Random,resident,,,9,,measured,,,930
25.073999999999998,,,chain-1024x64,,48.903,,27.168000116944313,14.432,Current,resident,,,9,,measured,,,930
25.965,,,chain-1024x64,,50.605,,29.503999277949333,17.151,Random,resident,,,10,,measured,,,930
25.261000000000003,,,chain-1024x64,,48.321,,27.2000003606081,14.431,Current,resident,,,10,,measured,,,930
24.451999999999998,,,chain-1024x64,,47.82,,26.688000187277794,14.367,Current,resident,,,11,,measured,,,930
25.009999999999998,,,chain-1024x64,,50.359,,29.40800040960312,17.152,Random,resident,,,11,,measured,,,930
25.36,,,chain-1024x64,,48.593,,26.72000043094158,14.431,Current,resident,,,12,,measured,,,930
24.740000000000002,,,chain-1024x64,,50.471,,29.600000008940697,17.088,Random,resident,,,12,,measured,,,930
24.661,,,chain-1024x64,,50.779,,29.343999922275543,17.151,Random,resident,,,13,,measured,,,930
25.075,,,chain-1024x64,,47.921,,26.528000831604004,14.432,Current,resident,,,13,,measured,,,930
25.055999999999997,,,chain-1024x64,,51.207,,29.37600016593933,17.088,Random,resident,,,14,,measured,,,930
24.731,,,chain-1024x64,,47.805,,26.655999943614006,14.431,Current,resident,,,14,,measured,,,930
25.204,,,chain-1024x64,,51.004,,29.279999434947968,17.119,Random,resident,,,15,,measured,,,930
24.978,,,chain-1024x64,,48.4,,26.815999299287796,14.432,Current,resident,,,15,,measured,,,930
25.469,158.65699999999998,0.0,chain-1024x64,,293.291,828196.3540001216,27.744000777602196,14.4,Current,one_shot,561365.6730000202,561072.3820000202,0,,warmup,0.0,,930
25.72,268.093,0.0,chain-1024x64,,403.443,879226.235000392,30.368000268936157,17.12,Random,one_shot,612395.5540002906,611992.1110002906,0,50919.72900027031,warmup,0.0,,930
25.232999999999997,169.758,0.0,chain-1024x64,,303.874,879126.6660003918,30.239999294281006,17.055,Random,one_shot,612295.9850002906,611992.1110002906,1,50919.72900027031,warmup,0.0,,930
25.345,230.63000000000002,0.0,chain-1024x64,,364.023,828267.0860001217,27.615999802947044,14.399,Current,one_shot,561436.4050000203,561072.3820000202,1,,warmup,0.0,,930
26.289,154.01699999999997,0.0,chain-1024x64,,287.96,828191.0230001216,27.583999559283257,14.4,Current,one_shot,561360.3420000202,561072.3820000202,2,,warmup,0.0,,930
26.349,227.511,0.0,chain-1024x64,,361.336,879184.1280003919,30.46399913728237,17.12,Random,one_shot,612353.4470002906,611992.1110002906,2,50919.72900027031,warmup,0.0,,930
25.523,226.05600000000004,0.0,chain-1024x64,,357.567,828260.6300001217,27.83999964594841,14.432,Current,one_shot,561429.9490000203,561072.3820000202,3,,warmup,0.0,,930
25.476,226.568,0.0,chain-1024x64,,360.571,879183.363000392,30.432000756263733,17.151,Random,one_shot,612352.6820002906,611992.1110002906,3,50919.72900027031,warmup,0.0,,930
25.886,152.886,0.0,chain-1024x64,,287.938,879110.7300003918,30.01599945127964,17.087,Random,one_shot,612280.0490002906,611992.1110002906,4,50919.72900027031,warmup,0.0,,930
25.387,225.60399999999998,0.0,chain-1024x64,,356.546,828259.6090001215,27.583999559283257,14.4,Current,one_shot,561428.9280000202,561072.3820000202,4,,warmup,0.0,,930
25.427,151.689,0.0,chain-1024x64,,282.181,828185.2440001215,27.103999629616737,14.399,Current,one_shot,561354.5630000202,561072.3820000202,5,,warmup,0.0,,930
25.606,225.29799999999997,0.0,chain-1024x64,,357.847,879180.6390003918,30.559999868273735,17.152,Random,one_shot,612349.9580002906,611992.1110002906,5,50919.72900027031,warmup,0.0,,930
26.134,255.263,0.0,chain-1024x64,,423.25,828326.3130001216,28.00000086426735,14.431,Current,one_shot,561495.6320000202,561072.3820000202,0,,measured,0.0,,930
25.681,225.837,0.0,chain-1024x64,,359.906,879182.698000392,30.6560005992651,17.119,Random,one_shot,612352.0170002906,611992.1110002906,0,50919.72900027031,measured,0.0,,930
25.868000000000002,225.787,0.0,chain-1024x64,,358.231,828261.2940001215,28.095999732613564,14.4,Current,one_shot,561430.6130000203,561072.3820000202,1,,measured,0.0,,930
26.262999999999998,226.631,0.0,chain-1024x64,,362.518,879185.3100003919,30.527999624609947,17.12,Random,one_shot,612354.6290002906,611992.1110002906,1,50919.72900027031,measured,0.0,,930
24.971,154.363,0.0,chain-1024x64,,286.555,879109.3470003919,30.208000913262367,17.088,Random,one_shot,612278.6660002907,611992.1110002906,2,50919.72900027031,measured,0.0,,930
25.419,225.27999999999997,0.0,chain-1024x64,,356.083,828259.1460001215,27.648000046610832,14.432,Current,one_shot,561428.4650000202,561072.3820000202,2,,measured,0.0,,930
25.42,152.25800000000004,0.0,chain-1024x64,,281.853,828184.9160001215,27.2000003606081,14.368,Current,one_shot,561354.2350000202,561072.3820000202,3,,measured,0.0,,930
25.916,227.236,0.0,chain-1024x64,,365.162,879187.954000392,30.432000756263733,17.088,Random,one_shot,612357.2730002906,611992.1110002906,3,50919.72900027031,measured,0.0,,930
25.866,153.66700000000003,0.0,chain-1024x64,,287.198,879109.9900003918,30.17600066959858,17.088,Random,one_shot,612279.3090002906,611992.1110002906,4,50919.72900027031,measured,0.0,,930
26.488,225.42200000000003,0.0,chain-1024x64,,358.343,828261.4060001215,28.28799933195114,14.399,Current,one_shot,561430.7250000202,561072.3820000202,4,,measured,0.0,,930
25.969,226.85599999999997,0.0,chain-1024x64,,361.365,879184.157000392,30.880000442266464,17.119,Random,one_shot,612353.4760002906,611992.1110002906,5,50919.72900027031,measured,0.0,,930
25.84,224.714,0.0,chain-1024x64,,358.142,828261.2050001216,28.00000086426735,14.432,Current,one_shot,561430.5240000202,561072.3820000202,5,,measured,0.0,,930
25.436999999999998,226.52999999999997,0.0,chain-1024x64,,360.239,879183.0310003918,30.400000512599945,17.152,Random,one_shot,612352.3500002905,611992.1110002906,6,50919.72900027031,measured,0.0,,930
25.426000000000002,242.22699999999998,0.0,chain-1024x64,,372.824,828275.8870001216,27.456000447273254,14.399,Current,one_shot,561445.2060000203,561072.3820000202,6,,measured,0.0,,930
25.161,152.136,0.0,chain-1024x64,,282.796,828185.8590001215,27.23200060427189,14.4,Current,one_shot,561355.1780000202,561072.3820000202,7,,measured,0.0,,930
25.592,229.088,0.0,chain-1024x64,,366.648,879189.440000392,30.6560005992651,17.023,Random,one_shot,612358.7590002907,611992.1110002906,7,50919.72900027031,measured,0.0,,930
25.706,225.238,0.0,chain-1024x64,,356.75,828259.8130001216,27.744000777602196,14.399,Current,one_shot,561429.1320000202,561072.3820000202,8,,measured,0.0,,930
25.862000000000002,225.18900000000002,0.0,chain-1024x64,,359.229,879182.021000392,30.62400035560131,17.12,Random,one_shot,612351.3400002907,611992.1110002906,8,50919.72900027031,measured,0.0,,930
25.274,154.945,0.0,chain-1024x64,,291.244,879114.0360003919,31.136000528931618,17.087,Random,one_shot,612283.3550002906,611992.1110002906,9,50919.72900027031,measured,0.0,,930
25.36,226.195,0.0,chain-1024x64,,357.642,828260.7050001216,27.775999158620834,14.432,Current,one_shot,561430.0240000202,561072.3820000202,9,,measured,0.0,,930
25.403,226.91500000000002,0.0,chain-1024x64,,361.988,879184.7800003919,30.751999467611313,17.12,Random,one_shot,612354.0990002906,611992.1110002906,10,50919.72900027031,measured,0.0,,930
25.61,224.957,0.0,chain-1024x64,,356.354,828259.4170001217,27.807999402284622,14.432,Current,one_shot,561428.7360000203,561072.3820000202,10,,measured,0.0,,930
25.215,152.18800000000002,0.0,chain-1024x64,,283.443,828186.5060001216,27.456000447273254,14.4,Current,one_shot,561355.8250000202,561072.3820000202,11,,measured,0.0,,930
25.328,226.147,0.0,chain-1024x64,,358.671,879181.4630003918,30.01599945127964,17.152,Random,one_shot,612350.7820002906,611992.1110002906,11,50919.72900027031,measured,0.0,,930
25.049,223.835,0.0,chain-1024x64,,353.405,828256.4680001216,27.712000533938408,14.464,Current,one_shot,561425.7870000203,561072.3820000202,12,,measured,0.0,,930
25.384,225.83700000000002,0.0,chain-1024x64,,358.022,879180.8140003919,30.49599938094616,17.12,Random,one_shot,612350.1330002906,611992.1110002906,12,50919.72900027031,measured,0.0,,930
25.066,153.97400000000002,0.0,chain-1024x64,,303.201,879125.9930003919,30.400000512599945,17.119,Random,one_shot,612295.3120002906,611992.1110002906,13,50919.72900027031,measured,0.0,,930
25.273,225.104,0.0,chain-1024x64,,355.187,828258.2500001215,27.55199931561947,14.432,Current,one_shot,561427.5690000203,561072.3820000202,13,,measured,0.0,,930
25.466,226.497,0.0,chain-1024x64,,359.111,879181.903000392,30.30399978160858,17.152,Random,one_shot,612351.2220002906,611992.1110002906,14,50919.72900027031,measured,0.0,,930
26.28,224.077,0.0,chain-1024x64,,354.648,828257.7110001217,27.615999802947044,14.399,Current,one_shot,561427.0300000203,561072.3820000202,14,,measured,0.0,,930
25.522,256.952,0.0,chain-1024x64,,426.056,879248.8480003919,30.62400035560131,17.12,Random,one_shot,612418.1670002906,611992.1110002906,15,50919.72900027031,measured,0.0,,930
25.576999999999998,225.682,0.0,chain-1024x64,,357.546,828260.6090001215,27.488000690937042,14.431,Current,one_shot,561429.9280000202,561072.3820000202,15,,measured,0.0,,930
29.062,86.42099999999999,107.493,dot-128x8,,619.497,,39.103999733924866,13.6,Current,initialize,,,-1,,initialization,,,
27.610999999999997,83.81700000000001,101.255,dot-128x8,,556.795,,36.57599911093712,13.472,Predicted,initialize,,,-1,,initialization,,,
26.712,83.55199999999999,119.605,dot-128x8,,604.084,,37.59999945759773,13.92,Random,initialize,,,-1,,initialization,,,928
27.348,82.809,118.87,dot-128x8,,561.123,,38.14399987459183,14.208,Random,initialize,,,-1,,initialization,,,929
27.433,83.976,130.031,dot-128x8,,580.932,,37.47199848294258,13.76,Random,initialize,,,-1,,initialization,,,930
26.751,,,dot-128x8,,62.652,,29.664000496268272,14.143,Random,resident,,,0,,warmup,,,928
25.424,,,dot-128x8,,59.97,,27.936000376939774,13.344,Predicted,resident,,,0,,warmup,,,928
26.587,,,dot-128x8,,63.644,,31.26399964094162,16.831,Current,resident,,,0,,warmup,,,928
23.686,,,dot-128x8,,56.701,,26.11199952661991,13.76,Random,resident,,,1,,warmup,,,928
24.455,,,dot-128x8,,56.315,,25.21600015461445,12.959,Predicted,resident,,,1,,warmup,,,928
23.719,,,dot-128x8,,55.502,,24.992000311613083,12.959,Current,resident,,,1,,warmup,,,928
50.384,,,dot-128x8,,57.642,,26.75200067460537,13.568,Random,resident,,,2,,warmup,,,928
23.948999999999998,,,dot-128x8,,55.49,,25.280000641942024,12.928,Current,resident,,,2,,warmup,,,928
23.869,,,dot-128x8,,55.534,,25.21600015461445,12.928,Predicted,resident,,,2,,warmup,,,928
23.841,,,dot-128x8,,56.578,,26.176000013947487,13.407,Random,resident,,,3,,warmup,,,928
23.965,,,dot-128x8,,57.181,,25.34399926662445,12.991,Current,resident,,,3,,warmup,,,928
23.680999999999997,,,dot-128x8,,55.66,,25.34399926662445,12.927,Predicted,resident,,,3,,warmup,,,928
22.821,,,dot-128x8,,56.068,,25.887999683618546,12.927,Predicted,resident,,,4,,warmup,,,928
24.021,,,dot-128x8,,55.484,,24.512000381946564,12.927,Current,resident,,,4,,warmup,,,928
23.475,,,dot-128x8,,56.407,,25.50400048494339,13.855,Random,resident,,,4,,warmup,,,928
23.668,,,dot-128x8,,55.134,,25.05600079894066,12.96,Predicted,resident,,,5,,warmup,,,928
23.691,,,dot-128x8,,55.787,,24.960000067949295,12.96,Current,resident,,,5,,warmup,,,928
23.238,,,dot-128x8,,56.262,,25.599999353289604,13.728,Random,resident,,,5,,warmup,,,928
24.826,,,dot-128x8,,55.458,,25.34399926662445,12.959,Current,resident,,,0,,measured,,,928
23.524,,,dot-128x8,,55.319,,25.087999179959297,12.895,Predicted,resident,,,0,,measured,,,928
23.509999999999998,,,dot-128x8,,56.065,,25.79200081527233,13.599,Random,resident,,,0,,measured,,,928
23.372999999999998,,,dot-128x8,,55.298,,25.34399926662445,13.344,Random,resident,,,1,,measured,,,928
23.404,,,dot-128x8,,55.268,,25.151999667286873,12.959,Predicted,resident,,,1,,measured,,,928
23.903,,,dot-128x8,,55.249,,24.960000067949295,12.959,Current,resident,,,1,,measured,,,928
24.075,,,dot-128x8,,71.803,,25.760000571608543,13.024,Predicted,resident,,,2,,measured,,,928
23.354,,,dot-128x8,,55.285,,25.02400055527687,12.96,Current,resident,,,2,,measured,,,928
23.439,,,dot-128x8,,56.109,,25.79200081527233,13.824,Random,resident,,,2,,measured,,,928
23.695,,,dot-128x8,,55.876,,25.087999179959297,12.992,Predicted,resident,,,3,,measured,,,928
22.962,,,dot-128x8,,56.094,,25.439999997615814,13.728,Random,resident,,,3,,measured,,,928
23.951,,,dot-128x8,,55.384,,24.89599958062172,12.991,Current,resident,,,3,,measured,,,928
23.038,,,dot-128x8,,55.484,,24.960000067949295,12.928,Current,resident,,,4,,measured,,,928
24.239,,,dot-128x8,,55.8,,25.312000885605812,12.96,Predicted,resident,,,4,,measured,,,928
24.556,,,dot-128x8,,56.258,,25.50400048494339,13.472,Random,resident,,,4,,measured,,,928
23.686999999999998,,,dot-128x8,,55.652,,25.407999753952026,13.312,Random,resident,,,5,,measured,,,928
23.825,,,dot-128x8,,55.37,,24.70399998128414,12.992,Predicted,resident,,,5,,measured,,,928
23.381999999999998,,,dot-128x8,,55.495,,24.639999493956566,13.056,Current,resident,,,5,,measured,,,928
22.659,,,dot-128x8,,55.188,,24.73600022494793,12.928,Current,resident,,,6,,measured,,,928
23.458,,,dot-128x8,,55.182,,24.73600022494793,12.928,Predicted,resident,,,6,,measured,,,928
23.518,,,dot-128x8,,57.066,,25.760000571608543,13.824,Random,resident,,,6,,measured,,,928
23.793,,,dot-128x8,,56.459,,25.37599951028824,12.959,Current,resident,,,7,,measured,,,928
23.915,,,dot-128x8,,56.337,,25.66399984061718,13.727,Random,resident,,,7,,measured,,,928
23.617,,,dot-128x8,,56.583,,25.37599951028824,12.96,Predicted,resident,,,7,,measured,,,928
24.288,,,dot-128x8,,55.436,,25.05600079894066,12.927,Predicted,resident,,,8,,measured,,,928
23.948,,,dot-128x8,,56.135,,25.21600015461445,13.056,Current,resident,,,8,,measured,,,928
23.554000000000002,,,dot-128x8,,55.459,,24.927999824285507,13.568,Random,resident,,,8,,measured,,,928
23.614,,,dot-128x8,,56.347,,25.536000728607178,13.407,Random,resident,,,9,,measured,,,928
23.282,,,dot-128x8,,55.565,,25.02400055527687,12.991,Predicted,resident,,,9,,measured,,,928
23.757,,,dot-128x8,,55.483,,24.89599958062172,12.928,Current,resident,,,9,,measured,,,928
23.456000000000003,,,dot-128x8,,56.889,,26.11199952661991,13.728,Random,resident,,,10,,measured,,,928
23.468,,,dot-128x8,,55.341,,25.02400055527687,12.928,Current,resident,,,10,,measured,,,928
23.341,,,dot-128x8,,55.707,,25.119999423623085,12.928,Predicted,resident,,,10,,measured,,,928
23.537,,,dot-128x8,,55.566,,24.960000067949295,12.96,Predicted,resident,,,11,,measured,,,928
24.59,,,dot-128x8,,56.396,,25.66399984061718,13.76,Random,resident,,,11,,measured,,,928
24.018,,,dot-128x8,,55.304,,24.831999093294144,12.928,Current,resident,,,11,,measured,,,928
23.47,,,dot-128x8,,56.016,,25.119999423623085,12.895,Predicted,resident,,,12,,measured,,,928
23.083,,,dot-128x8,,55.979,,24.992000311613083,13.023,Current,resident,,,12,,measured,,,928
23.323999999999998,,,dot-128x8,,56.323,,25.82399919629097,13.503,Random,resident,,,12,,measured,,,928
23.619,,,dot-128x8,,56.461,,25.79200081527233,13.343,Random,resident,,,13,,measured,,,928
23.747999999999998,,,dot-128x8,,87.761,,40.352001786231995,12.96,Current,resident,,,13,,measured,,,928
23.079,,,dot-128x8,,89.748,,25.248000398278236,12.959,Predicted,resident,,,13,,measured,,,928
23.27,,,dot-128x8,,55.957,,25.21600015461445,12.928,Predicted,resident,,,14,,measured,,,928
23.442,,,dot-128x8,,56.353,,25.21600015461445,12.928,Current,resident,,,14,,measured,,,928
23.408,,,dot-128x8,,56.367,,25.760000571608543,13.856,Random,resident,,,14,,measured,,,928
23.226,,,dot-128x8,,55.651,,25.087999179959297,13.664,Random,resident,,,15,,measured,,,928
23.639,,,dot-128x8,,55.326,,24.86399933695793,12.96,Predicted,resident,,,15,,measured,,,928
23.575,,,dot-128x8,,55.383,,24.70399998128414,12.992,Current,resident,,,15,,measured,,,928
24.514000000000003,142.168,0.0,dot-128x8,20304.162999309483,391.638,35010.74199892076,27.83999964594841,13.568,Random,one_shot,29736.256998948134,29344.618998948135,0,4482.749999624502,warmup,0.0,4523.159999735071,928
25.351,139.997,0.0,dot-128x8,19316.042000355083,373.883,30005.88400020913,26.655999943614006,12.992,Predicted,one_shot,24731.399000236503,24357.5160002365,0,,warmup,724.2800002131844,4315.7379996046075,928
24.491,142.75299999999996,0.0,dot-128x8,20304.162999309483,372.769,30509.12299929626,25.887999683618546,12.959,Current,one_shot,25234.637999323633,24861.868999323633,0,,warmup,0.0,4523.159999735071,928
24.677999999999997,139.868,0.0,dot-128x8,20304.162999309483,372.912,34992.01599892076,27.775999158620834,13.472,Random,one_shot,29717.530998948136,29344.618998948135,1,4482.749999624502,warmup,0.0,4523.159999735071,928
25.262,142.048,0.0,dot-128x8,19316.042000355083,583.553,30215.55400020913,28.543999418616295,12.896,Predicted,one_shot,24941.0690002365,24357.5160002365,1,,warmup,724.2800002131844,4315.7379996046075,928
24.796,140.60800000000003,0.0,dot-128x8,20304.162999309483,375.785,30512.13899929626,27.2000003606081,13.024,Current,one_shot,25237.653999323633,24861.868999323633,1,,warmup,0.0,4523.159999735071,928
24.506,138.79999999999998,0.0,dot-128x8,20304.162999309483,418.494,35037.59799892076,27.615999802947044,13.792,Random,one_shot,29763.112998948134,29344.618998948135,2,4482.749999624502,warmup,0.0,4523.159999735071,928
25.458,139.658,0.0,dot-128x8,20304.162999309483,372.043,30508.396999296263,26.75200067460537,12.959,Current,one_shot,25233.911999323635,24861.868999323633,2,,warmup,0.0,4523.159999735071,928
24.141,145.12400000000002,0.0,dot-128x8,19316.042000355083,392.341,30024.34200020913,26.87999978661537,12.96,Predicted,one_shot,24749.8570002365,24357.5160002365,2,,warmup,724.2800002131844,4315.7379996046075,928
24.588,138.893,0.0,dot-128x8,20304.162999309483,370.06,34989.16399892076,27.03999914228916,13.728,Random,one_shot,29714.678998948137,29344.618998948135,3,4482.749999624502,warmup,0.0,4523.159999735071,928
24.516,139.384,0.0,dot-128x8,20304.162999309483,367.895,30504.248999296262,26.688000187277794,12.959,Current,one_shot,25229.763999323633,24861.868999323633,3,,warmup,0.0,4523.159999735071,928
28.176000000000002,138.01999999999998,0.0,dot-128x8,19316.042000355083,371.311,30003.31200020913,27.23200060427189,12.96,Predicted,one_shot,24728.827000236502,24357.5160002365,3,,warmup,724.2800002131844,4315.7379996046075,928
23.959,69.208,0.0,dot-128x8,19316.042000355083,297.473,29929.47400020913,26.784000918269157,13.024,Predicted,one_shot,24654.989000236503,24357.5160002365,4,,warmup,724.2800002131844,4315.7379996046075,928
24.67,138.227,0.0,dot-128x8,20304.162999309483,369.077,30505.430999296263,27.103999629616737,13.056,Current,one_shot,25230.945999323634,24861.868999323633,4,,warmup,0.0,4523.159999735071,928
24.611,137.75799999999995,0.0,dot-128x8,20304.162999309483,366.983,34986.086998920764,27.712000533938408,13.696,Random,one_shot,29711.601998948136,29344.618998948135,4,4482.749999624502,warmup,0.0,4523.159999735071,928
25.089,138.514,0.0,dot-128x8,19316.042000355083,407.972,30039.97300020913,59.328000992536545,12.928,Predicted,one_shot,24765.488000236503,24357.5160002365,5,,warmup,724.2800002131844,4315.7379996046075,928
25.488,139.143,0.0,dot-128x8,20304.162999309483,373.227,30509.58099929626,26.847999542951584,12.928,Current,one_shot,25235.095999323632,24861.868999323633,5,,warmup,0.0,4523.159999735071,928
24.993000000000002,139.439,0.0,dot-128x8,20304.162999309483,370.626,34989.72999892077,27.648000046610832,13.44,Random,one_shot,29715.244998948136,29344.618998948135,5,4482.749999624502,warmup,0.0,4523.159999735071,928
25.149,138.428,0.0,dot-128x8,20304.162999309483,369.698,30506.05199929626,26.72000043094158,12.959,Current,one_shot,25231.566999323633,24861.868999323633,0,,measured,0.0,4523.159999735071,928
24.95,138.798,0.0,dot-128x8,19316.042000355083,373.506,30005.50700020913,26.87999978661537,12.928,Predicted,one_shot,24731.022000236502,24357.5160002365,0,,measured,724.2800002131844,4315.7379996046075,928
24.43,138.36800000000002,0.0,dot-128x8,20304.162999309483,371.906,34991.00999892077,27.648000046610832,13.792,Random,one_shot,29716.524998948134,29344.618998948135,0,4482.749999624502,measured,0.0,4523.159999735071,928
23.718,103.66299999999998,0.0,dot-128x8,20304.162999309483,403.205,35022.308998920766,27.936000376939774,13.663,Random,one_shot,29747.823998948137,29344.618998948135,1,4482.749999624502,measured,0.0,4523.159999735071,928
24.555,138.25900000000001,0.0,dot-128x8,19316.042000355083,435.139,30067.14000020913,27.03999914228916,12.992,Predicted,one_shot,24792.6550002365,24357.5160002365,1,,measured,724.2800002131844,4315.7379996046075,928
24.531,158.37,0.0,dot-128x8,20304.162999309483,404.823,30541.17699929626,26.75200067460537,12.96,Current,one_shot,25266.691999323633,24861.868999323633,1,,measured,0.0,4523.159999735071,928
56.905,137.114,0.0,dot-128x8,19316.042000355083,398.945,30030.94600020913,26.655999943614006,12.896,Predicted,one_shot,24756.4610002365,24357.5160002365,2,,measured,724.2800002131844,4315.7379996046075,928
24.474,140.88699999999997,0.0,dot-128x8,20304.162999309483,374.233,30510.58699929626,26.623999699950218,12.959,Current,one_shot,25236.101999323633,24861.868999323633,2,,measured,0.0,4523.159999735071,928
24.485,140.73999999999998,0.0,dot-128x8,20304.162999309483,374.242,34993.34599892076,27.295999228954315,13.76,Random,one_shot,29718.860998948134,29344.618998948135,2,4482.749999624502,measured,0.0,4523.159999735071,928
24.761000000000003,138.895,0.0,dot-128x8,19316.042000355083,368.083,30000.084000209128,27.103999629616737,12.96,Predicted,one_shot,24725.5990002365,24357.5160002365,3,,measured,724.2800002131844,4315.7379996046075,928
24.258,139.853,0.0,dot-128x8,20304.162999309483,369.303,34988.406998920764,27.103999629616737,13.535,Random,one_shot,29713.921998948135,29344.618998948135,3,4482.749999624502,measured,0.0,4523.159999735071,928
25.369999999999997,139.283,0.0,dot-128x8,20304.162999309483,371.175,30507.52899929626,26.784000918269157,12.992,Current,one_shot,25233.043999323632,24861.868999323633,3,,measured,0.0,4523.159999735071,928
23.639,70.82,0.0,dot-128x8,20304.162999309483,297.814,30434.16799929626,26.655999943614006,12.96,Current,one_shot,25159.68299932363,24861.868999323633,4,,measured,0.0,4523.159999735071,928
24.481,137.63399999999996,0.0,dot-128x8,19316.042000355083,366.647,29998.64800020913,27.03999914228916,12.96,Predicted,one_shot,24724.163000236502,24357.5160002365,4,,measured,724.2800002131844,4315.7379996046075,928
25.064999999999998,139.69600000000003,0.0,dot-128x8,20304.162999309483,372.451,34991.554998920765,27.744000777602196,13.792,Random,one_shot,29717.069998948136,29344.618998948135,4,4482.749999624502,measured,0.0,4523.159999735071,928
23.749000000000002,70.443,0.0,dot-128x8,20304.162999309483,298.88,34917.98399892077,26.91200003027916,13.632,Random,one_shot,29643.498998948136,29344.618998948135,5,4482.749999624502,measured,0.0,4523.159999735071,928
24.334,143.751,0.0,dot-128x8,19316.042000355083,415.69,30047.691000209128,26.464000344276428,13.023,Predicted,one_shot,24773.2060002365,24357.5160002365,5,,measured,724.2800002131844,4315.7379996046075,928
25.214,138.118,0.0,dot-128x8,20304.162999309483,370.649,30507.002999296263,26.559999212622643,12.96,Current,one_shot,25232.517999323634,24861.868999323633,5,,measured,0.0,4523.159999735071,928
24.551,70.501,0.0,dot-128x8,20304.162999309483,302.296,30438.64999929626,26.496000587940216,12.96,Current,one_shot,25164.16499932363,24861.868999323633,6,,measured,0.0,4523.159999735071,928
24.106,138.988,0.0,dot-128x8,19316.042000355083,368.769,30000.77000020913,29.343999922275543,12.96,Predicted,one_shot,24726.2850002365,24357.5160002365,6,,measured,724.2800002131844,4315.7379996046075,928
24.573999999999998,139.31,0.0,dot-128x8,20304.162999309483,366.763,34985.86699892076,27.456000447273254,13.536,Random,one_shot,29711.381998948134,29344.618998948135,6,4482.749999624502,measured,0.0,4523.159999735071,928
24.417,138.964,0.0,dot-128x8,20304.162999309483,367.511,30503.86499929626,27.168000116944313,12.928,Current,one_shot,25229.37999932363,24861.868999323633,7,,measured,0.0,4523.159999735071,928
24.124000000000002,138.539,0.0,dot-128x8,20304.162999309483,365.576,34984.679998920765,27.264000847935677,13.6,Random,one_shot,29710.194998948136,29344.618998948135,7,4482.749999624502,measured,0.0,4523.159999735071,928
24.628999999999998,139.44199999999998,0.0,dot-128x8,19316.042000355083,371.623,30003.62400020913,27.07199938595295,12.928,Predicted,one_shot,24729.1390002365,24357.5160002365,7,,measured,724.2800002131844,4315.7379996046075,928
23.697000000000003,70.68300000000002,0.0,dot-128x8,19316.042000355083,299.633,29931.63400020913,26.815999299287796,12.928,Predicted,one_shot,24657.149000236503,24357.5160002365,8,,measured,724.2800002131844,4315.7379996046075,928
25.282,141.27000000000004,0.0,dot-128x8,20304.162999309483,370.581,30506.93499929626,26.528000831604004,13.023,Current,one_shot,25232.44999932363,24861.868999323633,8,,measured,0.0,4523.159999735071,928
24.755,141.85199999999998,0.0,dot-128x8,20304.162999309483,375.416,34994.51999892076,27.55199931561947,13.792,Random,one_shot,29720.034998948136,29344.618998948135,8,4482.749999624502,measured,0.0,4523.159999735071,928
23.941000000000003,71.598,0.0,dot-128x8,20304.162999309483,302.933,34922.03699892077,27.07199938595295,13.664,Random,one_shot,29647.551998948136,29344.618998948135,9,4482.749999624502,measured,0.0,4523.159999735071,928
24.951999999999998,141.953,0.0,dot-128x8,19316.042000355083,371.817,30003.81800020913,26.559999212622643,12.96,Predicted,one_shot,24729.3330002365,24357.5160002365,9,,measured,724.2800002131844,4315.7379996046075,928
27.869999999999997,167.10500000000002,0.0,dot-128x8,20304.162999309483,21247.213,51383.566999296265,37.63199970126152,12.992,Current,one_shot,46109.08199932364,24861.868999323633,9,,measured,0.0,4523.159999735071,928
26.368000000000002,147.359,0.0,dot-128x8,20304.162999309483,401.276,35020.37999892076,29.21600081026554,13.631,Random,one_shot,29745.894998948137,29344.618998948135,10,4482.749999624502,measured,0.0,4523.159999735071,928
24.826999999999998,139.58199999999997,0.0,dot-128x8,20304.162999309483,371.063,30507.41699929626,27.168000116944313,12.928,Current,one_shot,25232.93199932363,24861.868999323633,10,,measured,0.0,4523.159999735071,928
51.004999999999995,178.228,0.0,dot-128x8,19316.042000355083,438.571,30070.57200020913,27.2000003606081,12.96,Predicted,one_shot,24796.0870002365,24357.5160002365,10,,measured,724.2800002131844,4315.7379996046075,928
45.862,73.178,0.0,dot-128x8,19316.042000355083,325.891,29957.89200020913,27.07199938595295,12.96,Predicted,one_shot,24683.4070002365,24357.5160002365,11,,measured,724.2800002131844,4315.7379996046075,928
24.668999999999997,141.40499999999997,0.0,dot-128x8,20304.162999309483,374.764,34993.86799892076,27.23200060427189,13.568,Random,one_shot,29719.382998948135,29344.618998948135,11,4482.749999624502,measured,0.0,4523.159999735071,928
25.052999999999997,141.35799999999998,0.0,dot-128x8,20304.162999309483,372.232,30508.58599929626,27.295999228954315,12.991,Current,one_shot,25234.100999323633,24861.868999323633,11,,measured,0.0,4523.159999735071,928
24.435000000000002,138.315,0.0,dot-128x8,19316.042000355083,368.836,30000.83700020913,26.815999299287796,12.96,Predicted,one_shot,24726.3520002365,24357.5160002365,12,,measured,724.2800002131844,4315.7379996046075,928
32.278,165.977,0.0,dot-128x8,20304.162999309483,508.209,30644.56299929626,31.87200054526329,12.959,Current,one_shot,25370.077999323632,24861.868999323633,12,,measured,0.0,4523.159999735071,928
24.853,140.49599999999998,0.0,dot-128x8,20304.162999309483,374.394,34993.497998920764,28.031999245285988,13.823,Random,one_shot,29719.012998948136,29344.618998948135,12,4482.749999624502,measured,0.0,4523.159999735071,928
24.855,71.961,0.0,dot-128x8,20304.162999309483,300.482,34919.58599892077,27.23200060427189,13.631,Random,one_shot,29645.100998948135,29344.618998948135,13,4482.749999624502,measured,0.0,4523.159999735071,928
24.334000000000003,140.19299999999998,0.0,dot-128x8,20304.162999309483,369.803,30506.15699929626,26.784000918269157,12.928,Current,one_shot,25231.671999323633,24861.868999323633,13,,measured,0.0,4523.159999735071,928
24.338,138.218,0.0,dot-128x8,19316.042000355083,366.526,29998.52700020913,26.623999699950218,12.96,Predicted,one_shot,24724.042000236503,24357.5160002365,13,,measured,724.2800002131844,4315.7379996046075,928
24.165,71.675,0.0,dot-128x8,19316.042000355083,300.302,29932.30300020913,26.528000831604004,13.024,Predicted,one_shot,24657.8180002365,24357.5160002365,14,,measured,724.2800002131844,4315.7379996046075,928
24.731,177.74399999999994,0.0,dot-128x8,20304.162999309483,414.439,30550.79299929626,26.335999369621277,12.992,Current,one_shot,25276.30799932363,24861.868999323633,14,,measured,0.0,4523.159999735071,928
24.787,138.748,0.0,dot-128x8,20304.162999309483,367.218,34986.321998920765,27.07199938595295,13.6,Random,one_shot,29711.836998948136,29344.618998948135,14,4482.749999624502,measured,0.0,4523.159999735071,928
23.887,70.676,0.0,dot-128x8,20304.162999309483,298.526,34917.62999892076,26.847999542951584,13.472,Random,one_shot,29643.144998948137,29344.618998948135,15,4482.749999624502,measured,0.0,4523.159999735071,928
24.695,139.825,0.0,dot-128x8,19316.042000355083,368.026,30000.02700020913,26.847999542951584,12.895,Predicted,one_shot,24725.542000236503,24357.5160002365,15,,measured,724.2800002131844,4315.7379996046075,928
24.794,140.82600000000002,0.0,dot-128x8,20304.162999309483,369.771,30506.124999296262,26.847999542951584,12.927,Current,one_shot,25231.639999323634,24861.868999323633,15,,measured,0.0,4523.159999735071,928
26.351,,,dot-128x8,,61.456,,29.120000079274178,13.984,Random,resident,,,0,,warmup,,,929
23.808999999999997,,,dot-128x8,,56.929,,25.919999927282333,12.992,Current,resident,,,0,,warmup,,,929
23.755000000000003,,,dot-128x8,,56.303,,25.696000084280968,12.992,Predicted,resident,,,0,,warmup,,,929
23.302,,,dot-128x8,,55.469,,25.087999179959297,12.96,Predicted,resident,,,1,,warmup,,,929
23.217,,,dot-128x8,,56.1,,25.82399919629097,13.728,Random,resident,,,1,,warmup,,,929
24.421,,,dot-128x8,,55.656,,25.02400055527687,13.024,Current,resident,,,1,,warmup,,,929
24.609,,,dot-128x8,,55.923,,25.312000885605812,12.96,Predicted,resident,,,2,,warmup,,,929
23.82,,,dot-128x8,,56.152,,26.016000658273697,13.728,Random,resident,,,2,,warmup,,,929
23.735,,,dot-128x8,,55.985,,25.439999997615814,12.96,Current,resident,,,2,,warmup,,,929
23.852,,,dot-128x8,,57.02,,25.599999353289604,12.896,Predicted,resident,,,3,,warmup,,,929
23.991,,,dot-128x8,,56.16,,25.087999179959297,13.023,Current,resident,,,3,,warmup,,,929
23.615000000000002,,,dot-128x8,,56.362,,26.208000257611275,13.567,Random,resident,,,3,,warmup,,,929
24.307000000000002,,,dot-128x8,,56.278,,25.696000084280968,12.992,Predicted,resident,,,4,,warmup,,,929
24.333,,,dot-128x8,,56.467,,25.599999353289604,12.928,Current,resident,,,4,,warmup,,,929
23.491,,,dot-128x8,,56.717,,26.079999282956123,13.888,Random,resident,,,4,,warmup,,,929
23.194000000000003,,,dot-128x8,,55.825,,25.407999753952026,12.959,Predicted,resident,,,5,,warmup,,,929
23.384,,,dot-128x8,,55.561,,25.02400055527687,13.055,Current,resident,,,5,,warmup,,,929
23.871,,,dot-128x8,,56.444,,25.66399984061718,13.76,Random,resident,,,5,,warmup,,,929
23.665,,,dot-128x8,,55.787,,25.82399919629097,13.599,Random,resident,,,0,,measured,,,929
23.581000000000003,,,dot-128x8,,55.187,,24.992000311613083,12.959,Current,resident,,,0,,measured,,,929
23.310000000000002,,,dot-128x8,,55.087,,25.087999179959297,12.895,Predicted,resident,,,0,,measured,,,929
23.92,,,dot-128x8,,55.546,,25.02400055527687,12.927,Predicted,resident,,,1,,measured,,,929
23.854,,,dot-128x8,,56.203,,25.919999927282333,13.567,Random,resident,,,1,,measured,,,929
23.705,,,dot-128x8,,56.305,,25.728000327944756,12.959,Current,resident,,,1,,measured,,,929
23.014,,,dot-128x8,,55.991,,25.312000885605812,12.959,Current,resident,,,2,,measured,,,929
23.46,,,dot-128x8,,55.361,,25.02400055527687,12.927,Predicted,resident,,,2,,measured,,,929
23.52,,,dot-128x8,,56.535,,25.95200017094612,13.951,Random,resident,,,2,,measured,,,929
24.207,,,dot-128x8,,56.615,,25.50400048494339,12.96,Predicted,resident,,,3,,measured,,,929
24.046,,,dot-128x8,,55.706,,24.960000067949295,12.992,Current,resident,,,3,,measured,,,929
23.442999999999998,,,dot-128x8,,56.504,,25.887999683618546,13.792,Random,resident,,,3,,measured,,,929
24.029,,,dot-128x8,,55.959,,25.37599951028824,12.959,Current,resident,,,4,,measured,,,929
23.503999999999998,,,dot-128x8,,56.433,,26.240000501275063,13.663,Random,resident,,,4,,measured,,,929
24.11,,,dot-128x8,,55.589,,25.05600079894066,12.991,Predicted,resident,,,4,,measured,,,929
23.362000000000002,,,dot-128x8,,56.379,,25.696000084280968,12.896,Predicted,resident,,,5,,measured,,,929
24.152,,,dot-128x8,,56.58,,26.27200074493885,13.599,Random,resident,,,5,,measured,,,929
24.817,,,dot-128x8,,56.188,,25.37599951028824,12.959,Current,resident,,,5,,measured,,,929
24.058,,,dot-128x8,,56.364,,25.919999927282333,12.96,Predicted,resident,,,6,,measured,,,929
24.011000000000003,,,dot-128x8,,55.862,,25.151999667286873,12.96,Current,resident,,,6,,measured,,,929
23.826999999999998,,,dot-128x8,,56.644,,25.82399919629097,13.696,Random,resident,,,6,,measured,,,929
23.587000000000003,,,dot-128x8,,55.742,,25.21600015461445,13.023,Predicted,resident,,,7,,measured,,,929
24.061999999999998,,,dot-128x8,,55.713,,25.18399991095066,12.927,Current,resident,,,7,,measured,,,929
23.707,,,dot-128x8,,56.129,,25.887999683618546,13.727,Random,resident,,,7,,measured,,,929
23.622999999999998,,,dot-128x8,,56.452,,25.696000084280968,12.96,Current,resident,,,8,,measured,,,929
23.707,,,dot-128x8,,55.786,,25.280000641942024,12.928,Predicted,resident,,,8,,measured,,,929
24.421999999999997,,,dot-128x8,,72.516,,26.496000587940216,13.664,Random,resident,,,8,,measured,,,929
22.729,,,dot-128x8,,56.202,,25.919999927282333,13.6,Random,resident,,,9,,measured,,,929
23.766,,,dot-128x8,,56.363,,25.599999353289604,12.928,Predicted,resident,,,9,,measured,,,929
24.134999999999998,,,dot-128x8,,55.384,,25.119999423623085,12.96,Current,resident,,,9,,measured,,,929
23.019,,,dot-128x8,,55.253,,24.992000311613083,12.928,Current,resident,,,10,,measured,,,929
23.746,,,dot-128x8,,56.402,,25.119999423623085,13.024,Predicted,resident,,,10,,measured,,,929
23.679,,,dot-128x8,,56.501,,25.79200081527233,13.728,Random,resident,,,10,,measured,,,929
23.905,,,dot-128x8,,55.92,,25.18399991095066,12.96,Current,resident,,,11,,measured,,,929
23.35,,,dot-128x8,,56.94,,25.855999439954758,13.759,Random,resident,,,11,,measured,,,929
23.526,,,dot-128x8,,55.668,,24.89599958062172,12.959,Predicted,resident,,,11,,measured,,,929
23.715,,,dot-128x8,,56.449,,26.11199952661991,13.6,Random,resident,,,12,,measured,,,929
23.497999999999998,,,dot-128x8,,55.403,,25.34399926662445,12.96,Predicted,resident,,,12,,measured,,,929
23.711,,,dot-128x8,,55.546,,25.18399991095066,12.928,Current,resident,,,12,,measured,,,929
23.581000000000003,,,dot-128x8,,55.776,,25.50400048494339,12.928,Predicted,resident,,,13,,measured,,,929
23.326999999999998,,,dot-128x8,,55.738,,25.119999423623085,12.96,Current,resident,,,13,,measured,,,929
24.191,,,dot-128x8,,56.702,,26.1439997702837,13.536,Random,resident,,,13,,measured,,,929
23.503999999999998,,,dot-128x8,,55.939,,25.439999997615814,13.087,Current,resident,,,14,,measured,,,929
23.212,,,dot-128x8,,56.15,,25.887999683618546,13.599,Random,resident,,,14,,measured,,,929
23.851,,,dot-128x8,,57.753,,26.27200074493885,12.96,Predicted,resident,,,14,,measured,,,929
25.139,,,dot-128x8,,56.166,,25.567999109625816,12.96,Current,resident,,,15,,measured,,,929
23.29,,,dot-128x8,,55.803,,24.89599958062172,12.96,Predicted,resident,,,15,,measured,,,929
23.61,,,dot-128x8,,56.438,,25.728000327944756,13.823,Random,resident,,,15,,measured,,,929
23.748,76.499,0.0,dot-128x8,20304.162999309483,310.915,34883.54799878832,26.976000517606735,13.664,Random,one_shot,29609.062998815694,29298.147998815693,0,4436.27899949206,warmup,0.0,4523.159999735071,929
24.384999999999998,139.893,0.0,dot-128x8,20304.162999309483,369.547,30505.90099929626,26.72000043094158,13.023,Current,one_shot,25231.41599932363,24861.868999323633,0,,warmup,0.0,4523.159999735071,929
24.655,139.41600000000003,0.0,dot-128x8,19316.042000355083,367.35,29999.351000209128,26.496000587940216,12.895,Predicted,one_shot,24724.8660002365,24357.5160002365,0,,warmup,724.2800002131844,4315.7379996046075,929
24.084,71.25699999999999,0.0,dot-128x8,19316.042000355083,299.774,29931.77500020913,26.688000187277794,12.895,Predicted,one_shot,24657.290000236502,24357.5160002365,1,,warmup,724.2800002131844,4315.7379996046075,929
24.599,140.592,0.0,dot-128x8,20304.162999309483,371.016,34943.648998788325,27.51999907195568,13.632,Random,one_shot,29669.163998815693,29298.147998815693,1,4436.27899949206,warmup,0.0,4523.159999735071,929
24.855,142.45699999999997,0.0,dot-128x8,20304.162999309483,385.599,30521.95299929626,26.655999943614006,12.896,Current,one_shot,25247.46799932363,24861.868999323633,1,,warmup,0.0,4523.159999735071,929
24.307000000000002,140.768,0.0,dot-128x8,19316.042000355083,369.183,30001.18400020913,26.43200010061264,13.024,Predicted,one_shot,24726.699000236502,24357.5160002365,2,,warmup,724.2800002131844,4315.7379996046075,929
25.028,141.888,0.0,dot-128x8,20304.162999309483,410.761,34983.39399878832,27.904000133275986,13.727,Random,one_shot,29708.908998815692,29298.147998815693,2,4436.27899949206,warmup,0.0,4523.159999735071,929
24.532,139.469,0.0,dot-128x8,20304.162999309483,376.234,30512.587999296262,26.784000918269157,12.96,Current,one_shot,25238.102999323633,24861.868999323633,2,,warmup,0.0,4523.159999735071,929
24.622,138.61800000000002,0.0,dot-128x8,19316.042000355083,368.066,30000.06700020913,26.399999856948853,12.928,Predicted,one_shot,24725.5820002365,24357.5160002365,3,,warmup,724.2800002131844,4315.7379996046075,929
24.488999999999997,138.841,0.0,dot-128x8,20304.162999309483,366.344,30502.697999296262,26.528000831604004,12.959,Current,one_shot,25228.212999323634,24861.868999323633,3,,warmup,0.0,4523.159999735071,929
24.066,138.825,0.0,dot-128x8,20304.162999309483,368.245,34940.87799878832,27.488000690937042,13.792,Random,one_shot,29666.392998815692,29298.147998815693,3,4436.27899949206,warmup,0.0,4523.159999735071,929
25.143,138.87699999999998,0.0,dot-128x8,19316.042000355083,369.81,30001.81100020913,26.784000918269157,12.96,Predicted,one_shot,24727.326000236502,24357.5160002365,4,,warmup,724.2800002131844,4315.7379996046075,929
24.97,139.205,0.0,dot-128x8,20304.162999309483,368.066,30504.41999929626,26.59199945628643,12.991,Current,one_shot,25229.934999323632,24861.868999323633,4,,warmup,0.0,4523.159999735071,929
24.799,139.41699999999997,0.0,dot-128x8,20304.162999309483,370.396,34943.02899878832,27.744000777602196,13.663,Random,one_shot,29668.543998815694,29298.147998815693,4,4436.27899949206,warmup,0.0,4523.159999735071,929
24.988,144.679,0.0,dot-128x8,19316.042000355083,392.538,30024.53900020913,27.712000533938408,12.96,Predicted,one_shot,24750.0540002365,24357.5160002365,5,,warmup,724.2800002131844,4315.7379996046075,929
25.272,139.64000000000001,0.0,dot-128x8,20304.162999309483,369.363,30505.716999296263,27.168000116944313,12.96,Current,one_shot,25231.231999323634,24861.868999323633,5,,warmup,0.0,4523.159999735071,929
24.351,138.85900000000004,0.0,dot-128x8,20304.162999309483,410.494,34983.12699878832,27.648000046610832,13.567,Random,one_shot,29708.641998815692,29298.147998815693,5,4436.27899949206,warmup,0.0,4523.159999735071,929
23.773000000000003,73.703,0.0,dot-128x8,20304.162999309483,302.787,34875.41999878832,27.264000847935677,13.663,Random,one_shot,29600.934998815694,29298.147998815693,0,4436.27899949206,measured,0.0,4523.159999735071,929
25.019,139.931,0.0,dot-128x8,20304.162999309483,368.133,30504.486999296263,26.815999299287796,12.959,Current,one_shot,25230.001999323635,24861.868999323633,0,,measured,0.0,4523.159999735071,929
24.322000000000003,139.099,0.0,dot-128x8,19316.042000355083,366.704,29998.70500020913,26.815999299287796,12.928,Predicted,one_shot,24724.220000236503,24357.5160002365,0,,measured,724.2800002131844,4315.7379996046075,929
25.183999999999997,71.81500000000001,0.0,dot-128x8,19316.042000355083,523.802,30155.80300020913,28.575999662280083,12.96,Predicted,one_shot,24881.3180002365,24357.5160002365,1,,measured,724.2800002131844,4315.7379996046075,929
24.132,138.002,0.0,dot-128x8,20304.162999309483,368.488,34941.12099878832,27.295999228954315,13.76,Random,one_shot,29666.635998815695,29298.147998815693,1,4436.27899949206,measured,0.0,4523.159999735071,929
24.552,141.411,0.0,dot-128x8,20304.162999309483,370.132,30506.485999296263,26.528000831604004,13.056,Current,one_shot,25232.000999323634,24861.868999323633,1,,measured,0.0,4523.159999735071,929
24.436,72.79400000000001,0.0,dot-128x8,20304.162999309483,300.229,30436.58299929626,26.59199945628643,12.896,Current,one_shot,25162.097999323632,24861.868999323633,2,,measured,0.0,4523.159999735071,929
24.316000000000003,138.321,0.0,dot-128x8,19316.042000355083,367.293,29999.29400020913,26.528000831604004,12.96,Predicted,one_shot,24724.809000236502,24357.5160002365,2,,measured,724.2800002131844,4315.7379996046075,929
24.505,141.89,0.0,dot-128x8,20304.162999309483,375.766,34948.398998788325,27.68000029027462,13.696,Random,one_shot,29673.913998815693,29298.147998815693,2,4436.27899949206,measured,0.0,4523.159999735071,929
23.86,138.641,0.0,dot-128x8,19316.042000355083,367.238,29999.23900020913,26.688000187277794,13.024,Predicted,one_shot,24724.754000236502,24357.5160002365,3,,measured,724.2800002131844,4315.7379996046075,929
24.608,140.304,0.0,dot-128x8,20304.162999309483,367.97,30504.323999296263,26.528000831604004,12.96,Current,one_shot,25229.838999323634,24861.868999323633,3,,measured,0.0,4523.159999735071,929
24.441,140.78300000000002,0.0,dot-128x8,20304.162999309483,370.185,34942.81799878832,27.168000116944313,13.535,Random,one_shot,29668.332998815695,29298.147998815693,3,4436.27899949206,measured,0.0,4523.159999735071,929
24.516,140.129,0.0,dot-128x8,20304.162999309483,369.997,30506.35099929626,26.688000187277794,12.96,Current,one_shot,25231.865999323632,24861.868999323633,4,,measured,0.0,4523.159999735071,929
24.272,139.849,0.0,dot-128x8,20304.162999309483,368.257,34940.88999878832,27.807999402284622,13.568,Random,one_shot,29666.404998815695,29298.147998815693,4,4436.27899949206,measured,0.0,4523.159999735071,929
25.116,138.86999999999998,0.0,dot-128x8,19316.042000355083,364.555,29996.55600020913,26.59199945628643,12.96,Predicted,one_shot,24722.0710002365,24357.5160002365,4,,measured,724.2800002131844,4315.7379996046075,929
23.493000000000002,72.13999999999999,0.0,dot-128x8,19316.042000355083,298.879,29930.88000020913,26.72000043094158,12.928,Predicted,one_shot,24656.3950002365,24357.5160002365,5,,measured,724.2800002131844,4315.7379996046075,929
24.313000000000002,138.171,0.0,dot-128x8,20304.162999309483,365.78,34938.41299878832,27.23200060427189,13.728,Random,one_shot,29663.927998815692,29298.147998815693,5,4436.27899949206,measured,0.0,4523.159999735071,929
24.465,141.52599999999998,0.0,dot-128x8,20304.162999309483,368.043,30504.396999296263,26.91200003027916,12.959,Current,one_shot,25229.911999323635,24861.868999323633,5,,measured,0.0,4523.159999735071,929
24.46,139.896,0.0,dot-128x8,19316.042000355083,373.091,30005.09200020913,27.008000761270523,12.992,Predicted,one_shot,24730.6070002365,24357.5160002365,6,,measured,724.2800002131844,4315.7379996046075,929
24.293,139.453,0.0,dot-128x8,20304.162999309483,367.273,30503.626999296263,26.335999369621277,12.96,Current,one_shot,25229.141999323634,24861.868999323633,6,,measured,0.0,4523.159999735071,929
24.878,137.78100000000003,0.0,dot-128x8,20304.162999309483,368.364,34940.99699878832,27.583999559283257,13.695,Random,one_shot,29666.511998815695,29298.147998815693,6,4436.27899949206,measured,0.0,4523.159999735071,929
24.283,140.0,0.0,dot-128x8,19316.042000355083,369.269,30001.27000020913,27.135999873280525,12.992,Predicted,one_shot,24726.7850002365,24357.5160002365,7,,measured,724.2800002131844,4315.7379996046075,929
24.872999999999998,139.75300000000001,0.0,dot-128x8,20304.162999309483,368.624,30504.97799929626,26.75200067460537,12.96,Current,one_shot,25230.492999323633,24861.868999323633,7,,measured,0.0,4523.159999735071,929
25.061,137.936,0.0,dot-128x8,20304.162999309483,368.246,34940.87899878832,28.095999732613564,13.599,Random,one_shot,29666.393998815693,29298.147998815693,7,4436.27899949206,measured,0.0,4523.159999735071,929
24.34,139.537,0.0,dot-128x8,20304.162999309483,367.942,30504.29599929626,27.103999629616737,12.96,Current,one_shot,25229.810999323632,24861.868999323633,8,,measured,0.0,4523.159999735071,929
24.415,138.412,0.0,dot-128x8,19316.042000355083,364.935,29996.93600020913,27.07199938595295,12.96,Predicted,one_shot,24722.451000236502,24357.5160002365,8,,measured,724.2800002131844,4315.7379996046075,929
24.823,138.864,0.0,dot-128x8,20304.162999309483,367.104,34939.73699878832,27.23200060427189,13.568,Random,one_shot,29665.251998815693,29298.147998815693,8,4436.27899949206,measured,0.0,4523.159999735071,929
24.367,71.001,0.0,dot-128x8,20304.162999309483,299.105,34871.73799878832,26.464000344276428,13.792,Random,one_shot,29597.252998815693,29298.147998815693,9,4436.27899949206,measured,0.0,4523.159999735071,929
24.412,138.66699999999997,0.0,dot-128x8,19316.042000355083,380.362,30012.36300020913,26.528000831604004,12.992,Predicted,one_shot,24737.878000236502,24357.5160002365,9,,measured,724.2800002131844,4315.7379996046075,929
24.683,140.90599999999998,0.0,dot-128x8,20304.162999309483,373.472,30509.825999296263,26.655999943614006,12.895,Current,one_shot,25235.340999323635,24861.868999323633,9,,measured,0.0,4523.159999735071,929
24.08,69.813,0.0,dot-128x8,20304.162999309483,297.05,30433.40399929626,26.43200010061264,12.959,Current,one_shot,25158.918999323632,24861.868999323633,10,,measured,0.0,4523.159999735071,929
24.45,135.934,0.0,dot-128x8,19316.042000355083,367.862,29999.86300020913,26.623999699950218,12.992,Predicted,one_shot,24725.378000236502,24357.5160002365,10,,measured,724.2800002131844,4315.7379996046075,929
25.136,138.56500000000003,0.0,dot-128x8,20304.162999309483,368.234,34940.86699878832,27.55199931561947,13.6,Random,one_shot,29666.381998815694,29298.147998815693,10,4436.27899949206,measured,0.0,4523.159999735071,929
24.965,136.07800000000003,0.0,dot-128x8,20304.162999309483,365.128,30501.481999296262,26.688000187277794,12.992,Current,one_shot,25226.996999323634,24861.868999323633,11,,measured,0.0,4523.159999735071,929
23.988,139.371,0.0,dot-128x8,20304.162999309483,368.041,34940.67399878832,27.712000533938408,13.535,Random,one_shot,29666.188998815695,29298.147998815693,11,4436.27899949206,measured,0.0,4523.159999735071,929
24.529000000000003,135.161,0.0,dot-128x8,19316.042000355083,362.214,29994.21500020913,26.464000344276428,12.959,Predicted,one_shot,24719.7300002365,24357.5160002365,11,,measured,724.2800002131844,4315.7379996046075,929
23.958,138.67000000000002,0.0,dot-128x8,20304.162999309483,368.845,34941.47799878832,27.55199931561947,13.664,Random,one_shot,29666.992998815695,29298.147998815693,12,4436.27899949206,measured,0.0,4523.159999735071,929
24.592,134.33999999999997,0.0,dot-128x8,19316.042000355083,367.974,29999.975000209128,26.944000273942947,12.992,Predicted,one_shot,24725.4900002365,24357.5160002365,12,,measured,724.2800002131844,4315.7379996046075,929
25.25,136.377,0.0,dot-128x8,20304.162999309483,367.794,30504.147999296263,26.464000344276428,12.991,Current,one_shot,25229.662999323635,24861.868999323633,12,,measured,0.0,4523.159999735071,929
25.048000000000002,134.916,0.0,dot-128x8,19316.042000355083,364.891,29996.89200020913,26.208000257611275,13.056,Predicted,one_shot,24722.4070002365,24357.5160002365,13,,measured,724.2800002131844,4315.7379996046075,929
24.653,135.96200000000002,0.0,dot-128x8,20304.162999309483,364.742,30501.09599929626,26.75200067460537,12.96,Current,one_shot,25226.61099932363,24861.868999323633,13,,measured,0.0,4523.159999735071,929
25.322000000000003,138.50500000000002,0.0,dot-128x8,20304.162999309483,369.631,34942.26399878832,27.55199931561947,13.952,Random,one_shot,29667.778998815695,29298.147998815693,13,4436.27899949206,measured,0.0,4523.159999735071,929
24.33,136.35999999999999,0.0,dot-128x8,20304.162999309483,365.612,30501.965999296262,26.208000257611275,12.959,Current,one_shot,25227.480999323634,24861.868999323633,14,,measured,0.0,4523.159999735071,929
24.493000000000002,137.81300000000002,0.0,dot-128x8,20304.162999309483,367.691,34940.32399878832,27.488000690937042,13.696,Random,one_shot,29665.838998815692,29298.147998815693,14,4436.27899949206,measured,0.0,4523.159999735071,929
24.815,135.732,0.0,dot-128x8,19316.042000355083,369.517,30001.51800020913,26.847999542951584,12.96,Predicted,one_shot,24727.0330002365,24357.5160002365,14,,measured,724.2800002131844,4315.7379996046075,929
24.366,136.715,0.0,dot-128x8,20304.162999309483,365.469,30501.822999296262,26.559999212622643,12.96,Current,one_shot,25227.337999323634,24861.868999323633,15,,measured,0.0,4523.159999735071,929
24.151,134.493,0.0,dot-128x8,19316.042000355083,363.282,29995.28300020913,26.496000587940216,12.927,Predicted,one_shot,24720.7980002365,24357.5160002365,15,,measured,724.2800002131844,4315.7379996046075,929
24.826,156.276,0.0,dot-128x8,20304.162999309483,385.318,34957.95099878832,27.488000690937042,13.6,Random,one_shot,29683.465998815693,29298.147998815693,15,4436.27899949206,measured,0.0,4523.159999735071,929
24.539,,,dot-128x8,,57.21,,26.43200010061264,13.056,Current,resident,,,0,,warmup,,,930
25.807,,,dot-128x8,,59.179,,27.775999158620834,13.6,Random,resident,,,0,,warmup,,,930
23.958,,,dot-128x8,,56.047,,25.151999667286873,12.991,Predicted,resident,,,0,,warmup,,,930
23.709,,,dot-128x8,,55.529,,25.37599951028824,12.991,Predicted,resident,,,1,,warmup,,,930
24.02,,,dot-128x8,,58.181,,26.43200010061264,13.376,Random,resident,,,1,,warmup,,,930
23.987000000000002,,,dot-128x8,,56.323,,25.50400048494339,12.927,Current,resident,,,1,,warmup,,,930
23.923000000000002,,,dot-128x8,,56.79,,25.66399984061718,13.12,Random,resident,,,2,,warmup,,,930
23.756,,,dot-128x8,,55.596,,25.21600015461445,12.992,Current,resident,,,2,,warmup,,,930
24.22,,,dot-128x8,,55.525,,25.407999753952026,12.992,Predicted,resident,,,2,,warmup,,,930
23.682000000000002,,,dot-128x8,,56.567,,25.855999439954758,13.151,Random,resident,,,3,,warmup,,,930
24.318,,,dot-128x8,,55.793,,25.631999596953392,13.055,Current,resident,,,3,,warmup,,,930
24.337,,,dot-128x8,,55.749,,25.280000641942024,12.991,Predicted,resident,,,3,,warmup,,,930
22.997,,,dot-128x8,,55.829,,24.70399998128414,12.927,Predicted,resident,,,4,,warmup,,,930
23.828000000000003,,,dot-128x8,,55.753,,25.567999109625816,13.279,Random,resident,,,4,,warmup,,,930
24.096,,,dot-128x8,,55.842,,24.70399998128414,12.991,Current,resident,,,4,,warmup,,,930
23.854999999999997,,,dot-128x8,,94.131,,63.13599646091461,12.96,Current,resident,,,5,,warmup,,,930
23.374000000000002,,,dot-128x8,,55.987,,25.248000398278236,13.312,Random,resident,,,5,,warmup,,,930
24.132,,,dot-128x8,,55.171,,24.73600022494793,12.991,Predicted,resident,,,5,,warmup,,,930
24.292,,,dot-128x8,,55.677,,25.248000398278236,13.056,Current,resident,,,0,,measured,,,930
23.503999999999998,,,dot-128x8,,55.347,,24.992000311613083,12.928,Predicted,resident,,,0,,measured,,,930
23.718,,,dot-128x8,,55.335,,25.087999179959297,13.088,Random,resident,,,0,,measured,,,930
22.134999999999998,,,dot-128x8,,54.919,,25.087999179959297,13.12,Random,resident,,,1,,measured,,,930
24.198,,,dot-128x8,,55.266,,25.119999423623085,12.928,Current,resident,,,1,,measured,,,930
23.463,,,dot-128x8,,55.202,,25.119999423623085,12.928,Predicted,resident,,,1,,measured,,,930
23.358,,,dot-128x8,,55.607,,25.02400055527687,12.927,Predicted,resident,,,2,,measured,,,930
23.706,,,dot-128x8,,56.023,,25.855999439954758,13.311,Random,resident,,,2,,measured,,,930
23.610999999999997,,,dot-128x8,,55.054,,24.831999093294144,12.992,Current,resident,,,2,,measured,,,930
23.035,,,dot-128x8,,55.222,,24.86399933695793,12.895,Current,resident,,,3,,measured,,,930
23.211,,,dot-128x8,,55.623,,25.280000641942024,13.311,Random,resident,,,3,,measured,,,930
23.438000000000002,,,dot-128x8,,55.283,,25.02400055527687,12.959,Predicted,resident,,,3,,measured,,,930
24.67,,,dot-128x8,,56.194,,25.855999439954758,13.088,Random,resident,,,4,,measured,,,930
23.774,,,dot-128x8,,55.727,,25.151999667286873,12.928,Predicted,resident,,,4,,measured,,,930
24.098,,,dot-128x8,,55.217,,25.05600079894066,12.96,Current,resident,,,4,,measured,,,930
48.499,,,dot-128x8,,56.226,,25.439999997615814,13.12,Random,resident,,,5,,measured,,,930
24.026,,,dot-128x8,,55.871,,25.34399926662445,12.927,Predicted,resident,,,5,,measured,,,930
23.445999999999998,,,dot-128x8,,89.012,,40.70400074124336,12.992,Current,resident,,,5,,measured,,,930
23.365000000000002,,,dot-128x8,,55.955,,25.34399926662445,12.96,Predicted,resident,,,6,,measured,,,930
23.828,,,dot-128x8,,55.194,,24.86399933695793,12.96,Current,resident,,,6,,measured,,,930
23.493000000000002,,,dot-128x8,,56.138,,24.927999824285507,13.344,Random,resident,,,6,,measured,,,930
23.478,,,dot-128x8,,55.432,,25.05600079894066,12.992,Current,resident,,,7,,measured,,,930
23.432000000000002,,,dot-128x8,,55.671,,25.248000398278236,12.992,Predicted,resident,,,7,,measured,,,930
23.832,,,dot-128x8,,56.822,,26.623999699950218,13.536,Random,resident,,,7,,measured,,,930
23.795,,,dot-128x8,,55.678,,25.02400055527687,12.927,Current,resident,,,8,,measured,,,930
24.292,,,dot-128x8,,55.468,,24.927999824285507,12.96,Predicted,resident,,,8,,measured,,,930
24.375999999999998,,,dot-128x8,,64.39,,26.367999613285065,13.12,Random,resident,,,8,,measured,,,930
23.712000000000003,,,dot-128x8,,56.098,,25.34399926662445,12.928,Predicted,resident,,,9,,measured,,,930
23.153,,,dot-128x8,,55.613,,25.312000885605812,13.119,Random,resident,,,9,,measured,,,930
23.465,,,dot-128x8,,55.484,,25.151999667286873,12.991,Current,resident,,,9,,measured,,,930
24.016,,,dot-128x8,,55.536,,25.151999667286873,12.96,Predicted,resident,,,10,,measured,,,930
24.581,,,dot-128x8,,55.337,,25.087999179959297,13.024,Current,resident,,,10,,measured,,,930
36.227000000000004,,,dot-128x8,,56.197,,25.631999596953392,13.28,Random,resident,,,10,,measured,,,930
23.392,,,dot-128x8,,55.526,,24.960000067949295,12.959,Current,resident,,,11,,measured,,,930
23.791,,,dot-128x8,,56.37,,25.631999596953392,13.312,Random,resident,,,11,,measured,,,930
23.631,,,dot-128x8,,55.832,,25.407999753952026,12.96,Predicted,resident,,,11,,measured,,,930
24.177,,,dot-128x8,,55.504,,25.50400048494339,12.991,Current,resident,,,12,,measured,,,930
23.36,,,dot-128x8,,55.599,,25.34399926662445,13.151,Random,resident,,,12,,measured,,,930
24.099,,,dot-128x8,,55.764,,25.119999423623085,12.928,Predicted,resident,,,12,,measured,,,930
22.893,,,dot-128x8,,55.587,,25.18399991095066,12.959,Predicted,resident,,,13,,measured,,,930
24.436,,,dot-128x8,,55.529,,25.087999179959297,12.959,Current,resident,,,13,,measured,,,930
23.545,,,dot-128x8,,55.412,,25.37599951028824,13.12,Random,resident,,,13,,measured,,,930
22.756,,,dot-128x8,,56.154,,25.631999596953392,13.279,Random,resident,,,14,,measured,,,930
23.542,,,dot-128x8,,55.722,,25.280000641942024,12.991,Predicted,resident,,,14,,measured,,,930
24.090000000000003,,,dot-128x8,,55.374,,24.768000468611717,12.928,Current,resident,,,14,,measured,,,930
24.497,,,dot-128x8,,56.531,,25.472000241279602,13.28,Random,resident,,,15,,measured,,,930
23.407,,,dot-128x8,,55.61,,24.927999824285507,12.96,Predicted,resident,,,15,,measured,,,930
23.902,,,dot-128x8,,55.533,,24.800000712275505,12.896,Current,resident,,,15,,measured,,,930
23.852,68.866,0.0,dot-128x8,20304.162999309483,301.802,30438.15599929626,26.048000901937485,12.896,Current,one_shot,25163.670999323633,24861.868999323633,0,,warmup,0.0,4523.159999735071,930
24.405,161.62700000000004,0.0,dot-128x8,20304.162999309483,391.557,34948.769999970944,26.91200003027916,13.151,Random,one_shot,29674.284999998315,29282.727999998315,0,4420.859000674682,warmup,0.0,4523.159999735071,930
30.021,135.08599999999998,0.0,dot-128x8,19316.042000355083,372.315,30004.316000209128,26.335999369621277,12.896,Predicted,one_shot,24729.8310002365,24357.5160002365,0,,warmup,724.2800002131844,4315.7379996046075,930
24.043,67.804,0.0,dot-128x8,19316.042000355083,297.812,29929.81300020913,26.72000043094158,12.928,Predicted,one_shot,24655.328000236503,24357.5160002365,1,,warmup,724.2800002131844,4315.7379996046075,930
23.777,140.75900000000001,0.0,dot-128x8,20304.162999309483,369.489,34926.701999970945,27.488000690937042,13.216,Random,one_shot,29652.216999998316,29282.727999998315,1,4420.859000674682,warmup,0.0,4523.159999735071,930
24.22,136.913,0.0,dot-128x8,20304.162999309483,364.64,30500.99399929626,27.07199938595295,12.96,Current,one_shot,25226.508999323632,24861.868999323633,1,,warmup,0.0,4523.159999735071,930
23.731,137.546,0.0,dot-128x8,20304.162999309483,365.962,34923.17499997094,27.008000761270523,13.247,Random,one_shot,29648.689999998314,29282.727999998315,2,4420.859000674682,warmup,0.0,4523.159999735071,930
24.197,135.845,0.0,dot-128x8,20304.162999309483,434.234,30570.587999296262,26.528000831604004,12.96,Current,one_shot,25296.102999323633,24861.868999323633,2,,warmup,0.0,4523.159999735071,930
24.454,145.01599999999996,0.0,dot-128x8,19316.042000355083,391.268,30023.26900020913,26.688000187277794,12.96,Predicted,one_shot,24748.7840002365,24357.5160002365,2,,warmup,724.2800002131844,4315.7379996046075,930
24.352,137.59199999999996,0.0,dot-128x8,20304.162999309483,366.89,34924.10299997094,26.43200010061264,13.216,Random,one_shot,29649.617999998314,29282.727999998315,3,4420.859000674682,warmup,0.0,4523.159999735071,930
28.837,134.988,0.0,dot-128x8,20304.162999309483,367.887,30504.24099929626,26.43200010061264,12.96,Current,one_shot,25229.755999323632,24861.868999323633,3,,warmup,0.0,4523.159999735071,930
24.391,134.633,0.0,dot-128x8,19316.042000355083,361.494,29993.49500020913,26.399999856948853,12.96,Predicted,one_shot,24719.0100002365,24357.5160002365,3,,warmup,724.2800002131844,4315.7379996046075,930
23.623,67.668,0.0,dot-128x8,19316.042000355083,293.427,29925.42800020913,26.176000013947487,12.992,Predicted,one_shot,24650.9430002365,24357.5160002365,4,,warmup,724.2800002131844,4315.7379996046075,930
25.081,138.27999999999997,0.0,dot-128x8,20304.162999309483,366.093,34923.305999970944,27.008000761270523,13.152,Random,one_shot,29648.820999998316,29282.727999998315,4,4420.859000674682,warmup,0.0,4523.159999735071,930
24.32,135.94400000000002,0.0,dot-128x8,20304.162999309483,364.887,30501.24099929626,26.815999299287796,12.896,Current,one_shot,25226.755999323632,24861.868999323633,4,,warmup,0.0,4523.159999735071,930
23.762999999999998,68.44999999999999,0.0,dot-128x8,20304.162999309483,294.922,30431.27599929626,26.655999943614006,12.928,Current,one_shot,25156.79099932363,24861.868999323633,5,,warmup,0.0,4523.159999735071,930
24.402,137.97799999999998,0.0,dot-128x8,20304.162999309483,365.868,34923.080999970945,27.008000761270523,13.184,Random,one_shot,29648.595999998313,29282.727999998315,5,4420.859000674682,warmup,0.0,4523.159999735071,930
24.502000000000002,136.717,0.0,dot-128x8,19316.042000355083,364.751,29996.75200020913,27.264000847935677,12.96,Predicted,one_shot,24722.2670002365,24357.5160002365,5,,warmup,724.2800002131844,4315.7379996046075,930
24.313000000000002,135.808,0.0,dot-128x8,20304.162999309483,365.126,30501.47999929626,26.944000273942947,13.087,Current,one_shot,25226.994999323633,24861.868999323633,0,,measured,0.0,4523.159999735071,930
24.422,134.056,0.0,dot-128x8,19316.042000355083,361.512,29993.51300020913,26.623999699950218,12.992,Predicted,one_shot,24719.0280002365,24357.5160002365,0,,measured,724.2800002131844,4315.7379996046075,930
51.365,138.61199999999997,0.0,dot-128x8,20304.162999309483,396.557,34953.769999970944,27.03999914228916,13.28,Random,one_shot,29679.284999998315,29282.727999998315,0,4420.859000674682,measured,0.0,4523.159999735071,930
23.801000000000002,70.82800000000002,0.0,dot-128x8,20304.162999309483,298.069,34855.281999970946,26.87999978661537,13.248,Random,one_shot,29580.796999998314,29282.727999998315,1,4420.859000674682,measured,0.0,4523.159999735071,930
24.026,137.61100000000002,0.0,dot-128x8,20304.162999309483,362.405,30498.75899929626,26.623999699950218,12.928,Current,one_shot,25224.273999323632,24861.868999323633,1,,measured,0.0,4523.159999735071,930
24.628,136.29399999999998,0.0,dot-128x8,19316.042000355083,364.346,29996.34700020913,26.944000273942947,12.992,Predicted,one_shot,24721.862000236502,24357.5160002365,1,,measured,724.2800002131844,4315.7379996046075,930
23.894,67.085,0.0,dot-128x8,19316.042000355083,295.285,29927.28600020913,26.399999856948853,13.056,Predicted,one_shot,24652.8010002365,24357.5160002365,2,,measured,724.2800002131844,4315.7379996046075,930
23.993000000000002,138.398,0.0,dot-128x8,20304.162999309483,364.068,34921.28099997094,26.847999542951584,13.184,Random,one_shot,29646.795999998314,29282.727999998315,2,4420.859000674682,measured,0.0,4523.159999735071,930
24.893,134.76700000000002,0.0,dot-128x8,20304.162999309483,362.507,30498.860999296263,26.367999613285065,12.928,Current,one_shot,25224.375999323634,24861.868999323633,2,,measured,0.0,4523.159999735071,930
24.85,68.39599999999999,0.0,dot-128x8,20304.162999309483,298.175,30434.52899929626,26.944000273942947,12.992,Current,one_shot,25160.043999323632,24861.868999323633,3,,measured,0.0,4523.159999735071,930
23.767,137.126,0.0,dot-128x8,20304.162999309483,363.539,34920.75199997095,26.847999542951584,13.152,Random,one_shot,29646.266999998315,29282.727999998315,3,4420.859000674682,measured,0.0,4523.159999735071,930
24.247999999999998,136.686,0.0,dot-128x8,19316.042000355083,365.976,29997.977000209128,26.91200003027916,12.96,Predicted,one_shot,24723.4920002365,24357.5160002365,3,,measured,724.2800002131844,4315.7379996046075,930
23.992,137.179,0.0,dot-128x8,20304.162999309483,370.23,34927.44299997094,27.008000761270523,13.279,Random,one_shot,29652.957999998314,29282.727999998315,4,4420.859000674682,measured,0.0,4523.159999735071,930
24.512,134.041,0.0,dot-128x8,19316.042000355083,363.44,29995.441000209128,26.399999856948853,12.927,Predicted,one_shot,24720.9560002365,24357.5160002365,4,,measured,724.2800002131844,4315.7379996046075,930
25.3,134.47700000000003,0.0,dot-128x8,20304.162999309483,363.632,30499.985999296263,26.335999369621277,12.959,Current,one_shot,25225.500999323634,24861.868999323633,4,,measured,0.0,4523.159999735071,930
23.951999999999998,139.53,0.0,dot-128x8,20304.162999309483,384.548,34941.76099997094,27.135999873280525,13.184,Random,one_shot,29667.275999998314,29282.727999998315,5,4420.859000674682,measured,0.0,4523.159999735071,930
24.713,134.803,0.0,dot-128x8,19316.042000355083,372.002,30004.00300020913,27.07199938595295,12.991,Predicted,one_shot,24729.5180002365,24357.5160002365,5,,measured,724.2800002131844,4315.7379996046075,930
24.829,137.496,0.0,dot-128x8,20304.162999309483,368.412,30504.76599929626,26.784000918269157,12.928,Current,one_shot,25230.280999323633,24861.868999323633,5,,measured,0.0,4523.159999735071,930
23.939,134.655,0.0,dot-128x8,19316.042000355083,361.884,29993.885000209128,26.72000043094158,12.96,Predicted,one_shot,24719.4000002365,24357.5160002365,6,,measured,724.2800002131844,4315.7379996046075,930
24.134,136.17000000000002,0.0,dot-128x8,20304.162999309483,364.169,30500.522999296263,26.59199945628643,12.928,Current,one_shot,25226.037999323635,24861.868999323633,6,,measured,0.0,4523.159999735071,930
25.073999999999998,139.29199999999997,0.0,dot-128x8,20304.162999309483,367.427,34924.63999997094,26.72000043094158,13.183,Random,one_shot,29650.154999998314,29282.727999998315,6,4420.859000674682,measured,0.0,4523.159999735071,930
24.332,135.14499999999998,0.0,dot-128x8,20304.162999309483,363.404,30499.75799929626,26.655999943614006,12.96,Current,one_shot,25225.27299932363,24861.868999323633,7,,measured,0.0,4523.159999735071,930
24.432000000000002,138.71099999999998,0.0,dot-128x8,19316.042000355083,369.161,30001.16200020913,27.03999914228916,12.992,Predicted,one_shot,24726.6770002365,24357.5160002365,7,,measured,724.2800002131844,4315.7379996046075,930
24.594,142.331,0.0,dot-128x8,20304.162999309483,608.62,35165.83299997094,27.327999472618103,13.12,Random,one_shot,29891.347999998314,29282.727999998315,7,4420.859000674682,measured,0.0,4523.159999735071,930
24.903,136.00300000000001,0.0,dot-128x8,20304.162999309483,367.721,30504.074999296263,26.59199945628643,13.024,Current,one_shot,25229.589999323634,24861.868999323633,8,,measured,0.0,4523.159999735071,930
25.11,134.827,0.0,dot-128x8,19316.042000355083,363.317,29995.31800020913,26.623999699950218,12.96,Predicted,one_shot,24720.8330002365,24357.5160002365,8,,measured,724.2800002131844,4315.7379996046075,930
24.684,137.665,0.0,dot-128x8,20304.162999309483,366.076,34923.288999970944,27.135999873280525,13.311,Random,one_shot,29648.803999998316,29282.727999998315,8,4420.859000674682,measured,0.0,4523.159999735071,930
23.925,135.313,0.0,dot-128x8,19316.042000355083,365.479,29997.48000020913,26.240000501275063,12.96,Predicted,one_shot,24722.9950002365,24357.5160002365,9,,measured,724.2800002131844,4315.7379996046075,930
23.783,138.529,0.0,dot-128x8,20304.162999309483,366.577,34923.78999997095,27.648000046610832,13.536,Random,one_shot,29649.304999998316,29282.727999998315,9,4420.859000674682,measured,0.0,4523.159999735071,930
25.032,136.01299999999998,0.0,dot-128x8,20304.162999309483,361.629,30497.982999296262,26.11199952661991,12.928,Current,one_shot,25223.497999323634,24861.868999323633,9,,measured,0.0,4523.159999735071,930
24.625999999999998,134.99799999999996,0.0,dot-128x8,19316.042000355083,363.92,29995.921000209128,26.688000187277794,12.991,Predicted,one_shot,24721.4360002365,24357.5160002365,10,,measured,724.2800002131844,4315.7379996046075,930
24.758,141.518,0.0,dot-128x8,20304.162999309483,372.22,30508.573999296263,26.59199945628643,12.992,Current,one_shot,25234.088999323634,24861.868999323633,10,,measured,0.0,4523.159999735071,930
24.749000000000002,139.02499999999998,0.0,dot-128x8,20304.162999309483,367.395,34924.60799997095,27.39199995994568,13.152,Random,one_shot,29650.122999998315,29282.727999998315,10,4420.859000674682,measured,0.0,4523.159999735071,930
24.159,136.67300000000003,0.0,dot-128x8,20304.162999309483,363.725,30500.07899929626,26.43200010061264,12.959,Current,one_shot,25225.59399932363,24861.868999323633,11,,measured,0.0,4523.159999735071,930
23.436,138.41199999999998,0.0,dot-128x8,20304.162999309483,365.534,34922.74699997094,27.327999472618103,13.12,Random,one_shot,29648.261999998314,29282.727999998315,11,4420.859000674682,measured,0.0,4523.159999735071,930
24.531,134.945,0.0,dot-128x8,19316.042000355083,362.273,29994.27400020913,26.655999943614006,12.928,Predicted,one_shot,24719.789000236502,24357.5160002365,11,,measured,724.2800002131844,4315.7379996046075,930
24.813,135.976,0.0,dot-128x8,20304.162999309483,365.002,30501.355999296262,26.784000918269157,12.928,Current,one_shot,25226.870999323633,24861.868999323633,12,,measured,0.0,4523.159999735071,930
24.259,138.997,0.0,dot-128x8,20304.162999309483,367.089,34924.30199997094,27.2000003606081,13.376,Random,one_shot,29649.816999998315,29282.727999998315,12,4420.859000674682,measured,0.0,4523.159999735071,930
24.787,135.404,0.0,dot-128x8,19316.042000355083,363.002,29995.00300020913,26.72000043094158,12.959,Predicted,one_shot,24720.5180002365,24357.5160002365,12,,measured,724.2800002131844,4315.7379996046075,930
24.180999999999997,68.00800000000001,0.0,dot-128x8,19316.042000355083,296.001,29928.00200020913,26.655999943614006,12.992,Predicted,one_shot,24653.5170002365,24357.5160002365,13,,measured,724.2800002131844,4315.7379996046075,930
24.376,135.48399999999998,0.0,dot-128x8,20304.162999309483,362.398,30498.751999296263,26.240000501275063,12.896,Current,one_shot,25224.266999323634,24861.868999323633,13,,measured,0.0,4523.159999735071,930
24.314,156.014,0.0,dot-128x8,20304.162999309483,385.668,34942.88099997095,27.23200060427189,13.248,Random,one_shot,29668.395999998316,29282.727999998315,13,4420.859000674682,measured,0.0,4523.159999735071,930
24.304,71.65700000000001,0.0,dot-128x8,20304.162999309483,300.203,34857.415999970945,26.688000187277794,13.024,Random,one_shot,29582.930999998316,29282.727999998315,14,4420.859000674682,measured,0.0,4523.159999735071,930
24.232,136.852,0.0,dot-128x8,19316.042000355083,364.048,29996.04900020913,26.976000517606735,12.992,Predicted,one_shot,24721.5640002365,24357.5160002365,14,,measured,724.2800002131844,4315.7379996046075,930
24.624,135.428,0.0,dot-128x8,20304.162999309483,363.21,30499.56399929626,26.30399912595749,12.928,Current,one_shot,25225.078999323632,24861.868999323633,14,,measured,0.0,4523.159999735071,930
56.251000000000005,139.706,0.0,dot-128x8,20304.162999309483,430.927,34988.13999997094,27.2000003606081,13.119,Random,one_shot,29713.654999998314,29282.727999998315,15,4420.859000674682,measured,0.0,4523.159999735071,930
58.544,170.021,0.0,dot-128x8,19316.042000355083,432.534,30064.53500020913,26.655999943614006,12.96,Predicted,one_shot,24790.0500002365,24357.5160002365,15,,measured,724.2800002131844,4315.7379996046075,930
24.872,137.10199999999998,0.0,dot-128x8,20304.162999309483,367.023,30503.376999296263,27.327999472618103,12.96,Current,one_shot,25228.891999323634,24861.868999323633,15,,measured,0.0,4523.159999735071,930
28.784,490.052,106.017,dot-1024x32,,987.979,,71.9040036201477,48.286,Current,initialize,,,-1,,initialization,,,
28.07,515.982,97.91,dot-1024x32,,1031.247,,97.28000313043594,73.534,Predicted,initialize,,,-1,,initialization,,,
28.301000000000002,478.56300000000005,110.593,dot-1024x32,,1028.778,,119.48800086975098,96.094,Random,initialize,,,-1,,initialization,,,928
29.599,476.8790000000001,116.702,dot-1024x32,,1036.479,,118.84800344705582,95.134,Random,initialize,,,-1,,initialization,,,929
28.898,474.934,119.029,dot-1024x32,,1032.822,,119.45600062608719,95.006,Random,initialize,,,-1,,initialization,,,930
29.622999999999998,,,dot-1024x32,,150.104,,116.2559986114502,98.206,Random,resident,,,0,,warmup,,,928
28.564999999999998,,,dot-1024x32,,126.739,,94.30400282144547,78.014,Predicted,resident,,,0,,warmup,,,928
29.173000000000002,,,dot-1024x32,,126.017,,93.40800344944,77.311,Current,resident,,,0,,warmup,,,928
26.191,,,dot-1024x32,,142.887,,111.23199760913849,97.31,Random,resident,,,1,,warmup,,,928
26.984,,,dot-1024x32,,123.688,,91.36000275611877,78.046,Predicted,resident,,,1,,warmup,,,928
27.009,,,dot-1024x32,,121.98,,90.20800143480301,77.182,Current,resident,,,1,,warmup,,,928
26.081000000000003,,,dot-1024x32,,141.727,,109.18399691581726,96.478,Random,resident,,,2,,warmup,,,928
26.172,,,dot-1024x32,,121.434,,89.72799777984619,76.766,Current,resident,,,2,,warmup,,,928
26.148,,,dot-1024x32,,121.501,,89.88799899816513,77.407,Predicted,resident,,,2,,warmup,,,928
25.602,,,dot-1024x32,,141.744,,110.20799726247787,96.926,Random,resident,,,3,,warmup,,,928
26.326,,,dot-1024x32,,121.965,,90.81599861383438,77.662,Current,resident,,,3,,warmup,,,928
25.673000000000002,,,dot-1024x32,,121.735,,90.55999666452408,77.375,Predicted,resident,,,3,,warmup,,,928
25.492,,,dot-1024x32,,92.208,,60.70400029420853,47.999,Predicted,resident,,,4,,warmup,,,928
26.264,,,dot-1024x32,,120.862,,89.91999924182892,76.766,Current,resident,,,4,,warmup,,,928
25.677,,,dot-1024x32,,140.701,,109.50399935245514,96.798,Random,resident,,,4,,warmup,,,928
26.317999999999998,,,dot-1024x32,,121.871,,90.59199690818787,77.375,Predicted,resident,,,5,,warmup,,,928
25.961,,,dot-1024x32,,121.197,,90.30400216579437,77.183,Current,resident,,,5,,warmup,,,928
25.757,,,dot-1024x32,,141.554,,109.69600081443787,97.054,Random,resident,,,5,,warmup,,,928
26.174999999999997,,,dot-1024x32,,121.976,,89.91999924182892,76.702,Current,resident,,,0,,measured,,,928
25.915999999999997,,,dot-1024x32,,120.818,,89.1840010881424,77.406,Predicted,resident,,,0,,measured,,,928
25.837,,,dot-1024x32,,142.758,,111.23199760913849,97.854,Random,resident,,,0,,measured,,,928
24.92,,,dot-1024x32,,112.861,,81.4720019698143,68.799,Random,resident,,,1,,measured,,,928
25.799,,,dot-1024x32,,120.86,,89.63199704885483,76.83,Predicted,resident,,,1,,measured,,,928
25.817,,,dot-1024x32,,121.147,,90.04800021648407,77.278,Current,resident,,,1,,measured,,,928
26.028,,,dot-1024x32,,121.457,,89.79199826717377,76.702,Predicted,resident,,,2,,measured,,,928
25.66,,,dot-1024x32,,121.383,,90.43200314044952,76.83,Current,resident,,,2,,measured,,,928
26.188000000000002,,,dot-1024x32,,141.878,,110.43199896812439,97.182,Random,resident,,,2,,measured,,,928
26.049,,,dot-1024x32,,122.673,,91.07200056314468,77.662,Predicted,resident,,,3,,measured,,,928
25.613999999999997,,,dot-1024x32,,142.266,,110.72000116109848,97.63,Random,resident,,,3,,measured,,,928
26.609,,,dot-1024x32,,121.988,,90.55999666452408,77.374,Current,resident,,,3,,measured,,,928
25.387999999999998,,,dot-1024x32,,91.775,,60.256000608205795,47.871,Current,resident,,,4,,measured,,,928
25.686,,,dot-1024x32,,121.446,,89.9519994854927,77.471,Predicted,resident,,,4,,measured,,,928
25.84,,,dot-1024x32,,146.005,,110.17599701881409,97.245,Random,resident,,,4,,measured,,,928
24.651,,,dot-1024x32,,114.083,,82.84799754619598,70.206,Random,resident,,,5,,measured,,,928
25.777,,,dot-1024x32,,121.541,,90.43200314044952,77.182,Predicted,resident,,,5,,measured,,,928
26.435000000000002,,,dot-1024x32,,120.981,,90.20800143480301,77.15,Current,resident,,,5,,measured,,,928
25.546,,,dot-1024x32,,91.442,,60.60799956321716,47.551,Current,resident,,,6,,measured,,,928
25.561999999999998,,,dot-1024x32,,120.871,,89.91999924182892,76.702,Predicted,resident,,,6,,measured,,,928
25.576999999999998,,,dot-1024x32,,140.799,,109.37599837779999,96.574,Random,resident,,,6,,measured,,,928
26.472,,,dot-1024x32,,122.137,,90.40000289678574,77.439,Current,resident,,,7,,measured,,,928
26.097,,,dot-1024x32,,141.367,,109.40799862146378,96.637,Random,resident,,,7,,measured,,,928
26.262,,,dot-1024x32,,152.478,,120.31999975442886,77.663,Predicted,resident,,,7,,measured,,,928
25.695999999999998,,,dot-1024x32,,92.163,,60.22400036454201,47.903,Predicted,resident,,,8,,measured,,,928
26.549,,,dot-1024x32,,121.344,,90.01599997282028,77.246,Current,resident,,,8,,measured,,,928
25.906,,,dot-1024x32,,142.255,,110.36799848079681,97.406,Random,resident,,,8,,measured,,,928
25.024,,,dot-1024x32,,113.362,,82.43200182914734,69.534,Random,resident,,,9,,measured,,,928
25.394,,,dot-1024x32,,121.828,,90.2400016784668,77.726,Predicted,resident,,,9,,measured,,,928
25.942,,,dot-1024x32,,122.186,,90.52799642086029,77.439,Current,resident,,,9,,measured,,,928
26.048000000000002,,,dot-1024x32,,142.14,,109.56799983978271,96.51,Random,resident,,,10,,measured,,,928
26.142,,,dot-1024x32,,121.782,,89.9839997291565,76.959,Current,resident,,,10,,measured,,,928
25.356,,,dot-1024x32,,122.173,,90.33600240945816,77.311,Predicted,resident,,,10,,measured,,,928
25.378,,,dot-1024x32,,92.172,,60.736000537872314,48.159,Predicted,resident,,,11,,measured,,,928
25.076,,,dot-1024x32,,141.348,,109.76000130176544,96.798,Random,resident,,,11,,measured,,,928
26.715,,,dot-1024x32,,122.195,,90.65599739551544,77.534,Current,resident,,,11,,measured,,,928
26.249000000000002,,,dot-1024x32,,122.083,,89.82399851083755,77.342,Predicted,resident,,,12,,measured,,,928
25.813,,,dot-1024x32,,120.724,,89.05600011348724,76.766,Current,resident,,,12,,measured,,,928
25.843,,,dot-1024x32,,140.328,,108.99200290441513,96.766,Random,resident,,,12,,measured,,,928
57.227000000000004,,,dot-1024x32,,113.403,,81.79199695587158,69.407,Random,resident,,,13,,measured,,,928
26.115,,,dot-1024x32,,121.646,,90.14400094747543,76.702,Current,resident,,,13,,measured,,,928
25.968,,,dot-1024x32,,121.402,,89.50400352478027,77.054,Predicted,resident,,,13,,measured,,,928
24.701999999999998,,,dot-1024x32,,92.359,,60.70400029420853,48.127,Predicted,resident,,,14,,measured,,,928
25.750999999999998,,,dot-1024x32,,121.681,,90.40000289678574,77.086,Current,resident,,,14,,measured,,,928
25.826,,,dot-1024x32,,143.38,,111.64800077676773,98.302,Random,resident,,,14,,measured,,,928
25.272,,,dot-1024x32,,113.121,,81.69600367546082,69.087,Random,resident,,,15,,measured,,,928
26.497,,,dot-1024x32,,122.237,,90.59199690818787,77.694,Predicted,resident,,,15,,measured,,,928
26.55,,,dot-1024x32,,122.61,,90.17600119113922,77.214,Current,resident,,,15,,measured,,,928
27.311999999999998,549.0939999999999,0.0,dot-1024x32,731825.3729999925,897.096,1356478.888000521,111.39199882745743,96.51,Random,one_shot,1037265.8569997215,1036368.7609997215,0,160158.32299945032,warmup,0.0,143345.3350000491,928
27.27,534.923,0.0,dot-1024x32,647744.1850001924,850.697,1142174.6070011198,90.52799642086029,75.903,Predicted,one_shot,822961.57600032,822110.87900032,0,,warmup,23593.693999828247,150772.5430001301,928
27.801000000000002,531.2339999999999,0.0,dot-1024x32,731825.3729999925,843.705,1196267.1740010707,91.2960022687912,76.03,Current,one_shot,877054.143000271,876210.4380002711,0,,warmup,0.0,143345.3350000491,928
27.395000000000003,535.9989999999999,0.0,dot-1024x32,731825.3729999925,868.798,1356450.5900005212,112.15999722480774,97.246,Random,one_shot,1037237.5589997214,1036368.7609997215,1,160158.32299945032,warmup,0.0,143345.3350000491,928
27.131,546.92,0.0,dot-1024x32,647744.1850001924,858.021,1142181.9310011195,90.91199934482574,76.126,Predicted,one_shot,822968.9000003199,822110.87900032,1,,warmup,23593.693999828247,150772.5430001301,928
27.471,545.489,0.0,dot-1024x32,731825.3729999925,858.036,1196281.5050010707,91.67999774217606,76.287,Current,one_shot,877068.4740002711,876210.4380002711,1,,warmup,0.0,143345.3350000491,928
27.147,483.88999999999993,0.0,dot-1024x32,731825.3729999925,812.137,1356393.929000521,111.42399907112122,96.286,Random,one_shot,1037180.8979997215,1036368.7609997215,2,160158.32299945032,warmup,0.0,143345.3350000491,928
28.025,448.40500000000003,0.0,dot-1024x32,731825.3729999925,757.542,1196181.0110010707,88.70399743318558,73.694,Current,one_shot,876967.9800002711,876210.4380002711,2,,warmup,0.0,143345.3350000491,928
27.173000000000002,489.66499999999996,0.0,dot-1024x32,647744.1850001924,799.404,1142123.3140011197,90.52799642086029,75.87,Predicted,one_shot,822910.28300032,822110.87900032,2,,warmup,23593.693999828247,150772.5430001301,928
27.011,463.43,0.0,dot-1024x32,731825.3729999925,793.774,1356375.5660005212,110.62400043010712,95.902,Random,one_shot,1037162.5349997215,1036368.7609997215,3,160158.32299945032,warmup,0.0,143345.3350000491,928
27.708000000000002,459.70200000000006,0.0,dot-1024x32,731825.3729999925,768.841,1196192.3100010708,90.94399958848953,76.158,Current,one_shot,876979.2790002711,876210.4380002711,3,,warmup,0.0,143345.3350000491,928
27.930999999999997,466.68999999999994,0.0,dot-1024x32,647744.1850001924,777.322,1142101.2320011198,91.45600348711014,76.191,Predicted,one_shot,822888.20100032,822110.87900032,3,,warmup,23593.693999828247,150772.5430001301,928
26.456,363.021,0.0,dot-1024x32,647744.1850001924,643.796,1141967.7060011197,63.519999384880066,48.735,Predicted,one_shot,822754.67500032,822110.87900032,4,,warmup,23593.693999828247,150772.5430001301,928
27.404,467.14099999999996,0.0,dot-1024x32,731825.3729999925,776.742,1196200.2110010707,89.6959975361824,74.558,Current,one_shot,876987.1800002711,876210.4380002711,4,,warmup,0.0,143345.3350000491,928
27.126,463.74,0.0,dot-1024x32,731825.3729999925,793.85,1356375.642000521,111.455999314785,96.126,Random,one_shot,1037162.6109997215,1036368.7609997215,4,160158.32299945032,warmup,0.0,143345.3350000491,928
27.735,463.32099999999997,0.0,dot-1024x32,647744.1850001924,773.994,1142097.9040011195,92.06400066614151,76.51,Predicted,one_shot,822884.8730003199,822110.87900032,5,,warmup,23593.693999828247,150772.5430001301,928
28.187,453.0839999999999,0.0,dot-1024x32,731825.3729999925,762.012,1196185.4810010707,91.10400080680847,76.062,Current,one_shot,876972.4500002711,876210.4380002711,5,,warmup,0.0,143345.3350000491,928
27.634999999999998,456.662,0.0,dot-1024x32,731825.3729999925,785.369,1356367.1610005212,112.03200370073318,97.021,Random,one_shot,1037154.1299997214,1036368.7609997215,5,160158.32299945032,warmup,0.0,143345.3350000491,928
27.287,450.50199999999995,0.0,dot-1024x32,731825.3729999925,756.644,1196180.1130010707,88.48000317811966,73.63,Current,one_shot,876967.0820002711,876210.4380002711,0,,measured,0.0,143345.3350000491,928
26.816000000000003,474.58099999999996,0.0,dot-1024x32,647744.1850001924,784.106,1142108.0160011197,91.0400003194809,75.902,Predicted,one_shot,822894.98500032,822110.87900032,0,,measured,23593.693999828247,150772.5430001301,928
26.925,462.75300000000016,0.0,dot-1024x32,731825.3729999925,789.221,1356371.013000521,112.44799941778183,97.565,Random,one_shot,1037157.9819997215,1036368.7609997215,0,160158.32299945032,measured,0.0,143345.3350000491,928
26.951,363.76699999999994,0.0,dot-1024x32,731825.3729999925,665.792,1356247.584000521,84.927998483181,70.046,Random,one_shot,1037034.5529997215,1036368.7609997215,1,160158.32299945032,measured,0.0,143345.3350000491,928
27.646,450.332,0.0,dot-1024x32,647744.1850001924,755.077,1142078.9870011196,89.72799777984619,74.046,Predicted,one_shot,822865.95600032,822110.87900032,1,,measured,23593.693999828247,150772.5430001301,928
27.817999999999998,460.74499999999995,0.0,dot-1024x32,731825.3729999925,771.187,1196194.6560010707,91.20000153779984,75.999,Current,one_shot,876981.6250002711,876210.4380002711,1,,measured,0.0,143345.3350000491,928
27.267,442.9460000000001,0.0,dot-1024x32,647744.1850001924,751.114,1142075.0240011197,90.27200192213058,74.718,Predicted,one_shot,822861.9930003199,822110.87900032,2,,measured,23593.693999828247,150772.5430001301,928
27.378,454.175,0.0,dot-1024x32,731825.3729999925,759.652,1196183.1210010708,90.46400338411331,74.654,Current,one_shot,876970.0900002711,876210.4380002711,2,,measured,0.0,143345.3350000491,928
27.968,451.7319999999999,0.0,dot-1024x32,731825.3729999925,782.046,1356363.838000521,112.47999966144562,97.181,Random,one_shot,1037150.8069997214,1036368.7609997215,2,160158.32299945032,measured,0.0,143345.3350000491,928
27.732,448.55000000000007,0.0,dot-1024x32,647744.1850001924,758.522,1142082.4320011197,91.58399701118469,76.158,Predicted,one_shot,822869.40100032,822110.87900032,3,,measured,23593.693999828247,150772.5430001301,928
27.435000000000002,447.772,0.0,dot-1024x32,731825.3729999925,775.658,1356357.4500005213,111.455999314785,95.87,Random,one_shot,1037144.4189997215,1036368.7609997215,3,160158.32299945032,measured,0.0,143345.3350000491,928
27.689,451.116,0.0,dot-1024x32,731825.3729999925,760.562,1196184.0310010707,91.2960022687912,76.094,Current,one_shot,876971.0000002711,876210.4380002711,3,,measured,0.0,143345.3350000491,928
27.387999999999998,364.98699999999997,0.0,dot-1024x32,731825.3729999925,645.585,1196069.0540010708,62.52799928188324,47.807,Current,one_shot,876856.0230002711,876210.4380002711,4,,measured,0.0,143345.3350000491,928
28.058999999999997,449.44,0.0,dot-1024x32,647744.1850001924,759.982,1142083.8920011197,91.26400202512741,76.286,Predicted,one_shot,822870.86100032,822110.87900032,4,,measured,23593.693999828247,150772.5430001301,928
27.939,447.341,0.0,dot-1024x32,731825.3729999925,776.103,1356357.895000521,111.55200004577637,97.182,Random,one_shot,1037144.8639997215,1036368.7609997215,4,160158.32299945032,measured,0.0,143345.3350000491,928
26.843,364.51,0.0,dot-1024x32,731825.3729999925,666.755,1356248.547000521,85.53600311279297,70.718,Random,one_shot,1037035.5159997215,1036368.7609997215,5,160158.32299945032,measured,0.0,143345.3350000491,928
27.248,442.272,0.0,dot-1024x32,647744.1850001924,747.021,1142070.9310011195,89.6959975361824,74.43,Predicted,one_shot,822857.9000003199,822110.87900032,5,,measured,23593.693999828247,150772.5430001301,928
29.211,449.7850000000001,0.0,dot-1024x32,731825.3729999925,1032.92,1196456.3890010708,93.40800344944,75.87,Current,one_shot,877243.3580002711,876210.4380002711,5,,measured,0.0,143345.3350000491,928
27.046999999999997,366.59499999999997,0.0,dot-1024x32,731825.3729999925,647.541,1196071.0100010708,62.65600025653839,47.839,Current,one_shot,876857.9790002711,876210.4380002711,6,,measured,0.0,143345.3350000491,928
27.895,443.0319999999999,0.0,dot-1024x32,647744.1850001924,751.236,1142075.1460011196,89.82399851083755,74.622,Predicted,one_shot,822862.11500032,822110.87900032,6,,measured,23593.693999828247,150772.5430001301,928
27.398,446.4840000000001,0.0,dot-1024x32,731825.3729999925,772.674,1356354.466000521,110.78400164842606,96.03,Random,one_shot,1037141.4349997215,1036368.7609997215,6,160158.32299945032,measured,0.0,143345.3350000491,928
27.779,442.04699999999997,0.0,dot-1024x32,731825.3729999925,754.458,1196177.9270010707,91.74399822950363,76.222,Current,one_shot,876964.8960002711,876210.4380002711,7,,measured,0.0,143345.3350000491,928
28.181,436.85400000000004,0.0,dot-1024x32,731825.3729999925,764.973,1356346.7650005212,111.55200004577637,96.67,Random,one_shot,1037133.7339997215,1036368.7609997215,7,160158.32299945032,measured,0.0,143345.3350000491,928
27.183,443.9279999999999,0.0,dot-1024x32,647744.1850001924,752.759,1142076.6690011197,91.13600105047226,76.318,Predicted,one_shot,822863.63800032,822110.87900032,7,,measured,23593.693999828247,150772.5430001301,928
27.241,370.65399999999994,0.0,dot-1024x32,647744.1850001924,651.065,1141974.9750011195,63.07200342416763,48.287,Predicted,one_shot,822761.9440003199,822110.87900032,8,,measured,23593.693999828247,150772.5430001301,928
28.252000000000002,455.38,0.0,dot-1024x32,731825.3729999925,764.009,1196187.4780010707,90.55999666452408,75.839,Current,one_shot,876974.4470002711,876210.4380002711,8,,measured,0.0,143345.3350000491,928
27.624,457.848,0.0,dot-1024x32,731825.3729999925,786.106,1356367.8980005211,110.84800213575363,96.19,Random,one_shot,1037154.8669997215,1036368.7609997215,8,160158.32299945032,measured,0.0,143345.3350000491,928
27.152,368.204,0.0,dot-1024x32,731825.3729999925,668.999,1356250.791000521,84.63999629020691,69.631,Random,one_shot,1037037.7599997214,1036368.7609997215,9,160158.32299945032,measured,0.0,143345.3350000491,928
27.415,451.25699999999995,0.0,dot-1024x32,647744.1850001924,758.755,1142082.6650011197,90.84799885749817,75.934,Predicted,one_shot,822869.63400032,822110.87900032,9,,measured,23593.693999828247,150772.5430001301,928
27.993,461.994,0.0,dot-1024x32,731825.3729999925,770.617,1196194.0860010707,90.65599739551544,75.934,Current,one_shot,876981.0550002711,876210.4380002711,9,,measured,0.0,143345.3350000491,928
27.75,453.00600000000003,0.0,dot-1024x32,731825.3729999925,783.141,1356364.933000521,111.10399663448334,95.966,Random,one_shot,1037151.9019997214,1036368.7609997215,10,160158.32299945032,measured,0.0,143345.3350000491,928
27.645,453.24899999999997,0.0,dot-1024x32,731825.3729999925,757.956,1196181.4250010708,88.73599767684937,73.823,Current,one_shot,876968.3940002711,876210.4380002711,10,,measured,0.0,143345.3350000491,928
27.546,461.57699999999994,0.0,dot-1024x32,647744.1850001924,769.282,1142093.1920011197,91.36000275611877,76.094,Predicted,one_shot,822880.16100032,822110.87900032,10,,measured,23593.693999828247,150772.5430001301,928
26.849,378.78299999999996,0.0,dot-1024x32,647744.1850001924,657.819,1141981.7290011197,62.431998550891876,48.351,Predicted,one_shot,822768.69800032,822110.87900032,11,,measured,23593.693999828247,150772.5430001301,928
27.372999999999998,452.854,0.0,dot-1024x32,731825.3729999925,777.56,1356359.3520005213,110.3999987244606,95.582,Random,one_shot,1037146.3209997215,1036368.7609997215,11,160158.32299945032,measured,0.0,143345.3350000491,928
27.768,453.70599999999996,0.0,dot-1024x32,731825.3729999925,760.092,1196183.5610010708,91.20000153779984,76.35,Current,one_shot,876970.530000271,876210.4380002711,11,,measured,0.0,143345.3350000491,928
27.486,456.88100000000003,0.0,dot-1024x32,647744.1850001924,764.088,1142087.9980011196,90.55999666452408,75.742,Predicted,one_shot,822874.96700032,822110.87900032,12,,measured,23593.693999828247,150772.5430001301,928
27.614,459.6840000000001,0.0,dot-1024x32,731825.3729999925,766.122,1196189.5910010708,89.6959975361824,74.655,Current,one_shot,876976.5600002711,876210.4380002711,12,,measured,0.0,143345.3350000491,928
27.398,455.645,0.0,dot-1024x32,731825.3729999925,786.822,1356368.6140005211,113.34399878978729,97.886,Random,one_shot,1037155.5829997215,1036368.7609997215,12,160158.32299945032,measured,0.0,143345.3350000491,928
26.904,367.536,0.0,dot-1024x32,731825.3729999925,669.425,1356251.2170005213,84.44800227880478,69.502,Random,one_shot,1037038.1859997215,1036368.7609997215,13,160158.32299945032,measured,0.0,143345.3350000491,928
27.880000000000003,444.551,0.0,dot-1024x32,731825.3729999925,749.681,1196173.1500010707,88.67199718952179,73.63,Current,one_shot,876960.1190002711,876210.4380002711,13,,measured,0.0,143345.3350000491,928
27.497999999999998,456.58899999999994,0.0,dot-1024x32,647744.1850001924,766.858,1142090.7680011196,94.81599926948547,76.19,Predicted,one_shot,822877.73700032,822110.87900032,13,,measured,23593.693999828247,150772.5430001301,928
26.186999999999998,359.888,0.0,dot-1024x32,647744.1850001924,639.067,1141962.9770011196,63.040003180503845,48.223,Predicted,one_shot,822749.94600032,822110.87900032,14,,measured,23593.693999828247,150772.5430001301,928
27.455,443.875,0.0,dot-1024x32,731825.3729999925,748.432,1196171.9010010709,89.31200206279755,74.366,Current,one_shot,876958.8700002711,876210.4380002711,14,,measured,0.0,143345.3350000491,928
27.914,449.917,0.0,dot-1024x32,731825.3729999925,776.461,1356358.253000521,111.39199882745743,96.286,Random,one_shot,1037145.2219997215,1036368.7609997215,14,160158.32299945032,measured,0.0,143345.3350000491,928
26.611,364.426,0.0,dot-1024x32,731825.3729999925,667.083,1356248.875000521,86.496002972126,72.031,Random,one_shot,1037035.8439997215,1036368.7609997215,15,160158.32299945032,measured,0.0,143345.3350000491,928
28.082,444.841,0.0,dot-1024x32,647744.1850001924,754.685,1142078.5950011197,91.07200056314468,76.126,Predicted,one_shot,822865.56400032,822110.87900032,15,,measured,23593.693999828247,150772.5430001301,928
27.875,444.602,0.0,dot-1024x32,731825.3729999925,754.458,1196177.9270010707,91.07200056314468,76.062,Current,one_shot,876964.8960002711,876210.4380002711,15,,measured,0.0,143345.3350000491,928
29.482999999999997,,,dot-1024x32,,147.14,,113.40799927711487,97.278,Random,resident,,,0,,warmup,,,929
27.724,,,dot-1024x32,,123.365,,90.97599983215332,77.023,Current,resident,,,0,,warmup,,,929
26.498,,,dot-1024x32,,123.021,,90.4960036277771,77.215,Predicted,resident,,,0,,warmup,,,929
25.893,,,dot-1024x32,,93.201,,61.43999844789505,48.127,Predicted,resident,,,1,,warmup,,,929
26.249000000000002,,,dot-1024x32,,143.034,,111.32799834012985,98.238,Random,resident,,,1,,warmup,,,929
25.856,,,dot-1024x32,,122.379,,90.46400338411331,77.342,Current,resident,,,1,,warmup,,,929
25.767,,,dot-1024x32,,122.699,,91.10400080680847,77.342,Predicted,resident,,,2,,warmup,,,929
25.994,,,dot-1024x32,,142.575,,110.30399799346924,97.341,Random,resident,,,2,,warmup,,,929
26.201,,,dot-1024x32,,121.836,,90.46400338411331,77.247,Current,resident,,,2,,warmup,,,929
25.716,,,dot-1024x32,,122.085,,90.7519981265068,77.246,Predicted,resident,,,3,,warmup,,,929
26.195999999999998,,,dot-1024x32,,121.745,,90.2400016784668,77.022,Current,resident,,,3,,warmup,,,929
25.909,,,dot-1024x32,,142.227,,110.91200262308121,97.79,Random,resident,,,3,,warmup,,,929
26.796,,,dot-1024x32,,123.397,,90.46400338411331,77.662,Predicted,resident,,,4,,warmup,,,929
26.235999999999997,,,dot-1024x32,,122.078,,90.27200192213058,77.438,Current,resident,,,4,,warmup,,,929
26.226,,,dot-1024x32,,141.836,,110.11199653148651,96.958,Random,resident,,,4,,warmup,,,929
25.835,,,dot-1024x32,,122.214,,90.7839983701706,77.438,Predicted,resident,,,5,,warmup,,,929
26.067,,,dot-1024x32,,121.705,,89.6959975361824,76.958,Current,resident,,,5,,warmup,,,929
26.915,,,dot-1024x32,,142.552,,110.3999987244606,97.246,Random,resident,,,5,,warmup,,,929
25.723,,,dot-1024x32,,114.243,,82.65600353479385,69.663,Random,resident,,,0,,measured,,,929
26.662,,,dot-1024x32,,121.821,,89.82399851083755,76.799,Current,resident,,,0,,measured,,,929
25.93,,,dot-1024x32,,121.978,,90.7519981265068,77.247,Predicted,resident,,,0,,measured,,,929
25.596,,,dot-1024x32,,91.996,,60.5119988322258,47.903,Predicted,resident,,,1,,measured,,,929
25.968,,,dot-1024x32,,142.684,,110.91200262308121,97.565,Random,resident,,,1,,measured,,,929
26.229,,,dot-1024x32,,122.28,,90.2400016784668,77.343,Current,resident,,,1,,measured,,,929
25.153,,,dot-1024x32,,92.44,,60.60799956321716,47.647,Current,resident,,,2,,measured,,,929
25.509,,,dot-1024x32,,122.222,,90.27200192213058,77.599,Predicted,resident,,,2,,measured,,,929
25.929000000000002,,,dot-1024x32,,140.783,,109.31199789047241,96.19,Random,resident,,,2,,measured,,,929
26.820999999999998,,,dot-1024x32,,121.81,,89.9519994854927,77.022,Predicted,resident,,,3,,measured,,,929
26.844,,,dot-1024x32,,123.435,,90.2400016784668,77.246,Current,resident,,,3,,measured,,,929
26.061999999999998,,,dot-1024x32,,142.102,,110.72000116109848,97.758,Random,resident,,,3,,measured,,,929
25.969,,,dot-1024x32,,122.142,,90.43200314044952,76.894,Current,resident,,,4,,measured,,,929
27.572000000000003,,,dot-1024x32,,141.416,,109.15199667215347,95.774,Random,resident,,,4,,measured,,,929
26.373,,,dot-1024x32,,122.631,,90.87999910116196,77.63,Predicted,resident,,,4,,measured,,,929
25.133,,,dot-1024x32,,92.603,,60.83200126886368,48.095,Predicted,resident,,,5,,measured,,,929
26.496000000000002,,,dot-1024x32,,140.519,,108.96000266075134,95.774,Random,resident,,,5,,measured,,,929
26.213,,,dot-1024x32,,122.369,,90.46400338411331,77.534,Current,resident,,,5,,measured,,,929
26.152,,,dot-1024x32,,122.38,,90.33600240945816,77.278,Predicted,resident,,,6,,measured,,,929
26.781,,,dot-1024x32,,121.864,,90.01599997282028,76.542,Current,resident,,,6,,measured,,,929
25.971,,,dot-1024x32,,141.373,,109.47199910879135,96.766,Random,resident,,,6,,measured,,,929
25.657,,,dot-1024x32,,122.6,,91.10400080680847,78.046,Predicted,resident,,,7,,measured,,,929
25.765,,,dot-1024x32,,122.602,,90.43200314044952,77.214,Current,resident,,,7,,measured,,,929
26.57,,,dot-1024x32,,141.719,,109.72800105810165,96.894,Random,resident,,,7,,measured,,,929
26.173000000000002,,,dot-1024x32,,122.57,,90.7519981265068,77.15,Current,resident,,,8,,measured,,,929
25.572000000000003,,,dot-1024x32,,122.159,,90.17600119113922,77.246,Predicted,resident,,,8,,measured,,,929
26.072,,,dot-1024x32,,141.597,,109.56799983978271,96.734,Random,resident,,,8,,measured,,,929
25.506999999999998,,,dot-1024x32,,113.49,,81.37600123882294,68.446,Random,resident,,,9,,measured,,,929
25.873,,,dot-1024x32,,122.569,,90.4960036277771,77.054,Predicted,resident,,,9,,measured,,,929
25.619999999999997,,,dot-1024x32,,121.569,,90.17600119113922,77.15,Current,resident,,,9,,measured,,,929
25.537,,,dot-1024x32,,92.034,,60.28800085186958,47.967,Current,resident,,,10,,measured,,,929
26.04,,,dot-1024x32,,121.98,,89.85599875450134,76.958,Predicted,resident,,,10,,measured,,,929
26.044,,,dot-1024x32,,141.648,,110.33599823713303,97.31,Random,resident,,,10,,measured,,,929
26.798000000000002,,,dot-1024x32,,123.132,,90.11200070381165,77.246,Current,resident,,,11,,measured,,,929
26.753,,,dot-1024x32,,141.766,,109.27999764680862,96.253,Random,resident,,,11,,measured,,,929
25.38,,,dot-1024x32,,122.351,,90.7839983701706,77.662,Predicted,resident,,,11,,measured,,,929
25.929,,,dot-1024x32,,141.896,,109.79200154542923,96.574,Random,resident,,,12,,measured,,,929
26.272,,,dot-1024x32,,121.901,,89.9839997291565,77.086,Predicted,resident,,,12,,measured,,,929
26.621,,,dot-1024x32,,122.21,,90.40000289678574,77.246,Current,resident,,,12,,measured,,,929
25.881999999999998,,,dot-1024x32,,121.477,,89.9839997291565,76.894,Predicted,resident,,,13,,measured,,,929
25.957,,,dot-1024x32,,122.413,,89.56799656152725,76.574,Current,resident,,,13,,measured,,,929
25.688000000000002,,,dot-1024x32,,140.471,,108.83200168609619,95.934,Random,resident,,,13,,measured,,,929
25.725,,,dot-1024x32,,121.483,,89.50400352478027,76.767,Current,resident,,,14,,measured,,,929
25.648,,,dot-1024x32,,142.321,,110.04800349473953,96.702,Random,resident,,,14,,measured,,,929
25.984,,,dot-1024x32,,121.937,,90.14400094747543,77.598,Predicted,resident,,,14,,measured,,,929
26.19,,,dot-1024x32,,122.034,,90.4960036277771,77.182,Current,resident,,,15,,measured,,,929
25.661,,,dot-1024x32,,121.648,,90.46400338411331,77.374,Predicted,resident,,,15,,measured,,,929
25.624000000000002,,,dot-1024x32,,141.439,,109.69600081443787,97.15,Random,resident,,,15,,measured,,,929
25.97,472.7699999999999,0.0,dot-1024x32,731825.3729999925,779.743,1358367.7110010986,86.11200004816055,71.647,Random,one_shot,1039154.6800002989,1038374.9370002989,0,162164.49900002772,warmup,0.0,143345.3350000491,929
26.858,479.42999999999995,0.0,dot-1024x32,731825.3729999925,784.111,1196207.5800010709,91.00800007581711,76.03,Current,one_shot,876994.5490002711,876210.4380002711,0,,warmup,0.0,143345.3350000491,929
26.729999999999997,481.79,0.0,dot-1024x32,647744.1850001924,784.881,1142108.7910011197,91.2960022687912,76.094,Predicted,one_shot,822895.76000032,822110.87900032,0,,warmup,23593.693999828247,150772.5430001301,929
26.467,391.041,0.0,dot-1024x32,647744.1850001924,665.294,1141989.2040011196,63.07200342416763,48.319,Predicted,one_shot,822776.17300032,822110.87900032,1,,warmup,23593.693999828247,150772.5430001301,929
27.320999999999998,514.881,0.0,dot-1024x32,731825.3729999925,836.467,1358424.4350010986,111.84000223875046,96.99,Random,one_shot,1039211.4040002988,1038374.9370002989,1,162164.49900002772,warmup,0.0,143345.3350000491,929
28.104,525.625,0.0,dot-1024x32,731825.3729999925,829.719,1196253.1880010709,91.13600105047226,76.222,Current,one_shot,877040.1570002711,876210.4380002711,1,,warmup,0.0,143345.3350000491,929
27.026,469.0460000000001,0.0,dot-1024x32,647744.1850001924,773.279,1142097.1890011197,90.94399958848953,76.286,Predicted,one_shot,822884.15800032,822110.87900032,2,,warmup,23593.693999828247,150772.5430001301,929
26.83,468.45699999999994,0.0,dot-1024x32,731825.3729999925,790.033,1358378.0010010987,109.8560020327568,95.166,Random,one_shot,1039164.9700002989,1038374.9370002989,2,162164.49900002772,warmup,0.0,143345.3350000491,929
27.316000000000003,451.958,0.0,dot-1024x32,731825.3729999925,756.359,1196179.8280010708,90.30400216579437,75.871,Current,one_shot,876966.7970002712,876210.4380002711,2,,warmup,0.0,143345.3350000491,929
27.623,499.361,0.0,dot-1024x32,647744.1850001924,1068.692,1142392.6020011196,91.77599847316742,76.191,Predicted,one_shot,823179.57100032,822110.87900032,3,,warmup,23593.693999828247,150772.5430001301,929
26.918,447.142,0.0,dot-1024x32,731825.3729999925,748.457,1196171.9260010708,89.12000060081482,74.59,Current,one_shot,876958.8950002711,876210.4380002711,3,,warmup,0.0,143345.3350000491,929
27.253999999999998,522.587,0.0,dot-1024x32,731825.3729999925,844.271,1358432.2390010986,110.1439967751503,95.486,Random,one_shot,1039219.2080002988,1038374.9370002989,3,162164.49900002772,warmup,0.0,143345.3350000491,929
27.015,456.542,0.0,dot-1024x32,647744.1850001924,758.912,1142082.8220011196,90.97599983215332,76.542,Predicted,one_shot,822869.79100032,822110.87900032,4,,warmup,23593.693999828247,150772.5430001301,929
27.298000000000002,487.45900000000006,0.0,dot-1024x32,731825.3729999925,786.687,1196210.1560010707,90.20800143480301,75.806,Current,one_shot,876997.1250002711,876210.4380002711,4,,warmup,0.0,143345.3350000491,929
26.769,452.176,0.0,dot-1024x32,731825.3729999925,773.438,1358361.4060010985,110.91200262308121,96.414,Random,one_shot,1039148.3750002988,1038374.9370002989,4,162164.49900002772,warmup,0.0,143345.3350000491,929
26.74,455.675,0.0,dot-1024x32,647744.1850001924,757.814,1142081.7240011196,91.10400080680847,76.255,Predicted,one_shot,822868.69300032,822110.87900032,5,,warmup,23593.693999828247,150772.5430001301,929
27.0,460.75399999999996,0.0,dot-1024x32,731825.3729999925,762.86,1196186.3290010707,90.97599983215332,75.839,Current,one_shot,876973.2980002711,876210.4380002711,5,,warmup,0.0,143345.3350000491,929
27.336,482.88899999999995,0.0,dot-1024x32,731825.3729999925,812.714,1358400.6820010985,111.77600175142288,97.469,Random,one_shot,1039187.6510002989,1038374.9370002989,5,162164.49900002772,warmup,0.0,143345.3350000491,929
26.147,361.722,0.0,dot-1024x32,731825.3729999925,657.36,1358245.3280010985,84.32000130414963,69.951,Random,one_shot,1039032.2970002989,1038374.9370002989,0,162164.49900002772,measured,0.0,143345.3350000491,929
26.613,439.801,0.0,dot-1024x32,731825.3729999925,738.089,1196161.5580010707,88.79999816417694,74.11,Current,one_shot,876948.5270002711,876210.4380002711,0,,measured,0.0,143345.3350000491,929
26.337,462.1070000000001,0.0,dot-1024x32,647744.1850001924,763.529,1142087.4390011197,90.91199934482574,76.286,Predicted,one_shot,822874.40800032,822110.87900032,0,,measured,23593.693999828247,150772.5430001301,929
26.503999999999998,472.31499999999994,0.0,dot-1024x32,647744.1850001924,746.969,1142070.8790011196,62.52799928188324,48.159,Predicted,one_shot,822857.84800032,822110.87900032,1,,measured,23593.693999828247,150772.5430001301,929
27.082,454.7060000000001,0.0,dot-1024x32,731825.3729999925,778.469,1358366.4370010986,111.80800199508667,96.958,Random,one_shot,1039153.4060002989,1038374.9370002989,1,162164.49900002772,measured,0.0,143345.3350000491,929
26.564999999999998,458.835,0.0,dot-1024x32,731825.3729999925,760.323,1196183.7920010707,90.65599739551544,75.935,Current,one_shot,876970.7610002711,876210.4380002711,1,,measured,0.0,143345.3350000491,929
26.409,371.50800000000004,0.0,dot-1024x32,731825.3729999925,642.049,1196065.5180010707,61.85600161552429,47.999,Current,one_shot,876852.4870002711,876210.4380002711,2,,measured,0.0,143345.3350000491,929
26.639000000000003,477.158,0.0,dot-1024x32,647744.1850001924,778.492,1142102.4020011197,90.46400338411331,76.062,Predicted,one_shot,822889.37100032,822110.87900032,2,,measured,23593.693999828247,150772.5430001301,929
27.019,461.14500000000004,0.0,dot-1024x32,731825.3729999925,782.396,1358370.3640010986,111.42399907112122,96.702,Random,one_shot,1039157.3330002988,1038374.9370002989,2,162164.49900002772,measured,0.0,143345.3350000491,929
26.7,447.01500000000004,0.0,dot-1024x32,647744.1850001924,745.78,1142069.6900011196,89.56799656152725,74.782,Predicted,one_shot,822856.65900032,822110.87900032,3,,measured,23593.693999828247,150772.5430001301,929
26.891,442.2269999999999,0.0,dot-1024x32,731825.3729999925,743.345,1196166.8140010708,90.11200070381165,75.646,Current,one_shot,876953.7830002711,876210.4380002711,3,,measured,0.0,143345.3350000491,929
26.941000000000003,475.80799999999994,0.0,dot-1024x32,731825.3729999925,800.81,1358388.7780010987,112.41599917411804,97.789,Random,one_shot,1039175.7470002989,1038374.9370002989,3,162164.49900002772,measured,0.0,143345.3350000491,929
27.484,443.687,0.0,dot-1024x32,731825.3729999925,743.744,1196167.2130010708,88.92799913883209,74.559,Current,one_shot,876954.182000271,876210.4380002711,4,,measured,0.0,143345.3350000491,929
27.000999999999998,436.94000000000005,0.0,dot-1024x32,731825.3729999925,757.163,1358345.1310010985,109.98400300741196,95.39,Random,one_shot,1039132.1000002988,1038374.9370002989,4,162164.49900002772,measured,0.0,143345.3350000491,929
27.165,451.01900000000006,0.0,dot-1024x32,647744.1850001924,752.079,1142075.9890011197,90.81599861383438,76.222,Predicted,one_shot,822862.95800032,822110.87900032,4,,measured,23593.693999828247,150772.5430001301,929
27.389,364.89000000000004,0.0,dot-1024x32,647744.1850001924,686.248,1142010.1580011197,62.33600154519081,48.191,Predicted,one_shot,822797.12700032,822110.87900032,5,,measured,23593.693999828247,150772.5430001301,929
27.664,437.849,0.0,dot-1024x32,731825.3729999925,758.404,1358346.3720010985,110.62400043010712,95.902,Random,one_shot,1039133.3410002989,1038374.9370002989,5,162164.49900002772,measured,0.0,143345.3350000491,929
26.904,443.79200000000003,0.0,dot-1024x32,731825.3729999925,743.767,1196167.2360010708,90.2400016784668,75.647,Current,one_shot,876954.2050002711,876210.4380002711,5,,measured,0.0,143345.3350000491,929
26.698999999999998,439.859,0.0,dot-1024x32,647744.1850001924,743.332,1142067.2420011198,91.16800129413605,76.255,Predicted,one_shot,822854.21100032,822110.87900032,6,,measured,23593.693999828247,150772.5430001301,929
27.506,436.27900000000005,0.0,dot-1024x32,731825.3729999925,739.044,1196162.5130010708,89.37600255012512,74.622,Current,one_shot,876949.4820002711,876210.4380002711,6,,measured,0.0,143345.3350000491,929
27.429000000000002,440.8190000000001,0.0,dot-1024x32,731825.3729999925,762.33,1358350.2980010984,110.33599823713303,95.774,Random,one_shot,1039137.2670002988,1038374.9370002989,6,162164.49900002772,measured,0.0,143345.3350000491,929
26.994,436.92999999999995,0.0,dot-1024x32,647744.1850001924,738.628,1142062.5380011196,90.68799763917923,76.158,Predicted,one_shot,822849.50700032,822110.87900032,7,,measured,23593.693999828247,150772.5430001301,929
27.489,436.11,0.0,dot-1024x32,731825.3729999925,737.047,1196160.5160010708,90.2400016784668,75.934,Current,one_shot,876947.4850002711,876210.4380002711,7,,measured,0.0,143345.3350000491,929
29.434,437.47700000000003,0.0,dot-1024x32,731825.3729999925,764.4,1358352.3680010985,113.18399757146835,98.558,Random,one_shot,1039139.3370002989,1038374.9370002989,7,162164.49900002772,measured,0.0,143345.3350000491,929
27.429000000000002,432.3660000000001,0.0,dot-1024x32,731825.3729999925,733.487,1196156.9560010708,88.73599767684937,74.014,Current,one_shot,876943.9250002711,876210.4380002711,8,,measured,0.0,143345.3350000491,929
26.445,438.8620000000001,0.0,dot-1024x32,647744.1850001924,739.344,1142063.2540011196,90.81599861383438,76.255,Predicted,one_shot,822850.22300032,822110.87900032,8,,measured,23593.693999828247,150772.5430001301,929
27.283,435.31300000000005,0.0,dot-1024x32,731825.3729999925,753.717,1358341.6850010986,109.37599837779999,95.07,Random,one_shot,1039128.6540002988,1038374.9370002989,8,162164.49900002772,measured,0.0,143345.3350000491,929
26.247,362.85400000000004,0.0,dot-1024x32,731825.3729999925,675.248,1358263.2160010985,102.4319976568222,70.718,Random,one_shot,1039050.1850002989,1038374.9370002989,9,162164.49900002772,measured,0.0,143345.3350000491,929
26.734,444.432,0.0,dot-1024x32,647744.1850001924,745.078,1142068.9880011196,89.37600255012512,74.686,Predicted,one_shot,822855.95700032,822110.87900032,9,,measured,23593.693999828247,150772.5430001301,929
27.391,449.11,0.0,dot-1024x32,731825.3729999925,749.206,1196172.6750010708,90.4960036277771,75.807,Current,one_shot,876959.6440002711,876210.4380002711,9,,measured,0.0,143345.3350000491,929
26.240000000000002,364.85300000000007,0.0,dot-1024x32,731825.3729999925,636.708,1196060.1770010707,62.272001057863235,48.063,Current,one_shot,876847.1460002711,876210.4380002711,10,,measured,0.0,143345.3350000491,929
28.316,440.296,0.0,dot-1024x32,647744.1850001924,742.799,1142066.7090011197,89.31200206279755,74.815,Predicted,one_shot,822853.67800032,822110.87900032,10,,measured,23593.693999828247,150772.5430001301,929
28.139,491.59700000000004,0.0,dot-1024x32,731825.3729999925,906.944,1358494.9120010985,111.23199760913849,96.862,Random,one_shot,1039281.8810002989,1038374.9370002989,10,162164.49900002772,measured,0.0,143345.3350000491,929
27.936,453.24899999999997,0.0,dot-1024x32,731825.3729999925,759.979,1196183.4480010709,90.97599983215332,76.095,Current,one_shot,876970.4170002711,876210.4380002711,11,,measured,0.0,143345.3350000491,929
27.412,456.73699999999997,0.0,dot-1024x32,731825.3729999925,781.304,1358369.2720010986,111.64800077676773,97.022,Random,one_shot,1039156.2410002989,1038374.9370002989,11,162164.49900002772,measured,0.0,143345.3350000491,929
31.929000000000002,461.11500000000007,0.0,dot-1024x32,647744.1850001924,1093.933,1142417.8430011196,91.67999774217606,76.574,Predicted,one_shot,823204.81200032,822110.87900032,11,,measured,23593.693999828247,150772.5430001301,929
26.746000000000002,447.06,0.0,dot-1024x32,731825.3729999925,769.342,1358357.3100010986,109.56799983978271,94.814,Random,one_shot,1039144.2790002988,1038374.9370002989,12,162164.49900002772,measured,0.0,143345.3350000491,929
26.416,497.4549999999999,0.0,dot-1024x32,647744.1850001924,795.725,1142119.6350011197,89.28000181913376,74.75,Predicted,one_shot,822906.60400032,822110.87900032,12,,measured,23593.693999828247,150772.5430001301,929
26.963,462.96900000000005,0.0,dot-1024x32,731825.3729999925,761.49,1196184.9590010708,90.30400216579437,75.806,Current,one_shot,876971.9280002711,876210.4380002711,12,,measured,0.0,143345.3350000491,929
26.857,444.27399999999994,0.0,dot-1024x32,647744.1850001924,790.829,1142114.7390011197,108.31999778747559,74.751,Predicted,one_shot,822901.70800032,822110.87900032,13,,measured,23593.693999828247,150772.5430001301,929
26.852,438.96100000000007,0.0,dot-1024x32,731825.3729999925,739.003,1196162.4720010709,88.48000317811966,74.558,Current,one_shot,876949.4410002711,876210.4380002711,13,,measured,0.0,143345.3350000491,929
27.802999999999997,458.84600000000006,0.0,dot-1024x32,731825.3729999925,779.843,1358367.8110010985,110.30399799346924,95.71,Random,one_shot,1039154.7800002989,1038374.9370002989,13,162164.49900002772,measured,0.0,143345.3350000491,929
26.93,440.2540000000001,0.0,dot-1024x32,731825.3729999925,740.233,1196163.7020010708,89.15200084447861,74.174,Current,one_shot,876950.6710002711,876210.4380002711,14,,measured,0.0,143345.3350000491,929
26.941000000000003,449.03999999999996,0.0,dot-1024x32,731825.3729999925,770.426,1358358.3940010986,112.5119999051094,95.166,Random,one_shot,1039145.3630002989,1038374.9370002989,14,162164.49900002772,measured,0.0,143345.3350000491,929
26.625999999999998,449.241,0.0,dot-1024x32,647744.1850001924,749.463,1142073.3730011196,90.94399958848953,76.478,Predicted,one_shot,822860.34200032,822110.87900032,14,,measured,23593.693999828247,150772.5430001301,929
26.967,438.407,0.0,dot-1024x32,731825.3729999925,739.184,1196162.6530010707,90.33600240945816,75.806,Current,one_shot,876949.6220002711,876210.4380002711,15,,measured,0.0,143345.3350000491,929
26.718,434.22300000000007,0.0,dot-1024x32,647744.1850001924,730.46,1142054.3700011196,88.16000074148178,74.334,Predicted,one_shot,822841.33900032,822110.87900032,15,,measured,23593.693999828247,150772.5430001301,929
28.234,446.29600000000005,0.0,dot-1024x32,731825.3729999925,772.868,1358360.8360010986,111.48799955844879,96.926,Random,one_shot,1039147.8050002989,1038374.9370002989,15,162164.49900002772,measured,0.0,143345.3350000491,929
27.111,,,dot-1024x32,,123.476,,91.839998960495,77.406,Current,resident,,,0,,warmup,,,930
27.535,,,dot-1024x32,,145.331,,112.99200356006622,98.045,Random,resident,,,0,,warmup,,,930
26.302999999999997,,,dot-1024x32,,122.027,,91.16800129413605,77.535,Predicted,resident,,,0,,warmup,,,930
24.653,,,dot-1024x32,,91.712,,60.83200126886368,47.839,Predicted,resident,,,1,,warmup,,,930
25.13,,,dot-1024x32,,140.936,,109.69600081443787,96.574,Random,resident,,,1,,warmup,,,930
25.662,,,dot-1024x32,,120.886,,90.4960036277771,77.438,Current,resident,,,1,,warmup,,,930
25.329,,,dot-1024x32,,142.728,,112.03200370073318,99.006,Random,resident,,,2,,warmup,,,930
25.669,,,dot-1024x32,,120.531,,89.50400352478027,76.99,Current,resident,,,2,,warmup,,,930
25.831000000000003,,,dot-1024x32,,121.097,,90.36800265312195,77.502,Predicted,resident,,,2,,warmup,,,930
26.218,,,dot-1024x32,,141.029,,110.3999987244606,97.406,Random,resident,,,3,,warmup,,,930
26.176000000000002,,,dot-1024x32,,121.713,,90.71999788284302,77.694,Current,resident,,,3,,warmup,,,930
25.603,,,dot-1024x32,,121.321,,90.17600119113922,77.47,Predicted,resident,,,3,,warmup,,,930
26.11,,,dot-1024x32,,91.025,,60.67200005054474,48.062,Predicted,resident,,,4,,warmup,,,930
25.466,,,dot-1024x32,,141.123,,110.20799726247787,97.246,Random,resident,,,4,,warmup,,,930
26.009999999999998,,,dot-1024x32,,121.488,,90.7519981265068,77.759,Current,resident,,,4,,warmup,,,930
25.234,,,dot-1024x32,,90.667,,59.90400165319443,47.711,Current,resident,,,5,,warmup,,,930
25.53,,,dot-1024x32,,183.095,,125.2799928188324,96.158,Random,resident,,,5,,warmup,,,930
26.310000000000002,,,dot-1024x32,,121.348,,90.52799642086029,77.598,Predicted,resident,,,5,,warmup,,,930
26.05,,,dot-1024x32,,121.344,,90.27200192213058,77.374,Current,resident,,,0,,measured,,,930
25.238,,,dot-1024x32,,120.263,,89.24800157546997,76.958,Predicted,resident,,,0,,measured,,,930
25.548000000000002,,,dot-1024x32,,142.755,,111.58400028944016,99.23,Random,resident,,,0,,measured,,,930
24.820999999999998,,,dot-1024x32,,114.502,,82.87999778985977,70.623,Random,resident,,,1,,measured,,,930
26.221,,,dot-1024x32,,120.623,,90.27200192213058,77.438,Current,resident,,,1,,measured,,,930
25.773,,,dot-1024x32,,121.784,,90.52799642086029,78.046,Predicted,resident,,,1,,measured,,,930
24.768,,,dot-1024x32,,91.431,,60.80000102519989,48.159,Predicted,resident,,,2,,measured,,,930
25.346,,,dot-1024x32,,142.75,,112.09599673748016,98.462,Random,resident,,,2,,measured,,,930
25.822000000000003,,,dot-1024x32,,121.434,,90.87999910116196,77.567,Current,resident,,,2,,measured,,,930
25.504,,,dot-1024x32,,91.413,,60.19200012087822,47.615,Current,resident,,,3,,measured,,,930
25.288,,,dot-1024x32,,140.107,,109.3439981341362,96.478,Random,resident,,,3,,measured,,,930
25.604,,,dot-1024x32,,121.786,,90.4960036277771,77.63,Predicted,resident,,,3,,measured,,,930
25.786,,,dot-1024x32,,140.58,,110.01600325107574,97.086,Random,resident,,,4,,measured,,,930
25.546999999999997,,,dot-1024x32,,119.991,,89.56799656152725,76.894,Predicted,resident,,,4,,measured,,,930
25.834,,,dot-1024x32,,121.734,,90.33600240945816,77.471,Current,resident,,,4,,measured,,,930
25.326999999999998,,,dot-1024x32,,141.393,,110.91200262308121,97.629,Random,resident,,,5,,measured,,,930
24.859,,,dot-1024x32,,120.841,,90.14400094747543,77.63,Predicted,resident,,,5,,measured,,,930
25.595,,,dot-1024x32,,120.629,,90.11200070381165,77.278,Current,resident,,,5,,measured,,,930
25.354,,,dot-1024x32,,121.605,,90.55999666452408,77.022,Predicted,resident,,,6,,measured,,,930
26.121000000000002,,,dot-1024x32,,120.958,,90.2400016784668,77.022,Current,resident,,,6,,measured,,,930
25.523000000000003,,,dot-1024x32,,142.473,,111.7440015077591,98.334,Random,resident,,,6,,measured,,,930
25.713,,,dot-1024x32,,120.628,,89.91999924182892,76.99,Current,resident,,,7,,measured,,,930
25.279,,,dot-1024x32,,121.472,,90.84799885749817,78.046,Predicted,resident,,,7,,measured,,,930
25.929,,,dot-1024x32,,155.471,,110.20799726247787,97.118,Random,resident,,,7,,measured,,,930
26.069000000000003,,,dot-1024x32,,121.33,,90.52799642086029,77.63,Current,resident,,,8,,measured,,,930
26.145,,,dot-1024x32,,121.002,,90.40000289678574,77.95,Predicted,resident,,,8,,measured,,,930
25.435,,,dot-1024x32,,141.893,,110.97600311040878,97.886,Random,resident,,,8,,measured,,,930
25.356,,,dot-1024x32,,120.329,,89.63199704885483,76.958,Predicted,resident,,,9,,measured,,,930
55.428,,,dot-1024x32,,140.441,,109.53599959611893,96.734,Random,resident,,,9,,measured,,,930
39.739000000000004,,,dot-1024x32,,139.464,,90.52799642086029,77.823,Current,resident,,,9,,measured,,,930
27.183999999999997,,,dot-1024x32,,123.056,,91.5519967675209,78.27,Predicted,resident,,,10,,measured,,,930
25.860999999999997,,,dot-1024x32,,120.0,,89.56799656152725,76.702,Current,resident,,,10,,measured,,,930
25.469,,,dot-1024x32,,141.102,,110.46399921178818,97.086,Random,resident,,,10,,measured,,,930
26.076,,,dot-1024x32,,120.803,,89.85599875450134,77.118,Current,resident,,,11,,measured,,,930
25.725,,,dot-1024x32,,140.883,,109.76000130176544,96.798,Random,resident,,,11,,measured,,,930
26.094,,,dot-1024x32,,121.662,,90.65599739551544,77.822,Predicted,resident,,,11,,measured,,,930
25.769,,,dot-1024x32,,121.55,,90.17600119113922,77.566,Current,resident,,,12,,measured,,,930
25.476,,,dot-1024x32,,142.11,,110.6560006737709,98.622,Random,resident,,,12,,measured,,,930
26.439,,,dot-1024x32,,121.083,,90.27200192213058,77.502,Predicted,resident,,,12,,measured,,,930
25.481,,,dot-1024x32,,91.083,,60.7680007815361,48.095,Predicted,resident,,,13,,measured,,,930
25.736,,,dot-1024x32,,120.42,,89.91999924182892,77.31,Current,resident,,,13,,measured,,,930
25.771,,,dot-1024x32,,140.225,,109.79200154542923,97.054,Random,resident,,,13,,measured,,,930
25.144,,,dot-1024x32,,113.268,,82.65600353479385,69.503,Random,resident,,,14,,measured,,,930
25.417,,,dot-1024x32,,121.278,,90.27200192213058,77.406,Predicted,resident,,,14,,measured,,,930
26.017,,,dot-1024x32,,121.217,,90.40000289678574,77.438,Current,resident,,,14,,measured,,,930
25.685000000000002,,,dot-1024x32,,141.422,,110.27199774980545,96.894,Random,resident,,,15,,measured,,,930
25.179000000000002,,,dot-1024x32,,121.22,,90.46400338411331,77.47,Predicted,resident,,,15,,measured,,,930
25.877000000000002,,,dot-1024x32,,121.028,,90.17600119113922,77.279,Current,resident,,,15,,measured,,,930
26.634999999999998,388.04499999999996,0.0,dot-1024x32,731825.3729999925,667.249,1196090.7180010707,62.94400244951248,49.215,Current,one_shot,876877.687000271,876210.4380002711,0,,warmup,0.0,143345.3350000491,930
26.755000000000003,521.912,0.0,dot-1024x32,731825.3729999925,848.59,1361734.3920015758,113.08799684047699,98.206,Random,one_shot,1042521.3610007762,1041672.7710007762,0,165462.33300050517,warmup,0.0,143345.3350000491,930
27.342,469.225,0.0,dot-1024x32,647744.1850001924,772.186,1142096.0960011196,90.30400216579437,75.807,Predicted,one_shot,822883.06500032,822110.87900032,0,,warmup,23593.693999828247,150772.5430001301,930
26.116999999999997,411.78,0.0,dot-1024x32,647744.1850001924,708.091,1142032.0010011196,62.84800171852112,48.862,Predicted,one_shot,822818.97000032,822110.87900032,1,,warmup,23593.693999828247,150772.5430001301,930
26.605,511.46900000000005,0.0,dot-1024x32,731825.3729999925,832.119,1361717.921001576,110.43199896812439,95.742,Random,one_shot,1042504.8900007762,1041672.7710007762,1,165462.33300050517,warmup,0.0,143345.3350000491,930
27.146,467.96500000000003,0.0,dot-1024x32,731825.3729999925,770.598,1196194.0670010708,90.84799885749817,76.447,Current,one_shot,876981.0360002711,876210.4380002711,1,,warmup,0.0,143345.3350000491,930
26.984,456.159,0.0,dot-1024x32,731825.3729999925,778.264,1361664.066001576,111.35999858379364,96.67,Random,one_shot,1042451.0350007762,1041672.7710007762,2,165462.33300050517,warmup,0.0,143345.3350000491,930
27.588,489.763,0.0,dot-1024x32,731825.3729999925,788.617,1196212.0860010707,87.93599903583527,73.31,Current,one_shot,876999.0550002711,876210.4380002711,2,,warmup,0.0,143345.3350000491,930
27.588,467.123,0.0,dot-1024x32,647744.1850001924,768.313,1142092.2230011197,90.81599861383438,76.383,Predicted,one_shot,822879.19200032,822110.87900032,2,,warmup,23593.693999828247,150772.5430001301,930
27.097,452.104,0.0,dot-1024x32,731825.3729999925,773.781,1361659.583001576,111.55200004577637,96.446,Random,one_shot,1042446.5520007762,1041672.7710007762,3,165462.33300050517,warmup,0.0,143345.3350000491,930
27.079,444.387,0.0,dot-1024x32,731825.3729999925,746.578,1196170.0470010708,90.52799642086029,76.254,Current,one_shot,876957.0160002711,876210.4380002711,3,,warmup,0.0,143345.3350000491,930
26.804,488.497,0.0,dot-1024x32,647744.1850001924,791.848,1142115.7580011196,91.00800007581711,76.319,Predicted,one_shot,822902.72700032,822110.87900032,3,,warmup,23593.693999828247,150772.5430001301,930
26.744999999999997,357.091,0.0,dot-1024x32,647744.1850001924,629.273,1141953.1830011196,62.01599910855293,47.743,Predicted,one_shot,822740.15200032,822110.87900032,4,,warmup,23593.693999828247,150772.5430001301,930
26.294,442.531,0.0,dot-1024x32,731825.3729999925,765.664,1361651.4660015758,111.23199760913849,96.702,Random,one_shot,1042438.4350007762,1041672.7710007762,4,165462.33300050517,warmup,0.0,143345.3350000491,930
26.546,463.60200000000003,0.0,dot-1024x32,731825.3729999925,780.615,1196204.0840010708,90.68799763917923,76.287,Current,one_shot,876991.0530002711,876210.4380002711,4,,warmup,0.0,143345.3350000491,930
41.432,362.64200000000005,0.0,dot-1024x32,731825.3729999925,673.735,1196097.2040010707,83.8719978928566,47.967,Current,one_shot,876884.1730002711,876210.4380002711,5,,warmup,0.0,143345.3350000491,930
26.845,452.406,0.0,dot-1024x32,731825.3729999925,772.561,1361658.363001576,111.29599809646606,96.606,Random,one_shot,1042445.3320007762,1041672.7710007762,5,165462.33300050517,warmup,0.0,143345.3350000491,930
27.012,453.521,0.0,dot-1024x32,647744.1850001924,754.189,1142078.0990011196,90.94399958848953,76.222,Predicted,one_shot,822865.06800032,822110.87900032,5,,warmup,23593.693999828247,150772.5430001301,930
26.942,442.95900000000006,0.0,dot-1024x32,731825.3729999925,744.235,1196167.7040010707,90.40000289678574,76.126,Current,one_shot,876954.6730002711,876210.4380002711,0,,measured,0.0,143345.3350000491,930
51.4,462.1979999999999,0.0,dot-1024x32,647744.1850001924,803.773,1142127.6830011196,89.56799656152725,74.75,Predicted,one_shot,822914.65200032,822110.87900032,0,,measured,23593.693999828247,150772.5430001301,930
26.545,458.75299999999993,0.0,dot-1024x32,731825.3729999925,783.198,1361669.0000015758,112.5440001487732,97.054,Random,one_shot,1042455.9690007762,1041672.7710007762,0,165462.33300050517,measured,0.0,143345.3350000491,930
26.193,373.26400000000007,0.0,dot-1024x32,731825.3729999925,668.307,1361554.109001576,85.02399921417236,70.111,Random,one_shot,1042341.0780007762,1041672.7710007762,1,165462.33300050517,measured,0.0,143345.3350000491,930
27.328,449.078,0.0,dot-1024x32,731825.3729999925,750.95,1196174.4190010708,90.81599861383438,76.254,Current,one_shot,876961.388000271,876210.4380002711,1,,measured,0.0,143345.3350000491,930
26.664,451.072,0.0,dot-1024x32,647744.1850001924,751.994,1142075.9040011195,90.30400216579437,75.966,Predicted,one_shot,822862.8730003199,822110.87900032,1,,measured,23593.693999828247,150772.5430001301,930
25.908,360.8,0.0,dot-1024x32,647744.1850001924,634.548,1141958.4580011196,62.49599903821945,48.159,Predicted,one_shot,822745.4270003199,822110.87900032,2,,measured,23593.693999828247,150772.5430001301,930
26.779,451.30999999999995,0.0,dot-1024x32,731825.3729999925,775.04,1361660.842001576,112.76800185441971,98.014,Random,one_shot,1042447.8110007762,1041672.7710007762,2,165462.33300050517,measured,0.0,143345.3350000491,930
26.986,451.77500000000003,0.0,dot-1024x32,731825.3729999925,753.24,1196176.7090010708,90.71999788284302,76.19,Current,one_shot,876963.6780002711,876210.4380002711,2,,measured,0.0,143345.3350000491,930
26.273,358.18300000000005,0.0,dot-1024x32,731825.3729999925,630.411,1196053.8800010707,62.49599903821945,48.126,Current,one_shot,876840.8490002711,876210.4380002711,3,,measured,0.0,143345.3350000491,930
26.563000000000002,451.289,0.0,dot-1024x32,731825.3729999925,1085.124,1361970.9260015758,112.47999966144562,97.118,Random,one_shot,1042757.8950007762,1041672.7710007762,3,165462.33300050517,measured,0.0,143345.3350000491,930
27.369,459.25000000000006,0.0,dot-1024x32,647744.1850001924,763.843,1142087.7530011197,91.13600105047226,76.094,Predicted,one_shot,822874.72200032,822110.87900032,3,,measured,23593.693999828247,150772.5430001301,930
26.411,441.93799999999993,0.0,dot-1024x32,731825.3729999925,763.366,1361649.1680015759,111.32799834012985,96.094,Random,one_shot,1042436.1370007762,1041672.7710007762,4,165462.33300050517,measured,0.0,143345.3350000491,930
54.8,448.64699999999993,0.0,dot-1024x32,647744.1850001924,812.792,1142136.7020011197,105.12000322341919,74.27,Predicted,one_shot,822923.67100032,822110.87900032,4,,measured,23593.693999828247,150772.5430001301,930
26.309,449.754,0.0,dot-1024x32,731825.3729999925,751.39,1196174.8590010707,90.62399715185165,76.319,Current,one_shot,876961.8280002711,876210.4380002711,4,,measured,0.0,143345.3350000491,930
26.667,438.91799999999995,0.0,dot-1024x32,731825.3729999925,760.853,1361646.6550015758,111.455999314785,96.349,Random,one_shot,1042433.6240007762,1041672.7710007762,5,165462.33300050517,measured,0.0,143345.3350000491,930
27.683999999999997,438.3320000000001,0.0,dot-1024x32,647744.1850001924,741.106,1142065.0160011197,91.00800007581711,76.254,Predicted,one_shot,822851.98500032,822110.87900032,5,,measured,23593.693999828247,150772.5430001301,930
65.75399999999999,442.723,0.0,dot-1024x32,731825.3729999925,784.821,1196208.2900010708,90.52799642086029,75.966,Current,one_shot,876995.2590002711,876210.4380002711,5,,measured,0.0,143345.3350000491,930
25.993000000000002,436.736,0.0,dot-1024x32,647744.1850001924,737.273,1142061.1830011196,89.24800157546997,74.527,Predicted,one_shot,822848.15200032,822110.87900032,6,,measured,23593.693999828247,150772.5430001301,930
26.687,440.93,0.0,dot-1024x32,731825.3729999925,739.48,1196162.9490010708,89.08800035715103,74.494,Current,one_shot,876949.9180002711,876210.4380002711,6,,measured,0.0,143345.3350000491,930
26.77,451.365,0.0,dot-1024x32,731825.3729999925,772.08,1361657.8820015758,111.77600175142288,97.502,Random,one_shot,1042444.8510007762,1041672.7710007762,6,165462.33300050517,measured,0.0,143345.3350000491,930
27.482,436.506,0.0,dot-1024x32,731825.3729999925,741.857,1196165.3260010707,87.3280018568039,73.214,Current,one_shot,876952.295000271,876210.4380002711,7,,measured,0.0,143345.3350000491,930
26.865000000000002,443.872,0.0,dot-1024x32,647744.1850001924,744.195,1142068.1050011197,90.33600240945816,75.999,Predicted,one_shot,822855.0740003199,822110.87900032,7,,measured,23593.693999828247,150772.5430001301,930
26.875999999999998,450.61,0.0,dot-1024x32,731825.3729999925,771.28,1361657.082001576,110.78400164842606,95.933,Random,one_shot,1042444.0510007762,1041672.7710007762,7,165462.33300050517,measured,0.0,143345.3350000491,930
27.269,436.167,0.0,dot-1024x32,731825.3729999925,737.807,1196161.2760010709,90.7839983701706,76.255,Current,one_shot,876948.2450002711,876210.4380002711,8,,measured,0.0,143345.3350000491,930
26.744,445.33299999999997,0.0,dot-1024x32,647744.1850001924,745.244,1142069.1540011195,90.36800265312195,75.902,Predicted,one_shot,822856.1230003199,822110.87900032,8,,measured,23593.693999828247,150772.5430001301,930
26.552999999999997,442.08599999999996,0.0,dot-1024x32,731825.3729999925,761.395,1361647.197001576,111.1999973654747,96.67,Random,one_shot,1042434.1660007762,1041672.7710007762,8,165462.33300050517,measured,0.0,143345.3350000491,930
26.747,432.115,0.0,dot-1024x32,647744.1850001924,731.103,1142055.0130011197,89.47200328111649,74.558,Predicted,one_shot,822841.98200032,822110.87900032,9,,measured,23593.693999828247,150772.5430001301,930
26.685,438.298,0.0,dot-1024x32,731825.3729999925,759.357,1361645.1590015758,111.51999980211258,96.893,Random,one_shot,1042432.1280007762,1041672.7710007762,9,165462.33300050517,measured,0.0,143345.3350000491,930
27.168,437.758,0.0,dot-1024x32,731825.3729999925,738.485,1196161.9540010707,90.81599861383438,76.382,Current,one_shot,876948.9230002711,876210.4380002711,9,,measured,0.0,143345.3350000491,930
26.735,477.141,0.0,dot-1024x32,647744.1850001924,780.314,1142104.2240011196,90.71999788284302,75.966,Predicted,one_shot,822891.19300032,822110.87900032,10,,measured,23593.693999828247,150772.5430001301,930
27.379,444.0290000000001,0.0,dot-1024x32,731825.3729999925,744.927,1196168.3960010707,89.47200328111649,74.494,Current,one_shot,876955.3650002711,876210.4380002711,10,,measured,0.0,143345.3350000491,930
26.978,450.73400000000004,0.0,dot-1024x32,731825.3729999925,770.189,1361655.991001576,111.23199760913849,96.83,Random,one_shot,1042442.9600007762,1041672.7710007762,10,165462.33300050517,measured,0.0,143345.3350000491,930
27.673,441.0609999999999,0.0,dot-1024x32,731825.3729999925,739.615,1196163.0840010708,88.60799670219421,73.343,Current,one_shot,876950.0530002711,876210.4380002711,11,,measured,0.0,143345.3350000491,930
26.72,446.5590000000001,0.0,dot-1024x32,731825.3729999925,766.675,1361652.477001576,110.59200018644333,96.382,Random,one_shot,1042439.4460007763,1041672.7710007762,11,165462.33300050517,measured,0.0,143345.3350000491,930
28.042,458.962,0.0,dot-1024x32,647744.1850001924,767.556,1142091.4660011197,90.55999666452408,75.902,Predicted,one_shot,822878.43500032,822110.87900032,11,,measured,23593.693999828247,150772.5430001301,930
27.033,446.78399999999993,0.0,dot-1024x32,731825.3729999925,749.379,1196172.8480010708,91.42400324344635,76.159,Current,one_shot,876959.817000271,876210.4380002711,12,,measured,0.0,143345.3350000491,930
27.058,450.48600000000005,0.0,dot-1024x32,731825.3729999925,771.024,1361656.826001576,111.29599809646606,96.413,Random,one_shot,1042443.7950007762,1041672.7710007762,12,165462.33300050517,measured,0.0,143345.3350000491,930
26.765,450.4479999999999,0.0,dot-1024x32,647744.1850001924,749.711,1142073.6210011197,90.20800143480301,75.807,Predicted,one_shot,822860.59000032,822110.87900032,12,,measured,23593.693999828247,150772.5430001301,930
26.383,357.40999999999997,0.0,dot-1024x32,647744.1850001924,630.236,1141954.1460011196,62.81600147485733,48.479,Predicted,one_shot,822741.11500032,822110.87900032,13,,measured,23593.693999828247,150772.5430001301,930
27.395,479.62700000000007,0.0,dot-1024x32,731825.3729999925,798.692,1196222.1610010709,109.8560020327568,75.806,Current,one_shot,877009.1300002711,876210.4380002711,13,,measured,0.0,143345.3350000491,930
27.345,454.081,0.0,dot-1024x32,731825.3729999925,774.064,1361659.866001576,110.97600311040878,96.478,Random,one_shot,1042446.8350007762,1041672.7710007762,13,165462.33300050517,measured,0.0,143345.3350000491,930
27.229,360.58500000000004,0.0,dot-1024x32,731825.3729999925,655.475,1361541.2770015758,84.48000252246857,69.662,Random,one_shot,1042328.2460007762,1041672.7710007762,14,165462.33300050517,measured,0.0,143345.3350000491,930
26.856,448.94899999999996,0.0,dot-1024x32,647744.1850001924,750.176,1142074.0860011196,90.46400338411331,76.126,Predicted,one_shot,822861.05500032,822110.87900032,14,,measured,23593.693999828247,150772.5430001301,930
27.490000000000002,448.44300000000004,0.0,dot-1024x32,731825.3729999925,749.1,1196172.5690010707,90.4960036277771,76.127,Current,one_shot,876959.5380002711,876210.4380002711,14,,measured,0.0,143345.3350000491,930
27.268,436.6000000000001,0.0,dot-1024x32,731825.3729999925,760.666,1361646.468001576,112.2559979557991,97.502,Random,one_shot,1042433.4370007762,1041672.7710007762,15,165462.33300050517,measured,0.0,143345.3350000491,930
27.058,448.6050000000001,0.0,dot-1024x32,647744.1850001924,794.697,1142118.6070011198,90.55999666452408,75.934,Predicted,one_shot,822905.57600032,822110.87900032,15,,measured,23593.693999828247,150772.5430001301,930
26.91,443.59499999999997,0.0,dot-1024x32,731825.3729999925,743.572,1196167.0410010708,90.33600240945816,75.838,Current,one_shot,876954.0100002711,876210.4380002711,15,,measured,0.0,143345.3350000491,930
29.199,89.045,111.357,matmul-16x32x24,,592.854,,71.9359964132309,47.647,Current,initialize,,,-1,,initialization,,,
29.86,93.42799999999998,106.424,matmul-16x32x24,,1005.539,,71.32799923419952,47.711,Predicted,initialize,,,-1,,initialization,,,
28.706,84.928,112.993,matmul-16x32x24,,586.573,,70.14399766921997,44.927,Random,initialize,,,-1,,initialization,,,928
28.621000000000002,85.4,121.787,matmul-16x32x24,,604.661,,68.80000233650208,44.479,Random,initialize,,,-1,,initialization,,,929
29.307000000000002,87.128,142.311,matmul-16x32x24,,647.011,,70.592001080513,44.191,Random,initialize,,,-1,,initialization,,,930
28.498,,,matmul-16x32x24,,96.559,,62.591999769210815,44.799,Random,resident,,,0,,warmup,,,928
27.86,,,matmul-16x32x24,,97.693,,63.61600011587143,47.807,Predicted,resident,,,0,,warmup,,,928
27.439999999999998,,,matmul-16x32x24,,105.81,,72.83200323581696,58.398,Current,resident,,,0,,warmup,,,928
25.395000000000003,,,matmul-16x32x24,,90.28,,57.98399820923805,44.479,Random,resident,,,1,,warmup,,,928
25.394,,,matmul-16x32x24,,92.445,,60.32000109553337,47.391,Predicted,resident,,,1,,warmup,,,928
25.450000000000003,,,matmul-16x32x24,,92.131,,60.06399914622307,47.199,Current,resident,,,1,,warmup,,,928
25.82,,,matmul-16x32x24,,89.743,,57.69599974155426,44.415,Random,resident,,,2,,warmup,,,928
26.663,,,matmul-16x32x24,,92.121,,59.776000678539276,47.071,Current,resident,,,2,,warmup,,,928
24.59,,,matmul-16x32x24,,92.423,,60.095999389886856,47.071,Predicted,resident,,,2,,warmup,,,928
24.737000000000002,,,matmul-16x32x24,,89.912,,58.04799869656563,44.415,Random,resident,,,3,,warmup,,,928
24.488,,,matmul-16x32x24,,92.322,,59.99999865889549,47.199,Current,resident,,,3,,warmup,,,928
24.511,,,matmul-16x32x24,,92.873,,60.38400158286095,47.199,Predicted,resident,,,3,,warmup,,,928
24.368000000000002,,,matmul-16x32x24,,91.834,,60.22400036454201,47.391,Predicted,resident,,,4,,warmup,,,928
25.192999999999998,,,matmul-16x32x24,,92.017,,59.967998415231705,47.167,Current,resident,,,4,,warmup,,,928
26.123,,,matmul-16x32x24,,88.913,,57.0559985935688,44.415,Random,resident,,,4,,warmup,,,928
25.073999999999998,,,matmul-16x32x24,,92.38,,60.416001826524734,47.423,Predicted,resident,,,5,,warmup,,,928
24.648,,,matmul-16x32x24,,91.667,,60.03199890255928,47.199,Current,resident,,,5,,warmup,,,928
24.402,,,matmul-16x32x24,,89.395,,57.11999908089638,44.383,Random,resident,,,5,,warmup,,,928
25.451999999999998,,,matmul-16x32x24,,92.513,,60.38400158286095,47.071,Current,resident,,,0,,measured,,,928
25.039,,,matmul-16x32x24,,91.56,,59.20000001788139,47.039,Predicted,resident,,,0,,measured,,,928
25.360999999999997,,,matmul-16x32x24,,93.798,,57.66399949789047,44.479,Random,resident,,,0,,measured,,,928
24.104,,,matmul-16x32x24,,89.305,,57.53599852323532,44.415,Random,resident,,,1,,measured,,,928
24.979,,,matmul-16x32x24,,92.142,,60.416001826524734,47.167,Predicted,resident,,,1,,measured,,,928
25.414,,,matmul-16x32x24,,91.667,,60.15999987721443,47.135,Current,resident,,,1,,measured,,,928
24.771,,,matmul-16x32x24,,92.858,,60.80000102519989,47.391,Predicted,resident,,,2,,measured,,,928
26.515,,,matmul-16x32x24,,98.752,,64.7680014371872,47.199,Current,resident,,,2,,measured,,,928
25.189999999999998,,,matmul-16x32x24,,89.913,,57.472001761198044,44.511,Random,resident,,,2,,measured,,,928
25.124,,,matmul-16x32x24,,92.814,,60.28800085186958,47.391,Predicted,resident,,,3,,measured,,,928
24.506999999999998,,,matmul-16x32x24,,89.436,,57.24800005555153,44.479,Random,resident,,,3,,measured,,,928
24.790999999999997,,,matmul-16x32x24,,92.481,,60.38400158286095,47.231,Current,resident,,,3,,measured,,,928
25.109,,,matmul-16x32x24,,91.683,,59.967998415231705,47.071,Current,resident,,,4,,measured,,,928
25.073999999999998,,,matmul-16x32x24,,91.862,,60.256000608205795,47.103,Predicted,resident,,,4,,measured,,,928
24.689,,,matmul-16x32x24,,89.385,,57.21599981188774,44.511,Random,resident,,,4,,measured,,,928
24.575,,,matmul-16x32x24,,89.82,,57.34400078654289,44.383,Random,resident,,,5,,measured,,,928
24.393,,,matmul-16x32x24,,92.635,,60.15999987721443,47.167,Predicted,resident,,,5,,measured,,,928
24.831,,,matmul-16x32x24,,92.224,,59.99999865889549,47.199,Current,resident,,,5,,measured,,,928
24.451999999999998,,,matmul-16x32x24,,91.631,,60.03199890255928,47.167,Current,resident,,,6,,measured,,,928
24.578000000000003,,,matmul-16x32x24,,91.918,,60.256000608205795,47.391,Predicted,resident,,,6,,measured,,,928
24.496000000000002,,,matmul-16x32x24,,88.678,,57.08799883723259,44.447,Random,resident,,,6,,measured,,,928
24.585,,,matmul-16x32x24,,92.401,,60.15999987721443,47.199,Current,resident,,,7,,measured,,,928
24.38,,,matmul-16x32x24,,89.233,,56.8000003695488,44.447,Random,resident,,,7,,measured,,,928
25.787,,,matmul-16x32x24,,91.912,,59.487998485565186,47.391,Predicted,resident,,,7,,measured,,,928
24.366,,,matmul-16x32x24,,91.7,,59.967998415231705,47.071,Predicted,resident,,,8,,measured,,,928
24.86,,,matmul-16x32x24,,91.284,,59.808000922203064,47.039,Current,resident,,,8,,measured,,,928
24.647,,,matmul-16x32x24,,89.614,,57.40800127387047,44.543,Random,resident,,,8,,measured,,,928
24.561999999999998,,,matmul-16x32x24,,89.504,,57.53599852323532,44.415,Random,resident,,,9,,measured,,,928
28.695999999999998,,,matmul-16x32x24,,91.884,,59.967998415231705,47.199,Predicted,resident,,,9,,measured,,,928
25.359,,,matmul-16x32x24,,92.027,,60.19200012087822,47.167,Current,resident,,,9,,measured,,,928
24.993000000000002,,,matmul-16x32x24,,89.768,,57.760000228881836,44.479,Random,resident,,,10,,measured,,,928
25.147,,,matmul-16x32x24,,91.972,,60.03199890255928,47.167,Current,resident,,,10,,measured,,,928
24.74,,,matmul-16x32x24,,92.856,,60.83200126886368,47.391,Predicted,resident,,,10,,measured,,,928
24.506999999999998,,,matmul-16x32x24,,91.93,,59.967998415231705,47.423,Predicted,resident,,,11,,measured,,,928
24.53,,,matmul-16x32x24,,89.285,,57.151999324560165,44.415,Random,resident,,,11,,measured,,,928
24.826,,,matmul-16x32x24,,92.299,,60.15999987721443,47.199,Current,resident,,,11,,measured,,,928
25.005,,,matmul-16x32x24,,92.556,,60.447998344898224,47.103,Predicted,resident,,,12,,measured,,,928
25.203,,,matmul-16x32x24,,91.924,,59.93599817156792,47.071,Current,resident,,,12,,measured,,,928
24.68,,,matmul-16x32x24,,89.949,,57.8560009598732,44.447,Random,resident,,,12,,measured,,,928
24.103,,,matmul-16x32x24,,88.884,,57.24800005555153,44.415,Random,resident,,,13,,measured,,,928
25.308,,,matmul-16x32x24,,91.646,,59.84000116586685,47.167,Current,resident,,,13,,measured,,,928
29.239,,,matmul-16x32x24,,92.603,,60.22400036454201,47.199,Predicted,resident,,,13,,measured,,,928
24.573,,,matmul-16x32x24,,92.434,,60.447998344898224,47.391,Predicted,resident,,,14,,measured,,,928
24.802,,,matmul-16x32x24,,92.176,,60.32000109553337,47.167,Current,resident,,,14,,measured,,,928
24.633000000000003,,,matmul-16x32x24,,89.426,,57.312000542879105,44.479,Random,resident,,,14,,measured,,,928
23.649,,,matmul-16x32x24,,89.465,,57.151999324560165,44.415,Random,resident,,,15,,measured,,,928
25.921999999999997,,,matmul-16x32x24,,92.495,,60.256000608205795,47.391,Predicted,resident,,,15,,measured,,,928
24.93,,,matmul-16x32x24,,91.989,,59.99999865889549,47.167,Current,resident,,,15,,measured,,,928
25.634,142.06900000000002,0.0,matmul-16x32x24,15638.455999578582,428.223,29635.32299943938,58.94400179386139,44.447,Random,one_shot,21740.6299996411,21312.406999641098,0,2861.643999494845,warmup,0.0,2793.497999846295,928
26.033,143.681,0.0,matmul-16x32x24,13434.135000352398,421.712,25022.658000646217,61.503998935222626,47.103,Predicted,one_shot,17127.965000847937,16706.253000847937,0,,warmup,484.038000649889,2787.925999655272,928
26.45,144.177,0.0,matmul-16x32x24,15638.455999578582,422.345,26767.800999944535,61.3120011985302,47.071,Current,one_shot,18873.108000146254,18450.763000146253,0,,warmup,0.0,2793.497999846295,928
26.34,142.09799999999998,0.0,matmul-16x32x24,15638.455999578582,416.424,29623.523999439378,58.75200033187866,44.415,Random,one_shot,21728.830999641097,21312.406999641098,1,2861.643999494845,warmup,0.0,2793.497999846295,928
26.714,141.68599999999998,0.0,matmul-16x32x24,13434.135000352398,424.532,25025.478000646217,61.824001371860504,47.167,Predicted,one_shot,17130.785000847936,16706.253000847937,1,,warmup,484.038000649889,2787.925999655272,928
26.64,142.689,0.0,matmul-16x32x24,15638.455999578582,420.564,26766.019999944532,61.63199990987778,47.167,Current,one_shot,18871.32700014625,18450.763000146253,1,,warmup,0.0,2793.497999846295,928
26.677999999999997,140.25099999999998,0.0,matmul-16x32x24,15638.455999578582,414.925,29622.024999439378,59.13599953055382,44.479,Random,one_shot,21727.331999641097,21312.406999641098,2,2861.643999494845,warmup,0.0,2793.497999846295,928
25.656,140.61499999999998,0.0,matmul-16x32x24,15638.455999578582,416.368,26761.823999944532,61.69600039720535,47.167,Current,one_shot,18867.13100014625,18450.763000146253,2,,warmup,0.0,2793.497999846295,928
26.802999999999997,140.23000000000002,0.0,matmul-16x32x24,13434.135000352398,418.183,25019.12900064622,62.111999839544296,47.423,Predicted,one_shot,17124.436000847938,16706.253000847937,2,,warmup,484.038000649889,2787.925999655272,928
26.143,140.43499999999997,0.0,matmul-16x32x24,15638.455999578582,411.88,29618.97999943938,58.559998869895935,44.479,Random,one_shot,21724.2869996411,21312.406999641098,3,2861.643999494845,warmup,0.0,2793.497999846295,928
25.552,139.706,0.0,matmul-16x32x24,15638.455999578582,413.587,26759.042999944533,61.76000088453293,47.23,Current,one_shot,18864.350000146253,18450.763000146253,3,,warmup,0.0,2793.497999846295,928
25.673000000000002,140.655,0.0,matmul-16x32x24,13434.135000352398,415.284,25016.230000646217,61.37600168585777,47.423,Predicted,one_shot,17121.537000847937,16706.253000847937,3,,warmup,484.038000649889,2787.925999655272,928
25.834,75.32100000000001,0.0,matmul-16x32x24,13434.135000352398,353.4,24954.34600064622,61.47199869155884,47.071,Predicted,one_shot,17059.65300084794,16706.253000847937,4,,warmup,484.038000649889,2787.925999655272,928
40.974000000000004,198.875,0.0,matmul-16x32x24,15638.455999578582,625.875,26971.330999944534,71.35999947786331,47.071,Current,one_shot,19076.638000146253,18450.763000146253,4,,warmup,0.0,2793.497999846295,928
42.099,149.08700000000002,0.0,matmul-16x32x24,15638.455999578582,536.287,29743.38699943938,62.591999769210815,44.479,Random,one_shot,21848.6939996411,21312.406999641098,4,2861.643999494845,warmup,0.0,2793.497999846295,928
26.625,156.168,0.0,matmul-16x32x24,13434.135000352398,525.768,25126.714000646218,64.7360011935234,47.167,Predicted,one_shot,17232.021000847937,16706.253000847937,5,,warmup,484.038000649889,2787.925999655272,928
27.192,144.373,0.0,matmul-16x32x24,15638.455999578582,431.578,26777.033999944535,62.33600154519081,47.167,Current,one_shot,18882.341000146254,18450.763000146253,5,,warmup,0.0,2793.497999846295,928
26.23,140.89399999999998,0.0,matmul-16x32x24,15638.455999578582,417.471,29624.57099943938,60.03199890255928,44.383,Random,one_shot,21729.8779996411,21312.406999641098,5,2861.643999494845,warmup,0.0,2793.497999846295,928
29.787,155.93200000000002,0.0,matmul-16x32x24,15638.455999578582,497.257,26842.712999944535,64.00000303983688,47.231,Current,one_shot,18948.020000146254,18450.763000146253,0,,measured,0.0,2793.497999846295,928
27.68,146.051,0.0,matmul-16x32x24,13434.135000352398,436.47,25037.41600064622,64.7680014371872,47.391,Predicted,one_shot,17142.72300084794,16706.253000847937,0,,measured,484.038000649889,2787.925999655272,928
27.084,144.32,0.0,matmul-16x32x24,15638.455999578582,431.944,29639.04399943938,60.447998344898224,44.479,Random,one_shot,21744.350999641098,21312.406999641098,0,2861.643999494845,measured,0.0,2793.497999846295,928
43.037,77.512,0.0,matmul-16x32x24,15638.455999578582,396.546,29603.645999439377,60.28800085186958,44.447,Random,one_shot,21708.952999641097,21312.406999641098,1,2861.643999494845,measured,0.0,2793.497999846295,928
28.729999999999997,166.07699999999994,0.0,matmul-16x32x24,13434.135000352398,934.695,25535.641000646217,69.72800195217133,47.423,Predicted,one_shot,17640.948000847937,16706.253000847937,1,,measured,484.038000649889,2787.925999655272,928
32.242999999999995,216.61499999999998,0.0,matmul-16x32x24,15638.455999578582,584.736,26930.191999944534,68.89600306749344,47.199,Current,one_shot,19035.499000146254,18450.763000146253,1,,measured,0.0,2793.497999846295,928
29.4,212.24,0.0,matmul-16x32x24,13434.135000352398,594.498,25195.444000646217,69.47200000286102,47.071,Predicted,one_shot,17300.751000847937,16706.253000847937,2,,measured,484.038000649889,2787.925999655272,928
30.672,196.80300000000003,0.0,matmul-16x32x24,15638.455999578582,544.489,26889.944999944535,72.4480003118515,47.103,Current,one_shot,18995.252000146254,18450.763000146253,2,,measured,0.0,2793.497999846295,928
33.819,169.08200000000002,0.0,matmul-16x32x24,15638.455999578582,514.264,29721.363999439378,66.3359984755516,44.479,Random,one_shot,21826.670999641097,21312.406999641098,2,2861.643999494845,measured,0.0,2793.497999846295,928
33.716,153.59599999999998,0.0,matmul-16x32x24,13434.135000352398,495.719,25096.66500064622,76.1599987745285,47.167,Predicted,one_shot,17201.972000847938,16706.253000847937,3,,measured,484.038000649889,2787.925999655272,928
29.454,177.40499999999997,0.0,matmul-16x32x24,15638.455999578582,533.521,29740.62099943938,69.21599805355072,44.447,Random,one_shot,21845.9279996411,21312.406999641098,3,2861.643999494845,measured,0.0,2793.497999846295,928
29.909,166.109,0.0,matmul-16x32x24,15638.455999578582,489.024,26834.479999944535,66.30399823188782,47.199,Current,one_shot,18939.787000146254,18450.763000146253,3,,measured,0.0,2793.497999846295,928
32.02,89.49700000000001,0.0,matmul-16x32x24,15638.455999578582,481.632,26827.087999944535,66.94400310516357,47.199,Current,one_shot,18932.395000146254,18450.763000146253,4,,measured,0.0,2793.497999846295,928
44.653999999999996,218.41199999999998,0.0,matmul-16x32x24,13434.135000352398,706.687,25307.63300064622,78.75200361013412,47.391,Predicted,one_shot,17412.94000084794,16706.253000847937,4,,measured,484.038000649889,2787.925999655272,928
28.070999999999998,201.24,0.0,matmul-16x32x24,15638.455999578582,593.858,29800.95799943938,62.72000074386597,44.511,Random,one_shot,21906.2649996411,21312.406999641098,4,2861.643999494845,measured,0.0,2793.497999846295,928
25.695999999999998,95.75699999999999,0.0,matmul-16x32x24,15638.455999578582,404.209,29611.308999439378,62.272001057863235,44.415,Random,one_shot,21716.615999641097,21312.406999641098,5,2861.643999494845,measured,0.0,2793.497999846295,928
42.299,147.51500000000001,0.0,matmul-16x32x24,13434.135000352398,470.152,25071.098000646216,66.97600334882736,47.39,Predicted,one_shot,17176.405000847935,16706.253000847937,5,,measured,484.038000649889,2787.925999655272,928
29.302999999999997,149.30399999999997,0.0,matmul-16x32x24,15638.455999578582,447.306,26792.761999944534,64.7680014371872,47.199,Current,one_shot,18898.069000146254,18450.763000146253,5,,measured,0.0,2793.497999846295,928
42.577,142.251,0.0,matmul-16x32x24,15638.455999578582,545.95,26891.405999944534,72.86400347948074,47.071,Current,one_shot,18996.713000146254,18450.763000146253,6,,measured,0.0,2793.497999846295,928
41.265,218.55800000000002,0.0,matmul-16x32x24,13434.135000352398,704.217,25305.16300064622,82.0159986615181,47.103,Predicted,one_shot,17410.470000847938,16706.253000847937,6,,measured,484.038000649889,2787.925999655272,928
27.743,196.637,0.0,matmul-16x32x24,15638.455999578582,606.95,29814.04999943938,66.0799965262413,44.447,Random,one_shot,21919.3569996411,21312.406999641098,6,2861.643999494845,measured,0.0,2793.497999846295,928
36.793,144.85100000000003,0.0,matmul-16x32x24,15638.455999578582,458.02,26803.475999944534,63.80800157785416,47.167,Current,one_shot,18908.783000146253,18450.763000146253,7,,measured,0.0,2793.497999846295,928
26.398,142.382,0.0,matmul-16x32x24,15638.455999578582,461.131,29668.23099943938,67.00800359249115,44.447,Random,one_shot,21773.5379996411,21312.406999641098,7,2861.643999494845,measured,0.0,2793.497999846295,928
26.287999999999997,143.264,0.0,matmul-16x32x24,13434.135000352398,425.841,25026.787000646218,63.10400366783142,47.199,Predicted,one_shot,17132.094000847937,16706.253000847937,7,,measured,484.038000649889,2787.925999655272,928
25.326,74.592,0.0,matmul-16x32x24,13434.135000352398,350.521,24951.46700064622,62.24000081419945,47.391,Predicted,one_shot,17056.774000847938,16706.253000847937,8,,measured,484.038000649889,2787.925999655272,928
27.241,142.24399999999997,0.0,matmul-16x32x24,15638.455999578582,421.237,26766.692999944535,63.58399987220764,47.167,Current,one_shot,18872.000000146254,18450.763000146253,8,,measured,0.0,2793.497999846295,928
26.299,140.295,0.0,matmul-16x32x24,15638.455999578582,413.961,29621.060999439378,58.75200033187866,44.479,Random,one_shot,21726.367999641097,21312.406999641098,8,2861.643999494845,measured,0.0,2793.497999846295,928
25.023000000000003,73.08999999999999,0.0,matmul-16x32x24,15638.455999578582,342.141,29549.24099943938,58.14399942755699,44.383,Random,one_shot,21654.547999641098,21312.406999641098,9,2861.643999494845,measured,0.0,2793.497999846295,928
26.088,141.80899999999997,0.0,matmul-16x32x24,13434.135000352398,415.024,25015.97000064622,61.664000153541565,47.391,Predicted,one_shot,17121.27700084794,16706.253000847937,9,,measured,484.038000649889,2787.925999655272,928
26.723,141.48199999999997,0.0,matmul-16x32x24,15638.455999578582,415.178,26760.633999944534,61.3120011985302,47.199,Current,one_shot,18865.941000146253,18450.763000146253,9,,measured,0.0,2793.497999846295,928
25.621000000000002,139.711,0.0,matmul-16x32x24,15638.455999578582,411.32,29618.41999943938,58.75200033187866,44.479,Random,one_shot,21723.726999641098,21312.406999641098,10,2861.643999494845,measured,0.0,2793.497999846295,928
26.031,139.566,0.0,matmul-16x32x24,15638.455999578582,413.638,26759.093999944533,61.28000095486641,47.071,Current,one_shot,18864.401000146252,18450.763000146253,10,,measured,0.0,2793.497999846295,928
29.521,140.3,0.0,matmul-16x32x24,13434.135000352398,419.148,25020.09400064622,61.43999844789505,47.103,Predicted,one_shot,17125.401000847938,16706.253000847937,10,,measured,484.038000649889,2787.925999655272,928
25.148,75.00800000000001,0.0,matmul-16x32x24,13434.135000352398,349.133,24950.07900064622,62.111999839544296,47.167,Predicted,one_shot,17055.38600084794,16706.253000847937,11,,measured,484.038000649889,2787.925999655272,928
25.793,140.079,0.0,matmul-16x32x24,15638.455999578582,408.623,29615.72299943938,58.720000088214874,44.415,Random,one_shot,21721.029999641098,21312.406999641098,11,2861.643999494845,measured,0.0,2793.497999846295,928
26.205,139.57800000000003,0.0,matmul-16x32x24,15638.455999578582,412.425,26757.880999944533,61.503998935222626,47.167,Current,one_shot,18863.188000146252,18450.763000146253,11,,measured,0.0,2793.497999846295,928
25.867,141.44599999999997,0.0,matmul-16x32x24,13434.135000352398,414.114,25015.06000064622,61.40799820423126,47.423,Predicted,one_shot,17120.36700084794,16706.253000847937,12,,measured,484.038000649889,2787.925999655272,928
26.427999999999997,140.767,0.0,matmul-16x32x24,15638.455999578582,413.736,26759.191999944534,61.792001128196716,47.199,Current,one_shot,18864.499000146254,18450.763000146253,12,,measured,0.0,2793.497999846295,928
26.72,138.54399999999998,0.0,matmul-16x32x24,15638.455999578582,408.261,29615.360999439377,58.9120015501976,44.511,Random,one_shot,21720.667999641097,21312.406999641098,12,2861.643999494845,measured,0.0,2793.497999846295,928
25.485,73.247,0.0,matmul-16x32x24,15638.455999578582,342.849,29549.948999439377,58.687999844551086,44.447,Random,one_shot,21655.255999641096,21312.406999641098,13,2861.643999494845,measured,0.0,2793.497999846295,928
25.866,140.762,0.0,matmul-16x32x24,15638.455999578582,413.73,26759.185999944533,61.344001442193985,47.199,Current,one_shot,18864.493000146253,18450.763000146253,13,,measured,0.0,2793.497999846295,928
25.853,139.86900000000003,0.0,matmul-16x32x24,13434.135000352398,413.41,25014.356000646218,61.664000153541565,47.391,Predicted,one_shot,17119.663000847937,16706.253000847937,13,,measured,484.038000649889,2787.925999655272,928
25.546,72.94,0.0,matmul-16x32x24,13434.135000352398,344.19,24945.136000646216,61.535999178886414,47.103,Predicted,one_shot,17050.443000847936,16706.253000847937,14,,measured,484.038000649889,2787.925999655272,928
26.663,140.21,0.0,matmul-16x32x24,15638.455999578582,413.194,26758.649999944533,61.3120011985302,47.103,Current,one_shot,18863.957000146253,18450.763000146253,14,,measured,0.0,2793.497999846295,928
25.977,139.356,0.0,matmul-16x32x24,15638.455999578582,409.154,29616.253999439377,58.88000130653381,44.479,Random,one_shot,21721.560999641097,21312.406999641098,14,2861.643999494845,measured,0.0,2793.497999846295,928
25.613,73.58399999999999,0.0,matmul-16x32x24,15638.455999578582,340.826,29547.92599943938,58.559998869895935,44.383,Random,one_shot,21653.2329996411,21312.406999641098,15,2861.643999494845,measured,0.0,2793.497999846295,928
25.753999999999998,139.60399999999998,0.0,matmul-16x32x24,13434.135000352398,410.608,25011.554000646218,60.92799827456474,47.167,Predicted,one_shot,17116.861000847937,16706.253000847937,15,,measured,484.038000649889,2787.925999655272,928
27.863999999999997,139.40699999999998,0.0,matmul-16x32x24,15638.455999578582,706.212,27051.667999944533,63.13599646091461,47.167,Current,one_shot,19156.975000146253,18450.763000146253,15,,measured,0.0,2793.497999846295,928
30.658,,,matmul-16x32x24,,93.309,,59.7120001912117,44.287,Random,resident,,,0,,warmup,,,929
25.605,,,matmul-16x32x24,,93.268,,60.80000102519989,47.167,Current,resident,,,0,,warmup,,,929
25.661,,,matmul-16x32x24,,92.567,,60.5119988322258,47.391,Predicted,resident,,,0,,warmup,,,929
25.856,,,matmul-16x32x24,,92.15,,60.54399907588959,47.359,Predicted,resident,,,1,,warmup,,,929
25.459,,,matmul-16x32x24,,89.477,,57.151999324560165,43.999,Random,resident,,,1,,warmup,,,929
25.305999999999997,,,matmul-16x32x24,,91.824,,59.87200140953064,47.231,Current,resident,,,1,,warmup,,,929
25.992,,,matmul-16x32x24,,92.101,,60.35200133919716,47.135,Predicted,resident,,,2,,warmup,,,929
25.053,,,matmul-16x32x24,,88.436,,56.86400085687637,43.999,Random,resident,,,2,,warmup,,,929
25.668,,,matmul-16x32x24,,92.327,,60.06399914622307,47.071,Current,resident,,,2,,warmup,,,929
24.997,,,matmul-16x32x24,,92.038,,60.15999987721443,47.167,Predicted,resident,,,3,,warmup,,,929
24.771,,,matmul-16x32x24,,91.544,,59.93599817156792,47.134,Current,resident,,,3,,warmup,,,929
24.516,,,matmul-16x32x24,,89.015,,57.21599981188774,43.936,Random,resident,,,3,,warmup,,,929
24.892,,,matmul-16x32x24,,93.03,,60.60799956321716,47.423,Predicted,resident,,,4,,warmup,,,929
25.833,,,matmul-16x32x24,,102.848,,61.216000467538834,47.199,Current,resident,,,4,,warmup,,,929
24.932000000000002,,,matmul-16x32x24,,89.417,,57.472001761198044,43.999,Random,resident,,,4,,warmup,,,929
25.042,,,matmul-16x32x24,,92.604,,60.38400158286095,47.423,Predicted,resident,,,5,,warmup,,,929
25.35,,,matmul-16x32x24,,91.751,,59.93599817156792,47.231,Current,resident,,,5,,warmup,,,929
24.496,,,matmul-16x32x24,,89.369,,56.832000613212585,43.999,Random,resident,,,5,,warmup,,,929
24.213,,,matmul-16x32x24,,88.902,,56.96000158786774,43.903,Random,resident,,,0,,measured,,,929
24.963,,,matmul-16x32x24,,92.615,,60.15999987721443,47.103,Current,resident,,,0,,measured,,,929
25.378999999999998,,,matmul-16x32x24,,91.593,,59.99999865889549,47.102,Predicted,resident,,,0,,measured,,,929
24.38,,,matmul-16x32x24,,92.512,,60.06399914622307,47.167,Predicted,resident,,,1,,measured,,,929
24.680999999999997,,,matmul-16x32x24,,89.046,,57.08799883723259,43.999,Random,resident,,,1,,measured,,,929
24.564,,,matmul-16x32x24,,91.735,,59.99999865889549,47.199,Current,resident,,,1,,measured,,,929
24.341,,,matmul-16x32x24,,91.972,,60.03199890255928,47.199,Current,resident,,,2,,measured,,,929
30.214,,,matmul-16x32x24,,92.71,,59.99999865889549,47.391,Predicted,resident,,,2,,measured,,,929
26.514,,,matmul-16x32x24,,90.35,,57.631999254226685,43.999,Random,resident,,,2,,measured,,,929
25.604,,,matmul-16x32x24,,93.225,,60.864001512527466,47.391,Predicted,resident,,,3,,measured,,,929
25.851,,,matmul-16x32x24,,95.858,,63.551999628543854,47.231,Current,resident,,,3,,measured,,,929
25.274,,,matmul-16x32x24,,90.157,,57.312000542879105,44.031,Random,resident,,,3,,measured,,,929
25.009999999999998,,,matmul-16x32x24,,92.138,,60.06399914622307,47.103,Current,resident,,,4,,measured,,,929
24.32,,,matmul-16x32x24,,88.862,,56.8000003695488,43.999,Random,resident,,,4,,measured,,,929
26.192999999999998,,,matmul-16x32x24,,92.016,,60.127999633550644,47.071,Predicted,resident,,,4,,measured,,,929
25.179000000000002,,,matmul-16x32x24,,91.996,,59.967998415231705,47.167,Predicted,resident,,,5,,measured,,,929
25.051000000000002,,,matmul-16x32x24,,88.354,,56.92800134420395,43.967,Random,resident,,,5,,measured,,,929
24.729999999999997,,,matmul-16x32x24,,92.124,,60.095999389886856,47.199,Current,resident,,,5,,measured,,,929
24.512,,,matmul-16x32x24,,92.837,,60.575999319553375,47.423,Predicted,resident,,,6,,measured,,,929
24.189,,,matmul-16x32x24,,91.59,,59.967998415231705,47.199,Current,resident,,,6,,measured,,,929
24.308,,,matmul-16x32x24,,87.745,,56.51199817657471,43.967,Random,resident,,,6,,measured,,,929
26.038,,,matmul-16x32x24,,93.993,,61.184000223875046,47.359,Predicted,resident,,,7,,measured,,,929
25.316000000000003,,,matmul-16x32x24,,91.652,,59.67999994754791,47.199,Current,resident,,,7,,measured,,,929
24.418,,,matmul-16x32x24,,88.486,,56.60799890756607,43.999,Random,resident,,,7,,measured,,,929
24.782,,,matmul-16x32x24,,91.689,,59.55199897289276,47.103,Current,resident,,,8,,measured,,,929
25.323,,,matmul-16x32x24,,92.114,,59.67999994754791,47.103,Predicted,resident,,,8,,measured,,,929
24.56,,,matmul-16x32x24,,88.334,,56.60799890756607,43.999,Random,resident,,,8,,measured,,,929
23.738,,,matmul-16x32x24,,87.871,,56.73599988222122,43.935,Random,resident,,,9,,measured,,,929
24.511000000000003,,,matmul-16x32x24,,91.339,,59.90400165319443,47.199,Predicted,resident,,,9,,measured,,,929
24.998,,,matmul-16x32x24,,91.886,,59.93599817156792,47.199,Current,resident,,,9,,measured,,,929
24.604,,,matmul-16x32x24,,91.436,,59.74400043487549,47.167,Current,resident,,,10,,measured,,,929
24.542,,,matmul-16x32x24,,91.889,,59.967998415231705,47.391,Predicted,resident,,,10,,measured,,,929
24.8,,,matmul-16x32x24,,88.444,,56.352000683546066,44.031,Random,resident,,,10,,measured,,,929
25.056,,,matmul-16x32x24,,92.404,,60.256000608205795,47.199,Current,resident,,,11,,measured,,,929
25.218,,,matmul-16x32x24,,89.798,,57.11999908089638,44.063,Random,resident,,,11,,measured,,,929
24.759,,,matmul-16x32x24,,93.527,,60.83200126886368,47.423,Predicted,resident,,,11,,measured,,,929
25.703,,,matmul-16x32x24,,89.074,,57.312000542879105,43.999,Random,resident,,,12,,measured,,,929
25.269,,,matmul-16x32x24,,92.001,,60.095999389886856,47.103,Predicted,resident,,,12,,measured,,,929
24.883,,,matmul-16x32x24,,91.413,,59.967998415231705,47.071,Current,resident,,,12,,measured,,,929
24.514,,,matmul-16x32x24,,91.603,,59.93599817156792,47.167,Predicted,resident,,,13,,measured,,,929
24.502,,,matmul-16x32x24,,92.286,,60.256000608205795,47.167,Current,resident,,,13,,measured,,,929
24.508,,,matmul-16x32x24,,88.855,,57.023998349905014,43.967,Random,resident,,,13,,measured,,,929
25.154,,,matmul-16x32x24,,92.172,,59.967998415231705,47.231,Current,resident,,,14,,measured,,,929
24.957,,,matmul-16x32x24,,88.901,,56.57599866390228,44.031,Random,resident,,,14,,measured,,,929
25.114,,,matmul-16x32x24,,92.055,,60.32000109553337,47.423,Predicted,resident,,,14,,measured,,,929
24.656,,,matmul-16x32x24,,91.735,,60.127999633550644,47.199,Current,resident,,,15,,measured,,,929
24.448999999999998,,,matmul-16x32x24,,92.431,,60.5119988322258,47.391,Predicted,resident,,,15,,measured,,,929
24.523,,,matmul-16x32x24,,89.58,,57.472001761198044,43.967,Random,resident,,,15,,measured,,,929
25.052,75.825,0.0,matmul-16x32x24,15638.455999578582,354.901,29545.52799947972,57.72799998521805,43.967,Random,one_shot,21650.83499968144,21295.933999681438,0,2845.170999535185,warmup,0.0,2793.497999846295,929
26.392,140.661,0.0,matmul-16x32x24,15638.455999578582,417.824,26763.279999944534,61.664000153541565,47.103,Current,one_shot,18868.587000146254,18450.763000146253,0,,warmup,0.0,2793.497999846295,929
25.974,141.246,0.0,matmul-16x32x24,13434.135000352398,417.546,25018.492000646216,61.88800185918808,47.071,Predicted,one_shot,17123.799000847936,16706.253000847937,0,,warmup,484.038000649889,2787.925999655272,929
25.722,75.81800000000001,0.0,matmul-16x32x24,13434.135000352398,349.711,24950.657000646217,61.72800064086914,47.23,Predicted,one_shot,17055.964000847936,16706.253000847937,1,,warmup,484.038000649889,2787.925999655272,929
26.279,140.396,0.0,matmul-16x32x24,15638.455999578582,412.153,29602.779999479717,58.46399813890457,43.999,Random,one_shot,21708.086999681436,21295.933999681438,1,2845.170999535185,warmup,0.0,2793.497999846295,929
25.652,140.00199999999998,0.0,matmul-16x32x24,15638.455999578582,412.012,26757.467999944532,61.5679994225502,47.167,Current,one_shot,18862.775000146252,18450.763000146253,1,,warmup,0.0,2793.497999846295,929
25.837000000000003,139.663,0.0,matmul-16x32x24,13434.135000352398,412.173,25013.119000646217,61.983998864889145,47.423,Predicted,one_shot,17118.426000847936,16706.253000847937,2,,warmup,484.038000649889,2787.925999655272,929
25.444000000000003,143.38199999999998,0.0,matmul-16x32x24,15638.455999578582,413.068,29603.694999479718,58.720000088214874,43.999,Random,one_shot,21709.001999681437,21295.933999681438,2,2845.170999535185,warmup,0.0,2793.497999846295,929
25.758,141.47500000000002,0.0,matmul-16x32x24,15638.455999578582,413.915,26759.370999944535,61.28000095486641,47.199,Current,one_shot,18864.678000146254,18450.763000146253,2,,warmup,0.0,2793.497999846295,929
25.678,140.19400000000002,0.0,matmul-16x32x24,13434.135000352398,413.761,25014.707000646216,61.59999966621399,47.391,Predicted,one_shot,17120.014000847936,16706.253000847937,3,,warmup,484.038000649889,2787.925999655272,929
25.764,140.51099999999997,0.0,matmul-16x32x24,15638.455999578582,413.146,26758.601999944534,61.216000467538834,47.231,Current,one_shot,18863.909000146254,18450.763000146253,3,,warmup,0.0,2793.497999846295,929
25.291,139.214,0.0,matmul-16x32x24,15638.455999578582,407.397,29598.02399947972,58.240000158548355,44.031,Random,one_shot,21703.33099968144,21295.933999681438,3,2845.170999535185,warmup,0.0,2793.497999846295,929
25.679000000000002,140.858,0.0,matmul-16x32x24,13434.135000352398,412.298,25013.244000646217,61.5679994225502,47.103,Predicted,one_shot,17118.551000847936,16706.253000847937,4,,warmup,484.038000649889,2787.925999655272,929
26.238,139.74499999999998,0.0,matmul-16x32x24,15638.455999578582,411.055,26756.510999944534,61.3120011985302,47.103,Current,one_shot,18861.818000146253,18450.763000146253,4,,warmup,0.0,2793.497999846295,929
25.631,138.301,0.0,matmul-16x32x24,15638.455999578582,405.832,29596.458999479717,58.17599967122078,43.999,Random,one_shot,21701.765999681436,21295.933999681438,4,2845.170999535185,warmup,0.0,2793.497999846295,929
29.892000000000003,140.703,0.0,matmul-16x32x24,13434.135000352398,444.258,25045.20400064622,63.71200084686279,47.231,Predicted,one_shot,17150.51100084794,16706.253000847937,5,,warmup,484.038000649889,2787.925999655272,929
26.224,140.65399999999997,0.0,matmul-16x32x24,15638.455999578582,418.77,26764.225999944534,61.824001371860504,47.199,Current,one_shot,18869.533000146253,18450.763000146253,5,,warmup,0.0,2793.497999846295,929
36.81,144.76600000000002,0.0,matmul-16x32x24,15638.455999578582,471.142,29661.76899947972,59.10399928689003,43.935,Random,one_shot,21767.075999681438,21295.933999681438,5,2845.170999535185,warmup,0.0,2793.497999846295,929
25.342,75.25000000000001,0.0,matmul-16x32x24,15638.455999578582,351.341,29541.96799947972,59.58399921655655,43.967,Random,one_shot,21647.27499968144,21295.933999681438,0,2845.170999535185,measured,0.0,2793.497999846295,929
26.666,140.295,0.0,matmul-16x32x24,15638.455999578582,416.167,26761.622999944535,61.76000088453293,47.198,Current,one_shot,18866.930000146254,18450.763000146253,0,,measured,0.0,2793.497999846295,929
25.939,139.351,0.0,matmul-16x32x24,13434.135000352398,412.124,25013.070000646218,61.72800064086914,47.391,Predicted,one_shot,17118.377000847937,16706.253000847937,0,,measured,484.038000649889,2787.925999655272,929
24.576,74.48899999999999,0.0,matmul-16x32x24,13434.135000352398,346.015,24946.961000646217,61.5679994225502,47.359,Predicted,one_shot,17052.268000847936,16706.253000847937,1,,measured,484.038000649889,2787.925999655272,929
25.75,139.488,0.0,matmul-16x32x24,15638.455999578582,408.644,29599.27099947972,58.559998869895935,44.031,Random,one_shot,21704.577999681438,21295.933999681438,1,2845.170999535185,measured,0.0,2793.497999846295,929
25.782,141.138,0.0,matmul-16x32x24,15638.455999578582,417.605,26763.060999944533,61.43999844789505,47.199,Current,one_shot,18868.368000146253,18450.763000146253,1,,measured,0.0,2793.497999846295,929
25.267,72.159,0.0,matmul-16x32x24,15638.455999578582,343.569,26689.024999944533,61.37600168585777,47.071,Current,one_shot,18794.332000146253,18450.763000146253,2,,measured,0.0,2793.497999846295,929
25.967,140.27700000000002,0.0,matmul-16x32x24,13434.135000352398,414.797,25015.743000646216,61.37600168585777,47.071,Predicted,one_shot,17121.050000847936,16706.253000847937,2,,measured,484.038000649889,2787.925999655272,929
25.455,140.24399999999997,0.0,matmul-16x32x24,15638.455999578582,409.953,29600.57999947972,58.079998940229416,43.935,Random,one_shot,21705.88699968144,21295.933999681438,2,2845.170999535185,measured,0.0,2793.497999846295,929
25.674,140.97199999999998,0.0,matmul-16x32x24,13434.135000352398,413.273,25014.21900064622,62.04799935221672,47.199,Predicted,one_shot,17119.526000847938,16706.253000847937,3,,measured,484.038000649889,2787.925999655272,929
25.93,140.475,0.0,matmul-16x32x24,15638.455999578582,412.947,26758.402999944534,62.07999959588051,47.167,Current,one_shot,18863.710000146253,18450.763000146253,3,,measured,0.0,2793.497999846295,929
25.622,138.591,0.0,matmul-16x32x24,15638.455999578582,406.539,29597.16599947972,58.94400179386139,43.967,Random,one_shot,21702.47299968144,21295.933999681438,3,2845.170999535185,measured,0.0,2793.497999846295,929
25.829,140.82399999999998,0.0,matmul-16x32x24,15638.455999578582,414.899,26760.354999944535,61.5679994225502,47.167,Current,one_shot,18865.662000146254,18450.763000146253,4,,measured,0.0,2793.497999846295,929
25.432000000000002,138.86999999999998,0.0,matmul-16x32x24,15638.455999578582,407.249,29597.87599947972,58.49599838256836,43.967,Random,one_shot,21703.182999681438,21295.933999681438,4,2845.170999535185,measured,0.0,2793.497999846295,929
26.195999999999998,139.26899999999998,0.0,matmul-16x32x24,13434.135000352398,409.463,25010.409000646217,61.72800064086914,47.423,Predicted,one_shot,17115.716000847937,16706.253000847937,4,,measured,484.038000649889,2787.925999655272,929
24.92,73.076,0.0,matmul-16x32x24,13434.135000352398,342.546,24943.492000646216,61.824001371860504,47.359,Predicted,one_shot,17048.799000847936,16706.253000847937,5,,measured,484.038000649889,2787.925999655272,929
25.461,140.26999999999998,0.0,matmul-16x32x24,15638.455999578582,407.726,29598.352999479717,58.400001376867294,44.031,Random,one_shot,21703.659999681437,21295.933999681438,5,2845.170999535185,measured,0.0,2793.497999846295,929
26.302999999999997,139.529,0.0,matmul-16x32x24,15638.455999578582,409.883,26755.338999944535,61.184000223875046,47.199,Current,one_shot,18860.646000146255,18450.763000146253,5,,measured,0.0,2793.497999846295,929
26.276,139.656,0.0,matmul-16x32x24,13434.135000352398,411.592,25012.53800064622,61.69600039720535,47.071,Predicted,one_shot,17117.845000847938,16706.253000847937,6,,measured,484.038000649889,2787.925999655272,929
25.598,139.90599999999998,0.0,matmul-16x32x24,15638.455999578582,411.845,26757.300999944535,61.503998935222626,47.071,Current,one_shot,18862.608000146254,18450.763000146253,6,,measured,0.0,2793.497999846295,929
25.83,138.563,0.0,matmul-16x32x24,15638.455999578582,408.153,29598.779999479717,58.33600088953972,43.967,Random,one_shot,21704.086999681436,21295.933999681438,6,2845.170999535185,measured,0.0,2793.497999846295,929
25.317999999999998,139.95799999999997,0.0,matmul-16x32x24,13434.135000352398,412.375,25013.321000646218,61.76000088453293,47.167,Predicted,one_shot,17118.628000847937,16706.253000847937,7,,measured,484.038000649889,2787.925999655272,929
25.435000000000002,140.14499999999998,0.0,matmul-16x32x24,15638.455999578582,409.776,26755.231999944535,61.055999249219894,47.167,Current,one_shot,18860.539000146255,18450.763000146253,7,,measured,0.0,2793.497999846295,929
26.357999999999997,152.042,0.0,matmul-16x32x24,15638.455999578582,1487.332,30677.958999479717,60.28800085186958,43.935,Random,one_shot,22783.265999681436,21295.933999681438,7,2845.170999535185,measured,0.0,2793.497999846295,929
25.936999999999998,140.83900000000003,0.0,matmul-16x32x24,15638.455999578582,419.336,26764.791999944533,61.91999837756157,47.167,Current,one_shot,18870.099000146252,18450.763000146253,8,,measured,0.0,2793.497999846295,929
25.601,141.142,0.0,matmul-16x32x24,13434.135000352398,414.883,25015.82900064622,61.5679994225502,47.423,Predicted,one_shot,17121.13600084794,16706.253000847937,8,,measured,484.038000649889,2787.925999655272,929
26.822,139.962,0.0,matmul-16x32x24,15638.455999578582,413.691,29604.317999479717,58.52799862623215,43.967,Random,one_shot,21709.624999681437,21295.933999681438,8,2845.170999535185,measured,0.0,2793.497999846295,929
25.463,72.772,0.0,matmul-16x32x24,15638.455999578582,342.59,29533.21699947972,57.69599974155426,43.999,Random,one_shot,21638.523999681438,21295.933999681438,9,2845.170999535185,measured,0.0,2793.497999846295,929
25.783,142.49,0.0,matmul-16x32x24,13434.135000352398,414.631,25015.57700064622,61.503998935222626,47.359,Predicted,one_shot,17120.88400084794,16706.253000847937,9,,measured,484.038000649889,2787.925999655272,929
26.583,142.12900000000002,0.0,matmul-16x32x24,15638.455999578582,415.722,26761.177999944535,61.3120011985302,47.167,Current,one_shot,18866.485000146255,18450.763000146253,9,,measured,0.0,2793.497999846295,929
25.563,74.96600000000001,0.0,matmul-16x32x24,15638.455999578582,349.911,26695.366999944534,61.344001442193985,47.103,Current,one_shot,18800.674000146253,18450.763000146253,10,,measured,0.0,2793.497999846295,929
25.551000000000002,139.258,0.0,matmul-16x32x24,13434.135000352398,411.081,25012.027000646216,61.40799820423126,47.07,Predicted,one_shot,17117.334000847935,16706.253000847937,10,,measured,484.038000649889,2787.925999655272,929
25.596,139.20500000000004,0.0,matmul-16x32x24,15638.455999578582,408.209,29598.835999479717,58.62399935722351,43.967,Random,one_shot,21704.142999681437,21295.933999681438,10,2845.170999535185,measured,0.0,2793.497999846295,929
26.3,139.714,0.0,matmul-16x32x24,15638.455999578582,413.131,26758.586999944535,61.95199862122536,47.167,Current,one_shot,18863.894000146254,18450.763000146253,11,,measured,0.0,2793.497999846295,929
25.284,139.88899999999998,0.0,matmul-16x32x24,15638.455999578582,413.768,29604.39499947972,58.59199911355972,43.999,Random,one_shot,21709.701999681438,21295.933999681438,11,2845.170999535185,measured,0.0,2793.497999846295,929
25.607999999999997,139.802,0.0,matmul-16x32x24,13434.135000352398,412.321,25013.267000646218,62.24000081419945,47.199,Predicted,one_shot,17118.574000847937,16706.253000847937,11,,measured,484.038000649889,2787.925999655272,929
25.088,139.836,0.0,matmul-16x32x24,15638.455999578582,411.03,29601.656999479717,58.62399935722351,44.031,Random,one_shot,21706.963999681437,21295.933999681438,12,2845.170999535185,measured,0.0,2793.497999846295,929
25.814999999999998,136.417,0.0,matmul-16x32x24,13434.135000352398,410.405,25011.351000646217,61.824001371860504,47.455,Predicted,one_shot,17116.658000847936,16706.253000847937,12,,measured,484.038000649889,2787.925999655272,929
26.045,138.147,0.0,matmul-16x32x24,15638.455999578582,410.532,26755.987999944533,61.664000153541565,47.199,Current,one_shot,18861.295000146252,18450.763000146253,12,,measured,0.0,2793.497999846295,929
26.365000000000002,137.585,0.0,matmul-16x32x24,13434.135000352398,411.529,25012.475000646216,61.72800064086914,47.359,Predicted,one_shot,17117.782000847936,16706.253000847937,13,,measured,484.038000649889,2787.925999655272,929
25.614,137.135,0.0,matmul-16x32x24,15638.455999578582,409.512,26754.967999944532,62.01599910855293,47.199,Current,one_shot,18860.275000146252,18450.763000146253,13,,measured,0.0,2793.497999846295,929
26.927,139.72400000000002,0.0,matmul-16x32x24,15638.455999578582,409.559,29600.18599947972,58.01599845290184,43.999,Random,one_shot,21705.49299968144,21295.933999681438,13,2845.170999535185,measured,0.0,2793.497999846295,929
27.067999999999998,138.21300000000002,0.0,matmul-16x32x24,15638.455999578582,413.641,26759.096999944533,61.40799820423126,47.07,Current,one_shot,18864.404000146253,18450.763000146253,14,,measured,0.0,2793.497999846295,929
25.784,139.851,0.0,matmul-16x32x24,15638.455999578582,409.603,29600.229999479718,58.687999844551086,43.999,Random,one_shot,21705.536999681437,21295.933999681438,14,2845.170999535185,measured,0.0,2793.497999846295,929
25.786,136.14399999999998,0.0,matmul-16x32x24,13434.135000352398,409.807,25010.75300064622,61.983998864889145,47.071,Predicted,one_shot,17116.060000847938,16706.253000847937,14,,measured,484.038000649889,2787.925999655272,929
26.279,136.10699999999997,0.0,matmul-16x32x24,15638.455999578582,410.575,26756.030999944534,61.95199862122536,47.166,Current,one_shot,18861.338000146254,18450.763000146253,15,,measured,0.0,2793.497999846295,929
25.478,134.79000000000002,0.0,matmul-16x32x24,13434.135000352398,404.815,25005.761000646216,61.535999178886414,47.167,Predicted,one_shot,17111.068000847936,16706.253000847937,15,,measured,484.038000649889,2787.925999655272,929
26.154,138.43200000000002,0.0,matmul-16x32x24,15638.455999578582,406.524,29597.15099947972,58.6559996008873,43.999,Random,one_shot,21702.45799968144,21295.933999681438,15,2845.170999535185,measured,0.0,2793.497999846295,929
25.858,,,matmul-16x32x24,,93.88,,61.08799949288368,47.167,Current,resident,,,0,,warmup,,,930
26.398,,,matmul-16x32x24,,90.722,,58.59199911355972,43.935,Random,resident,,,0,,warmup,,,930
25.348,,,matmul-16x32x24,,92.877,,60.575999319553375,47.423,Predicted,resident,,,0,,warmup,,,930
24.293,,,matmul-16x32x24,,91.982,,60.19200012087822,47.391,Predicted,resident,,,1,,warmup,,,930
24.366,,,matmul-16x32x24,,89.3,,56.92800134420395,43.615,Random,resident,,,1,,warmup,,,930
24.857,,,matmul-16x32x24,,91.978,,60.32000109553337,47.199,Current,resident,,,1,,warmup,,,930
25.049,,,matmul-16x32x24,,88.384,,56.41600117087364,43.679,Random,resident,,,2,,warmup,,,930
24.918,,,matmul-16x32x24,,92.345,,59.967998415231705,47.103,Current,resident,,,2,,warmup,,,930
24.601,,,matmul-16x32x24,,91.992,,59.967998415231705,47.07,Predicted,resident,,,2,,warmup,,,930
24.657,,,matmul-16x32x24,,88.459,,56.92800134420395,43.711,Random,resident,,,3,,warmup,,,930
25.436999999999998,,,matmul-16x32x24,,91.879,,60.22400036454201,47.167,Current,resident,,,3,,warmup,,,930
24.548000000000002,,,matmul-16x32x24,,91.557,,59.90400165319443,47.167,Predicted,resident,,,3,,warmup,,,930
24.306,,,matmul-16x32x24,,91.418,,59.967998415231705,47.423,Predicted,resident,,,4,,warmup,,,930
25.07,,,matmul-16x32x24,,88.38,,56.63999915122986,43.679,Random,resident,,,4,,warmup,,,930
25.238,,,matmul-16x32x24,,91.526,,59.67999994754791,47.199,Current,resident,,,4,,warmup,,,930
24.415,,,matmul-16x32x24,,91.547,,59.7120001912117,47.231,Current,resident,,,5,,warmup,,,930
24.695,,,matmul-16x32x24,,88.281,,56.543998420238495,43.743,Random,resident,,,5,,warmup,,,930
30.407,,,matmul-16x32x24,,93.194,,60.35200133919716,47.391,Predicted,resident,,,5,,warmup,,,930
33.172,,,matmul-16x32x24,,104.116,,61.664000153541565,47.07,Current,resident,,,0,,measured,,,930
40.626999999999995,,,matmul-16x32x24,,129.124,,69.24799829721451,47.102,Predicted,resident,,,0,,measured,,,930
26.256999999999998,,,matmul-16x32x24,,91.622,,58.36800113320351,43.679,Random,resident,,,0,,measured,,,930
24.291,,,matmul-16x32x24,,89.943,,57.792000472545624,43.711,Random,resident,,,1,,measured,,,930
25.899,,,matmul-16x32x24,,93.407,,60.15999987721443,47.199,Current,resident,,,1,,measured,,,930
24.835,,,matmul-16x32x24,,92.698,,60.28800085186958,47.167,Predicted,resident,,,1,,measured,,,930
24.717,,,matmul-16x32x24,,92.319,,59.967998415231705,47.359,Predicted,resident,,,2,,measured,,,930
37.562,,,matmul-16x32x24,,115.017,,62.49599903821945,43.679,Random,resident,,,2,,measured,,,930
26.512999999999998,,,matmul-16x32x24,,94.287,,61.40799820423126,47.167,Current,resident,,,2,,measured,,,930
25.137,,,matmul-16x32x24,,92.581,,60.19200012087822,47.263,Current,resident,,,3,,measured,,,930
24.403,,,matmul-16x32x24,,89.053,,56.671999394893646,43.711,Random,resident,,,3,,measured,,,930
27.872,,,matmul-16x32x24,,93.659,,60.22400036454201,47.391,Predicted,resident,,,3,,measured,,,930
25.106,,,matmul-16x32x24,,89.584,,57.18399956822395,43.679,Random,resident,,,4,,measured,,,930
30.04,,,matmul-16x32x24,,111.081,,62.752000987529755,47.071,Predicted,resident,,,4,,measured,,,930
26.755000000000003,,,matmul-16x32x24,,95.047,,62.39999830722809,47.07,Current,resident,,,4,,measured,,,930
26.585,,,matmul-16x32x24,,90.058,,57.11999908089638,43.711,Random,resident,,,5,,measured,,,930
25.55,,,matmul-16x32x24,,93.704,,61.43999844789505,47.167,Predicted,resident,,,5,,measured,,,930
25.688000000000002,,,matmul-16x32x24,,92.207,,60.28800085186958,47.135,Current,resident,,,5,,measured,,,930
32.398,,,matmul-16x32x24,,100.672,,62.81600147485733,47.423,Predicted,resident,,,6,,measured,,,930
25.448,,,matmul-16x32x24,,95.083,,60.736000537872314,47.167,Current,resident,,,6,,measured,,,930
25.093,,,matmul-16x32x24,,89.039,,57.08799883723259,43.711,Random,resident,,,6,,measured,,,930
24.782,,,matmul-16x32x24,,92.941,,60.70400029420853,47.167,Current,resident,,,7,,measured,,,930
25.713,,,matmul-16x32x24,,91.973,,60.19200012087822,47.391,Predicted,resident,,,7,,measured,,,930
26.153,,,matmul-16x32x24,,103.083,,70.78400254249573,43.679,Random,resident,,,7,,measured,,,930
25.174,,,matmul-16x32x24,,92.948,,60.63999980688095,47.103,Current,resident,,,8,,measured,,,930
25.310000000000002,,,matmul-16x32x24,,91.967,,60.095999389886856,47.103,Predicted,resident,,,8,,measured,,,930
24.034,,,matmul-16x32x24,,87.978,,56.44800141453743,43.711,Random,resident,,,8,,measured,,,930
24.77,,,matmul-16x32x24,,92.108,,60.5119988322258,47.198,Predicted,resident,,,9,,measured,,,930
24.763,,,matmul-16x32x24,,88.1,,56.51199817657471,43.647,Random,resident,,,9,,measured,,,930
24.616999999999997,,,matmul-16x32x24,,91.899,,60.32000109553337,47.198,Current,resident,,,9,,measured,,,930
24.692,,,matmul-16x32x24,,92.752,,60.416001826524734,47.391,Predicted,resident,,,10,,measured,,,930
24.573,,,matmul-16x32x24,,92.114,,60.54399907588959,47.167,Current,resident,,,10,,measured,,,930
24.356,,,matmul-16x32x24,,87.997,,56.32000043988228,43.679,Random,resident,,,10,,measured,,,930
24.618000000000002,,,matmul-16x32x24,,92.127,,60.19200012087822,47.199,Current,resident,,,11,,measured,,,930
24.798000000000002,,,matmul-16x32x24,,88.902,,56.73599988222122,43.679,Random,resident,,,11,,measured,,,930
24.756,,,matmul-16x32x24,,91.648,,59.58399921655655,47.391,Predicted,resident,,,11,,measured,,,930
24.872,,,matmul-16x32x24,,92.585,,60.35200133919716,47.071,Current,resident,,,12,,measured,,,930
25.522,,,matmul-16x32x24,,88.468,,56.671999394893646,43.711,Random,resident,,,12,,measured,,,930
24.906,,,matmul-16x32x24,,92.391,,59.99999865889549,47.071,Predicted,resident,,,12,,measured,,,930
24.543999999999997,,,matmul-16x32x24,,91.473,,60.06399914622307,47.199,Predicted,resident,,,13,,measured,,,930
25.646,,,matmul-16x32x24,,92.006,,59.93599817156792,47.135,Current,resident,,,13,,measured,,,930
24.292,,,matmul-16x32x24,,87.655,,56.44800141453743,43.679,Random,resident,,,13,,measured,,,930
24.647,,,matmul-16x32x24,,100.217,,57.98399820923805,43.679,Random,resident,,,14,,measured,,,930
28.375999999999998,,,matmul-16x32x24,,92.832,,60.416001826524734,47.423,Predicted,resident,,,14,,measured,,,930
25.323,,,matmul-16x32x24,,92.653,,60.70400029420853,47.199,Current,resident,,,14,,measured,,,930
24.869999999999997,,,matmul-16x32x24,,88.926,,56.57599866390228,43.679,Random,resident,,,15,,measured,,,930
24.432000000000002,,,matmul-16x32x24,,91.718,,59.87200140953064,47.359,Predicted,resident,,,15,,measured,,,930
25.564999999999998,,,matmul-16x32x24,,91.61,,59.67999994754791,47.167,Current,resident,,,15,,measured,,,930
26.313000000000002,77.347,0.0,matmul-16x32x24,15638.455999578582,382.183,26727.638999944535,62.04799935221672,47.103,Current,one_shot,18832.946000146254,18450.763000146253,0,,warmup,0.0,2793.497999846295,930
26.442,144.35000000000002,0.0,matmul-16x32x24,15638.455999578582,419.85,29577.776999687332,58.36800113320351,43.711,Random,one_shot,21683.08399988905,21263.233999889053,0,2812.4709997428,warmup,0.0,2793.497999846295,930
26.163,138.227,0.0,matmul-16x32x24,13434.135000352398,415.081,25016.027000646216,61.88800185918808,47.135,Predicted,one_shot,17121.334000847935,16706.253000847937,0,,warmup,484.038000649889,2787.925999655272,930
24.955,71.483,0.0,matmul-16x32x24,13434.135000352398,343.176,24944.122000646217,61.40799820423126,47.199,Predicted,one_shot,17049.429000847937,16706.253000847937,1,,warmup,484.038000649889,2787.925999655272,930
25.609,141.40899999999996,0.0,matmul-16x32x24,15638.455999578582,410.806,29568.732999687334,58.079998940229416,43.711,Random,one_shot,21674.039999889053,21263.233999889053,1,2812.4709997428,warmup,0.0,2793.497999846295,930
25.708,139.20000000000002,0.0,matmul-16x32x24,15638.455999578582,415.16,26760.615999944534,61.85600161552429,47.167,Current,one_shot,18865.923000146253,18450.763000146253,1,,warmup,0.0,2793.497999846295,930
25.396,138.811,0.0,matmul-16x32x24,15638.455999578582,410.715,29568.641999687334,58.20799991488457,43.711,Random,one_shot,21673.948999889053,21263.233999889053,2,2812.4709997428,warmup,0.0,2793.497999846295,930
26.294,136.343,0.0,matmul-16x32x24,15638.455999578582,410.849,26756.304999944532,61.47199869155884,47.199,Current,one_shot,18861.61200014625,18450.763000146253,2,,warmup,0.0,2793.497999846295,930
26.637,136.357,0.0,matmul-16x32x24,13434.135000352398,417.075,25018.02100064622,62.17600032687187,47.423,Predicted,one_shot,17123.328000847938,16706.253000847937,2,,warmup,484.038000649889,2787.925999655272,930
25.512,144.60000000000002,0.0,matmul-16x32x24,15638.455999578582,419.382,29577.308999687335,58.9120015501976,43.711,Random,one_shot,21682.615999889054,21263.233999889053,3,2812.4709997428,warmup,0.0,2793.497999846295,930
25.98,137.586,0.0,matmul-16x32x24,15638.455999578582,411.884,26757.339999944532,61.59999966621399,47.198,Current,one_shot,18862.64700014625,18450.763000146253,3,,warmup,0.0,2793.497999846295,930
25.805,136.428,0.0,matmul-16x32x24,13434.135000352398,407.915,25008.86100064622,61.824001371860504,47.391,Predicted,one_shot,17114.168000847938,16706.253000847937,3,,warmup,484.038000649889,2787.925999655272,930
25.483,70.889,0.0,matmul-16x32x24,13434.135000352398,342.002,24942.948000646218,61.535999178886414,47.071,Predicted,one_shot,17048.255000847937,16706.253000847937,4,,warmup,484.038000649889,2787.925999655272,930
25.717,139.50099999999998,0.0,matmul-16x32x24,15638.455999578582,408.594,29566.520999687335,57.440001517534256,43.711,Random,one_shot,21671.827999889054,21263.233999889053,4,2812.4709997428,warmup,0.0,2793.497999846295,930
25.6,136.802,0.0,matmul-16x32x24,15638.455999578582,410.441,26755.896999944533,61.69600039720535,47.071,Current,one_shot,18861.204000146252,18450.763000146253,4,,warmup,0.0,2793.497999846295,930
27.405,69.66999999999999,0.0,matmul-16x32x24,15638.455999578582,652.806,26998.261999944534,64.57599997520447,47.199,Current,one_shot,19103.569000146254,18450.763000146253,5,,warmup,0.0,2793.497999846295,930
26.25,140.474,0.0,matmul-16x32x24,15638.455999578582,423.955,29581.881999687335,58.59199911355972,43.743,Random,one_shot,21687.188999889055,21263.233999889053,5,2812.4709997428,warmup,0.0,2793.497999846295,930
25.641,137.77999999999997,0.0,matmul-16x32x24,13434.135000352398,411.241,25012.18700064622,61.72800064086914,47.167,Predicted,one_shot,17117.49400084794,16706.253000847937,5,,warmup,484.038000649889,2787.925999655272,930
25.962,136.989,0.0,matmul-16x32x24,15638.455999578582,411.493,26756.948999944532,61.63199990987778,47.167,Current,one_shot,18862.25600014625,18450.763000146253,0,,measured,0.0,2793.497999846295,930
25.630000000000003,135.64499999999998,0.0,matmul-16x32x24,13434.135000352398,410.427,25011.373000646217,61.95199862122536,47.39,Predicted,one_shot,17116.680000847937,16706.253000847937,0,,measured,484.038000649889,2787.925999655272,930
25.686,140.71499999999997,0.0,matmul-16x32x24,15638.455999578582,409.572,29567.498999687334,57.792000472545624,43.711,Random,one_shot,21672.805999889053,21263.233999889053,0,2812.4709997428,measured,0.0,2793.497999846295,930
24.942999999999998,73.144,0.0,matmul-16x32x24,15638.455999578582,342.865,29500.791999687335,57.69599974155426,43.679,Random,one_shot,21606.098999889055,21263.233999889053,1,2812.4709997428,measured,0.0,2793.497999846295,930
25.795,136.76,0.0,matmul-16x32x24,15638.455999578582,409.018,26754.473999944534,60.99199876189232,47.199,Current,one_shot,18859.781000146253,18450.763000146253,1,,measured,0.0,2793.497999846295,930
25.116,136.433,0.0,matmul-16x32x24,13434.135000352398,407.945,25008.891000646217,61.43999844789505,47.423,Predicted,one_shot,17114.198000847937,16706.253000847937,1,,measured,484.038000649889,2787.925999655272,930
26.109,72.56,0.0,matmul-16x32x24,13434.135000352398,353.478,24954.424000646217,61.184000223875046,47.039,Predicted,one_shot,17059.731000847936,16706.253000847937,2,,measured,484.038000649889,2787.925999655272,930
25.798000000000002,140.17099999999996,0.0,matmul-16x32x24,15638.455999578582,412.784,29570.710999687333,58.30400064587593,43.711,Random,one_shot,21676.017999889053,21263.233999889053,2,2812.4709997428,measured,0.0,2793.497999846295,930
26.59,136.16600000000003,0.0,matmul-16x32x24,15638.455999578582,411.325,26756.780999944534,61.24800071120262,47.071,Current,one_shot,18862.088000146254,18450.763000146253,2,,measured,0.0,2793.497999846295,930
25.249000000000002,70.369,0.0,matmul-16x32x24,15638.455999578582,344.025,26689.480999944535,61.503998935222626,47.167,Current,one_shot,18794.788000146254,18450.763000146253,3,,measured,0.0,2793.497999846295,930
26.017,139.49599999999998,0.0,matmul-16x32x24,15638.455999578582,407.787,29565.713999687334,57.95200169086456,43.711,Random,one_shot,21671.020999889053,21263.233999889053,3,2812.4709997428,measured,0.0,2793.497999846295,930
25.128,136.995,0.0,matmul-16x32x24,13434.135000352398,408.03,25008.976000646217,61.88800185918808,47.199,Predicted,one_shot,17114.283000847936,16706.253000847937,3,,measured,484.038000649889,2787.925999655272,930
25.661,138.77700000000002,0.0,matmul-16x32x24,15638.455999578582,406.478,29564.404999687333,58.17599967122078,43.711,Random,one_shot,21669.711999889052,21263.233999889053,4,2812.4709997428,measured,0.0,2793.497999846295,930
25.810000000000002,135.74599999999998,0.0,matmul-16x32x24,13434.135000352398,408.289,25009.23500064622,61.91999837756157,47.423,Predicted,one_shot,17114.542000847938,16706.253000847937,4,,measured,484.038000649889,2787.925999655272,930
25.755,136.70999999999998,0.0,matmul-16x32x24,15638.455999578582,413.181,26758.636999944534,61.69600039720535,47.231,Current,one_shot,18863.944000146254,18450.763000146253,4,,measured,0.0,2793.497999846295,930
26.061,138.995,0.0,matmul-16x32x24,15638.455999578582,408.223,29566.149999687335,58.04799869656563,43.711,Random,one_shot,21671.456999889055,21263.233999889053,5,2812.4709997428,measured,0.0,2793.497999846295,930
25.948,135.554,0.0,matmul-16x32x24,13434.135000352398,407.716,25008.662000646218,61.69600039720535,47.423,Predicted,one_shot,17113.969000847937,16706.253000847937,5,,measured,484.038000649889,2787.925999655272,930
25.948999999999998,137.99699999999999,0.0,matmul-16x32x24,15638.455999578582,411.778,26757.233999944532,61.08799949288368,47.199,Current,one_shot,18862.54100014625,18450.763000146253,5,,measured,0.0,2793.497999846295,930
25.283,136.81799999999998,0.0,matmul-16x32x24,13434.135000352398,408.437,25009.38300064622,61.88800185918808,47.071,Predicted,one_shot,17114.69000084794,16706.253000847937,6,,measured,484.038000649889,2787.925999655272,930
25.990000000000002,135.562,0.0,matmul-16x32x24,15638.455999578582,407.423,26752.878999944533,61.59999966621399,47.102,Current,one_shot,18858.186000146252,18450.763000146253,6,,measured,0.0,2793.497999846295,930
25.895,138.964,0.0,matmul-16x32x24,15638.455999578582,407.04,29564.966999687334,57.95200169086456,43.647,Random,one_shot,21670.273999889054,21263.233999889053,6,2812.4709997428,measured,0.0,2793.497999846295,930
25.820999999999998,137.69199999999998,0.0,matmul-16x32x24,15638.455999578582,410.295,26755.750999944532,61.11999973654747,47.167,Current,one_shot,18861.05800014625,18450.763000146253,7,,measured,0.0,2793.497999846295,930
26.796999999999997,136.532,0.0,matmul-16x32x24,13434.135000352398,414.081,25015.027000646216,61.63199990987778,47.167,Predicted,one_shot,17120.334000847935,16706.253000847937,7,,measured,484.038000649889,2787.925999655272,930
25.424999999999997,138.772,0.0,matmul-16x32x24,15638.455999578582,406.477,29564.403999687333,58.240000158548355,43.743,Random,one_shot,21669.710999889052,21263.233999889053,7,2812.4709997428,measured,0.0,2793.497999846295,930
26.058,136.48700000000002,0.0,matmul-16x32x24,15638.455999578582,409.845,26755.300999944535,61.63199990987778,47.199,Current,one_shot,18860.608000146254,18450.763000146253,8,,measured,0.0,2793.497999846295,930
26.012999999999998,134.72299999999998,0.0,matmul-16x32x24,13434.135000352398,408.232,25009.178000646218,61.664000153541565,47.423,Predicted,one_shot,17114.485000847937,16706.253000847937,8,,measured,484.038000649889,2787.925999655272,930
27.232,138.32399999999998,0.0,matmul-16x32x24,15638.455999578582,408.998,29566.924999687333,58.111999183893204,43.711,Random,one_shot,21672.231999889053,21263.233999889053,8,2812.4709997428,measured,0.0,2793.497999846295,930
25.424,135.87800000000001,0.0,matmul-16x32x24,13434.135000352398,407.572,25008.518000646218,61.63199990987778,47.423,Predicted,one_shot,17113.825000847937,16706.253000847937,9,,measured,484.038000649889,2787.925999655272,930
25.211,137.455,0.0,matmul-16x32x24,15638.455999578582,404.186,29562.112999687335,57.760000228881836,43.647,Random,one_shot,21667.419999889054,21263.233999889053,9,2812.4709997428,measured,0.0,2793.497999846295,930
25.837000000000003,136.38700000000003,0.0,matmul-16x32x24,15638.455999578582,408.03,26753.485999944533,61.47199869155884,47.199,Current,one_shot,18858.793000146252,18450.763000146253,9,,measured,0.0,2793.497999846295,930
25.794,137.04099999999997,0.0,matmul-16x32x24,13434.135000352398,413.384,25014.330000646216,61.47199869155884,47.103,Predicted,one_shot,17119.637000847935,16706.253000847937,10,,measured,484.038000649889,2787.925999655272,930
25.48,135.737,0.0,matmul-16x32x24,15638.455999578582,407.064,26752.519999944532,61.28000095486641,47.071,Current,one_shot,18857.82700014625,18450.763000146253,10,,measured,0.0,2793.497999846295,930
25.235999999999997,138.132,0.0,matmul-16x32x24,15638.455999578582,406.609,29564.535999687334,57.88800120353699,43.679,Random,one_shot,21669.842999889053,21263.233999889053,10,2812.4709997428,measured,0.0,2793.497999846295,930
26.029,135.765,0.0,matmul-16x32x24,15638.455999578582,408.042,26753.497999944535,61.824001371860504,47.135,Current,one_shot,18858.805000146254,18450.763000146253,11,,measured,0.0,2793.497999846295,930
25.073,139.143,0.0,matmul-16x32x24,15638.455999578582,407.132,29565.058999687335,58.687999844551086,43.711,Random,one_shot,21670.365999889054,21263.233999889053,11,2812.4709997428,measured,0.0,2793.497999846295,930
25.537,135.532,0.0,matmul-16x32x24,13434.135000352398,404.415,25005.36100064622,61.5679994225502,47.166,Predicted,one_shot,17110.668000847938,16706.253000847937,11,,measured,484.038000649889,2787.925999655272,930
26.192999999999998,135.39600000000002,0.0,matmul-16x32x24,15638.455999578582,407.445,26752.900999944533,61.535999178886414,47.199,Current,one_shot,18858.208000146253,18450.763000146253,12,,measured,0.0,2793.497999846295,930
25.727,138.76,0.0,matmul-16x32x24,15638.455999578582,406.284,29564.210999687333,58.079998940229416,43.743,Random,one_shot,21669.517999889053,21263.233999889053,12,2812.4709997428,measured,0.0,2793.497999846295,930
25.487000000000002,136.213,0.0,matmul-16x32x24,13434.135000352398,407.256,25008.20200064622,61.59999966621399,47.455,Predicted,one_shot,17113.50900084794,16706.253000847937,12,,measured,484.038000649889,2787.925999655272,930
25.189999999999998,70.784,0.0,matmul-16x32x24,13434.135000352398,342.945,24943.891000646217,61.15199998021126,47.391,Predicted,one_shot,17049.198000847937,16706.253000847937,13,,measured,484.038000649889,2787.925999655272,930
25.398000000000003,136.114,0.0,matmul-16x32x24,15638.455999578582,408.987,26754.442999944535,60.99199876189232,47.199,Current,one_shot,18859.750000146254,18450.763000146253,13,,measured,0.0,2793.497999846295,930
25.39,139.291,0.0,matmul-16x32x24,15638.455999578582,409.039,29566.965999687334,58.17599967122078,43.679,Random,one_shot,21672.272999889054,21263.233999889053,13,2812.4709997428,measured,0.0,2793.497999846295,930
25.428,75.915,0.0,matmul-16x32x24,15638.455999578582,654.5,29812.426999687334,59.4559982419014,43.679,Random,one_shot,21917.733999889053,21263.233999889053,14,2812.4709997428,measured,0.0,2793.497999846295,930
26.069,136.278,0.0,matmul-16x32x24,13434.135000352398,411.526,25012.47200064622,61.63199990987778,47.103,Predicted,one_shot,17117.77900084794,16706.253000847937,14,,measured,484.038000649889,2787.925999655272,930
28.219,136.643,0.0,matmul-16x32x24,15638.455999578582,413.668,26759.123999944535,61.535999178886414,47.071,Current,one_shot,18864.431000146255,18450.763000146253,14,,measured,0.0,2793.497999846295,930
25.97,143.929,0.0,matmul-16x32x24,15638.455999578582,423.27,29581.196999687334,59.42400172352791,43.743,Random,one_shot,21686.503999889053,21263.233999889053,15,2812.4709997428,measured,0.0,2793.497999846295,930
26.477,136.56400000000002,0.0,matmul-16x32x24,13434.135000352398,411.131,25012.07700064622,61.72800064086914,47.199,Predicted,one_shot,17117.38400084794,16706.253000847937,15,,measured,484.038000649889,2787.925999655272,930
26.535,138.463,0.0,matmul-16x32x24,15638.455999578582,412.854,26758.309999944533,61.664000153541565,47.199,Current,one_shot,18863.617000146252,18450.763000146253,15,,measured,0.0,2793.497999846295,930
32.181,124.783,114.587,matmul-32x64x48,,688.439,,117.95199662446976,93.278,Current,initialize,,,-1,,initialization,,,
30.444,122.39200000000001,104.286,matmul-32x64x48,,682.999,,119.26399916410446,93.725,Predicted,initialize,,,-1,,initialization,,,
30.141,119.64199999999998,114.752,matmul-32x64x48,,684.056,,121.98399752378464,98.334,Random,initialize,,,-1,,initialization,,,928
30.808999999999997,128.452,131.361,matmul-32x64x48,,735.632,,124.67200309038162,98.558,Random,initialize,,,-1,,initialization,,,929
30.671,121.023,125.803,matmul-32x64x48,,698.753,,122.17599898576736,98.206,Random,initialize,,,-1,,initialization,,,930
30.858999999999998,,,matmul-32x64x48,,148.786,,114.9120032787323,98.046,Random,resident,,,0,,warmup,,,928
29.908,,,matmul-32x64x48,,150.303,,117.11999773979187,102.366,Predicted,resident,,,0,,warmup,,,928
30.822000000000003,,,matmul-32x64x48,,180.153,,147.71200716495514,132.765,Current,resident,,,0,,warmup,,,928
27.883000000000003,,,matmul-32x64x48,,143.784,,111.29599809646606,98.174,Random,resident,,,1,,warmup,,,928
27.245,,,matmul-32x64x48,,137.864,,106.4319983124733,93.086,Predicted,resident,,,1,,warmup,,,928
27.729,,,matmul-32x64x48,,137.636,,105.76000064611435,92.638,Current,resident,,,1,,warmup,,,928
45.3,,,matmul-32x64x48,,146.55,,112.92800307273865,97.821,Random,resident,,,2,,warmup,,,928
40.089,,,matmul-32x64x48,,159.709,,107.35999792814255,92.605,Current,resident,,,2,,warmup,,,928
28.762999999999998,,,matmul-32x64x48,,144.586,,110.07999628782272,92.99,Predicted,resident,,,2,,warmup,,,928
28.53,,,matmul-32x64x48,,144.023,,111.61600053310394,97.63,Random,resident,,,3,,warmup,,,928
28.0,,,matmul-32x64x48,,140.437,,106.84800148010254,92.702,Current,resident,,,3,,warmup,,,928
52.562,,,matmul-32x64x48,,139.365,,105.85600137710571,93.086,Predicted,resident,,,3,,warmup,,,928
27.383000000000003,,,matmul-32x64x48,,142.225,,106.65600001811981,93.15,Predicted,resident,,,4,,warmup,,,928
45.015,,,matmul-32x64x48,,173.546,,115.84000289440155,92.574,Current,resident,,,4,,warmup,,,928
31.789,,,matmul-32x64x48,,189.859,,124.51200187206268,97.982,Random,resident,,,4,,warmup,,,928
35.175,,,matmul-32x64x48,,142.4,,107.58399963378906,93.086,Predicted,resident,,,5,,warmup,,,928
29.602999999999998,,,matmul-32x64x48,,143.3,,109.53599959611893,92.702,Current,resident,,,5,,warmup,,,928
46.882,,,matmul-32x64x48,,155.634,,120.92799693346024,98.206,Random,resident,,,5,,warmup,,,928
27.869,,,matmul-32x64x48,,139.542,,107.26399719715118,92.574,Current,resident,,,0,,measured,,,928
27.085,,,matmul-32x64x48,,138.769,,106.81600123643875,92.958,Predicted,resident,,,0,,measured,,,928
28.093,,,matmul-32x64x48,,144.568,,112.06399649381638,97.854,Random,resident,,,0,,measured,,,928
34.178,,,matmul-32x64x48,,147.627,,112.28799819946289,97.886,Random,resident,,,1,,measured,,,928
27.872999999999998,,,matmul-32x64x48,,140.894,,107.84000158309937,93.022,Predicted,resident,,,1,,measured,,,928
28.314,,,matmul-32x64x48,,140.452,,107.61599987745285,92.702,Current,resident,,,1,,measured,,,928
27.401,,,matmul-32x64x48,,138.863,,106.59199953079224,93.118,Predicted,resident,,,2,,measured,,,928
27.469,,,matmul-32x64x48,,137.723,,105.27999699115753,92.67,Current,resident,,,2,,measured,,,928
27.694000000000003,,,matmul-32x64x48,,143.669,,111.1999973654747,97.79,Random,resident,,,2,,measured,,,928
27.561,,,matmul-32x64x48,,139.344,,106.55999928712845,93.086,Predicted,resident,,,3,,measured,,,928
27.805,,,matmul-32x64x48,,143.395,,111.51999980211258,98.142,Random,resident,,,3,,measured,,,928
27.796999999999997,,,matmul-32x64x48,,137.509,,105.82400113344193,92.702,Current,resident,,,3,,measured,,,928
28.421,,,matmul-32x64x48,,137.766,,106.04800283908844,92.637,Current,resident,,,4,,measured,,,928
27.348,,,matmul-32x64x48,,138.168,,105.8880016207695,92.958,Predicted,resident,,,4,,measured,,,928
27.384,,,matmul-32x64x48,,143.835,,111.29599809646606,97.982,Random,resident,,,4,,measured,,,928
28.058,,,matmul-32x64x48,,142.66,,110.88000237941742,97.694,Random,resident,,,5,,measured,,,928
26.698999999999998,,,matmul-32x64x48,,137.859,,106.1440035700798,93.022,Predicted,resident,,,5,,measured,,,928
27.517,,,matmul-32x64x48,,137.525,,105.98400235176086,92.67,Current,resident,,,5,,measured,,,928
27.802,,,matmul-32x64x48,,137.592,,106.04800283908844,92.734,Current,resident,,,6,,measured,,,928
27.117,,,matmul-32x64x48,,137.851,,105.85600137710571,93.054,Predicted,resident,,,6,,measured,,,928
27.511,,,matmul-32x64x48,,143.937,,111.42399907112122,98.078,Random,resident,,,6,,measured,,,928
27.445999999999998,,,matmul-32x64x48,,138.178,,106.04800283908844,92.606,Current,resident,,,7,,measured,,,928
27.602,,,matmul-32x64x48,,143.148,,111.04000359773636,97.917,Random,resident,,,7,,measured,,,928
28.091,,,matmul-32x64x48,,139.019,,106.59199953079224,93.054,Predicted,resident,,,7,,measured,,,928
27.204,,,matmul-32x64x48,,137.846,,106.27199709415436,93.054,Predicted,resident,,,8,,measured,,,928
27.625,,,matmul-32x64x48,,137.041,,105.66399991512299,92.542,Current,resident,,,8,,measured,,,928
27.619,,,matmul-32x64x48,,143.167,,111.16799712181091,98.173,Random,resident,,,8,,measured,,,928
27.076999999999998,,,matmul-32x64x48,,142.569,,110.6560006737709,97.822,Random,resident,,,9,,measured,,,928
27.276000000000003,,,matmul-32x64x48,,137.597,,106.175996363163,93.086,Predicted,resident,,,9,,measured,,,928
27.71,,,matmul-32x64x48,,137.289,,105.47199845314026,92.67,Current,resident,,,9,,measured,,,928
28.136,,,matmul-32x64x48,,142.7,,110.88000237941742,98.11,Random,resident,,,10,,measured,,,928
26.917,,,matmul-32x64x48,,137.058,,105.53599894046783,92.638,Current,resident,,,10,,measured,,,928
28.058999999999997,,,matmul-32x64x48,,137.575,,106.20799660682678,93.118,Predicted,resident,,,10,,measured,,,928
27.067,,,matmul-32x64x48,,137.939,,106.46399855613708,93.054,Predicted,resident,,,11,,measured,,,928
27.911,,,matmul-32x64x48,,142.935,,111.23199760913849,98.078,Random,resident,,,11,,measured,,,928
28.354,,,matmul-32x64x48,,137.617,,105.53599894046783,92.637,Current,resident,,,11,,measured,,,928
27.127000000000002,,,matmul-32x64x48,,139.855,,106.97600245475769,93.022,Predicted,resident,,,12,,measured,,,928
27.212,,,matmul-32x64x48,,137.38,,105.76000064611435,92.574,Current,resident,,,12,,measured,,,928
28.088,,,matmul-32x64x48,,142.484,,110.78400164842606,97.982,Random,resident,,,12,,measured,,,928
27.509999999999998,,,matmul-32x64x48,,143.138,,111.04000359773636,97.598,Random,resident,,,13,,measured,,,928
26.988999999999997,,,matmul-32x64x48,,138.139,,106.36799782514572,92.67,Current,resident,,,13,,measured,,,928
26.887,,,matmul-32x64x48,,138.233,,106.36799782514572,93.086,Predicted,resident,,,13,,measured,,,928
26.268,,,matmul-32x64x48,,138.638,,106.27199709415436,93.15,Predicted,resident,,,14,,measured,,,928
27.436999999999998,,,matmul-32x64x48,,137.86,,105.76000064611435,92.67,Current,resident,,,14,,measured,,,928
27.784,,,matmul-32x64x48,,143.163,,110.81600189208984,97.854,Random,resident,,,14,,measured,,,928
27.959,,,matmul-32x64x48,,143.715,,111.7440015077591,98.174,Random,resident,,,15,,measured,,,928
26.995,,,matmul-32x64x48,,141.727,,106.20799660682678,93.054,Predicted,resident,,,15,,measured,,,928
27.266,,,matmul-32x64x48,,137.197,,105.02400249242783,92.67,Current,resident,,,15,,measured,,,928
28.583999999999996,179.42,0.0,matmul-32x64x48,57527.14699974604,556.585,113512.77299977092,112.8000020980835,97.918,Random,one_shot,81239.10999924711,80682.5249992471,0,11705.627999617718,warmup,0.0,11372.361999747227,928
28.409,178.875,0.0,matmul-32x64x48,54912.440000407514,513.189,100830.74700082465,107.29599744081497,92.958,Predicted,one_shot,68557.08400030083,68043.89500030084,0,,warmup,1824.006999413541,11306.885000522016,928
28.686,177.01599999999996,0.0,matmul-32x64x48,57527.14699974604,504.219,101754.7790001532,107.68000036478043,92.574,Current,one_shot,69481.11599962939,68976.89699962939,0,,warmup,0.0,11372.361999747227,928
28.947000000000003,174.63400000000001,0.0,matmul-32x64x48,57527.14699974604,505.276,113461.46399977092,112.5119999051094,97.886,Random,one_shot,81187.8009992471,80682.5249992471,1,11705.627999617718,warmup,0.0,11372.361999747227,928
28.446,176.206,0.0,matmul-32x64x48,54912.440000407514,503.152,100820.71000082465,107.90400207042694,93.15,Predicted,one_shot,68547.04700030084,68043.89500030084,1,,warmup,1824.006999413541,11306.885000522016,928
29.187,176.788,0.0,matmul-32x64x48,57527.14699974604,503.45,101754.0100001532,107.4879989027977,92.734,Current,one_shot,69480.34699962939,68976.89699962939,1,,warmup,0.0,11372.361999747227,928
28.789,167.255,0.0,matmul-32x64x48,57527.14699974604,498.644,113454.83199977092,113.27999830245972,97.854,Random,one_shot,81181.16899924711,80682.5249992471,2,11705.627999617718,warmup,0.0,11372.361999747227,928
28.329,167.74400000000003,0.0,matmul-32x64x48,57527.14699974604,490.31,101740.8700001532,107.55199939012527,92.67,Current,one_shot,69467.20699962939,68976.89699962939,2,,warmup,0.0,11372.361999747227,928
28.844,174.135,0.0,matmul-32x64x48,54912.440000407514,499.838,100817.39600082465,107.51999914646149,93.118,Predicted,one_shot,68543.73300030084,68043.89500030084,2,,warmup,1824.006999413541,11306.885000522016,928
29.939999999999998,167.267,0.0,matmul-32x64x48,57527.14699974604,802.19,113758.37799977092,115.35999923944473,98.078,Random,one_shot,81484.71499924711,80682.5249992471,3,11705.627999617718,warmup,0.0,11372.361999747227,928
28.674,169.79700000000003,0.0,matmul-32x64x48,57527.14699974604,498.927,101749.4870001532,107.4879989027977,92.67,Current,one_shot,69475.82399962939,68976.89699962939,3,,warmup,0.0,11372.361999747227,928
28.567999999999998,169.26700000000002,0.0,matmul-32x64x48,54912.440000407514,494.619,100812.17700082465,107.96800255775452,93.118,Predicted,one_shot,68538.51400030084,68043.89500030084,3,,warmup,1824.006999413541,11306.885000522016,928
27.493,97.59999999999998,0.0,matmul-32x64x48,54912.440000407514,421.763,100739.32100082465,108.06400328874588,93.054,Predicted,one_shot,68465.65800030084,68043.89500030084,4,,warmup,1824.006999413541,11306.885000522016,928
28.302,168.46299999999997,0.0,matmul-32x64x48,57527.14699974604,492.771,101743.3310001532,108.12799632549286,92.574,Current,one_shot,69469.66799962938,68976.89699962939,4,,warmup,0.0,11372.361999747227,928
28.482999999999997,168.53699999999998,0.0,matmul-32x64x48,57527.14699974604,497.792,113453.97999977092,113.0559965968132,97.886,Random,one_shot,81180.31699924711,80682.5249992471,4,11705.627999617718,warmup,0.0,11372.361999747227,928
28.615,166.99000000000004,0.0,matmul-32x64x48,54912.440000407514,493.072,100810.63000082465,108.15999656915665,93.086,Predicted,one_shot,68536.96700030084,68043.89500030084,5,,warmup,1824.006999413541,11306.885000522016,928
28.548000000000002,166.938,0.0,matmul-32x64x48,57527.14699974604,490.762,101741.3220001532,107.744000852108,92.702,Current,one_shot,69467.65899962939,68976.89699962939,5,,warmup,0.0,11372.361999747227,928
29.183,166.508,0.0,matmul-32x64x48,57527.14699974604,498.219,113454.40699977092,112.99200356006622,97.725,Random,one_shot,81180.7439992471,80682.5249992471,5,11705.627999617718,warmup,0.0,11372.361999747227,928
29.043,168.388,0.0,matmul-32x64x48,57527.14699974604,496.716,101747.2760001532,107.64800012111664,92.702,Current,one_shot,69473.61299962939,68976.89699962939,0,,measured,0.0,11372.361999747227,928
28.354,168.74999999999997,0.0,matmul-32x64x48,54912.440000407514,494.27,100811.82800082465,108.31999778747559,93.149,Predicted,one_shot,68538.16500030084,68043.89500030084,0,,measured,1824.006999413541,11306.885000522016,928
28.835,167.115,0.0,matmul-32x64x48,57527.14699974604,497.731,113453.91899977092,112.99200356006622,97.95,Random,one_shot,81180.2559992471,80682.5249992471,0,11705.627999617718,measured,0.0,11372.361999747227,928
28.142,99.509,0.0,matmul-32x64x48,57527.14699974604,430.15,113386.33799977091,112.5440001487732,98.11,Random,one_shot,81112.6749992471,80682.5249992471,1,11705.627999617718,measured,0.0,11372.361999747227,928
28.131,167.01900000000003,0.0,matmul-32x64x48,54912.440000407514,493.552,100811.11000082464,107.77600109577179,93.054,Predicted,one_shot,68537.44700030083,68043.89500030084,1,,measured,1824.006999413541,11306.885000522016,928
28.528999999999996,167.339,0.0,matmul-32x64x48,57527.14699974604,491.526,101742.0860001532,107.58399963378906,92.702,Current,one_shot,69468.42299962939,68976.89699962939,1,,measured,0.0,11372.361999747227,928
28.909000000000002,166.482,0.0,matmul-32x64x48,54912.440000407514,494.199,100811.75700082464,107.87200182676315,92.958,Predicted,one_shot,68538.09400030083,68043.89500030084,2,,measured,1824.006999413541,11306.885000522016,928
28.737000000000002,167.47400000000002,0.0,matmul-32x64x48,57527.14699974604,491.866,101742.4260001532,107.32799768447876,92.606,Current,one_shot,69468.76299962938,68976.89699962939,2,,measured,0.0,11372.361999747227,928
28.873,167.67399999999998,0.0,matmul-32x64x48,57527.14699974604,498.445,113454.63299977093,112.57600039243698,97.822,Random,one_shot,81180.96999924711,80682.5249992471,2,11705.627999617718,measured,0.0,11372.361999747227,928
32.919,166.48499999999999,0.0,matmul-32x64x48,54912.440000407514,499.075,100816.63300082464,107.93600231409073,93.118,Predicted,one_shot,68542.97000030083,68043.89500030084,3,,measured,1824.006999413541,11306.885000522016,928
28.07,166.279,0.0,matmul-32x64x48,57527.14699974604,496.962,113453.14999977092,112.57600039243698,97.982,Random,one_shot,81179.4869992471,80682.5249992471,3,11705.627999617718,measured,0.0,11372.361999747227,928
28.892000000000003,166.35600000000002,0.0,matmul-32x64x48,57527.14699974604,490.142,101740.70200015321,107.45599865913391,92.702,Current,one_shot,69467.0389996294,68976.89699962939,3,,measured,0.0,11372.361999747227,928
28.464,97.37899999999999,0.0,matmul-32x64x48,57527.14699974604,422.922,101673.4820001532,107.35999792814255,92.638,Current,one_shot,69399.8189996294,68976.89699962939,4,,measured,0.0,11372.361999747227,928
28.487000000000002,166.84,0.0,matmul-32x64x48,54912.440000407514,492.056,100809.61400082464,107.90400207042694,93.118,Predicted,one_shot,68535.95100030083,68043.89500030084,4,,measured,1824.006999413541,11306.885000522016,928
29.397,166.94299999999998,0.0,matmul-32x64x48,57527.14699974604,499.534,113455.72199977092,112.57600039243698,98.013,Random,one_shot,81182.0589992471,80682.5249992471,4,11705.627999617718,measured,0.0,11372.361999747227,928
28.348999999999997,97.451,0.0,matmul-32x64x48,57527.14699974604,430.331,113386.51899977092,112.8000020980835,97.918,Random,one_shot,81112.85599924711,80682.5249992471,5,11705.627999617718,measured,0.0,11372.361999747227,928
28.292,166.058,0.0,matmul-32x64x48,54912.440000407514,492.049,100809.60700082465,108.41599851846695,93.054,Predicted,one_shot,68535.94400030083,68043.89500030084,5,,measured,1824.006999413541,11306.885000522016,928
28.555,167.30700000000002,0.0,matmul-32x64x48,57527.14699974604,490.776,101741.3360001532,107.77600109577179,92.67,Current,one_shot,69467.67299962939,68976.89699962939,5,,measured,0.0,11372.361999747227,928
28.076,90.63099999999999,0.0,matmul-32x64x48,57527.14699974604,415.171,101665.7310001532,107.29599744081497,92.574,Current,one_shot,69392.06799962939,68976.89699962939,6,,measured,0.0,11372.361999747227,928
28.485999999999997,158.879,0.0,matmul-32x64x48,54912.440000407514,483.66,100801.21800082465,107.744000852108,92.958,Predicted,one_shot,68527.55500030084,68043.89500030084,6,,measured,1824.006999413541,11306.885000522016,928
29.271,160.48799999999997,0.0,matmul-32x64x48,57527.14699974604,491.284,113447.47199977092,112.67200112342834,97.822,Random,one_shot,81173.8089992471,80682.5249992471,6,11705.627999617718,measured,0.0,11372.361999747227,928
28.835,157.87500000000003,0.0,matmul-32x64x48,57527.14699974604,484.842,101735.4020001532,107.4879989027977,92.734,Current,one_shot,69461.7389996294,68976.89699962939,7,,measured,0.0,11372.361999747227,928
28.366,155.50499999999997,0.0,matmul-32x64x48,57527.14699974604,486.929,113443.11699977092,113.18399757146835,97.694,Random,one_shot,81169.45399924711,80682.5249992471,7,11705.627999617718,measured,0.0,11372.361999747227,928
27.893,158.512,0.0,matmul-32x64x48,54912.440000407514,483.776,100801.33400082465,107.84000158309937,93.086,Predicted,one_shot,68527.67100030083,68043.89500030084,7,,measured,1824.006999413541,11306.885000522016,928
27.542,88.151,0.0,matmul-32x64x48,54912.440000407514,413.179,100730.73700082465,107.68000036478043,93.15,Predicted,one_shot,68457.07400030084,68043.89500030084,8,,measured,1824.006999413541,11306.885000522016,928
29.035000000000004,157.82100000000003,0.0,matmul-32x64x48,57527.14699974604,484.069,101734.6290001532,107.32799768447876,92.702,Current,one_shot,69460.96599962939,68976.89699962939,8,,measured,0.0,11372.361999747227,928
28.662,157.049,0.0,matmul-32x64x48,57527.14699974604,484.465,113440.65299977091,112.35199868679047,97.854,Random,one_shot,81166.9899992471,80682.5249992471,8,11705.627999617718,measured,0.0,11372.361999747227,928
28.135,87.91200000000002,0.0,matmul-32x64x48,57527.14699974604,416.53,113372.71799977092,112.5119999051094,98.237,Random,one_shot,81099.0549992471,80682.5249992471,9,11705.627999617718,measured,0.0,11372.361999747227,928
28.892,156.38699999999997,0.0,matmul-32x64x48,54912.440000407514,479.521,100797.07900082464,107.55199939012527,93.022,Predicted,one_shot,68523.41600030083,68043.89500030084,9,,measured,1824.006999413541,11306.885000522016,928
28.874,156.58599999999998,0.0,matmul-32x64x48,57527.14699974604,479.65,101730.2100001532,107.2319969534874,92.67,Current,one_shot,69456.54699962938,68976.89699962939,9,,measured,0.0,11372.361999747227,928
28.278,156.029,0.0,matmul-32x64x48,57527.14699974604,484.458,113440.64599977092,112.92800307273865,97.757,Random,one_shot,81166.9829992471,80682.5249992471,10,11705.627999617718,measured,0.0,11372.361999747227,928
28.987000000000002,156.392,0.0,matmul-32x64x48,57527.14699974604,480.047,101730.6070001532,107.19999670982361,92.574,Current,one_shot,69456.9439996294,68976.89699962939,10,,measured,0.0,11372.361999747227,928
29.168,156.821,0.0,matmul-32x64x48,54912.440000407514,481.15,100798.70800082464,107.2319969534874,92.99,Predicted,one_shot,68525.04500030083,68043.89500030084,10,,measured,1824.006999413541,11306.885000522016,928
27.584000000000003,87.77300000000002,0.0,matmul-32x64x48,54912.440000407514,413.015,100730.57300082465,107.84000158309937,93.15,Predicted,one_shot,68456.91000030084,68043.89500030084,11,,measured,1824.006999413541,11306.885000522016,928
28.691,157.281,0.0,matmul-32x64x48,57527.14699974604,488.136,113444.32399977092,112.31999844312668,97.726,Random,one_shot,81170.6609992471,80682.5249992471,11,11705.627999617718,measured,0.0,11372.361999747227,928
29.537,158.485,0.0,matmul-32x64x48,57527.14699974604,797.237,102047.7970001532,108.64000022411346,92.638,Current,one_shot,69774.13399962938,68976.89699962939,11,,measured,0.0,11372.361999747227,928
27.796,156.096,0.0,matmul-32x64x48,54912.440000407514,481.07,100798.62800082465,107.4879989027977,93.054,Predicted,one_shot,68524.96500030084,68043.89500030084,12,,measured,1824.006999413541,11306.885000522016,928
28.645,157.60799999999998,0.0,matmul-32x64x48,57527.14699974604,479.892,101730.45200015321,107.2319969534874,92.606,Current,one_shot,69456.7889996294,68976.89699962939,12,,measured,0.0,11372.361999747227,928
29.269000000000002,156.805,0.0,matmul-32x64x48,57527.14699974604,484.798,113440.98599977091,112.15999722480774,97.565,Random,one_shot,81167.3229992471,80682.5249992471,12,11705.627999617718,measured,0.0,11372.361999747227,928
27.545,87.819,0.0,matmul-32x64x48,57527.14699974604,418.918,113375.10599977092,113.18399757146835,98.27,Random,one_shot,81101.44299924711,80682.5249992471,13,11705.627999617718,measured,0.0,11372.361999747227,928
29.05,157.58,0.0,matmul-32x64x48,57527.14699974604,480.372,101730.9320001532,107.29599744081497,92.67,Current,one_shot,69457.26899962939,68976.89699962939,13,,measured,0.0,11372.361999747227,928
28.017,156.69799999999998,0.0,matmul-32x64x48,54912.440000407514,479.222,100796.78000082464,107.744000852108,93.086,Predicted,one_shot,68523.11700030083,68043.89500030084,13,,measured,1824.006999413541,11306.885000522016,928
27.627000000000002,87.19100000000002,0.0,matmul-32x64x48,54912.440000407514,409.251,100726.80900082465,107.58399963378906,93.053,Predicted,one_shot,68453.14600030084,68043.89500030084,14,,measured,1824.006999413541,11306.885000522016,928
28.217,157.29000000000005,0.0,matmul-32x64x48,57527.14699974604,477.784,101728.3440001532,106.46399855613708,92.574,Current,one_shot,69454.68099962939,68976.89699962939,14,,measured,0.0,11372.361999747227,928
29.581000000000003,155.80600000000004,0.0,matmul-32x64x48,57527.14699974604,484.847,113441.03499977091,112.67200112342834,97.918,Random,one_shot,81167.3719992471,80682.5249992471,14,11705.627999617718,measured,0.0,11372.361999747227,928
28.355999999999998,113.256,0.0,matmul-32x64x48,57527.14699974604,462.692,113418.87999977091,112.31999844312668,97.63,Random,one_shot,81145.2169992471,80682.5249992471,15,11705.627999617718,measured,0.0,11372.361999747227,928
28.607,162.195,0.0,matmul-32x64x48,54912.440000407514,487.077,100804.63500082465,107.744000852108,93.15,Predicted,one_shot,68530.97200030084,68043.89500030084,15,,measured,1824.006999413541,11306.885000522016,928
29.078,163.03699999999995,0.0,matmul-32x64x48,57527.14699974604,486.707,101737.2670001532,107.77600109577179,92.669,Current,one_shot,69463.60399962938,68976.89699962939,15,,measured,0.0,11372.361999747227,928
29.705999999999996,,,matmul-32x64x48,,154.06,,119.99999731779099,104.222,Random,resident,,,0,,warmup,,,929
28.415,,,matmul-32x64x48,,139.434,,106.62399977445602,92.701,Current,resident,,,0,,warmup,,,929
28.008,,,matmul-32x64x48,,140.106,,107.26399719715118,93.118,Predicted,resident,,,0,,warmup,,,929
26.395,,,matmul-32x64x48,,138.37,,106.175996363163,93.118,Predicted,resident,,,1,,warmup,,,929
27.101999999999997,,,matmul-32x64x48,,143.309,,111.35999858379364,98.11,Random,resident,,,1,,warmup,,,929
27.787,,,matmul-32x64x48,,138.112,,105.8880016207695,92.67,Current,resident,,,1,,warmup,,,929
27.701999999999998,,,matmul-32x64x48,,139.101,,106.23999685049057,92.958,Predicted,resident,,,2,,warmup,,,929
27.532,,,matmul-32x64x48,,144.033,,111.16799712181091,97.693,Random,resident,,,2,,warmup,,,929
27.509999999999998,,,matmul-32x64x48,,138.455,,105.79200088977814,92.574,Current,resident,,,2,,warmup,,,929
28.047,,,matmul-32x64x48,,140.494,,107.87200182676315,93.118,Predicted,resident,,,3,,warmup,,,929
27.525,,,matmul-32x64x48,,138.006,,105.85600137710571,92.734,Current,resident,,,3,,warmup,,,929
27.406,,,matmul-32x64x48,,144.764,,111.26399785280228,97.981,Random,resident,,,3,,warmup,,,929
27.762999999999998,,,matmul-32x64x48,,140.021,,106.75200074911118,93.182,Predicted,resident,,,4,,warmup,,,929
28.083,,,matmul-32x64x48,,138.638,,106.08000308275223,92.638,Current,resident,,,4,,warmup,,,929
27.166,,,matmul-32x64x48,,143.21,,110.46399921178818,97.79,Random,resident,,,4,,warmup,,,929
27.627000000000002,,,matmul-32x64x48,,143.318,,106.39999806880951,93.086,Predicted,resident,,,5,,warmup,,,929
28.043,,,matmul-32x64x48,,137.479,,105.72800040245056,92.67,Current,resident,,,5,,warmup,,,929
27.494,,,matmul-32x64x48,,143.212,,110.68800091743469,97.758,Random,resident,,,5,,warmup,,,929
26.868000000000002,,,matmul-32x64x48,,143.597,,111.16799712181091,97.758,Random,resident,,,0,,measured,,,929
27.328000000000003,,,matmul-32x64x48,,137.618,,105.34399747848511,92.574,Current,resident,,,0,,measured,,,929
27.26,,,matmul-32x64x48,,138.01,,105.31199723482132,92.958,Predicted,resident,,,0,,measured,,,929
26.592,,,matmul-32x64x48,,138.865,,106.49599879980087,93.118,Predicted,resident,,,1,,measured,,,929
27.774,,,matmul-32x64x48,,144.569,,111.96800321340561,98.11,Random,resident,,,1,,measured,,,929
27.494999999999997,,,matmul-32x64x48,,139.021,,106.52799904346466,92.67,Current,resident,,,1,,measured,,,929
26.485,,,matmul-32x64x48,,138.327,,105.95200210809708,92.766,Current,resident,,,2,,measured,,,929
27.245,,,matmul-32x64x48,,138.554,,106.08000308275223,93.086,Predicted,resident,,,2,,measured,,,929
27.054,,,matmul-32x64x48,,143.111,,110.62400043010712,97.757,Random,resident,,,2,,measured,,,929
27.002000000000002,,,matmul-32x64x48,,139.223,,106.49599879980087,93.054,Predicted,resident,,,3,,measured,,,929
28.461,,,matmul-32x64x48,,138.233,,106.1440035700798,92.638,Current,resident,,,3,,measured,,,929
27.23,,,matmul-32x64x48,,143.471,,111.04000359773636,97.886,Random,resident,,,3,,measured,,,929
27.217,,,matmul-32x64x48,,138.35,,105.8880016207695,92.606,Current,resident,,,4,,measured,,,929
27.131,,,matmul-32x64x48,,143.339,,111.07199639081955,97.918,Random,resident,,,4,,measured,,,929
28.333999999999996,,,matmul-32x64x48,,138.252,,105.98400235176086,92.99,Predicted,resident,,,4,,measured,,,929
26.869,,,matmul-32x64x48,,138.309,,106.46399855613708,93.118,Predicted,resident,,,5,,measured,,,929
26.628,,,matmul-32x64x48,,142.119,,110.944002866745,98.013,Random,resident,,,5,,measured,,,929
27.953,,,matmul-32x64x48,,137.335,,105.8880016207695,92.67,Current,resident,,,5,,measured,,,929
27.490000000000002,,,matmul-32x64x48,,138.658,,106.81600123643875,93.118,Predicted,resident,,,6,,measured,,,929
27.284,,,matmul-32x64x48,,137.124,,105.6319996714592,92.638,Current,resident,,,6,,measured,,,929
27.024,,,matmul-32x64x48,,142.348,,110.23999750614166,97.694,Random,resident,,,6,,measured,,,929
26.78,,,matmul-32x64x48,,138.048,,106.33599758148193,93.022,Predicted,resident,,,7,,measured,,,929
27.396,,,matmul-32x64x48,,137.015,,105.56799918413162,92.67,Current,resident,,,7,,measured,,,929
26.753,,,matmul-32x64x48,,142.66,,111.13599687814713,97.854,Random,resident,,,7,,measured,,,929
69.309,,,matmul-32x64x48,,137.452,,105.05600273609161,92.574,Current,resident,,,8,,measured,,,929
26.693,,,matmul-32x64x48,,137.543,,105.56799918413162,92.958,Predicted,resident,,,8,,measured,,,929
26.796,,,matmul-32x64x48,,142.747,,111.1999973654747,97.822,Random,resident,,,8,,measured,,,929
26.633,,,matmul-32x64x48,,142.591,,111.00800335407257,98.206,Random,resident,,,9,,measured,,,929
26.483,,,matmul-32x64x48,,137.658,,106.01600259542465,93.086,Predicted,resident,,,9,,measured,,,929
27.043,,,matmul-32x64x48,,136.953,,105.72800040245056,92.702,Current,resident,,,9,,measured,,,929
28.225,,,matmul-32x64x48,,137.627,,105.3759977221489,92.638,Current,resident,,,10,,measured,,,929
43.900999999999996,,,matmul-32x64x48,,171.44,,138.36799561977386,93.054,Predicted,resident,,,10,,measured,,,929
26.769,,,matmul-32x64x48,,142.425,,110.20799726247787,97.822,Random,resident,,,10,,measured,,,929
27.226,,,matmul-32x64x48,,137.082,,105.72800040245056,92.638,Current,resident,,,11,,measured,,,929
26.789,,,matmul-32x64x48,,142.127,,110.49599945545197,97.758,Random,resident,,,11,,measured,,,929
26.884,,,matmul-32x64x48,,137.405,,105.8880016207695,93.054,Predicted,resident,,,11,,measured,,,929
27.134,,,matmul-32x64x48,,142.193,,110.62400043010712,97.502,Random,resident,,,12,,measured,,,929
26.844,,,matmul-32x64x48,,137.43,,105.76000064611435,93.054,Predicted,resident,,,12,,measured,,,929
28.225,,,matmul-32x64x48,,138.086,,105.50399869680405,92.606,Current,resident,,,12,,measured,,,929
26.655,,,matmul-32x64x48,,137.692,,105.79200088977814,93.15,Predicted,resident,,,13,,measured,,,929
26.423000000000002,,,matmul-32x64x48,,136.696,,105.3759977221489,92.67,Current,resident,,,13,,measured,,,929
26.538,,,matmul-32x64x48,,143.431,,111.455999314785,98.046,Random,resident,,,13,,measured,,,929
27.661,,,matmul-32x64x48,,137.31,,105.3759977221489,92.638,Current,resident,,,14,,measured,,,929
27.14,,,matmul-32x64x48,,142.468,,110.84800213575363,97.853,Random,resident,,,14,,measured,,,929
27.393,,,matmul-32x64x48,,137.638,,106.04800283908844,93.086,Predicted,resident,,,14,,measured,,,929
27.025,,,matmul-32x64x48,,137.418,,105.79200088977814,92.702,Current,resident,,,15,,measured,,,929
26.875999999999998,,,matmul-32x64x48,,137.364,,105.66399991512299,93.022,Predicted,resident,,,15,,measured,,,929
27.055,,,matmul-32x64x48,,142.231,,110.91200262308121,97.886,Random,resident,,,15,,measured,,,929
27.192,110.25,0.0,matmul-32x64x48,57527.14699974604,443.82,113045.57900042669,112.41599917411804,97.694,Random,one_shot,80771.91599990288,80328.09599990287,0,11351.199000273482,warmup,0.0,11372.361999747227,929
28.823,162.799,0.0,matmul-32x64x48,57527.14699974604,484.068,101734.6280001532,107.26399719715118,92.606,Current,one_shot,69460.96499962939,68976.89699962939,0,,warmup,0.0,11372.361999747227,929
29.423000000000002,161.93899999999996,0.0,matmul-32x64x48,54912.440000407514,486.826,100804.38400082465,107.744000852108,92.958,Predicted,one_shot,68530.72100030084,68043.89500030084,0,,warmup,1824.006999413541,11306.885000522016,929
27.403,89.35600000000001,0.0,matmul-32x64x48,54912.440000407514,409.077,100726.63500082465,107.55199939012527,93.15,Predicted,one_shot,68452.97200030084,68043.89500030084,1,,warmup,1824.006999413541,11306.885000522016,929
27.825000000000003,173.055,0.0,matmul-32x64x48,57527.14699974604,500.486,113102.24500042669,112.73600161075592,97.79,Random,one_shot,80828.58199990288,80328.09599990287,1,11351.199000273482,warmup,0.0,11372.361999747227,929
28.020000000000003,162.174,0.0,matmul-32x64x48,57527.14699974604,483.415,101733.9750001532,107.13600367307663,92.701,Current,one_shot,69460.31199962938,68976.89699962939,1,,warmup,0.0,11372.361999747227,929
28.554000000000002,157.954,0.0,matmul-32x64x48,54912.440000407514,481.455,100799.01300082465,107.87200182676315,93.15,Predicted,one_shot,68525.35000030084,68043.89500030084,2,,warmup,1824.006999413541,11306.885000522016,929
52.783,167.73100000000002,0.0,matmul-32x64x48,57527.14699974604,517.901,113119.66000042668,111.96800321340561,97.789,Random,one_shot,80845.99699990287,80328.09599990287,2,11351.199000273482,warmup,0.0,11372.361999747227,929
29.089,157.012,0.0,matmul-32x64x48,57527.14699974604,478.8,101729.3600001532,107.2319969534874,92.734,Current,one_shot,69455.69699962939,68976.89699962939,2,,warmup,0.0,11372.361999747227,929
28.546,156.15299999999996,0.0,matmul-32x64x48,54912.440000407514,478.072,100795.63000082465,107.45599865913391,93.086,Predicted,one_shot,68521.96700030084,68043.89500030084,3,,warmup,1824.006999413541,11306.885000522016,929
27.593,157.13899999999998,0.0,matmul-32x64x48,57527.14699974604,478.054,101728.6140001532,107.29599744081497,92.67,Current,one_shot,69454.9509996294,68976.89699962939,3,,warmup,0.0,11372.361999747227,929
28.421,166.38800000000003,0.0,matmul-32x64x48,57527.14699974604,493.634,113095.39300042669,112.41599917411804,97.726,Random,one_shot,80821.72999990288,80328.09599990287,3,11351.199000273482,warmup,0.0,11372.361999747227,929
28.992,157.464,0.0,matmul-32x64x48,54912.440000407514,479.748,100797.30600082465,107.80800133943558,92.958,Predicted,one_shot,68523.64300030084,68043.89500030084,4,,warmup,1824.006999413541,11306.885000522016,929
28.591,158.723,0.0,matmul-32x64x48,57527.14699974604,481.179,101731.7390001532,106.81600123643875,92.606,Current,one_shot,69458.0759996294,68976.89699962939,4,,warmup,0.0,11372.361999747227,929
28.269,168.303,0.0,matmul-32x64x48,57527.14699974604,494.568,113096.32700042668,112.64000087976456,97.854,Random,one_shot,80822.66399990287,80328.09599990287,4,11351.199000273482,warmup,0.0,11372.361999747227,929
28.313000000000002,155.666,0.0,matmul-32x64x48,54912.440000407514,475.866,100793.42400082464,107.80800133943558,93.15,Predicted,one_shot,68519.76100030083,68043.89500030084,5,,warmup,1824.006999413541,11306.885000522016,929
28.090999999999998,157.719,0.0,matmul-32x64x48,57527.14699974604,478.823,101729.3830001532,107.87200182676315,92.669,Current,one_shot,69455.7199996294,68976.89699962939,5,,warmup,0.0,11372.361999747227,929
28.436,166.547,0.0,matmul-32x64x48,57527.14699974604,494.323,113096.08200042669,112.86400258541107,97.949,Random,one_shot,80822.41899990287,80328.09599990287,5,11351.199000273482,warmup,0.0,11372.361999747227,929
27.603,96.698,0.0,matmul-32x64x48,57527.14699974604,421.403,113023.16200042669,112.47999966144562,97.726,Random,one_shot,80749.49899990288,80328.09599990287,0,11351.199000273482,measured,0.0,11372.361999747227,929
28.718999999999998,156.53000000000003,0.0,matmul-32x64x48,57527.14699974604,479.776,101730.3360001532,107.42399841547012,92.606,Current,one_shot,69456.67299962939,68976.89699962939,0,,measured,0.0,11372.361999747227,929
28.461000000000002,157.601,0.0,matmul-32x64x48,54912.440000407514,480.173,100797.73100082464,107.71200060844421,93.15,Predicted,one_shot,68524.06800030083,68043.89500030084,0,,measured,1824.006999413541,11306.885000522016,929
27.427,88.028,0.0,matmul-32x64x48,54912.440000407514,407.462,100725.02000082465,107.55199939012527,93.086,Predicted,one_shot,68451.35700030084,68043.89500030084,1,,measured,1824.006999413541,11306.885000522016,929
28.206000000000003,166.969,0.0,matmul-32x64x48,57527.14699974604,493.143,113094.90200042668,111.77600175142288,97.886,Random,one_shot,80821.23899990287,80328.09599990287,1,11351.199000273482,measured,0.0,11372.361999747227,929
28.458999999999996,156.84699999999998,0.0,matmul-32x64x48,57527.14699974604,477.07,101727.6300001532,107.77600109577179,92.67,Current,one_shot,69453.9669996294,68976.89699962939,1,,measured,0.0,11372.361999747227,929
28.777,86.637,0.0,matmul-32x64x48,57527.14699974604,407.084,101657.6440001532,107.00800269842148,92.606,Current,one_shot,69383.98099962939,68976.89699962939,2,,measured,0.0,11372.361999747227,929
28.337,155.172,0.0,matmul-32x64x48,54912.440000407514,475.935,100793.49300082464,107.51999914646149,92.958,Predicted,one_shot,68519.83000030083,68043.89500030084,2,,measured,1824.006999413541,11306.885000522016,929
28.057000000000002,166.07399999999998,0.0,matmul-32x64x48,57527.14699974604,489.81,113091.56900042668,112.09599673748016,97.726,Random,one_shot,80817.90599990287,80328.09599990287,2,11351.199000273482,measured,0.0,11372.361999747227,929
27.501,155.476,0.0,matmul-32x64x48,54912.440000407514,474.112,100791.67000082464,107.64800012111664,93.118,Predicted,one_shot,68518.00700030083,68043.89500030084,3,,measured,1824.006999413541,11306.885000522016,929
29.079,157.868,0.0,matmul-32x64x48,57527.14699974604,774.752,102025.3120001532,108.51199924945831,92.734,Current,one_shot,69751.64899962938,68976.89699962939,3,,measured,0.0,11372.361999747227,929
28.103,166.042,0.0,matmul-32x64x48,57527.14699974604,494.384,113096.14300042669,112.35199868679047,97.981,Random,one_shot,80822.47999990288,80328.09599990287,3,11351.199000273482,measured,0.0,11372.361999747227,929
28.407,156.45999999999998,0.0,matmul-32x64x48,57527.14699974604,480.196,101730.7560001532,107.55199939012527,92.638,Current,one_shot,69457.09299962939,68976.89699962939,4,,measured,0.0,11372.361999747227,929
28.424,165.253,0.0,matmul-32x64x48,57527.14699974604,491.581,113093.34000042669,112.35199868679047,97.789,Random,one_shot,80819.67699990288,80328.09599990287,4,11351.199000273482,measured,0.0,11372.361999747227,929
27.681,198.39400000000003,0.0,matmul-32x64x48,54912.440000407514,521.426,100838.98400082465,107.68000036478043,93.118,Predicted,one_shot,68565.32100030084,68043.89500030084,4,,measured,1824.006999413541,11306.885000522016,929
26.87,86.834,0.0,matmul-32x64x48,54912.440000407514,406.652,100724.21000082465,107.39199817180634,93.054,Predicted,one_shot,68450.54700030084,68043.89500030084,5,,measured,1824.006999413541,11306.885000522016,929
28.401,166.073,0.0,matmul-32x64x48,57527.14699974604,491.963,113093.72200042669,112.64000087976456,97.662,Random,one_shot,80820.05899990287,80328.09599990287,5,11351.199000273482,measured,0.0,11372.361999747227,929
28.891,155.913,0.0,matmul-32x64x48,57527.14699974604,475.926,101726.4860001532,106.9440022110939,92.734,Current,one_shot,69452.8229996294,68976.89699962939,5,,measured,0.0,11372.361999747227,929
28.503,155.236,0.0,matmul-32x64x48,54912.440000407514,476.909,100794.46700082465,107.10400342941284,92.99,Predicted,one_shot,68520.80400030084,68043.89500030084,6,,measured,1824.006999413541,11306.885000522016,929
27.777,162.17,0.0,matmul-32x64x48,57527.14699974604,513.102,101763.6620001532,107.04000294208527,92.574,Current,one_shot,69489.99899962939,68976.89699962939,6,,measured,0.0,11372.361999747227,929
28.599,158.71,0.0,matmul-32x64x48,57527.14699974604,483.707,113085.46600042668,112.06399649381638,97.598,Random,one_shot,80811.80299990287,80328.09599990287,6,11351.199000273482,measured,0.0,11372.361999747227,929
28.015,156.053,0.0,matmul-32x64x48,54912.440000407514,478.274,100795.83200082465,107.744000852108,93.118,Predicted,one_shot,68522.16900030084,68043.89500030084,7,,measured,1824.006999413541,11306.885000522016,929
28.412,156.38400000000001,0.0,matmul-32x64x48,57527.14699974604,474.786,101725.3460001532,107.32799768447876,92.734,Current,one_shot,69451.68299962938,68976.89699962939,7,,measured,0.0,11372.361999747227,929
27.747999999999998,154.846,0.0,matmul-32x64x48,57527.14699974604,478.491,113080.25000042668,112.47999966144562,98.078,Random,one_shot,80806.58699990287,80328.09599990287,7,11351.199000273482,measured,0.0,11372.361999747227,929
27.999000000000002,199.895,0.0,matmul-32x64x48,57527.14699974604,519.703,101770.2630001532,107.77600109577179,92.67,Current,one_shot,69496.59999962938,68976.89699962939,8,,measured,0.0,11372.361999747227,929
28.384999999999998,154.62,0.0,matmul-32x64x48,54912.440000407514,475.306,100792.86400082464,107.61599987745285,93.118,Predicted,one_shot,68519.20100030083,68043.89500030084,8,,measured,1824.006999413541,11306.885000522016,929
28.201999999999998,156.72400000000002,0.0,matmul-32x64x48,57527.14699974604,482.654,113084.41300042668,112.5119999051094,97.917,Random,one_shot,80810.74999990287,80328.09599990287,8,11351.199000273482,measured,0.0,11372.361999747227,929
27.435,85.791,0.0,matmul-32x64x48,57527.14699974604,409.613,113011.37200042668,111.84000223875046,97.982,Random,one_shot,80737.70899990287,80328.09599990287,9,11351.199000273482,measured,0.0,11372.361999747227,929
28.24,156.16500000000002,0.0,matmul-32x64x48,54912.440000407514,475.836,100793.39400082464,107.45599865913391,93.086,Predicted,one_shot,68519.73100030083,68043.89500030084,9,,measured,1824.006999413541,11306.885000522016,929
28.606,161.83799999999997,0.0,matmul-32x64x48,57527.14699974604,524.122,101774.6820001532,106.91200196743011,92.638,Current,one_shot,69501.01899962939,68976.89699962939,9,,measured,0.0,11372.361999747227,929
28.845,85.975,0.0,matmul-32x64x48,57527.14699974604,404.095,101654.6550001532,107.04000294208527,92.573,Current,one_shot,69380.99199962939,68976.89699962939,10,,measured,0.0,11372.361999747227,929
27.592,155.741,0.0,matmul-32x64x48,54912.440000407514,472.419,100789.97700082464,107.42399841547012,92.99,Predicted,one_shot,68516.31400030083,68043.89500030084,10,,measured,1824.006999413541,11306.885000522016,929
27.989,156.15900000000002,0.0,matmul-32x64x48,57527.14699974604,477.923,113079.68200042668,112.5440001487732,97.95,Random,one_shot,80806.01899990287,80328.09599990287,10,11351.199000273482,measured,0.0,11372.361999747227,929
28.663,156.378,0.0,matmul-32x64x48,57527.14699974604,476.709,101727.2690001532,107.2319969534874,92.702,Current,one_shot,69453.60599962939,68976.89699962939,11,,measured,0.0,11372.361999747227,929
27.790999999999997,154.476,0.0,matmul-32x64x48,57527.14699974604,512.13,113113.88900042669,141.15199446678162,98.078,Random,one_shot,80840.22599990288,80328.09599990287,11,11351.199000273482,measured,0.0,11372.361999747227,929
27.952,156.125,0.0,matmul-32x64x48,54912.440000407514,476.234,100793.79200082464,107.58399963378906,93.086,Predicted,one_shot,68520.12900030083,68043.89500030084,11,,measured,1824.006999413541,11306.885000522016,929
27.886000000000003,155.01199999999997,0.0,matmul-32x64x48,57527.14699974604,480.102,113081.86100042668,112.41599917411804,97.79,Random,one_shot,80808.19799990287,80328.09599990287,12,11351.199000273482,measured,0.0,11372.361999747227,929
28.311,154.784,0.0,matmul-32x64x48,54912.440000407514,474.24,100791.79800082465,108.09600353240967,93.086,Predicted,one_shot,68518.13500030084,68043.89500030084,12,,measured,1824.006999413541,11306.885000522016,929
28.614,154.22599999999997,0.0,matmul-32x64x48,57527.14699974604,471.812,101722.3720001532,107.16799646615982,92.702,Current,one_shot,69448.7089996294,68976.89699962939,12,,measured,0.0,11372.361999747227,929
30.110999999999997,155.226,0.0,matmul-32x64x48,54912.440000407514,482.818,100800.37600082465,107.96800255775452,93.054,Predicted,one_shot,68526.71300030084,68043.89500030084,13,,measured,1824.006999413541,11306.885000522016,929
28.002,155.51800000000003,0.0,matmul-32x64x48,57527.14699974604,474.982,101725.5420001532,107.39199817180634,92.701,Current,one_shot,69451.87899962939,68976.89699962939,13,,measured,0.0,11372.361999747227,929
28.436999999999998,158.19599999999997,0.0,matmul-32x64x48,57527.14699974604,484.076,113085.83500042668,112.47999966144562,97.822,Random,one_shot,80812.17199990287,80328.09599990287,13,11351.199000273482,measured,0.0,11372.361999747227,929
28.201,156.632,0.0,matmul-32x64x48,57527.14699974604,478.055,101728.6150001532,107.35999792814255,92.574,Current,one_shot,69454.95199962938,68976.89699962939,14,,measured,0.0,11372.361999747227,929
27.729,156.02199999999996,0.0,matmul-32x64x48,57527.14699974604,481.013,113082.77200042669,112.83200234174728,98.046,Random,one_shot,80809.10899990288,80328.09599990287,14,11351.199000273482,measured,0.0,11372.361999747227,929
28.168,157.359,0.0,matmul-32x64x48,54912.440000407514,481.853,100799.41100082465,112.06399649381638,93.022,Predicted,one_shot,68525.74800030084,68043.89500030084,14,,measured,1824.006999413541,11306.885000522016,929
28.502000000000002,155.59699999999998,0.0,matmul-32x64x48,57527.14699974604,475.274,101725.8340001532,107.55199939012527,92.702,Current,one_shot,69452.1709996294,68976.89699962939,15,,measured,0.0,11372.361999747227,929
27.804000000000002,155.444,0.0,matmul-32x64x48,54912.440000407514,473.774,100791.33200082465,107.45599865913391,93.054,Predicted,one_shot,68517.66900030084,68043.89500030084,15,,measured,1824.006999413541,11306.885000522016,929
28.555999999999997,155.53199999999998,0.0,matmul-32x64x48,57527.14699974604,479.965,113081.72400042668,112.38399893045425,98.014,Random,one_shot,80808.06099990287,80328.09599990287,15,11351.199000273482,measured,0.0,11372.361999747227,929
28.437,,,matmul-32x64x48,,139.054,,106.55999928712845,92.67,Current,resident,,,0,,warmup,,,930
30.57,,,matmul-32x64x48,,146.313,,113.53600025177002,99.07,Random,resident,,,0,,warmup,,,930
27.558,,,matmul-32x64x48,,138.064,,105.8880016207695,93.118,Predicted,resident,,,0,,warmup,,,930
26.787,,,matmul-32x64x48,,137.405,,105.98400235176086,93.118,Predicted,resident,,,1,,warmup,,,930
27.959,,,matmul-32x64x48,,142.108,,110.43199896812439,97.726,Random,resident,,,1,,warmup,,,930
27.674,,,matmul-32x64x48,,137.17,,105.69600015878677,92.638,Current,resident,,,1,,warmup,,,930
26.917,,,matmul-32x64x48,,142.449,,110.944002866745,97.278,Random,resident,,,2,,warmup,,,930
27.031,,,matmul-32x64x48,,136.773,,105.6319996714592,92.574,Current,resident,,,2,,warmup,,,930
27.809,,,matmul-32x64x48,,137.606,,105.69600015878677,92.99,Predicted,resident,,,2,,warmup,,,930
28.071,,,matmul-32x64x48,,142.677,,110.88000237941742,97.758,Random,resident,,,3,,warmup,,,930
28.073999999999998,,,matmul-32x64x48,,137.923,,105.95200210809708,92.606,Current,resident,,,3,,warmup,,,930
26.68,,,matmul-32x64x48,,136.92,,105.69600015878677,93.086,Predicted,resident,,,3,,warmup,,,930
26.365000000000002,,,matmul-32x64x48,,137.016,,105.76000064611435,93.086,Predicted,resident,,,4,,warmup,,,930
27.544,,,matmul-32x64x48,,141.409,,110.17599701881409,97.502,Random,resident,,,4,,warmup,,,930
27.942,,,matmul-32x64x48,,136.729,,105.56799918413162,92.67,Current,resident,,,4,,warmup,,,930
26.494,,,matmul-32x64x48,,136.453,,105.12000322341919,92.702,Current,resident,,,5,,warmup,,,930
26.846,,,matmul-32x64x48,,141.306,,110.46399921178818,97.406,Random,resident,,,5,,warmup,,,930
27.177999999999997,,,matmul-32x64x48,,137.177,,105.85600137710571,93.054,Predicted,resident,,,5,,warmup,,,930
27.969,,,matmul-32x64x48,,137.734,,105.6319996714592,92.574,Current,resident,,,0,,measured,,,930
27.087,,,matmul-32x64x48,,137.001,,106.04800283908844,92.99,Predicted,resident,,,0,,measured,,,930
26.941,,,matmul-32x64x48,,141.5,,110.23999750614166,97.246,Random,resident,,,0,,measured,,,930
26.654,,,matmul-32x64x48,,141.542,,110.36799848079681,97.566,Random,resident,,,1,,measured,,,930
27.003999999999998,,,matmul-32x64x48,,136.622,,105.43999820947647,92.734,Current,resident,,,1,,measured,,,930
26.688,,,matmul-32x64x48,,137.682,,105.72800040245056,93.022,Predicted,resident,,,1,,measured,,,930
26.253999999999998,,,matmul-32x64x48,,136.881,,105.6319996714592,93.15,Predicted,resident,,,2,,measured,,,930
27.334,,,matmul-32x64x48,,141.814,,110.27199774980545,97.598,Random,resident,,,2,,measured,,,930
27.519,,,matmul-32x64x48,,136.561,,105.59999942779541,92.638,Current,resident,,,2,,measured,,,930
26.692999999999998,,,matmul-32x64x48,,136.669,,105.24799674749374,92.67,Current,resident,,,3,,measured,,,930
26.856,,,matmul-32x64x48,,142.11,,110.1439967751503,97.47,Random,resident,,,3,,measured,,,930
26.911,,,matmul-32x64x48,,136.547,,105.47199845314026,92.99,Predicted,resident,,,3,,measured,,,930
27.304000000000002,,,matmul-32x64x48,,142.31,,110.36799848079681,97.598,Random,resident,,,4,,measured,,,930
26.674999999999997,,,matmul-32x64x48,,136.824,,105.92000186443329,92.958,Predicted,resident,,,4,,measured,,,930
27.47,,,matmul-32x64x48,,136.163,,105.43999820947647,92.606,Current,resident,,,4,,measured,,,930
27.122,,,matmul-32x64x48,,141.767,,110.46399921178818,97.63,Random,resident,,,5,,measured,,,930
27.349,,,matmul-32x64x48,,137.369,,105.76000064611435,93.118,Predicted,resident,,,5,,measured,,,930
27.351,,,matmul-32x64x48,,136.153,,105.31199723482132,92.637,Current,resident,,,5,,measured,,,930
45.306000000000004,,,matmul-32x64x48,,152.885,,119.32799965143204,93.086,Predicted,resident,,,6,,measured,,,930
27.382,,,matmul-32x64x48,,138.129,,106.20799660682678,92.702,Current,resident,,,6,,measured,,,930
27.238999999999997,,,matmul-32x64x48,,141.944,,110.78400164842606,97.854,Random,resident,,,6,,measured,,,930
27.250999999999998,,,matmul-32x64x48,,137.401,,106.11200332641602,92.67,Current,resident,,,7,,measured,,,930
27.292,,,matmul-32x64x48,,137.576,,106.1440035700798,93.022,Predicted,resident,,,7,,measured,,,930
26.987000000000002,,,matmul-32x64x48,,141.646,,110.46399921178818,97.438,Random,resident,,,7,,measured,,,930
26.916,,,matmul-32x64x48,,136.703,,105.6319996714592,92.574,Current,resident,,,8,,measured,,,930
26.762999999999998,,,matmul-32x64x48,,137.562,,106.20799660682678,93.022,Predicted,resident,,,8,,measured,,,930
27.089,,,matmul-32x64x48,,141.972,,110.6560006737709,97.47,Random,resident,,,8,,measured,,,930
26.997999999999998,,,matmul-32x64x48,,137.651,,105.76000064611435,93.086,Predicted,resident,,,9,,measured,,,930
27.372999999999998,,,matmul-32x64x48,,141.695,,110.30399799346924,97.726,Random,resident,,,9,,measured,,,930
27.055,,,matmul-32x64x48,,136.993,,105.66399991512299,92.702,Current,resident,,,9,,measured,,,930
26.549,,,matmul-32x64x48,,136.58,,105.3759977221489,93.054,Predicted,resident,,,10,,measured,,,930
27.183,,,matmul-32x64x48,,135.907,,105.15200346708298,92.67,Current,resident,,,10,,measured,,,930
27.067,,,matmul-32x64x48,,141.144,,110.11199653148651,97.47,Random,resident,,,10,,measured,,,930
26.615000000000002,,,matmul-32x64x48,,136.479,,105.69600015878677,92.67,Current,resident,,,11,,measured,,,930
27.494,,,matmul-32x64x48,,140.053,,109.82400178909302,97.374,Random,resident,,,11,,measured,,,930
27.011,,,matmul-32x64x48,,136.169,,105.59999942779541,93.054,Predicted,resident,,,11,,measured,,,930
26.729999999999997,,,matmul-32x64x48,,136.003,,105.47199845314026,92.574,Current,resident,,,12,,measured,,,930
27.344,,,matmul-32x64x48,,141.119,,110.75200140476227,97.534,Random,resident,,,12,,measured,,,930
26.546999999999997,,,matmul-32x64x48,,136.67,,105.92000186443329,92.99,Predicted,resident,,,12,,measured,,,930
26.706,,,matmul-32x64x48,,137.376,,106.4319983124733,93.118,Predicted,resident,,,13,,measured,,,930
26.618000000000002,,,matmul-32x64x48,,135.537,,105.18400371074677,92.637,Current,resident,,,13,,measured,,,930
26.697,,,matmul-32x64x48,,140.813,,110.75200140476227,97.693,Random,resident,,,13,,measured,,,930
26.637,,,matmul-32x64x48,,140.585,,110.52799969911575,97.726,Random,resident,,,14,,measured,,,930
26.942999999999998,,,matmul-32x64x48,,136.172,,105.56799918413162,93.086,Predicted,resident,,,14,,measured,,,930
27.862000000000002,,,matmul-32x64x48,,136.169,,105.24799674749374,92.606,Current,resident,,,14,,measured,,,930
78.257,,,matmul-32x64x48,,141.39,,110.1439967751503,97.278,Random,resident,,,15,,measured,,,930
26.939,,,matmul-32x64x48,,136.882,,106.04800283908844,93.118,Predicted,resident,,,15,,measured,,,930
27.972,,,matmul-32x64x48,,135.596,,105.15200346708298,92.67,Current,resident,,,15,,measured,,,930
27.584,90.336,0.0,matmul-32x64x48,57527.14699974604,411.268,101661.8280001532,106.6880002617836,92.574,Current,one_shot,69388.16499962939,68976.89699962939,0,,warmup,0.0,11372.361999747227,930
28.108999999999998,176.389,0.0,matmul-32x64x48,57527.14699974604,499.705,113221.25800048326,111.84000223875046,97.662,Random,one_shot,80947.59499995944,80447.88999995944,0,11470.993000330054,warmup,0.0,11372.361999747227,930
28.58,160.92900000000003,0.0,matmul-32x64x48,54912.440000407514,759.992,101077.55000082465,108.5439994931221,92.99,Predicted,one_shot,68803.88700030083,68043.89500030084,0,,warmup,1824.006999413541,11306.885000522016,930
27.012,125.11200000000001,0.0,matmul-32x64x48,54912.440000407514,444.32,100761.87800082465,107.45599865913391,93.118,Predicted,one_shot,68488.21500030084,68043.89500030084,1,,warmup,1824.006999413541,11306.885000522016,930
27.842,172.509,0.0,matmul-32x64x48,57527.14699974604,493.029,113214.58200048325,112.2559979557991,97.822,Random,one_shot,80940.91899995944,80447.88999995944,1,11470.993000330054,warmup,0.0,11372.361999747227,930
28.386,157.791,0.0,matmul-32x64x48,57527.14699974604,474.958,101725.5180001532,106.9440022110939,92.702,Current,one_shot,69451.85499962939,68976.89699962939,1,,warmup,0.0,11372.361999747227,930
27.805,164.22799999999998,0.0,matmul-32x64x48,57527.14699974604,484.226,113205.77900048325,111.96800321340561,97.63,Random,one_shot,80932.11599995944,80447.88999995944,2,11470.993000330054,warmup,0.0,11372.361999747227,930
27.842,155.505,0.0,matmul-32x64x48,57527.14699974604,471.303,101721.8630001532,106.59199953079224,92.702,Current,one_shot,69448.19999962939,68976.89699962939,2,,warmup,0.0,11372.361999747227,930
27.967,158.39199999999997,0.0,matmul-32x64x48,54912.440000407514,476.107,100793.66500082465,108.12799632549286,93.118,Predicted,one_shot,68520.00200030084,68043.89500030084,2,,warmup,1824.006999413541,11306.885000522016,930
27.820999999999998,165.74,0.0,matmul-32x64x48,57527.14699974604,485.882,113207.43500048325,112.15999722480774,97.31,Random,one_shot,80933.77199995944,80447.88999995944,3,11470.993000330054,warmup,0.0,11372.361999747227,930
28.171999999999997,156.105,0.0,matmul-32x64x48,57527.14699974604,471.884,101722.4440001532,106.6880002617836,92.638,Current,one_shot,69448.7809996294,68976.89699962939,3,,warmup,0.0,11372.361999747227,930
27.786,154.853,0.0,matmul-32x64x48,54912.440000407514,472.513,100790.07100082465,107.10400342941284,93.086,Predicted,one_shot,68516.40800030084,68043.89500030084,3,,warmup,1824.006999413541,11306.885000522016,930
26.65,86.54599999999999,0.0,matmul-32x64x48,54912.440000407514,402.549,100720.10700082465,106.91200196743011,93.022,Predicted,one_shot,68446.44400030083,68043.89500030084,4,,warmup,1824.006999413541,11306.885000522016,930
28.197,165.58,0.0,matmul-32x64x48,57527.14699974604,489.567,113211.12000048325,112.73600161075592,97.406,Random,one_shot,80937.45699995944,80447.88999995944,4,11470.993000330054,warmup,0.0,11372.361999747227,930
28.083,155.88799999999998,0.0,matmul-32x64x48,57527.14699974604,472.148,101722.7080001532,106.88000172376633,92.606,Current,one_shot,69449.04499962939,68976.89699962939,4,,warmup,0.0,11372.361999747227,930
27.284,86.18,0.0,matmul-32x64x48,57527.14699974604,402.877,101653.4370001532,107.04000294208527,92.67,Current,one_shot,69379.77399962938,68976.89699962939,5,,warmup,0.0,11372.361999747227,930
27.697,164.27100000000002,0.0,matmul-32x64x48,57527.14699974604,486.057,113207.61000048326,112.44799941778183,97.79,Random,one_shot,80933.94699995944,80447.88999995944,5,11470.993000330054,warmup,0.0,11372.361999747227,930
27.695,156.86399999999998,0.0,matmul-32x64x48,54912.440000407514,473.791,100791.34900082464,107.51999914646149,93.086,Predicted,one_shot,68517.68600030083,68043.89500030084,5,,warmup,1824.006999413541,11306.885000522016,930
27.901,139.31,0.0,matmul-32x64x48,57527.14699974604,474.5,101725.0600001532,106.91200196743011,92.638,Current,one_shot,69451.39699962939,68976.89699962939,0,,measured,0.0,11372.361999747227,930
27.675,155.40300000000002,0.0,matmul-32x64x48,54912.440000407514,471.665,100789.22300082464,107.4879989027977,93.085,Predicted,one_shot,68515.56000030083,68043.89500030084,0,,measured,1824.006999413541,11306.885000522016,930
28.356,166.09900000000002,0.0,matmul-32x64x48,57527.14699974604,487.406,113208.95900048326,111.7440015077591,97.47,Random,one_shot,80935.29599995945,80447.88999995944,0,11470.993000330054,measured,0.0,11372.361999747227,930
27.618000000000002,96.476,0.0,matmul-32x64x48,57527.14699974604,418.763,113140.31600048326,111.51999980211258,97.31,Random,one_shot,80866.65299995945,80447.88999995944,1,11470.993000330054,measured,0.0,11372.361999747227,930
28.085,156.157,0.0,matmul-32x64x48,57527.14699974604,472.371,101722.9310001532,107.42399841547012,92.638,Current,one_shot,69449.26799962939,68976.89699962939,1,,measured,0.0,11372.361999747227,930
28.063,154.912,0.0,matmul-32x64x48,54912.440000407514,502.973,100820.53100082465,107.61599987745285,93.054,Predicted,one_shot,68546.86800030083,68043.89500030084,1,,measured,1824.006999413541,11306.885000522016,930
27.128,86.64700000000002,0.0,matmul-32x64x48,54912.440000407514,402.874,100720.43200082464,107.32799768447876,92.99,Predicted,one_shot,68446.76900030083,68043.89500030084,2,,measured,1824.006999413541,11306.885000522016,930
28.502000000000002,165.93500000000003,0.0,matmul-32x64x48,57527.14699974604,485.705,113207.25800048326,111.84000223875046,97.598,Random,one_shot,80933.59499995944,80447.88999995944,2,11470.993000330054,measured,0.0,11372.361999747227,930
28.326,154.82000000000002,0.0,matmul-32x64x48,57527.14699974604,469.925,101720.4850001532,107.00800269842148,92.574,Current,one_shot,69446.82199962939,68976.89699962939,2,,measured,0.0,11372.361999747227,930
27.059,85.42600000000002,0.0,matmul-32x64x48,57527.14699974604,400.103,101650.6630001532,106.97600245475769,92.702,Current,one_shot,69376.99999962939,68976.89699962939,3,,measured,0.0,11372.361999747227,930
28.107,196.53699999999998,0.0,matmul-32x64x48,57527.14699974604,522.497,113244.05000048326,112.19199746847153,97.662,Random,one_shot,80970.38699995945,80447.88999995944,3,11470.993000330054,measured,0.0,11372.361999747227,930
28.037999999999997,171.636,0.0,matmul-32x64x48,54912.440000407514,522.446,100840.00400082464,107.13600367307663,93.086,Predicted,one_shot,68566.34100030083,68043.89500030084,3,,measured,1824.006999413541,11306.885000522016,930
27.253999999999998,164.723,0.0,matmul-32x64x48,57527.14699974604,485.848,113207.40100048325,111.84000223875046,97.438,Random,one_shot,80933.73799995944,80447.88999995944,4,11470.993000330054,measured,0.0,11372.361999747227,930
27.916999999999998,153.22499999999997,0.0,matmul-32x64x48,54912.440000407514,470.749,100788.30700082464,107.35999792814255,93.086,Predicted,one_shot,68514.64400030083,68043.89500030084,4,,measured,1824.006999413541,11306.885000522016,930
28.476,155.589,0.0,matmul-32x64x48,57527.14699974604,472.087,101722.6470001532,107.07200318574905,92.67,Current,one_shot,69448.98399962939,68976.89699962939,4,,measured,0.0,11372.361999747227,930
28.269,211.811,0.0,matmul-32x64x48,57527.14699974604,539.066,113260.61900048326,112.31999844312668,97.662,Random,one_shot,80986.95599995945,80447.88999995944,5,11470.993000330054,measured,0.0,11372.361999747227,930
27.891,156.729,0.0,matmul-32x64x48,54912.440000407514,475.532,100793.09000082465,107.13600367307663,93.086,Predicted,one_shot,68519.42700030084,68043.89500030084,5,,measured,1824.006999413541,11306.885000522016,930
27.828,156.429,0.0,matmul-32x64x48,57527.14699974604,474.369,101724.9290001532,107.00800269842148,92.638,Current,one_shot,69451.2659996294,68976.89699962939,5,,measured,0.0,11372.361999747227,930
27.662,156.77,0.0,matmul-32x64x48,54912.440000407514,471.893,100789.45100082464,107.42399841547012,92.958,Predicted,one_shot,68515.78800030083,68043.89500030084,6,,measured,1824.006999413541,11306.885000522016,930
27.899,155.68500000000003,0.0,matmul-32x64x48,57527.14699974604,470.844,101721.4040001532,107.13600367307663,92.573,Current,one_shot,69447.74099962939,68976.89699962939,6,,measured,0.0,11372.361999747227,930
27.657,184.04899999999998,0.0,matmul-32x64x48,57527.14699974604,507.07,113228.62300048326,112.0000034570694,97.502,Random,one_shot,80954.95999995945,80447.88999995944,6,11470.993000330054,measured,0.0,11372.361999747227,930
27.769000000000002,155.726,0.0,matmul-32x64x48,57527.14699974604,472.275,101722.8350001532,106.91200196743011,92.638,Current,one_shot,69449.17199962938,68976.89699962939,7,,measured,0.0,11372.361999747227,930
28.589,156.90299999999996,0.0,matmul-32x64x48,54912.440000407514,474.429,100791.98700082465,107.71200060844421,93.086,Predicted,one_shot,68518.32400030084,68043.89500030084,7,,measured,1824.006999413541,11306.885000522016,930
27.764000000000003,157.431,0.0,matmul-32x64x48,57527.14699974604,474.841,113196.39400048325,111.84000223875046,97.758,Random,one_shot,80922.73099995944,80447.88999995944,7,11470.993000330054,measured,0.0,11372.361999747227,930
28.361,156.023,0.0,matmul-32x64x48,57527.14699974604,470.153,101720.7130001532,106.84800148010254,92.702,Current,one_shot,69447.0499996294,68976.89699962939,8,,measured,0.0,11372.361999747227,930
28.091,173.00999999999996,0.0,matmul-32x64x48,54912.440000407514,491.433,100808.99100082465,107.07200318574905,93.118,Predicted,one_shot,68535.32800030084,68043.89500030084,8,,measured,1824.006999413541,11306.885000522016,930
27.776,154.575,0.0,matmul-32x64x48,57527.14699974604,474.886,113196.43900048325,111.58400028944016,97.373,Random,one_shot,80922.77599995944,80447.88999995944,8,11470.993000330054,measured,0.0,11372.361999747227,930
27.288,153.55200000000002,0.0,matmul-32x64x48,54912.440000407514,467.974,100785.53200082465,107.19999670982361,93.054,Predicted,one_shot,68511.86900030084,68043.89500030084,9,,measured,1824.006999413541,11306.885000522016,930
31.531,154.85900000000004,0.0,matmul-32x64x48,57527.14699974604,753.623,113475.17600048326,111.7120012640953,97.438,Random,one_shot,81201.51299995945,80447.88999995944,9,11470.993000330054,measured,0.0,11372.361999747227,930
27.773000000000003,157.47899999999998,0.0,matmul-32x64x48,57527.14699974604,477.544,101728.1040001532,107.51999914646149,92.67,Current,one_shot,69454.44099962938,68976.89699962939,9,,measured,0.0,11372.361999747227,930
27.608,155.41199999999998,0.0,matmul-32x64x48,54912.440000407514,496.113,100813.67100082464,129.98400628566742,92.958,Predicted,one_shot,68540.00800030083,68043.89500030084,10,,measured,1824.006999413541,11306.885000522016,930
27.885,155.074,0.0,matmul-32x64x48,57527.14699974604,470.699,101721.2590001532,106.65600001811981,92.574,Current,one_shot,69447.59599962938,68976.89699962939,10,,measured,0.0,11372.361999747227,930
28.008,154.82999999999996,0.0,matmul-32x64x48,57527.14699974604,476.448,113198.00100048326,112.06399649381638,97.63,Random,one_shot,80924.33799995945,80447.88999995944,10,11470.993000330054,measured,0.0,11372.361999747227,930
28.039,154.92399999999998,0.0,matmul-32x64x48,57527.14699974604,471.13,101721.6900001532,107.45599865913391,92.765,Current,one_shot,69448.0269996294,68976.89699962939,11,,measured,0.0,11372.361999747227,930
27.436999999999998,154.17400000000004,0.0,matmul-32x64x48,57527.14699974604,474.2,113195.75300048325,112.2559979557991,97.694,Random,one_shot,80922.08999995944,80447.88999995944,11,11470.993000330054,measured,0.0,11372.361999747227,930
27.881,156.837,0.0,matmul-32x64x48,54912.440000407514,474.494,100792.05200082465,107.42399841547012,93.085,Predicted,one_shot,68518.38900030084,68043.89500030084,11,,measured,1824.006999413541,11306.885000522016,930
28.724999999999998,154.49099999999996,0.0,matmul-32x64x48,57527.14699974604,472.67,101723.2300001532,107.51999914646149,92.638,Current,one_shot,69449.56699962939,68976.89699962939,12,,measured,0.0,11372.361999747227,930
27.942,156.05499999999998,0.0,matmul-32x64x48,57527.14699974604,478.039,113199.59200048326,112.57600039243698,97.406,Random,one_shot,80925.92899995945,80447.88999995944,12,11470.993000330054,measured,0.0,11372.361999747227,930
28.019,155.71200000000002,0.0,matmul-32x64x48,54912.440000407514,472.543,100790.10100082465,107.42399841547012,93.054,Predicted,one_shot,68516.43800030084,68043.89500030084,12,,measured,1824.006999413541,11306.885000522016,930
27.402,86.762,0.0,matmul-32x64x48,54912.440000407514,405.208,100722.76600082465,107.26399719715118,93.054,Predicted,one_shot,68449.10300030083,68043.89500030084,13,,measured,1824.006999413541,11306.885000522016,930
28.023,156.57600000000002,0.0,matmul-32x64x48,57527.14699974604,474.467,101725.0270001532,107.13600367307663,92.734,Current,one_shot,69451.3639996294,68976.89699962939,13,,measured,0.0,11372.361999747227,930
27.689999999999998,154.19199999999998,0.0,matmul-32x64x48,57527.14699974604,474.641,113196.19400048326,111.7120012640953,97.278,Random,one_shot,80922.53099995945,80447.88999995944,13,11470.993000330054,measured,0.0,11372.361999747227,930
27.483,85.127,0.0,matmul-32x64x48,57527.14699974604,438.849,113160.40200048326,112.19199746847153,97.629,Random,one_shot,80886.73899995945,80447.88999995944,14,11470.993000330054,measured,0.0,11372.361999747227,930
27.529,157.641,0.0,matmul-32x64x48,54912.440000407514,472.939,100790.49700082465,107.42399841547012,92.926,Predicted,one_shot,68516.83400030083,68043.89500030084,14,,measured,1824.006999413541,11306.885000522016,930
28.497,156.696,0.0,matmul-32x64x48,57527.14699974604,473.411,101723.9710001532,107.07200318574905,92.605,Current,one_shot,69450.30799962938,68976.89699962939,14,,measured,0.0,11372.361999747227,930
27.205,155.27200000000002,0.0,matmul-32x64x48,57527.14699974604,475.889,113197.44200048325,111.87200248241425,97.726,Random,one_shot,80923.77899995944,80447.88999995944,15,11470.993000330054,measured,0.0,11372.361999747227,930
28.606,156.233,0.0,matmul-32x64x48,54912.440000407514,475.03,100792.58800082465,107.71200060844421,93.086,Predicted,one_shot,68518.92500030083,68043.89500030084,15,,measured,1824.006999413541,11306.885000522016,930
27.858999999999998,155.30800000000002,0.0,matmul-32x64x48,57527.14699974604,472.217,101722.7770001532,107.16799646615982,92.734,Current,one_shot,69449.1139996294,68976.89699962939,15,,measured,0.0,11372.361999747227,930
42.353,209.804,107.235,matmul-64x128x64,,865.666,,209.50399339199066,185.212,Current,initialize,,,-1,,initialization,,,
37.786,264.42499999999995,99.736,matmul-64x128x64,,908.949,,212.0320051908493,187.26,Predicted,initialize,,,-1,,initialization,,,
36.977000000000004,223.94500000000005,134.126,matmul-64x128x64,,953.595,,241.37599766254425,216.603,Random,initialize,,,-1,,initialization,,,928
35.644999999999996,203.29900000000004,114.609,matmul-64x128x64,,908.44,,252.79998779296875,228.635,Random,initialize,,,-1,,initialization,,,929
36.382000000000005,203.44099999999997,126.322,matmul-64x128x64,,1251.072,,245.05600333213806,218.779,Random,initialize,,,-1,,initialization,,,930
36.15,,,matmul-64x128x64,,293.256,,259.2320144176483,242.651,Random,resident,,,0,,warmup,,,928
35.199,,,matmul-64x128x64,,337.882,,306.2399923801422,291.194,Predicted,resident,,,0,,warmup,,,928
35.602000000000004,,,matmul-64x128x64,,328.902,,296.7680096626282,281.658,Current,resident,,,0,,warmup,,,928
34.279,,,matmul-64x128x64,,284.934,,253.08799743652344,239.067,Random,resident,,,1,,warmup,,,928
33.039,,,matmul-64x128x64,,310.159,,278.7199914455414,264.762,Predicted,resident,,,1,,warmup,,,928
33.292,,,matmul-64x128x64,,282.375,,251.52000784873962,238.331,Current,resident,,,1,,warmup,,,928
33.727000000000004,,,matmul-64x128x64,,283.918,,251.8720030784607,238.907,Random,resident,,,2,,warmup,,,928
32.482,,,matmul-64x128x64,,228.841,,197.66399264335632,184.092,Current,resident,,,2,,warmup,,,928
32.709,,,matmul-64x128x64,,310.795,,279.00800108909607,266.458,Predicted,resident,,,2,,warmup,,,928
33.236,,,matmul-64x128x64,,285.225,,253.50400805473328,239.835,Random,resident,,,3,,warmup,,,928
32.314,,,matmul-64x128x64,,281.038,,249.59999322891235,236.314,Current,resident,,,3,,warmup,,,928
32.298,,,matmul-64x128x64,,312.688,,280.9920012950897,267.29,Predicted,resident,,,3,,warmup,,,928
32.564,,,matmul-64x128x64,,231.242,,200.06400346755981,186.587,Predicted,resident,,,4,,warmup,,,928
33.743,,,matmul-64x128x64,,229.766,,198.36799800395966,184.316,Current,resident,,,4,,warmup,,,928
32.838,,,matmul-64x128x64,,284.781,,252.86400318145752,239.611,Random,resident,,,4,,warmup,,,928
48.241,,,matmul-64x128x64,,315.39,,280.70399165153503,266.97,Predicted,resident,,,5,,warmup,,,928
33.017,,,matmul-64x128x64,,287.896,,256.3199996948242,242.875,Current,resident,,,5,,warmup,,,928
33.723,,,matmul-64x128x64,,283.955,,252.31999158859253,239.323,Random,resident,,,5,,warmup,,,928
32.822,,,matmul-64x128x64,,228.947,,197.34400510787964,184.411,Current,resident,,,0,,measured,,,928
33.265,,,matmul-64x128x64,,312.642,,280.8000147342682,267.13,Predicted,resident,,,0,,measured,,,928
33.096000000000004,,,matmul-64x128x64,,284.584,,252.3840069770813,239.418,Random,resident,,,0,,measured,,,928
32.174,,,matmul-64x128x64,,244.177,,212.16000616550446,199.74,Random,resident,,,1,,measured,,,928
32.713,,,matmul-64x128x64,,231.983,,200.03199577331543,186.812,Predicted,resident,,,1,,measured,,,928
32.968,,,matmul-64x128x64,,283.889,,252.28801369667053,239.259,Current,resident,,,1,,measured,,,928
32.138000000000005,,,matmul-64x128x64,,231.719,,200.03199577331543,186.588,Predicted,resident,,,2,,measured,,,928
32.994,,,matmul-64x128x64,,244.776,,197.76000082492828,184.38,Current,resident,,,2,,measured,,,928
32.699,,,matmul-64x128x64,,285.251,,253.56799364089966,240.058,Random,resident,,,2,,measured,,,928
32.783,,,matmul-64x128x64,,310.56,,279.07198667526245,265.882,Predicted,resident,,,3,,measured,,,928
89.36000000000001,,,matmul-64x128x64,,244.849,,212.38400042057037,200.059,Random,resident,,,3,,measured,,,928
33.102000000000004,,,matmul-64x128x64,,284.878,,253.60000133514404,240.41,Current,resident,,,3,,measured,,,928
32.136,,,matmul-64x128x64,,228.261,,197.02400267124176,184.284,Current,resident,,,4,,measured,,,928
32.319,,,matmul-64x128x64,,311.443,,279.35999631881714,266.458,Predicted,resident,,,4,,measured,,,928
32.41,,,matmul-64x128x64,,285.223,,253.4720003604889,240.09,Random,resident,,,4,,measured,,,928
31.646,,,matmul-64x128x64,,244.3,,212.92799711227417,199.74,Random,resident,,,5,,measured,,,928
32.361999999999995,,,matmul-64x128x64,,231.859,,200.44800639152527,186.747,Predicted,resident,,,5,,measured,,,928
32.269000000000005,,,matmul-64x128x64,,284.238,,252.22399830818176,239.387,Current,resident,,,5,,measured,,,928
31.721,,,matmul-64x128x64,,229.287,,198.14400374889374,184.476,Current,resident,,,6,,measured,,,928
32.446,,,matmul-64x128x64,,230.921,,199.52000677585602,186.588,Predicted,resident,,,6,,measured,,,928
33.007000000000005,,,matmul-64x128x64,,285.279,,252.8960108757019,239.994,Random,resident,,,6,,measured,,,928
33.594,,,matmul-64x128x64,,281.82,,249.82400238513947,236.602,Current,resident,,,7,,measured,,,928
32.312,,,matmul-64x128x64,,244.376,,212.73599565029144,199.835,Random,resident,,,7,,measured,,,928
33.315,,,matmul-64x128x64,,311.454,,279.9679934978485,266.842,Predicted,resident,,,7,,measured,,,928
32.114000000000004,,,matmul-64x128x64,,232.043,,200.57600736618042,186.62,Predicted,resident,,,8,,measured,,,928
33.142,,,matmul-64x128x64,,284.4,,252.22399830818176,239.131,Current,resident,,,8,,measured,,,928
33.231,,,matmul-64x128x64,,284.578,,252.51200795173645,238.842,Random,resident,,,8,,measured,,,928
32.464999999999996,,,matmul-64x128x64,,244.963,,213.1199985742569,199.836,Random,resident,,,9,,measured,,,928
33.05,,,matmul-64x128x64,,311.658,,280.09599447250366,266.746,Predicted,resident,,,9,,measured,,,928
32.481,,,matmul-64x128x64,,284.71,,253.31199169158936,239.483,Current,resident,,,9,,measured,,,928
32.531,,,matmul-64x128x64,,284.124,,252.3519992828369,239.067,Random,resident,,,10,,measured,,,928
33.397000000000006,,,matmul-64x128x64,,228.26,,197.31199741363525,184.412,Current,resident,,,10,,measured,,,928
32.519999999999996,,,matmul-64x128x64,,313.144,,281.6320061683655,268.346,Predicted,resident,,,10,,measured,,,928
33.237,,,matmul-64x128x64,,231.966,,199.71199333667755,186.652,Predicted,resident,,,11,,measured,,,928
33.069,,,matmul-64x128x64,,284.788,,253.31199169158936,239.674,Random,resident,,,11,,measured,,,928
32.613,,,matmul-64x128x64,,280.087,,248.9600032567978,235.707,Current,resident,,,11,,measured,,,928
33.236,,,matmul-64x128x64,,312.068,,280.5759906768799,267.418,Predicted,resident,,,12,,measured,,,928
34.449,,,matmul-64x128x64,,229.956,,197.4720060825348,184.38,Current,resident,,,12,,measured,,,928
32.949,,,matmul-64x128x64,,284.958,,252.3840069770813,239.035,Random,resident,,,12,,measured,,,928
32.509,,,matmul-64x128x64,,244.525,,212.8639966249466,199.739,Random,resident,,,13,,measured,,,928
32.176,,,matmul-64x128x64,,229.952,,198.33600521087646,184.444,Current,resident,,,13,,measured,,,928
32.462,,,matmul-64x128x64,,311.121,,279.4879972934723,266.426,Predicted,resident,,,13,,measured,,,928
31.792,,,matmul-64x128x64,,231.949,,200.1280039548874,186.588,Predicted,resident,,,14,,measured,,,928
33.202,,,matmul-64x128x64,,228.892,,197.37599790096283,184.06,Current,resident,,,14,,measured,,,928
32.818,,,matmul-64x128x64,,284.288,,253.08799743652344,239.387,Random,resident,,,14,,measured,,,928
32.486000000000004,,,matmul-64x128x64,,243.797,,212.51200139522552,199.803,Random,resident,,,15,,measured,,,928
32.175,,,matmul-64x128x64,,312.026,,279.90400791168213,267.258,Predicted,resident,,,15,,measured,,,928
32.88,,,matmul-64x128x64,,287.843,,256.51198625564575,243.13,Current,resident,,,15,,measured,,,928
34.451,273.15299999999996,0.0,matmul-64x128x64,220996.6769996754,767.353,401453.6939995276,256.48000836372375,241.211,Random,one_shot,297355.7879996486,296588.4349996486,0,37288.56499947142,warmup,0.0,38007.920000382,928
34.409,289.88100000000003,0.0,matmul-64x128x64,174459.18700013863,796.162,322611.59300068667,261.53600215911865,246.234,Predicted,one_shot,218513.68700080767,217717.52500080765,0,,warmup,6024.364999575482,37232.894000226224,928
34.683,266.45000000000005,0.0,matmul-64x128x64,220996.6769996754,748.323,364146.09900005616,258.11201333999634,242.298,Current,one_shot,260048.19300017718,259299.87000017718,0,,warmup,0.0,38007.920000382,928
33.726,256.727,0.0,matmul-64x128x64,220996.6769996754,746.367,401432.7079995276,253.50400805473328,237.915,Random,one_shot,297334.8019996486,296588.4349996486,1,37288.56499947142,warmup,0.0,38007.920000382,928
34.012,266.88100000000003,0.0,matmul-64x128x64,174459.18700013863,740.039,322555.47000068665,253.12000513076782,238.075,Predicted,one_shot,218457.56400080764,217717.52500080765,1,,warmup,6024.364999575482,37232.894000226224,928
33.786,265.208,0.0,matmul-64x128x64,220996.6769996754,739.61,364137.38600005617,257.63198733329773,242.203,Current,one_shot,260039.48000017717,259299.87000017718,1,,warmup,0.0,38007.920000382,928
49.928,237.475,0.0,matmul-64x128x64,220996.6769996754,744.748,401431.0889995276,270.3999876976013,238.459,Random,one_shot,297333.1829996486,296588.4349996486,2,37288.56499947142,warmup,0.0,38007.920000382,928
33.861,229.631,0.0,matmul-64x128x64,220996.6769996754,676.989,364074.7650000562,230.0799936056137,215.131,Current,one_shot,259976.85900017718,259299.87000017718,2,,warmup,0.0,38007.920000382,928
33.727,237.367,0.0,matmul-64x128x64,174459.18700013863,751.156,322566.5870006867,252.3519992828369,237.338,Predicted,one_shot,218468.68100080764,217717.52500080765,2,,warmup,6024.364999575482,37232.894000226224,928
34.058,230.26000000000002,0.0,matmul-64x128x64,220996.6769996754,719.842,401406.1829995276,253.9840042591095,238.714,Random,one_shot,297308.2769996486,296588.4349996486,3,37288.56499947142,warmup,0.0,38007.920000382,928
34.096000000000004,229.08499999999998,0.0,matmul-64x128x64,220996.6769996754,698.796,364096.57200005616,254.04798984527588,238.331,Current,one_shot,259998.66600017718,259299.87000017718,3,,warmup,0.0,38007.920000382,928
33.824,230.463,0.0,matmul-64x128x64,174459.18700013863,697.852,322513.2830006867,252.28801369667053,237.05,Predicted,one_shot,218415.37700080767,217717.52500080765,3,,warmup,6024.364999575482,37232.894000226224,928
32.908,152.746,0.0,matmul-64x128x64,174459.18700013863,571.066,322386.49700068665,201.60000026226044,186.748,Predicted,one_shot,218288.59100080765,217717.52500080765,4,,warmup,6024.364999575482,37232.894000226224,928
34.046,229.02499999999998,0.0,matmul-64x128x64,220996.6769996754,676.418,364074.1940000562,229.21599447727203,214.043,Current,one_shot,259976.28800017718,259299.87000017718,4,,warmup,0.0,38007.920000382,928
90.348,230.203,0.0,matmul-64x128x64,220996.6769996754,758.414,401444.7549995276,253.56799364089966,238.427,Random,one_shot,297346.8489996486,296588.4349996486,4,37288.56499947142,warmup,0.0,38007.920000382,928
33.629000000000005,229.93400000000003,0.0,matmul-64x128x64,174459.18700013863,700.259,322515.6900006867,252.06398963928223,236.827,Predicted,one_shot,218417.78400080765,217717.52500080765,5,,warmup,6024.364999575482,37232.894000226224,928
34.036,231.827,0.0,matmul-64x128x64,220996.6769996754,706.507,364104.28300005617,257.31199979782104,241.755,Current,one_shot,260006.3770001772,259299.87000017718,5,,warmup,0.0,38007.920000382,928
34.561,231.932,0.0,matmul-64x128x64,220996.6769996754,716.974,401403.3149995276,253.79198789596558,238.746,Random,one_shot,297305.4089996486,296588.4349996486,5,37288.56499947142,warmup,0.0,38007.920000382,928
33.25,230.57999999999998,0.0,matmul-64x128x64,220996.6769996754,678.981,364076.7570000562,230.81600666046143,215.291,Current,one_shot,259978.85100017718,259299.87000017718,0,,measured,0.0,38007.920000382,928
33.552,244.225,0.0,matmul-64x128x64,174459.18700013863,731.389,322546.8200006867,252.8960108757019,237.627,Predicted,one_shot,218448.91400080765,217717.52500080765,0,,measured,6024.364999575482,37232.894000226224,928
34.241,230.68799999999996,0.0,matmul-64x128x64,220996.6769996754,702.698,401389.0389995276,254.07999753952026,238.907,Random,one_shot,297291.1329996486,296588.4349996486,0,37288.56499947142,measured,0.0,38007.920000382,928
33.015,156.851,0.0,matmul-64x128x64,220996.6769996754,586.48,401272.8209995276,214.62400257587433,199.804,Random,one_shot,297174.9149996486,296588.4349996486,1,37288.56499947142,measured,0.0,38007.920000382,928
34.246,232.76100000000002,0.0,matmul-64x128x64,174459.18700013863,682.663,322498.09400068666,230.6559979915619,215.003,Predicted,one_shot,218400.18800080766,217717.52500080765,1,,measured,6024.364999575482,37232.894000226224,928
34.11,282.474,0.0,matmul-64x128x64,220996.6769996754,757.869,364155.6450000562,258.7200105190277,243.258,Current,one_shot,260057.7390001772,259299.87000017718,1,,measured,0.0,38007.920000382,928
33.6,230.505,0.0,matmul-64x128x64,174459.18700013863,673.832,322489.26300068665,228.57600450515747,213.275,Predicted,one_shot,218391.35700080765,217717.52500080765,2,,measured,6024.364999575482,37232.894000226224,928
33.845,233.04899999999998,0.0,matmul-64x128x64,220996.6769996754,677.803,364075.5790000562,227.7120053768158,211.995,Current,one_shot,259977.6730001772,259299.87000017718,2,,measured,0.0,38007.920000382,928
34.284,236.434,0.0,matmul-64x128x64,220996.6769996754,707.164,401393.5049995276,254.7520101070404,239.515,Random,one_shot,297295.5989996486,296588.4349996486,2,37288.56499947142,measured,0.0,38007.920000382,928
33.804,231.254,0.0,matmul-64x128x64,174459.18700013863,704.269,322519.7000006867,256.3839852809906,241.146,Predicted,one_shot,218421.79400080765,217717.52500080765,3,,measured,6024.364999575482,37232.894000226224,928
34.153,232.633,0.0,matmul-64x128x64,220996.6769996754,696.347,401382.6879995276,247.99999594688416,232.507,Random,one_shot,297284.7819996486,296588.4349996486,3,37288.56499947142,measured,0.0,38007.920000382,928
34.385000000000005,230.815,0.0,matmul-64x128x64,220996.6769996754,703.7,364101.4760000562,255.48800826072693,240.251,Current,one_shot,260003.5700001772,259299.87000017718,3,,measured,0.0,38007.920000382,928
32.811,211.434,0.0,matmul-64x128x64,220996.6769996754,646.283,364044.0590000562,199.5519995689392,184.411,Current,one_shot,259946.15300017718,259299.87000017718,4,,measured,0.0,38007.920000382,928
33.539,230.09199999999998,0.0,matmul-64x128x64,174459.18700013863,699.569,322515.0000006866,253.66398692131042,238.555,Predicted,one_shot,218417.09400080764,217717.52500080765,4,,measured,6024.364999575482,37232.894000226224,928
34.175,231.753,0.0,matmul-64x128x64,220996.6769996754,703.154,401389.4949995276,254.07999753952026,238.842,Random,one_shot,297291.5889996486,296588.4349996486,4,37288.56499947142,measured,0.0,38007.920000382,928
32.598,153.944,0.0,matmul-64x128x64,220996.6769996754,582.499,401268.8399995276,214.20800685882568,199.739,Random,one_shot,297170.9339996486,296588.4349996486,5,37288.56499947142,measured,0.0,38007.920000382,928
33.843,225.63700000000003,0.0,matmul-64x128x64,174459.18700013863,672.347,322487.77800068667,229.44000363349915,214.267,Predicted,one_shot,218389.87200080766,217717.52500080765,5,,measured,6024.364999575482,37232.894000226224,928
34.775,230.078,0.0,matmul-64x128x64,220996.6769996754,706.413,364104.1890000562,257.60000944137573,242.203,Current,one_shot,260006.28300017718,259299.87000017718,5,,measured,0.0,38007.920000382,928
32.786,145.86499999999998,0.0,matmul-64x128x64,220996.6769996754,558.842,363956.6180000562,199.072003364563,184.412,Current,one_shot,259858.71200017718,259299.87000017718,6,,measured,0.0,38007.920000382,928
33.433,218.96,0.0,matmul-64x128x64,174459.18700013863,662.948,322478.3790006867,227.61599719524384,212.891,Predicted,one_shot,218380.47300080766,217717.52500080765,6,,measured,6024.364999575482,37232.894000226224,928
34.567,220.24099999999996,0.0,matmul-64x128x64,220996.6769996754,693.551,401379.8919995276,254.68799471855164,239.675,Random,one_shot,297281.9859996486,296588.4349996486,6,37288.56499947142,measured,0.0,38007.920000382,928
34.536,221.568,0.0,matmul-64x128x64,220996.6769996754,693.845,364091.62100005616,253.4080147743225,238.267,Current,one_shot,259993.71500017718,259299.87000017718,7,,measured,0.0,38007.920000382,928
34.438,220.33100000000002,0.0,matmul-64x128x64,220996.6769996754,950.049,401636.3899995276,246.46399915218353,230.97,Random,one_shot,297538.4839996486,296588.4349996486,7,37288.56499947142,measured,0.0,38007.920000382,928
33.266999999999996,220.95799999999997,0.0,matmul-64x128x64,174459.18700013863,691.881,322507.31200068665,252.99200415611267,237.851,Predicted,one_shot,218409.40600080765,217717.52500080765,7,,measured,6024.364999575482,37232.894000226224,928
33.683,145.335,0.0,matmul-64x128x64,174459.18700013863,563.697,322379.12800068664,201.82399451732635,186.78,Predicted,one_shot,218281.22200080764,217717.52500080765,8,,measured,6024.364999575482,37232.894000226224,928
34.702999999999996,222.294,0.0,matmul-64x128x64,220996.6769996754,695.708,364093.48400005617,257.53599405288696,241.818,Current,one_shot,259995.5780001772,259299.87000017718,8,,measured,0.0,38007.920000382,928
33.831,218.521,0.0,matmul-64x128x64,220996.6769996754,686.744,401373.0849995276,254.07999753952026,238.778,Random,one_shot,297275.1789996486,296588.4349996486,8,37288.56499947142,measured,0.0,38007.920000382,928
32.757999999999996,147.394,0.0,matmul-64x128x64,220996.6769996754,594.719,401281.0599995276,233.47200453281403,218.491,Random,one_shot,297183.1539996486,296588.4349996486,9,37288.56499947142,measured,0.0,38007.920000382,928
34.027,222.292,0.0,matmul-64x128x64,174459.18700013863,696.981,322512.4120006866,254.17599081993103,238.651,Predicted,one_shot,218414.50600080765,217717.52500080765,9,,measured,6024.364999575482,37232.894000226224,928
34.638,222.812,0.0,matmul-64x128x64,220996.6769996754,695.248,364093.0240000562,256.6399872303009,241.307,Current,one_shot,259995.11800017717,259299.87000017718,9,,measured,0.0,38007.920000382,928
33.625,219.38899999999998,0.0,matmul-64x128x64,220996.6769996754,689.419,401375.7599995276,253.50400805473328,238.267,Random,one_shot,297277.8539996486,296588.4349996486,10,37288.56499947142,measured,0.0,38007.920000382,928
33.264,220.09699999999995,0.0,matmul-64x128x64,220996.6769996754,665.895,364063.6710000562,230.56000471115112,215.579,Current,one_shot,259965.76500017717,259299.87000017718,10,,measured,0.0,38007.920000382,928
34.247,222.438,0.0,matmul-64x128x64,174459.18700013863,691.881,322507.31200068665,252.48000025749207,237.595,Predicted,one_shot,218409.40600080765,217717.52500080765,10,,measured,6024.364999575482,37232.894000226224,928
32.324,145.977,0.0,matmul-64x128x64,174459.18700013863,562.308,322377.7390006867,201.9519954919815,186.94,Predicted,one_shot,218279.83300080764,217717.52500080765,11,,measured,6024.364999575482,37232.894000226224,928
34.072,218.68,0.0,matmul-64x128x64,220996.6769996754,690.286,401376.6269995276,254.84800338745117,239.163,Random,one_shot,297278.7209996486,296588.4349996486,11,37288.56499947142,measured,0.0,38007.920000382,928
34.055,221.39800000000002,0.0,matmul-64x128x64,220996.6769996754,692.273,364090.04900005617,254.33599948883057,239.162,Current,one_shot,259992.14300017717,259299.87000017718,11,,measured,0.0,38007.920000382,928
34.51,221.71099999999998,0.0,matmul-64x128x64,174459.18700013863,691.52,322506.9510006866,252.6400089263916,237.563,Predicted,one_shot,218409.04500080764,217717.52500080765,12,,measured,6024.364999575482,37232.894000226224,928
34.272000000000006,218.941,0.0,matmul-64x128x64,220996.6769996754,668.561,364066.33700005617,233.88800024986267,218.747,Current,one_shot,259968.43100017717,259299.87000017718,12,,measured,0.0,38007.920000382,928
33.903,221.43099999999998,0.0,matmul-64x128x64,220996.6769996754,690.494,401376.8349995276,253.66398692131042,238.363,Random,one_shot,297278.9289996486,296588.4349996486,12,37288.56499947142,measured,0.0,38007.920000382,928
32.272999999999996,147.249,0.0,matmul-64x128x64,220996.6769996754,577.8,401264.1409995276,214.9440050125122,199.772,Random,one_shot,297166.2349996486,296588.4349996486,13,37288.56499947142,measured,0.0,38007.920000382,928
33.357,219.825,0.0,matmul-64x128x64,220996.6769996754,667.513,364065.2890000562,231.74400627613068,216.411,Current,one_shot,259967.3830001772,259299.87000017718,13,,measured,0.0,38007.920000382,928
33.463,221.584,0.0,matmul-64x128x64,174459.18700013863,691.513,322506.94400068664,254.30399179458618,238.746,Predicted,one_shot,218409.03800080766,217717.52500080765,13,,measured,6024.364999575482,37232.894000226224,928
33.04,148.35700000000003,0.0,matmul-64x128x64,174459.18700013863,565.474,322380.90500068665,201.88799500465393,186.812,Predicted,one_shot,218282.99900080764,217717.52500080765,14,,measured,6024.364999575482,37232.894000226224,928
33.889,220.94500000000002,0.0,matmul-64x128x64,220996.6769996754,670.567,364068.3430000562,233.18399488925934,217.755,Current,one_shot,259970.4370001772,259299.87000017718,14,,measured,0.0,38007.920000382,928
34.14,220.508,0.0,matmul-64x128x64,220996.6769996754,690.265,401376.6059995276,253.85600328445435,238.747,Random,one_shot,297278.6999996486,296588.4349996486,14,37288.56499947142,measured,0.0,38007.920000382,928
32.527,146.65699999999998,0.0,matmul-64x128x64,220996.6769996754,577.013,401263.3539995276,215.16799926757812,199.867,Random,one_shot,297165.4479996486,296588.4349996486,15,37288.56499947142,measured,0.0,38007.920000382,928
33.849000000000004,222.867,0.0,matmul-64x128x64,174459.18700013863,691.107,322506.5380006867,252.0959973335266,236.666,Predicted,one_shot,218408.63200080764,217717.52500080765,15,,measured,6024.364999575482,37232.894000226224,928
34.162,222.32600000000002,0.0,matmul-64x128x64,220996.6769996754,699.813,364097.58900005615,260.3200078010559,244.442,Current,one_shot,259999.68300017717,259299.87000017718,15,,measured,0.0,38007.920000382,928
36.096000000000004,,,matmul-64x128x64,,294.811,,262.688010931015,246.779,Random,resident,,,0,,warmup,,,929
33.289,,,matmul-64x128x64,,229.934,,198.68800044059753,185.084,Current,resident,,,0,,warmup,,,929
34.461,,,matmul-64x128x64,,298.211,,266.01600646972656,252.826,Predicted,resident,,,0,,warmup,,,929
31.844,,,matmul-64x128x64,,230.846,,199.93600249290466,186.748,Predicted,resident,,,1,,warmup,,,929
32.71,,,matmul-64x128x64,,285.985,,255.10400533676147,241.755,Random,resident,,,1,,warmup,,,929
32.855,,,matmul-64x128x64,,270.89,,238.94399404525757,225.979,Current,resident,,,1,,warmup,,,929
32.76,,,matmul-64x128x64,,303.593,,271.90399169921875,257.818,Predicted,resident,,,2,,warmup,,,929
33.98,,,matmul-64x128x64,,286.414,,254.8159956932068,241.979,Random,resident,,,2,,warmup,,,929
32.844,,,matmul-64x128x64,,269.686,,238.27199637889862,225.179,Current,resident,,,2,,warmup,,,929
33.013,,,matmul-64x128x64,,303.379,,271.9680070877075,258.298,Predicted,resident,,,3,,warmup,,,929
32.587,,,matmul-64x128x64,,229.066,,198.08000326156616,184.636,Current,resident,,,3,,warmup,,,929
32.242000000000004,,,matmul-64x128x64,,287.145,,256.1280131340027,242.523,Random,resident,,,3,,warmup,,,929
33.321,,,matmul-64x128x64,,303.259,,271.5519964694977,258.106,Predicted,resident,,,4,,warmup,,,929
32.751,,,matmul-64x128x64,,271.58,,239.96800184249878,227.066,Current,resident,,,4,,warmup,,,929
32.844,,,matmul-64x128x64,,286.935,,255.90398907661438,241.914,Random,resident,,,4,,warmup,,,929
33.709,,,matmul-64x128x64,,304.207,,272.19200134277344,258.522,Predicted,resident,,,5,,warmup,,,929
32.345,,,matmul-64x128x64,,274.746,,243.71199309825897,230.427,Current,resident,,,5,,warmup,,,929
32.076,,,matmul-64x128x64,,286.938,,255.5840015411377,242.266,Random,resident,,,5,,warmup,,,929
32.413,,,matmul-64x128x64,,245.025,,213.56800198554993,200.124,Random,resident,,,0,,measured,,,929
32.509,,,matmul-64x128x64,,228.979,,197.79199361801147,184.22,Current,resident,,,0,,measured,,,929
32.730000000000004,,,matmul-64x128x64,,303.183,,271.67999744415283,258.266,Predicted,resident,,,0,,measured,,,929
31.898000000000003,,,matmul-64x128x64,,231.046,,199.48799908161163,186.684,Predicted,resident,,,1,,measured,,,929
32.843,,,matmul-64x128x64,,287.92,,255.61600923538208,242.267,Random,resident,,,1,,measured,,,929
33.448,,,matmul-64x128x64,,269.839,,239.07199501991272,225.275,Current,resident,,,1,,measured,,,929
32.285,,,matmul-64x128x64,,227.766,,196.79999351501465,184.124,Current,resident,,,2,,measured,,,929
32.495,,,matmul-64x128x64,,303.623,,271.32800221443176,257.594,Predicted,resident,,,2,,measured,,,929
32.568,,,matmul-64x128x64,,285.791,,254.8159956932068,241.626,Random,resident,,,2,,measured,,,929
32.172,,,matmul-64x128x64,,231.782,,200.6080001592636,186.908,Predicted,resident,,,3,,measured,,,929
34.199,,,matmul-64x128x64,,272.052,,240.9919947385788,228.058,Current,resident,,,3,,measured,,,929
32.748000000000005,,,matmul-64x128x64,,287.424,,255.77598810195923,242.139,Random,resident,,,3,,measured,,,929
32.785,,,matmul-64x128x64,,228.538,,197.66399264335632,184.22,Current,resident,,,4,,measured,,,929
32.716,,,matmul-64x128x64,,244.316,,213.31200003623962,200.475,Random,resident,,,4,,measured,,,929
33.3,,,matmul-64x128x64,,304.453,,273.44000339508057,259.45,Predicted,resident,,,4,,measured,,,929
32.542,,,matmul-64x128x64,,230.594,,199.5840072631836,186.78,Predicted,resident,,,5,,measured,,,929
32.772999999999996,,,matmul-64x128x64,,244.275,,213.53599429130554,200.347,Random,resident,,,5,,measured,,,929
32.664,,,matmul-64x128x64,,272.888,,242.08000302314758,228.859,Current,resident,,,5,,measured,,,929
33.328,,,matmul-64x128x64,,303.494,,271.32800221443176,258.266,Predicted,resident,,,6,,measured,,,929
33.147999999999996,,,matmul-64x128x64,,229.333,,197.4399983882904,184.315,Current,resident,,,6,,measured,,,929
33.326,,,matmul-64x128x64,,287.341,,255.61600923538208,242.298,Random,resident,,,6,,measured,,,929
32.613,,,matmul-64x128x64,,303.003,,271.32800221443176,257.37,Predicted,resident,,,7,,measured,,,929
33.468,,,matmul-64x128x64,,271.412,,240.12799561023712,226.971,Current,resident,,,7,,measured,,,929
59.201,,,matmul-64x128x64,,286.74,,255.42399287223816,241.786,Random,resident,,,7,,measured,,,929
33.499,,,matmul-64x128x64,,229.435,,197.82400131225586,184.156,Current,resident,,,8,,measured,,,929
32.664,,,matmul-64x128x64,,303.729,,271.87201380729675,258.458,Predicted,resident,,,8,,measured,,,929
32.491,,,matmul-64x128x64,,286.964,,255.10400533676147,242.107,Random,resident,,,8,,measured,,,929
32.056,,,matmul-64x128x64,,245.239,,213.76000344753265,200.412,Random,resident,,,9,,measured,,,929
32.769,,,matmul-64x128x64,,232.003,,200.51200687885284,186.812,Predicted,resident,,,9,,measured,,,929
32.613,,,matmul-64x128x64,,272.442,,241.15200340747833,228.283,Current,resident,,,9,,measured,,,929
32.161,,,matmul-64x128x64,,228.886,,197.60000705718994,184.316,Current,resident,,,10,,measured,,,929
32.759,,,matmul-64x128x64,,231.952,,200.06400346755981,186.684,Predicted,resident,,,10,,measured,,,929
32.620999999999995,,,matmul-64x128x64,,287.145,,256.00001215934753,242.683,Random,resident,,,10,,measured,,,929
33.958,,,matmul-64x128x64,,270.573,,238.78400027751923,225.467,Current,resident,,,11,,measured,,,929
32.958,,,matmul-64x128x64,,244.923,,213.31200003623962,199.899,Random,resident,,,11,,measured,,,929
31.866,,,matmul-64x128x64,,302.729,,271.232008934021,258.042,Predicted,resident,,,11,,measured,,,929
32.846000000000004,,,matmul-64x128x64,,245.249,,213.34399282932281,200.475,Random,resident,,,12,,measured,,,929
32.503,,,matmul-64x128x64,,231.243,,200.1280039548874,186.62,Predicted,resident,,,12,,measured,,,929
33.355,,,matmul-64x128x64,,273.818,,242.62399971485138,229.338,Current,resident,,,12,,measured,,,929
32.191,,,matmul-64x128x64,,231.248,,199.90399479866028,186.684,Predicted,resident,,,13,,measured,,,929
32.424,,,matmul-64x128x64,,229.64,,198.30399751663208,184.731,Current,resident,,,13,,measured,,,929
32.841,,,matmul-64x128x64,,287.439,,256.1280131340027,242.363,Random,resident,,,13,,measured,,,929
32.37,,,matmul-64x128x64,,228.569,,197.37599790096283,184.156,Current,resident,,,14,,measured,,,929
33.374,,,matmul-64x128x64,,246.669,,214.1759991645813,201.307,Random,resident,,,14,,measured,,,929
33.321,,,matmul-64x128x64,,302.345,,270.7200050354004,257.946,Predicted,resident,,,14,,measured,,,929
32.333,,,matmul-64x128x64,,271.988,,240.25599658489227,226.939,Current,resident,,,15,,measured,,,929
32.78,,,matmul-64x128x64,,232.694,,200.9280025959015,186.652,Predicted,resident,,,15,,measured,,,929
32.555,,,matmul-64x128x64,,288.325,,256.76798820495605,243.098,Random,resident,,,15,,measured,,,929
33.548,191.371,0.0,matmul-64x128x64,220996.6769996754,634.863,401565.44699997973,215.7759964466095,200.603,Random,one_shot,297467.5410001007,296832.6780001007,0,37532.807999923534,warmup,0.0,38007.920000382,929
35.603,235.635,0.0,matmul-64x128x64,220996.6769996754,718.556,364116.33200005617,258.59200954437256,243.387,Current,one_shot,260018.4260001772,259299.87000017718,0,,warmup,0.0,38007.920000382,929
34.204,231.555,0.0,matmul-64x128x64,174459.18700013863,721.853,322537.28400068666,268.2879865169525,252.187,Predicted,one_shot,218439.37800080766,217717.52500080765,0,,warmup,6024.364999575482,37232.894000226224,929
32.8,155.547,0.0,matmul-64x128x64,174459.18700013863,577.954,322393.3850006866,201.63199305534363,186.843,Predicted,one_shot,218295.47900080765,217717.52500080765,1,,warmup,6024.364999575482,37232.894000226224,929
34.028999999999996,258.182,0.0,matmul-64x128x64,220996.6769996754,736.188,401666.77199997974,257.88798928260803,242.363,Random,one_shot,297568.86600010074,296832.6780001007,1,37532.807999923534,warmup,0.0,38007.920000382,929
36.308,232.10500000000002,0.0,matmul-64x128x64,220996.6769996754,711.385,364109.1610000562,254.46400046348572,239.259,Current,one_shot,260011.2550001772,259299.87000017718,1,,warmup,0.0,38007.920000382,929
33.695,223.653,0.0,matmul-64x128x64,174459.18700013863,713.062,322528.49300068663,267.61600375175476,252.218,Predicted,one_shot,218430.58700080766,217717.52500080765,2,,warmup,6024.364999575482,37232.894000226224,929
33.718999999999994,232.173,0.0,matmul-64x128x64,220996.6769996754,709.735,401640.3189999797,258.5600018501282,243.194,Random,one_shot,297542.4130001007,296832.6780001007,2,37532.807999923534,warmup,0.0,38007.920000382,929
33.967,221.243,0.0,matmul-64x128x64,220996.6769996754,694.36,364092.13600005617,253.66398692131042,238.587,Current,one_shot,259994.23000017717,259299.87000017718,2,,warmup,0.0,38007.920000382,929
34.359,224.60800000000003,0.0,matmul-64x128x64,174459.18700013863,712.418,322527.84900068666,266.88000559806824,251.77,Predicted,one_shot,218429.94300080766,217717.52500080765,3,,warmup,6024.364999575482,37232.894000226224,929
34.333999999999996,221.00799999999998,0.0,matmul-64x128x64,220996.6769996754,682.006,364079.7820000562,241.5039986371994,226.363,Current,one_shot,259981.87600017717,259299.87000017718,3,,warmup,0.0,38007.920000382,929
33.284,230.231,0.0,matmul-64x128x64,220996.6769996754,708.516,401639.0999999797,258.5600018501282,243.034,Random,one_shot,297541.1940001007,296832.6780001007,3,37532.807999923534,warmup,0.0,38007.920000382,929
33.661,220.601,0.0,matmul-64x128x64,174459.18700013863,710.319,322525.7500006866,270.01601457595825,254.811,Predicted,one_shot,218427.84400080764,217717.52500080765,4,,warmup,6024.364999575482,37232.894000226224,929
33.799,222.11800000000002,0.0,matmul-64x128x64,220996.6769996754,706.599,364104.37500005617,264.67201113700867,249.178,Current,one_shot,260006.46900017717,259299.87000017718,4,,warmup,0.0,38007.920000382,929
35.185,230.7,0.0,matmul-64x128x64,220996.6769996754,960.61,401891.1939999797,259.7759962081909,242.523,Random,one_shot,297793.2880001007,296832.6780001007,4,37532.807999923534,warmup,0.0,38007.920000382,929
33.484,223.48499999999996,0.0,matmul-64x128x64,174459.18700013863,713.031,322528.4620006867,267.520010471344,252.154,Predicted,one_shot,218430.55600080764,217717.52500080765,5,,warmup,6024.364999575482,37232.894000226224,929
33.801,238.63899999999998,0.0,matmul-64x128x64,220996.6769996754,722.827,364120.6030000562,264.51200246810913,249.178,Current,one_shot,260022.69700017717,259299.87000017718,5,,warmup,0.0,38007.920000382,929
33.260999999999996,231.592,0.0,matmul-64x128x64,220996.6769996754,751.026,401681.60999997973,257.9199969768524,242.619,Random,one_shot,297583.7040001007,296832.6780001007,5,37532.807999923534,warmup,0.0,38007.920000382,929
33.281000000000006,158.558,0.0,matmul-64x128x64,220996.6769996754,589.738,401520.32199997973,216.09599888324738,200.763,Random,one_shot,297422.4160001007,296832.6780001007,0,37532.807999923534,measured,0.0,38007.920000382,929
33.827,231.28900000000002,0.0,matmul-64x128x64,220996.6769996754,675.236,364073.0120000562,226.59200429916382,211.388,Current,one_shot,259975.10600017718,259299.87000017718,0,,measured,0.0,38007.920000382,929
34.726,233.55100000000002,0.0,matmul-64x128x64,174459.18700013863,719.514,322534.9450006867,266.36800169944763,251.323,Predicted,one_shot,218437.03900080765,217717.52500080765,0,,measured,6024.364999575482,37232.894000226224,929
32.533,152.33899999999997,0.0,matmul-64x128x64,174459.18700013863,570.804,322386.23500068666,201.63199305534363,186.844,Predicted,one_shot,218288.32900080766,217717.52500080765,1,,measured,6024.364999575482,37232.894000226224,929
101.36500000000001,238.38400000000001,0.0,matmul-64x128x64,220996.6769996754,781.595,401712.1789999797,257.88798928260803,242.394,Random,one_shot,297614.2730001007,296832.6780001007,1,37532.807999923534,measured,0.0,38007.920000382,929
33.856,224.56799999999998,0.0,matmul-64x128x64,220996.6769996754,694.243,364092.0190000562,253.34399938583374,238.107,Current,one_shot,259994.11300017717,259299.87000017718,1,,measured,0.0,38007.920000382,929
33.085,143.915,0.0,matmul-64x128x64,220996.6769996754,558.854,363956.6300000562,198.97599518299103,184.156,Current,one_shot,259858.72400017717,259299.87000017718,2,,measured,0.0,38007.920000382,929
33.856,251.388,0.0,matmul-64x128x64,174459.18700013863,740.229,322555.66000068665,271.232008934021,255.898,Predicted,one_shot,218457.75400080765,217717.52500080765,2,,measured,6024.364999575482,37232.894000226224,929
33.474999999999994,235.872,0.0,matmul-64x128x64,220996.6769996754,709.429,401640.0129999797,257.88798928260803,242.619,Random,one_shot,297542.1070001007,296832.6780001007,2,37532.807999923534,measured,0.0,38007.920000382,929
33.092,222.234,0.0,matmul-64x128x64,174459.18700013863,664.506,322479.93700068665,225.055992603302,209.595,Predicted,one_shot,218382.03100080765,217717.52500080765,3,,measured,6024.364999575482,37232.894000226224,929
34.288,222.201,0.0,matmul-64x128x64,220996.6769996754,705.667,364103.4430000562,265.56798815727234,250.266,Current,one_shot,260005.53700017717,259299.87000017718,3,,measured,0.0,38007.920000382,929
33.569,229.98499999999999,0.0,matmul-64x128x64,220996.6769996754,703.397,401633.9809999797,257.1200132369995,241.946,Random,one_shot,297536.0750001007,296832.6780001007,3,37532.807999923534,measured,0.0,38007.920000382,929
35.313,220.16000000000003,0.0,matmul-64x128x64,220996.6769996754,665.007,364062.78300005617,226.3679951429367,211.195,Current,one_shot,259964.8770001772,259299.87000017718,4,,measured,0.0,38007.920000382,929
33.823,228.182,0.0,matmul-64x128x64,220996.6769996754,693.582,401624.1659999797,249.53599274158478,234.235,Random,one_shot,297526.2600001007,296832.6780001007,4,37532.807999923534,measured,0.0,38007.920000382,929
34.425,223.056,0.0,matmul-64x128x64,174459.18700013863,704.936,322520.36700068665,266.36800169944763,251.098,Predicted,one_shot,218422.46100080764,217717.52500080765,4,,measured,6024.364999575482,37232.894000226224,929
32.891,230.44999999999993,0.0,matmul-64x128x64,174459.18700013863,666.982,322482.4130006867,202.2400051355362,186.876,Predicted,one_shot,218384.50700080764,217717.52500080765,5,,measured,6024.364999575482,37232.894000226224,929
33.554,225.31900000000005,0.0,matmul-64x128x64,220996.6769996754,693.777,401624.3609999797,252.76800990104675,237.659,Random,one_shot,297526.4550001007,296832.6780001007,5,37532.807999923534,measured,0.0,38007.920000382,929
35.018,224.083,0.0,matmul-64x128x64,220996.6769996754,697.22,364094.99600005616,256.19199872016907,240.987,Current,one_shot,259997.09000017718,259299.87000017718,5,,measured,0.0,38007.920000382,929
33.701,224.166,0.0,matmul-64x128x64,174459.18700013863,707.726,322523.1570006866,266.6879892349243,251.034,Predicted,one_shot,218425.25100080765,217717.52500080765,6,,measured,6024.364999575482,37232.894000226224,929
34.146,224.35099999999997,0.0,matmul-64x128x64,220996.6769996754,710.487,364108.26300005615,237.44000494480133,222.299,Current,one_shot,260010.35700017717,259299.87000017718,6,,measured,0.0,38007.920000382,929
90.564,226.59599999999995,0.0,matmul-64x128x64,220996.6769996754,756.786,401687.36999997974,257.27999210357666,242.171,Random,one_shot,297589.46400010074,296832.6780001007,6,37532.807999923534,measured,0.0,38007.920000382,929
34.312,223.748,0.0,matmul-64x128x64,174459.18700013863,708.752,322524.1830006867,267.13600754737854,251.77,Predicted,one_shot,218426.27700080766,217717.52500080765,7,,measured,6024.364999575482,37232.894000226224,929
34.83,224.656,0.0,matmul-64x128x64,220996.6769996754,705.449,364103.2250000562,264.70398902893066,249.435,Current,one_shot,260005.31900017717,259299.87000017718,7,,measured,0.0,38007.920000382,929
34.251,277.77200000000005,0.0,matmul-64x128x64,220996.6769996754,756.777,401687.3609999797,257.1519911289215,241.979,Random,one_shot,297589.4550001007,296832.6780001007,7,37532.807999923534,measured,0.0,38007.920000382,929
34.195,218.28599999999997,0.0,matmul-64x128x64,220996.6769996754,660.883,364058.6590000562,226.17599368095398,211.131,Current,one_shot,259960.75300017718,259299.87000017718,8,,measured,0.0,38007.920000382,929
34.025,222.002,0.0,matmul-64x128x64,174459.18700013863,704.963,322520.39400068665,266.6560113430023,251.642,Predicted,one_shot,218422.48800080764,217717.52500080765,8,,measured,6024.364999575482,37232.894000226224,929
34.499,222.108,0.0,matmul-64x128x64,220996.6769996754,696.415,401626.9989999797,257.05599784851074,242.362,Random,one_shot,297529.0930001007,296832.6780001007,8,37532.807999923534,measured,0.0,38007.920000382,929
32.784,145.41,0.0,matmul-64x128x64,220996.6769996754,576.114,401506.6979999797,214.88000452518463,200.06,Random,one_shot,297408.7920001007,296832.6780001007,9,37532.807999923534,measured,0.0,38007.920000382,929
64.762,221.082,0.0,matmul-64x128x64,174459.18700013863,716.319,322531.7500006866,246.91200256347656,210.972,Predicted,one_shot,218433.84400080764,217717.52500080765,9,,measured,6024.364999575482,37232.894000226224,929
33.901,223.04799999999994,0.0,matmul-64x128x64,220996.6769996754,705.119,364102.8950000562,265.53601026535034,250.586,Current,one_shot,260004.9890001772,259299.87000017718,9,,measured,0.0,38007.920000382,929
33.387,145.42699999999996,0.0,matmul-64x128x64,220996.6769996754,559.952,363957.7280000562,198.91199469566345,184.092,Current,one_shot,259859.82200017717,259299.87000017718,10,,measured,0.0,38007.920000382,929
33.034,275.47799999999995,0.0,matmul-64x128x64,174459.18700013863,713.933,322529.3640006867,223.68000447750092,208.827,Predicted,one_shot,218431.45800080764,217717.52500080765,10,,measured,6024.364999575482,37232.894000226224,929
34.208999999999996,224.75699999999998,0.0,matmul-64x128x64,220996.6769996754,700.105,401630.6889999797,256.9279968738556,242.139,Random,one_shot,297532.7830001007,296832.6780001007,10,37532.807999923534,measured,0.0,38007.920000382,929
34.007999999999996,223.51999999999998,0.0,matmul-64x128x64,220996.6769996754,695.376,364093.1520000562,253.1839907169342,238.042,Current,one_shot,259995.24600017717,259299.87000017718,11,,measured,0.0,38007.920000382,929
33.057,226.162,0.0,matmul-64x128x64,220996.6769996754,689.247,401619.8309999797,246.7840015888214,231.931,Random,one_shot,297521.9250001007,296832.6780001007,11,37532.807999923534,measured,0.0,38007.920000382,929
34.879000000000005,228.10899999999998,0.0,matmul-64x128x64,174459.18700013863,713.574,322529.0050006866,268.0639922618866,252.922,Predicted,one_shot,218431.09900080765,217717.52500080765,11,,measured,6024.364999575482,37232.894000226224,929
35.967,225.47799999999998,0.0,matmul-64x128x64,220996.6769996754,720.206,401650.7899999797,252.00000405311584,237.051,Random,one_shot,297552.8840001007,296832.6780001007,12,37532.807999923534,measured,0.0,38007.920000382,929
33.118,230.75399999999996,0.0,matmul-64x128x64,174459.18700013863,671.993,322487.4240006866,224.31999444961548,209.275,Predicted,one_shot,218389.51800080764,217717.52500080765,12,,measured,6024.364999575482,37232.894000226224,929
34.236000000000004,232.66699999999994,0.0,matmul-64x128x64,220996.6769996754,713.817,364111.5930000562,265.6320035457611,250.778,Current,one_shot,260013.6870001772,259299.87000017718,12,,measured,0.0,38007.920000382,929
33.875,258.404,0.0,matmul-64x128x64,174459.18700013863,703.689,322519.1200006867,223.61600399017334,208.219,Predicted,one_shot,218421.21400080767,217717.52500080765,13,,measured,6024.364999575482,37232.894000226224,929
37.933,228.635,0.0,matmul-64x128x64,220996.6769996754,960.944,364358.7200000562,229.37600314617157,214.044,Current,one_shot,260260.81400017717,259299.87000017718,13,,measured,0.0,38007.920000382,929
34.178,270.895,0.0,matmul-64x128x64,220996.6769996754,755.02,401685.60399997974,258.62398743629456,242.682,Random,one_shot,297587.69800010073,296832.6780001007,13,37532.807999923534,measured,0.0,38007.920000382,929
33.994,224.51500000000001,0.0,matmul-64x128x64,220996.6769996754,668.164,364065.9400000562,226.46400332450867,211.067,Current,one_shot,259968.03400017717,259299.87000017718,14,,measured,0.0,38007.920000382,929
34.004,226.695,0.0,matmul-64x128x64,220996.6769996754,693.23,401623.8139999797,249.88800287246704,234.842,Random,one_shot,297525.9080001007,296832.6780001007,14,37532.807999923534,measured,0.0,38007.920000382,929
33.961,246.767,0.0,matmul-64x128x64,174459.18700013863,730.169,322545.60000068665,266.4639949798584,251.099,Predicted,one_shot,218447.69400080765,217717.52500080765,14,,measured,6024.364999575482,37232.894000226224,929
34.44,223.29500000000002,0.0,matmul-64x128x64,220996.6769996754,706.003,364103.7790000562,266.33599400520325,249.979,Current,one_shot,260005.87300017718,259299.87000017718,15,,measured,0.0,38007.920000382,929
34.363,219.58400000000006,0.0,matmul-64x128x64,174459.18700013863,662.358,322477.78900068667,225.5679965019226,210.299,Predicted,one_shot,218379.88300080766,217717.52500080765,15,,measured,6024.364999575482,37232.894000226224,929
33.418,218.729,0.0,matmul-64x128x64,220996.6769996754,693.176,401623.7599999797,258.9440047740936,243.61,Random,one_shot,297525.8540001007,296832.6780001007,15,37532.807999923534,measured,0.0,38007.920000382,929
33.784,,,matmul-64x128x64,,270.224,,238.36800456047058,224.219,Current,resident,,,0,,warmup,,,930
35.248,,,matmul-64x128x64,,294.371,,262.84798979759216,247.099,Random,resident,,,0,,warmup,,,930
33.666,,,matmul-64x128x64,,331.768,,300.57600140571594,286.841,Predicted,resident,,,0,,warmup,,,930
32.352000000000004,,,matmul-64x128x64,,230.587,,199.35999810695648,186.748,Predicted,resident,,,1,,warmup,,,930
32.804,,,matmul-64x128x64,,244.437,,213.53599429130554,200.156,Random,resident,,,1,,warmup,,,930
33.682,,,matmul-64x128x64,,294.914,,263.64800333976746,249.883,Current,resident,,,1,,warmup,,,930
32.939,,,matmul-64x128x64,,244.956,,213.8880044221878,200.443,Random,resident,,,2,,warmup,,,930
32.262,,,matmul-64x128x64,,230.167,,197.7279931306839,184.444,Current,resident,,,2,,warmup,,,930
51.461,,,matmul-64x128x64,,314.211,,281.47199749946594,268.634,Predicted,resident,,,2,,warmup,,,930
32.856,,,matmul-64x128x64,,285.475,,254.43199276924133,240.346,Random,resident,,,3,,warmup,,,930
32.382000000000005,,,matmul-64x128x64,,289.352,,258.30399990081787,245.21,Current,resident,,,3,,warmup,,,930
32.66,,,matmul-64x128x64,,311.266,,280.44798970222473,267.386,Predicted,resident,,,3,,warmup,,,930
32.296,,,matmul-64x128x64,,230.76,,199.8399943113327,186.588,Predicted,resident,,,4,,warmup,,,930
32.688,,,matmul-64x128x64,,283.651,,252.99200415611267,239.867,Random,resident,,,4,,warmup,,,930
32.461,,,matmul-64x128x64,,288.548,,257.7280104160309,244.763,Current,resident,,,4,,warmup,,,930
31.594,,,matmul-64x128x64,,228.48,,197.60000705718994,184.7,Current,resident,,,5,,warmup,,,930
31.919,,,matmul-64x128x64,,244.248,,213.6639952659607,200.124,Random,resident,,,5,,warmup,,,930
47.595,,,matmul-64x128x64,,347.445,,296.8960106372833,271.002,Predicted,resident,,,5,,warmup,,,930
33.089,,,matmul-64x128x64,,293.041,,261.9200050830841,245.146,Current,resident,,,0,,measured,,,930
32.223,,,matmul-64x128x64,,230.693,,199.42399859428406,186.556,Predicted,resident,,,0,,measured,,,930
32.42,,,matmul-64x128x64,,285.195,,254.14401292800903,241.05,Random,resident,,,0,,measured,,,930
31.872,,,matmul-64x128x64,,244.52,,213.28000724315643,200.38,Random,resident,,,1,,measured,,,930
32.215,,,matmul-64x128x64,,289.982,,258.7519884109497,245.243,Current,resident,,,1,,measured,,,930
33.003,,,matmul-64x128x64,,312.311,,280.5120050907135,267.194,Predicted,resident,,,1,,measured,,,930
31.897000000000002,,,matmul-64x128x64,,232.157,,199.90399479866028,186.715,Predicted,resident,,,2,,measured,,,930
32.566,,,matmul-64x128x64,,285.703,,253.76001000404358,240.186,Random,resident,,,2,,measured,,,930
32.338,,,matmul-64x128x64,,289.477,,258.08000564575195,244.571,Current,resident,,,2,,measured,,,930
32.622,,,matmul-64x128x64,,229.23,,197.82400131225586,184.732,Current,resident,,,3,,measured,,,930
32.79,,,matmul-64x128x64,,244.697,,213.05599808692932,200.316,Random,resident,,,3,,measured,,,930
33.616,,,matmul-64x128x64,,314.762,,283.4559977054596,270.01,Predicted,resident,,,3,,measured,,,930
32.971000000000004,,,matmul-64x128x64,,244.808,,212.67199516296387,200.316,Random,resident,,,4,,measured,,,930
34.502,,,matmul-64x128x64,,231.881,,199.16799664497375,186.651,Predicted,resident,,,4,,measured,,,930
32.539,,,matmul-64x128x64,,298.998,,267.2640085220337,254.043,Current,resident,,,4,,measured,,,930
32.222,,,matmul-64x128x64,,286.698,,255.10400533676147,241.659,Random,resident,,,5,,measured,,,930
32.300000000000004,,,matmul-64x128x64,,311.704,,279.776006937027,266.714,Predicted,resident,,,5,,measured,,,930
33.198,,,matmul-64x128x64,,289.242,,257.5039863586426,243.931,Current,resident,,,5,,measured,,,930
32.198,,,matmul-64x128x64,,231.559,,199.90399479866028,186.492,Predicted,resident,,,6,,measured,,,930
32.907,,,matmul-64x128x64,,228.702,,197.4399983882904,184.443,Current,resident,,,6,,measured,,,930
33.604,,,matmul-64x128x64,,286.76,,254.84800338745117,241.339,Random,resident,,,6,,measured,,,930
32.013000000000005,,,matmul-64x128x64,,229.087,,197.9839950799942,184.828,Current,resident,,,7,,measured,,,930
32.766999999999996,,,matmul-64x128x64,,311.833,,280.5440127849579,267.354,Predicted,resident,,,7,,measured,,,930
32.045,,,matmul-64x128x64,,285.104,,253.24800610542297,239.867,Random,resident,,,7,,measured,,,930
33.629,,,matmul-64x128x64,,289.671,,258.2400143146515,245.018,Current,resident,,,8,,measured,,,930
32.7,,,matmul-64x128x64,,312.364,,280.5759906768799,267.642,Predicted,resident,,,8,,measured,,,930
33.285,,,matmul-64x128x64,,285.332,,253.7280023097992,239.866,Random,resident,,,8,,measured,,,930
31.854,,,matmul-64x128x64,,231.794,,199.61600005626678,186.779,Predicted,resident,,,9,,measured,,,930
32.577,,,matmul-64x128x64,,244.845,,213.59999477863312,200.156,Random,resident,,,9,,measured,,,930
32.275,,,matmul-64x128x64,,299.111,,267.10399985313416,254.362,Current,resident,,,9,,measured,,,930
33.644999999999996,,,matmul-64x128x64,,314.498,,283.07199478149414,269.338,Predicted,resident,,,10,,measured,,,930
32.474000000000004,,,matmul-64x128x64,,228.695,,197.56799936294556,184.444,Current,resident,,,10,,measured,,,930
32.891000000000005,,,matmul-64x128x64,,285.635,,254.43199276924133,240.891,Random,resident,,,10,,measured,,,930
32.836,,,matmul-64x128x64,,229.733,,198.04799556732178,184.732,Current,resident,,,11,,measured,,,930
33.619,,,matmul-64x128x64,,244.8,,213.1199985742569,200.155,Random,resident,,,11,,measured,,,930
33.054,,,matmul-64x128x64,,313.474,,282.1120023727417,268.826,Predicted,resident,,,11,,measured,,,930
33.361,,,matmul-64x128x64,,290.759,,259.20000672340393,246.011,Current,resident,,,12,,measured,,,930
32.342,,,matmul-64x128x64,,286.089,,254.65598702430725,241.626,Random,resident,,,12,,measured,,,930
33.394,,,matmul-64x128x64,,310.24,,278.9120078086853,266.01,Predicted,resident,,,12,,measured,,,930
32.046,,,matmul-64x128x64,,232.047,,199.52000677585602,186.62,Predicted,resident,,,13,,measured,,,930
32.526,,,matmul-64x128x64,,288.941,,257.3759853839874,243.899,Current,resident,,,13,,measured,,,930
32.061,,,matmul-64x128x64,,285.515,,254.04798984527588,240.763,Random,resident,,,13,,measured,,,930
31.900999999999996,,,matmul-64x128x64,,245.11,,213.44000101089478,199.964,Random,resident,,,14,,measured,,,930
32.459,,,matmul-64x128x64,,310.956,,279.58399057388306,266.01,Predicted,resident,,,14,,measured,,,930
32.974000000000004,,,matmul-64x128x64,,288.144,,256.6399872303009,243.355,Current,resident,,,14,,measured,,,930
32.344,,,matmul-64x128x64,,286.404,,254.7520101070404,241.307,Random,resident,,,15,,measured,,,930
33.349000000000004,,,matmul-64x128x64,,314.137,,282.4319899082184,269.178,Predicted,resident,,,15,,measured,,,930
31.997,,,matmul-64x128x64,,289.324,,258.30399990081787,245.115,Current,resident,,,15,,measured,,,930
32.958,162.229,0.0,matmul-64x128x64,220996.6769996754,587.261,363985.0370000562,199.39200580120087,184.252,Current,one_shot,259887.13100017718,259299.87000017718,0,,warmup,0.0,38007.920000382,930
34.727,261.86899999999997,0.0,matmul-64x128x64,220996.6769996754,741.549,401455.889000377,255.45600056648254,239.354,Random,one_shot,297357.983000498,296616.434000498,0,37316.564000320795,warmup,0.0,38007.920000382,930
34.559,234.511,0.0,matmul-64x128x64,174459.18700013863,695.77,322511.2010006866,238.0480021238327,222.779,Predicted,one_shot,218413.29500080764,217717.52500080765,0,,warmup,6024.364999575482,37232.894000226224,930
33.5,152.852,0.0,matmul-64x128x64,174459.18700013863,576.698,322392.1290006867,202.14399695396423,186.94,Predicted,one_shot,218294.22300080766,217717.52500080765,1,,warmup,6024.364999575482,37232.894000226224,930
34.029,248.99199999999996,0.0,matmul-64x128x64,220996.6769996754,715.34,401429.680000377,246.0480034351349,230.363,Random,one_shot,297331.774000498,296616.434000498,1,37316.564000320795,warmup,0.0,38007.920000382,930
34.207,232.999,0.0,matmul-64x128x64,220996.6769996754,705.335,364103.11100005615,250.43201446533203,233.819,Current,one_shot,260005.20500017717,259299.87000017718,1,,warmup,0.0,38007.920000382,930
33.909,237.35599999999997,0.0,matmul-64x128x64,220996.6769996754,705.1,401419.44000037696,245.44000625610352,229.883,Random,one_shot,297321.53400049795,296616.434000498,2,37316.564000320795,warmup,0.0,38007.920000382,930
34.08,222.52899999999997,0.0,matmul-64x128x64,220996.6769996754,669.509,364067.28500005614,226.23999416828156,210.779,Current,one_shot,259969.37900017717,259299.87000017718,2,,warmup,0.0,38007.920000382,930
33.91,227.331,0.0,matmul-64x128x64,174459.18700013863,692.172,322507.6030006866,244.54399943351746,229.083,Predicted,one_shot,218409.69700080765,217717.52500080765,2,,warmup,6024.364999575482,37232.894000226224,930
33.16,233.56700000000004,0.0,matmul-64x128x64,220996.6769996754,701.581,401415.921000377,249.11999702453613,233.179,Random,one_shot,297318.015000498,296616.434000498,3,37316.564000320795,warmup,0.0,38007.920000382,930
34.378,222.998,0.0,matmul-64x128x64,220996.6769996754,694.21,364091.98600005615,251.10399723052979,235.259,Current,one_shot,259994.08000017717,259299.87000017718,3,,warmup,0.0,38007.920000382,930
33.696,222.581,0.0,matmul-64x128x64,174459.18700013863,691.2,322506.63100068667,247.9040026664734,231.962,Predicted,one_shot,218408.72500080767,217717.52500080765,3,,warmup,6024.364999575482,37232.894000226224,930
33.192,145.982,0.0,matmul-64x128x64,174459.18700013863,569.386,322384.81700068666,202.2400051355362,186.716,Predicted,one_shot,218286.91100080765,217717.52500080765,4,,warmup,6024.364999575482,37232.894000226224,930
33.495000000000005,230.725,0.0,matmul-64x128x64,220996.6769996754,700.639,401414.979000377,250.84799528121948,235.387,Random,one_shot,297317.073000498,296616.434000498,4,37316.564000320795,warmup,0.0,38007.920000382,930
34.441,222.579,0.0,matmul-64x128x64,220996.6769996754,697.441,364095.2170000562,254.97600436210632,234.907,Current,one_shot,259997.31100017717,259299.87000017718,4,,warmup,0.0,38007.920000382,930
33.041,149.15200000000002,0.0,matmul-64x128x64,220996.6769996754,568.147,363965.9230000562,200.06400346755981,184.796,Current,one_shot,259868.01700017718,259299.87000017718,5,,warmup,0.0,38007.920000382,930
33.516,230.698,0.0,matmul-64x128x64,220996.6769996754,696.121,401410.46100037696,245.02399563789368,229.563,Random,one_shot,297312.55500049796,296616.434000498,5,37316.564000320795,warmup,0.0,38007.920000382,930
34.007000000000005,227.14799999999997,0.0,matmul-64x128x64,174459.18700013863,686.641,322502.07200068666,238.94399404525757,223.451,Predicted,one_shot,218404.16600080766,217717.52500080765,5,,warmup,6024.364999575482,37232.894000226224,930
34.022,223.10600000000002,0.0,matmul-64x128x64,220996.6769996754,692.921,364090.69700005616,250.97599625587463,235.355,Current,one_shot,259992.79100017718,259299.87000017718,0,,measured,0.0,38007.920000382,930
34.824,221.265,0.0,matmul-64x128x64,174459.18700013863,671.975,322487.4060006867,228.7680059671402,213.211,Predicted,one_shot,218389.50000080766,217717.52500080765,0,,measured,6024.364999575482,37232.894000226224,930
33.888999999999996,229.929,0.0,matmul-64x128x64,220996.6769996754,699.498,401413.838000377,250.43201446533203,234.682,Random,one_shot,297315.932000498,296616.434000498,0,37316.564000320795,measured,0.0,38007.920000382,930
32.933,155.63299999999998,0.0,matmul-64x128x64,220996.6769996754,589.495,401303.835000377,215.39199352264404,200.412,Random,one_shot,297205.92900049797,296616.434000498,1,37316.564000320795,measured,0.0,38007.920000382,930
35.364999999999995,222.93300000000002,0.0,matmul-64x128x64,220996.6769996754,694.454,364092.2300000562,249.59999322891235,234.107,Current,one_shot,259994.32400017718,259299.87000017718,1,,measured,0.0,38007.920000382,930
33.89,221.082,0.0,matmul-64x128x64,174459.18700013863,686.758,322502.18900068663,247.51999974250793,232.027,Predicted,one_shot,218404.28300080766,217717.52500080765,1,,measured,6024.364999575482,37232.894000226224,930
33.144,145.262,0.0,matmul-64x128x64,174459.18700013863,564.489,322379.92000068666,201.56799256801605,186.684,Predicted,one_shot,218282.01400080766,217717.52500080765,2,,measured,6024.364999575482,37232.894000226224,930
33.707,230.46900000000002,0.0,matmul-64x128x64,220996.6769996754,702.53,401416.870000377,251.55198574066162,236.091,Random,one_shot,297318.964000498,296616.434000498,2,37316.564000320795,measured,0.0,38007.920000382,930
34.352999999999994,221.75,0.0,matmul-64x128x64,220996.6769996754,693.305,364091.0810000562,251.55198574066162,235.995,Current,one_shot,259993.17500017717,259299.87000017718,2,,measured,0.0,38007.920000382,930
33.322,146.537,0.0,matmul-64x128x64,220996.6769996754,563.38,363961.1560000562,199.52000677585602,184.795,Current,one_shot,259863.25000017718,259299.87000017718,3,,measured,0.0,38007.920000382,930
34.105000000000004,230.52100000000002,0.0,matmul-64x128x64,220996.6769996754,694.488,401408.828000377,244.80000138282776,229.627,Random,one_shot,297310.922000498,296616.434000498,3,37316.564000320795,measured,0.0,38007.920000382,930
34.985,224.937,0.0,matmul-64x128x64,174459.18700013863,683.846,322499.2770006866,239.51999843120575,224.219,Predicted,one_shot,218401.37100080765,217717.52500080765,3,,measured,6024.364999575482,37232.894000226224,930
33.308,228.544,0.0,matmul-64x128x64,220996.6769996754,687.305,401401.645000377,245.5040067434311,230.523,Random,one_shot,297303.73900049797,296616.434000498,4,37316.564000320795,measured,0.0,38007.920000382,930
33.533,220.663,0.0,matmul-64x128x64,174459.18700013863,663.334,322478.76500068663,225.66400468349457,210.556,Predicted,one_shot,218380.85900080766,217717.52500080765,4,,measured,6024.364999575482,37232.894000226224,930
34.285,224.87000000000003,0.0,matmul-64x128x64,220996.6769996754,691.496,364089.2720000562,250.36799907684326,235.259,Current,one_shot,259991.3660001772,259299.87000017718,4,,measured,0.0,38007.920000382,930
36.088,226.922,0.0,matmul-64x128x64,220996.6769996754,1545.794,402260.134000377,1085.5679512023926,236.41,Random,one_shot,298162.22800049797,296616.434000498,5,37316.564000320795,measured,0.0,38007.920000382,930
34.497,225.75699999999995,0.0,matmul-64x128x64,174459.18700013863,681.884,322497.3150006867,234.3360036611557,218.747,Predicted,one_shot,218399.40900080765,217717.52500080765,5,,measured,6024.364999575482,37232.894000226224,930
34.308,226.442,0.0,matmul-64x128x64,220996.6769996754,697.797,364095.5730000562,250.40000677108765,235.387,Current,one_shot,259997.66700017717,259299.87000017718,5,,measured,0.0,38007.920000382,930
34.120000000000005,220.751,0.0,matmul-64x128x64,174459.18700013863,667.609,322483.04000068665,228.7680059671402,213.659,Predicted,one_shot,218385.13400080765,217717.52500080765,6,,measured,6024.364999575482,37232.894000226224,930
34.132,224.11399999999998,0.0,matmul-64x128x64,220996.6769996754,665.669,364063.4450000562,223.77599775791168,208.604,Current,one_shot,259965.53900017717,259299.87000017718,6,,measured,0.0,38007.920000382,930
33.633,228.686,0.0,matmul-64x128x64,220996.6769996754,699.768,401414.10800037696,252.9599964618683,237.626,Random,one_shot,297316.20200049796,296616.434000498,6,37316.564000320795,measured,0.0,38007.920000382,930
33.775,221.568,0.0,matmul-64x128x64,220996.6769996754,669.213,364066.9890000562,230.6240051984787,215.195,Current,one_shot,259969.08300017717,259299.87000017718,7,,measured,0.0,38007.920000382,930
33.876,222.56199999999998,0.0,matmul-64x128x64,174459.18700013863,681.676,322497.1070006867,241.7600005865097,226.395,Predicted,one_shot,218399.20100080766,217717.52500080765,7,,measured,6024.364999575482,37232.894000226224,930
33.47,224.95900000000006,0.0,matmul-64x128x64,220996.6769996754,692.841,401407.181000377,248.31999838352203,232.571,Random,one_shot,297309.275000498,296616.434000498,7,37316.564000320795,measured,0.0,38007.920000382,930
33.985,220.707,0.0,matmul-64x128x64,220996.6769996754,688.944,364086.7200000562,250.11199712753296,234.779,Current,one_shot,259988.81400017717,259299.87000017718,8,,measured,0.0,38007.920000382,930
34.227999999999994,255.88099999999997,0.0,matmul-64x128x64,174459.18700013863,735.424,322550.85500068666,244.9920028448105,229.467,Predicted,one_shot,218452.94900080765,217717.52500080765,8,,measured,6024.364999575482,37232.894000226224,930
33.493,222.54600000000002,0.0,matmul-64x128x64,220996.6769996754,687.057,401401.39700037695,248.9279955625534,233.498,Random,one_shot,297303.49100049795,296616.434000498,8,37316.564000320795,measured,0.0,38007.920000382,930
33.334,217.849,0.0,matmul-64x128x64,174459.18700013863,660.73,322476.1610006867,227.26400196552277,212.156,Predicted,one_shot,218378.25500080767,217717.52500080765,9,,measured,6024.364999575482,37232.894000226224,930
33.566,218.862,0.0,matmul-64x128x64,220996.6769996754,679.757,401394.09700037696,245.7599937915802,230.235,Random,one_shot,297296.19100049796,296616.434000498,9,37316.564000320795,measured,0.0,38007.920000382,930
33.783,220.25600000000003,0.0,matmul-64x128x64,220996.6769996754,686.639,364084.41500005615,249.5039999485016,233.691,Current,one_shot,259986.50900017718,259299.87000017718,9,,measured,0.0,38007.920000382,930
36.312,223.164,0.0,matmul-64x128x64,174459.18700013863,686.699,322502.1300006866,244.00000274181366,228.731,Predicted,one_shot,218404.22400080765,217717.52500080765,10,,measured,6024.364999575482,37232.894000226224,930
34.049,221.677,0.0,matmul-64x128x64,220996.6769996754,684.087,364081.8630000562,228.83200645446777,213.659,Current,one_shot,259983.95700017718,259299.87000017718,10,,measured,0.0,38007.920000382,930
33.988,221.62300000000002,0.0,matmul-64x128x64,220996.6769996754,689.324,401403.664000377,252.128005027771,236.283,Random,one_shot,297305.758000498,296616.434000498,10,37316.564000320795,measured,0.0,38007.920000382,930
34.048,240.989,0.0,matmul-64x128x64,220996.6769996754,705.116,364102.8920000562,231.1680018901825,215.996,Current,one_shot,260004.9860001772,259299.87000017718,11,,measured,0.0,38007.920000382,930
34.038,219.078,0.0,matmul-64x128x64,220996.6769996754,677.71,401392.050000377,242.71999299526215,227.771,Random,one_shot,297294.144000498,296616.434000498,11,37316.564000320795,measured,0.0,38007.920000382,930
34.053,225.941,0.0,matmul-64x128x64,174459.18700013863,681.542,322496.9730006866,238.0799949169159,222.875,Predicted,one_shot,218399.06700080764,217717.52500080765,11,,measured,6024.364999575482,37232.894000226224,930
34.347,223.679,0.0,matmul-64x128x64,220996.6769996754,693.343,364091.1190000562,250.88000297546387,235.962,Current,one_shot,259993.21300017717,259299.87000017718,12,,measured,0.0,38007.920000382,930
34.182,223.063,0.0,matmul-64x128x64,220996.6769996754,692.311,401406.65100037697,251.42401456832886,236.251,Random,one_shot,297308.74500049796,296616.434000498,12,37316.564000320795,measured,0.0,38007.920000382,930
76.486,222.67299999999997,0.0,matmul-64x128x64,174459.18700013863,715.044,322530.47500068665,234.40000414848328,219.035,Predicted,one_shot,218432.56900080765,217717.52500080765,12,,measured,6024.364999575482,37232.894000226224,930
33.641999999999996,146.21500000000003,0.0,matmul-64x128x64,174459.18700013863,564.093,322379.52400068665,201.88799500465393,186.812,Predicted,one_shot,218281.61800080765,217717.52500080765,13,,measured,6024.364999575482,37232.894000226224,930
34.596000000000004,232.852,0.0,matmul-64x128x64,220996.6769996754,734.772,364132.5480000562,250.8159875869751,235.291,Current,one_shot,260034.64200017718,259299.87000017718,13,,measured,0.0,38007.920000382,930
33.821,230.75199999999998,0.0,matmul-64x128x64,220996.6769996754,700.977,401415.317000377,253.2159984111786,236.858,Random,one_shot,297317.411000498,296616.434000498,13,37316.564000320795,measured,0.0,38007.920000382,930
32.598,146.664,0.0,matmul-64x128x64,220996.6769996754,577.155,401291.495000377,215.00800549983978,199.836,Random,one_shot,297193.589000498,296616.434000498,14,37316.564000320795,measured,0.0,38007.920000382,930
34.406,223.039,0.0,matmul-64x128x64,174459.18700013863,674.825,322490.25600068667,234.047994017601,218.907,Predicted,one_shot,218392.35000080767,217717.52500080765,14,,measured,6024.364999575482,37232.894000226224,930
34.189,223.993,0.0,matmul-64x128x64,220996.6769996754,694.578,364092.35400005616,250.65600872039795,235.387,Current,one_shot,259994.4480001772,259299.87000017718,14,,measured,0.0,38007.920000382,930
34.11,221.36100000000002,0.0,matmul-64x128x64,220996.6769996754,691.48,401405.82000037696,251.71199440956116,236.218,Random,one_shot,297307.91400049796,296616.434000498,15,37316.564000320795,measured,0.0,38007.920000382,930
34.176,225.089,0.0,matmul-64x128x64,174459.18700013863,681.514,322496.9450006867,234.592005610466,219.515,Predicted,one_shot,218399.03900080765,217717.52500080765,15,,measured,6024.364999575482,37232.894000226224,930
34.522999999999996,221.043,0.0,matmul-64x128x64,220996.6769996754,690.878,364088.6540000562,251.80798768997192,236.507,Current,one_shot,259990.74800017718,259299.87000017718,15,,measured,0.0,38007.920000382,930
