D2H_us,H2D_us,allocation_us,case,collect_us,execute_wall_us,graph_through_D2H_us,kernel_event_us,layout,mode,pack_through_D2H_us,pack_us,pair,permutation_us,phase,predict_us,remap_soa_us,seed
20.732,34.793,62.763999999999996,chain-128x8,,317.459,,22.52800017595291,Current,initialize,,,-1,,initialization,,,
20.386,34.86,65.417,chain-128x8,,282.045,,18.239999189972878,Random,initialize,,,-1,,initialization,,,928
21.924,35.839999999999996,80.81,chain-128x8,,294.048,,17.632000148296356,Random,initialize,,,-1,,initialization,,,929
20.240000000000002,34.578,74.777,chain-128x8,,282.607,,17.40800030529499,Random,initialize,,,-1,,initialization,,,930
20.704,,,chain-128x8,,33.889,,13.311999849975109,Random,resident,,,0,,warmup,,,928
19.695999999999998,,,chain-128x8,,32.358,,13.311999849975109,Current,resident,,,0,,warmup,,,928
17.872999999999998,,,chain-128x8,,28.743,,11.264000087976456,Random,resident,,,1,,warmup,,,928
18.066,,,chain-128x8,,28.656,,11.231999844312668,Current,resident,,,1,,warmup,,,928
17.064999999999998,,,chain-128x8,,28.778,,11.264000087976456,Current,resident,,,2,,warmup,,,928
17.343,,,chain-128x8,,28.803,,11.264000087976456,Random,resident,,,2,,warmup,,,928
17.317999999999998,,,chain-128x8,,28.676,,11.264000087976456,Current,resident,,,3,,warmup,,,928
17.116,,,chain-128x8,,28.224,,10.239999741315842,Random,resident,,,3,,warmup,,,928
17.195999999999998,,,chain-128x8,,28.255,,11.04000024497509,Random,resident,,,4,,warmup,,,928
17.848,,,chain-128x8,,28.648,,11.327999643981457,Current,resident,,,4,,warmup,,,928
17.234,,,chain-128x8,,27.83,,10.239999741315842,Random,resident,,,5,,warmup,,,928
16.915,,,chain-128x8,,28.826,,11.264000087976456,Current,resident,,,5,,warmup,,,928
22.539,,,chain-128x8,,28.096,,10.944000445306301,Current,resident,,,0,,measured,,,928
17.262999999999998,,,chain-128x8,,28.369,,10.239999741315842,Random,resident,,,0,,measured,,,928
17.308,,,chain-128x8,,27.771,,10.239999741315842,Random,resident,,,1,,measured,,,928
17.4,,,chain-128x8,,27.415,,10.912000201642513,Current,resident,,,1,,measured,,,928
17.796,,,chain-128x8,,28.124,,11.264000087976456,Random,resident,,,2,,measured,,,928
17.11,,,chain-128x8,,28.328,,11.264000087976456,Current,resident,,,2,,measured,,,928
16.959,,,chain-128x8,,27.77,,10.944000445306301,Random,resident,,,3,,measured,,,928
17.286,,,chain-128x8,,27.68,,10.912000201642513,Current,resident,,,3,,measured,,,928
16.73,,,chain-128x8,,27.867,,10.239999741315842,Current,resident,,,4,,measured,,,928
17.698999999999998,,,chain-128x8,,28.231,,11.264000087976456,Random,resident,,,4,,measured,,,928
16.544,,,chain-128x8,,27.613,,10.879999957978725,Random,resident,,,5,,measured,,,928
17.430999999999997,,,chain-128x8,,28.052,,10.239999741315842,Current,resident,,,5,,measured,,,928
16.719,,,chain-128x8,,27.965,,11.264000087976456,Current,resident,,,6,,measured,,,928
17.209,,,chain-128x8,,27.963,,10.239999741315842,Random,resident,,,6,,measured,,,928
16.972,,,chain-128x8,,28.529,,11.136000044643879,Current,resident,,,7,,measured,,,928
17.074,,,chain-128x8,,27.669,,10.239999741315842,Random,resident,,,7,,measured,,,928
16.555,,,chain-128x8,,27.974,,11.04000024497509,Random,resident,,,8,,measured,,,928
17.514000000000003,,,chain-128x8,,28.245,,11.264000087976456,Current,resident,,,8,,measured,,,928
16.738,,,chain-128x8,,28.112,,11.264000087976456,Random,resident,,,9,,measured,,,928
34.117000000000004,,,chain-128x8,,54.398,,10.239999741315842,Current,resident,,,9,,measured,,,928
17.491,,,chain-128x8,,27.667,,10.239999741315842,Current,resident,,,10,,measured,,,928
17.299,,,chain-128x8,,27.638,,10.239999741315842,Random,resident,,,10,,measured,,,928
17.208000000000002,,,chain-128x8,,27.484,,11.136000044643879,Random,resident,,,11,,measured,,,928
17.3,,,chain-128x8,,27.724,,10.239999741315842,Current,resident,,,11,,measured,,,928
17.367,,,chain-128x8,,28.277,,11.264000087976456,Random,resident,,,12,,measured,,,928
17.595,,,chain-128x8,,28.035,,10.975999757647514,Current,resident,,,12,,measured,,,928
17.037,,,chain-128x8,,28.409,,11.168000288307667,Current,resident,,,13,,measured,,,928
17.076,,,chain-128x8,,27.893,,10.143999941647053,Random,resident,,,13,,measured,,,928
16.684,,,chain-128x8,,28.932,,10.304000228643417,Random,resident,,,14,,measured,,,928
17.408,,,chain-128x8,,28.197,,10.239999741315842,Current,resident,,,14,,measured,,,928
16.859,,,chain-128x8,,28.403,,10.879999957978725,Random,resident,,,15,,measured,,,928
17.183,,,chain-128x8,,27.745,,11.168000288307667,Current,resident,,,15,,measured,,,928
19.548000000000002,97.419,0.0,chain-128x8,,287.421,34910.740000274935,13.98400031030178,Random,one_shot,9518.135999830525,9230.714999830525,0,623.3059993974166,warmup,0.0,,928
19.306,111.79899999999999,0.0,chain-128x8,,242.745,33860.17400051468,13.311999849975109,Current,one_shot,8467.570000070269,8224.825000070268,0,,warmup,0.0,,928
19.596,110.59400000000002,0.0,chain-128x8,,237.074,34499.896000528104,12.28800043463707,Random,one_shot,9107.292000083697,8870.218000083696,1,608.3360003685812,warmup,0.0,,928
19.466,110.491,0.0,chain-128x8,,236.88,33832.0790000467,12.28800043463707,Current,one_shot,8439.474999602297,8202.594999602297,1,,warmup,0.0,,928
18.737000000000002,32.899,0.0,chain-128x8,,157.372,33682.064000355575,12.28800043463707,Current,one_shot,8289.459999911163,8132.087999911164,2,,warmup,0.0,,928
19.129,110.62199999999999,0.0,chain-128x8,,241.537,34307.500001012275,13.311999849975109,Random,one_shot,8914.896000567871,8673.35900056787,2,609.419000284106,warmup,0.0,,928
19.339,111.218,0.0,chain-128x8,,235.955,33701.6410004543,13.311999849975109,Current,one_shot,8309.03700000989,8073.08200000989,3,,warmup,0.0,,928
18.688,110.006,0.0,chain-128x8,,216.388,34030.82000032663,13.024000450968742,Random,one_shot,8638.215999882226,8421.827999882225,3,603.5590004103142,warmup,0.0,,928
18.666,32.657,0.0,chain-128x8,,158.078,34219.467999806126,13.311999849975109,Random,one_shot,8826.863999361716,8668.785999361717,4,603.5810001776554,warmup,0.0,,928
19.788,110.33500000000001,0.0,chain-128x8,,236.881,34007.53900032142,13.311999849975109,Current,one_shot,8614.93499987701,8378.053999877011,4,,warmup,0.0,,928
19.066,109.93900000000001,0.0,chain-128x8,,235.994,34348.08099981216,13.311999849975109,Random,one_shot,8955.476999367756,8719.482999367756,5,607.7480002204538,warmup,0.0,,928
19.177999999999997,109.917,0.0,chain-128x8,,235.016,33801.93100084708,13.311999849975109,Current,one_shot,8409.327000402667,8174.311000402668,5,,warmup,0.0,,928
19.491,33.414,0.0,chain-128x8,,159.229,33685.149000101905,12.28800043463707,Current,one_shot,8292.544999657497,8133.315999657498,0,,measured,0.0,,928
19.567,109.646,0.0,chain-128x8,,235.659,34267.10900083896,12.28800043463707,Random,one_shot,8874.50500039455,8638.846000394551,0,604.7079996278626,measured,0.0,,928
20.292,37.065000000000005,0.0,chain-128x8,,169.685,34278.04600010783,13.504000380635262,Random,one_shot,8885.441999663426,8715.756999663427,1,600.8869995639543,measured,0.0,,928
21.531,123.25800000000001,0.0,chain-128x8,,269.668,34006.10500069806,17.08799973130226,Current,one_shot,8613.501000253653,8343.833000253653,1,,measured,0.0,,928
19.721,112.10199999999999,0.0,chain-128x8,,241.526,34314.591000484346,13.952000066637993,Random,one_shot,8921.98700003994,8680.46100003994,2,608.6260000301991,measured,0.0,,928
19.402,110.053,0.0,chain-128x8,,213.331,33430.18400034005,12.28800043463707,Current,one_shot,8037.5799998956445,7824.248999895644,2,,measured,0.0,,928
18.759999999999998,110.313,0.0,chain-128x8,,236.663,34319.047000612365,14.336000196635723,Random,one_shot,8926.443000167958,8689.780000167957,3,601.802999881329,measured,0.0,,928
18.775,110.57500000000002,0.0,chain-128x8,,235.318,33734.80700086019,13.183999806642532,Current,one_shot,8342.203000415786,8106.885000415787,3,,measured,0.0,,928
18.788,33.99,0.0,chain-128x8,,159.515,33649.29900026681,12.28800043463707,Current,one_shot,8256.6949998224,8097.179999822401,4,,measured,0.0,,928
19.708,109.98899999999998,0.0,chain-128x8,,236.023,34340.770000128556,13.311999849975109,Random,one_shot,8948.165999684146,8712.142999684147,4,608.4460001147818,measured,0.0,,928
19.103,34.373,0.0,chain-128x8,,163.282,34302.15900116902,13.055999763309956,Random,one_shot,8909.555000724613,8746.273000724614,5,687.5299995954265,measured,0.0,,928
18.859,109.988,0.0,chain-128x8,,235.687,33719.287000181466,12.28800043463707,Current,one_shot,8326.68299973706,8090.995999737061,5,,measured,0.0,,928
19.021,32.846999999999994,0.0,chain-128x8,,158.038,33579.82100044907,13.311999849975109,Current,one_shot,8187.217000004661,8029.17900000466,6,,measured,0.0,,928
19.208,109.83699999999997,0.0,chain-128x8,,235.419,34186.386000237144,13.248000293970108,Random,one_shot,8793.781999792734,8558.362999792735,6,599.5700003040838,measured,0.0,,928
19.079,110.49999999999999,0.0,chain-128x8,,235.224,33669.02700066201,12.959999963641167,Current,one_shot,8276.423000217603,8041.199000217603,7,,measured,0.0,,928
18.872,109.57300000000001,0.0,chain-128x8,,234.754,34324.486001120866,12.28800043463707,Random,one_shot,8931.882000676458,8697.128000676457,7,601.2920002831379,measured,0.0,,928
18.287,32.949000000000005,0.0,chain-128x8,,134.781,33900.01000089185,12.28800043463707,Random,one_shot,8507.406000447443,8372.625000447442,8,601.3029997120611,measured,0.0,,928
18.868000000000002,110.09200000000001,0.0,chain-128x8,,234.42,33667.56900030236,13.311999849975109,Current,one_shot,8274.964999857957,8040.544999857957,8,,measured,0.0,,928
18.986,109.949,0.0,chain-128x8,,234.351,34389.39899977498,13.088000006973743,Random,one_shot,8996.794999330572,8762.443999330571,9,596.523999774945,measured,0.0,,928
19.196,110.595,0.0,chain-128x8,,236.21,33692.69300091852,13.311999849975109,Current,one_shot,8300.089000474116,8063.879000474117,9,,measured,0.0,,928
18.717,32.873000000000005,0.0,chain-128x8,,157.017,33534.80099964009,12.959999963641167,Current,one_shot,8142.196999195679,7985.17999919568,10,,measured,0.0,,928
19.317999999999998,110.244,0.0,chain-128x8,,236.484,34361.945000257925,14.14399966597557,Random,one_shot,8969.340999813521,8732.85699981352,10,649.8270004158258,measured,0.0,,928
18.259,33.150000000000006,0.0,chain-128x8,,158.928,34407.01100042059,14.015999622642994,Random,one_shot,9014.406999976185,8855.478999976185,11,605.4030000086641,measured,0.0,,928
19.279,109.766,0.0,chain-128x8,,234.864,33701.45100047556,13.279999606311321,Current,one_shot,8308.847000031148,8073.983000031149,11,,measured,0.0,,928
19.392000000000003,109.85500000000002,0.0,chain-128x8,,235.759,34411.91100032742,12.28800043463707,Random,one_shot,9019.306999883012,8783.547999883012,12,601.1899995428394,measured,0.0,,928
19.318,114.89200000000001,0.0,chain-128x8,,239.763,33700.610001151705,13.311999849975109,Current,one_shot,8308.006000707299,8068.243000707298,12,,measured,0.0,,928
18.436999999999998,33.07,0.0,chain-128x8,,135.46,33436.151000476944,12.28800043463707,Current,one_shot,8043.547000032538,7908.087000032538,13,,measured,0.0,,928
19.185000000000002,110.092,0.0,chain-128x8,,236.176,34235.39100022174,14.271999709308147,Random,one_shot,8842.78699977733,8606.610999777331,13,604.9529993106262,measured,0.0,,928
18.875,33.862,0.0,chain-128x8,,159.487,34187.907000140614,13.311999849975109,Random,one_shot,8795.302999696205,8635.815999696206,14,597.3529996481375,measured,0.0,,928
20.39,113.93400000000001,0.0,chain-128x8,,245.085,33837.75000046942,14.336000196635723,Current,one_shot,8445.146000025015,8200.061000025016,14,,measured,0.0,,928
20.051000000000002,118.831,0.0,chain-128x8,,267.448,34685.675000060146,16.672000288963318,Random,one_shot,9293.070999615735,9025.622999615734,15,613.3769993539318,measured,0.0,,928
19.57,114.206,0.0,chain-128x8,,243.608,33923.156000691284,14.208000153303146,Current,one_shot,8530.552000246877,8286.944000246876,15,,measured,0.0,,928
18.217,,,chain-128x8,,30.055,,11.264000087976456,Current,resident,,,0,,warmup,,,929
19.368000000000002,,,chain-128x8,,30.342,,12.28800043463707,Random,resident,,,0,,warmup,,,929
17.111,,,chain-128x8,,28.511,,11.264000087976456,Random,resident,,,1,,warmup,,,929
18.235,,,chain-128x8,,28.115,,11.231999844312668,Current,resident,,,1,,warmup,,,929
17.917,,,chain-128x8,,28.829,,11.264000087976456,Random,resident,,,2,,warmup,,,929
17.724,,,chain-128x8,,28.376,,11.935999616980553,Current,resident,,,2,,warmup,,,929
17.135,,,chain-128x8,,28.682,,10.400000028312206,Random,resident,,,3,,warmup,,,929
16.927,,,chain-128x8,,28.3,,11.168000288307667,Current,resident,,,3,,warmup,,,929
17.502,,,chain-128x8,,27.91,,10.239999741315842,Random,resident,,,4,,warmup,,,929
17.352,,,chain-128x8,,27.503,,10.463999584317207,Current,resident,,,4,,warmup,,,929
17.657,,,chain-128x8,,27.543,,11.136000044643879,Random,resident,,,5,,warmup,,,929
17.462,,,chain-128x8,,28.199,,11.264000087976456,Current,resident,,,5,,warmup,,,929
17.034,,,chain-128x8,,29.4,,11.264000087976456,Current,resident,,,0,,measured,,,929
17.802,,,chain-128x8,,30.229,,13.088000006973743,Random,resident,,,0,,measured,,,929
16.941,,,chain-128x8,,28.428,,11.264000087976456,Random,resident,,,1,,measured,,,929
17.686,,,chain-128x8,,27.881,,10.463999584317207,Current,resident,,,1,,measured,,,929
17.164,,,chain-128x8,,28.491,,11.264000087976456,Current,resident,,,2,,measured,,,929
17.44,,,chain-128x8,,28.214,,10.239999741315842,Random,resident,,,2,,measured,,,929
16.629,,,chain-128x8,,27.661,,11.071999557316303,Random,resident,,,3,,measured,,,929
17.148,,,chain-128x8,,27.896,,11.264000087976456,Current,resident,,,3,,measured,,,929
16.968,,,chain-128x8,,27.935,,11.264000087976456,Current,resident,,,4,,measured,,,929
16.782,,,chain-128x8,,27.715,,10.239999741315842,Random,resident,,,4,,measured,,,929
16.665,,,chain-128x8,,27.67,,10.463999584317207,Random,resident,,,5,,measured,,,929
17.316,,,chain-128x8,,27.737,,10.239999741315842,Current,resident,,,5,,measured,,,929
17.153,,,chain-128x8,,28.519,,10.623999871313572,Random,resident,,,6,,measured,,,929
17.328000000000003,,,chain-128x8,,27.616,,10.879999957978725,Current,resident,,,6,,measured,,,929
17.555,,,chain-128x8,,27.672,,11.264000087976456,Random,resident,,,7,,measured,,,929
17.092,,,chain-128x8,,27.31,,10.208000428974628,Current,resident,,,7,,measured,,,929
17.191,,,chain-128x8,,27.857,,10.27199998497963,Current,resident,,,8,,measured,,,929
17.174,,,chain-128x8,,28.108,,10.239999741315842,Random,resident,,,8,,measured,,,929
16.823,,,chain-128x8,,28.054,,11.264000087976456,Random,resident,,,9,,measured,,,929
17.378999999999998,,,chain-128x8,,28.307,,11.264000087976456,Current,resident,,,9,,measured,,,929
17.613,,,chain-128x8,,27.727,,10.239999741315842,Current,resident,,,10,,measured,,,929
17.312,,,chain-128x8,,31.629,,11.168000288307667,Random,resident,,,10,,measured,,,929
17.48,,,chain-128x8,,28.098,,10.239999741315842,Current,resident,,,11,,measured,,,929
16.73,,,chain-128x8,,27.925,,11.264000087976456,Random,resident,,,11,,measured,,,929
16.792,,,chain-128x8,,27.604,,10.239999741315842,Random,resident,,,12,,measured,,,929
17.449,,,chain-128x8,,27.341,,10.239999741315842,Current,resident,,,12,,measured,,,929
17.070999999999998,,,chain-128x8,,27.975,,10.944000445306301,Random,resident,,,13,,measured,,,929
17.686,,,chain-128x8,,27.449,,10.400000028312206,Current,resident,,,13,,measured,,,929
17.381,,,chain-128x8,,27.662,,10.495999827980995,Current,resident,,,14,,measured,,,929
17.02,,,chain-128x8,,27.689,,10.239999741315842,Random,resident,,,14,,measured,,,929
17.322,,,chain-128x8,,28.786,,10.239999741315842,Current,resident,,,15,,measured,,,929
17.112,,,chain-128x8,,27.172,,10.975999757647514,Random,resident,,,15,,measured,,,929
18.941000000000003,110.96799999999999,0.0,chain-128x8,,236.364,33768.106000377564,13.311999849975109,Current,one_shot,8375.501999933154,8139.137999933155,0,,warmup,0.0,,929
19.311,110.703,0.0,chain-128x8,,237.174,34358.450000405486,13.311999849975109,Random,one_shot,8965.84599996108,8728.67199996108,0,605.8950002625352,warmup,0.0,,929
18.576,33.029,0.0,chain-128x8,,158.992,34286.27200057541,12.28800043463707,Random,one_shot,8893.668000131003,8734.676000131003,1,604.1710003046319,warmup,0.0,,929
18.965,110.45000000000002,0.0,chain-128x8,,235.234,33711.6220000537,12.28800043463707,Current,one_shot,8319.017999609296,8083.783999609295,1,,warmup,0.0,,929
18.981,110.171,0.0,chain-128x8,,236.027,34369.2260011895,13.311999849975109,Random,one_shot,8976.622000745088,8740.595000745088,2,602.3490004736232,warmup,0.0,,929
19.343,110.295,0.0,chain-128x8,,214.55,33577.79000065361,12.28800043463707,Current,one_shot,8185.186000209197,7970.636000209197,2,,warmup,0.0,,929
59.263999999999996,110.51999999999998,0.0,chain-128x8,,281.817,34472.20400030796,16.383999958634377,Random,one_shot,9079.599999863556,8797.782999863557,3,605.8779999875696,warmup,0.0,,929
18.934,110.673,0.0,chain-128x8,,235.032,33853.880000514844,12.992000207304955,Current,one_shot,8461.276000070437,8226.244000070437,3,,warmup,0.0,,929
19.381,113.17400000000002,0.0,chain-128x8,,247.095,34745.04200009079,14.336000196635723,Random,one_shot,9352.437999646381,9105.342999646382,4,610.09599994577,warmup,0.0,,929
19.767,110.782,0.0,chain-128x8,,239.892,33856.278000176135,14.175999909639359,Current,one_shot,8463.673999731727,8223.781999731727,4,,warmup,0.0,,929
20.217,113.387,0.0,chain-128x8,,248.415,34868.91900048611,15.231999568641186,Random,one_shot,9476.3150000417,9227.9000000417,5,669.2050001220196,warmup,0.0,,929
23.749000000000002,125.766,0.0,chain-128x8,,300.627,34636.03000011373,21.63200080394745,Current,one_shot,9243.425999669322,8942.798999669321,5,,warmup,0.0,,929
23.16,55.202,0.0,chain-128x8,,244.278,34913.077000428406,21.503999829292297,Current,one_shot,9520.472999984,9276.194999984,0,,measured,0.0,,929
22.545,125.333,0.0,chain-128x8,,293.269,35548.67500003296,20.479999482631683,Random,one_shot,10156.070999588555,9862.801999588555,0,711.6870001482312,measured,0.0,,929
24.636,34.013,0.0,chain-128x8,,203.032,35421.73700026125,13.183999806642532,Random,one_shot,10029.132999816844,9826.100999816845,1,601.9749998813495,measured,0.0,,929
19.918,125.48499999999999,0.0,chain-128x8,,236.929,33596.372001245385,13.311999849975109,Current,one_shot,8203.768000800974,7966.839000800974,1,,measured,0.0,,929
18.990000000000002,34.635,0.0,chain-128x8,,163.334,33885.60599997724,13.311999849975109,Current,one_shot,8493.001999532831,8329.66799953283,2,,measured,0.0,,929
19.902,112.82000000000002,0.0,chain-128x8,,248.915,34977.140999970165,14.592000283300877,Random,one_shot,9584.536999525757,9335.621999525756,2,620.3460006872774,measured,0.0,,929
18.363,87.23400000000001,0.0,chain-128x8,,236.175,34639.30100014295,13.055999763309956,Random,one_shot,9246.696999698539,9010.52199969854,3,610.7650006015319,measured,0.0,,929
20.149,112.329,0.0,chain-128x8,,241.953,34181.609999791624,13.311999849975109,Current,one_shot,8789.005999347215,8547.052999347216,3,,measured,0.0,,929
19.122,34.49,0.0,chain-128x8,,163.124,33893.49500027431,14.240000396966934,Current,one_shot,8500.89099982991,8337.76699982991,4,,measured,0.0,,929
19.799,111.07600000000001,0.0,chain-128x8,,241.306,34631.4340002683,14.208000153303146,Random,one_shot,9238.829999823898,8997.523999823898,4,612.5789996076492,measured,0.0,,929
18.98,34.071,0.0,chain-128x8,,162.959,34342.6820003067,12.28800043463707,Random,one_shot,8950.077999862287,8787.118999862287,5,620.1309997777571,measured,0.0,,929
19.186,110.8,0.0,chain-128x8,,237.08,33815.4819998755,13.311999849975109,Current,one_shot,8422.877999431088,8185.797999431088,5,,measured,0.0,,929
21.509,122.325,0.0,chain-128x8,,287.491,34785.252999773504,21.12000063061714,Random,one_shot,9392.648999329094,9105.157999329094,6,654.0849999510101,measured,0.0,,929
21.938000000000002,120.81900000000002,0.0,chain-128x8,,251.351,33985.42600021131,19.45599913597107,Current,one_shot,8592.821999766898,8341.470999766898,6,,measured,0.0,,929
21.119,117.78000000000002,0.0,chain-128x8,,277.797,34848.910000311014,18.751999363303185,Random,one_shot,9456.305999866609,9178.508999866608,7,642.7109992728219,measured,0.0,,929
20.65,114.3,0.0,chain-128x8,,249.938,33971.89800054828,15.32800029963255,Current,one_shot,8579.294000103871,8329.356000103871,7,,measured,0.0,,929
19.133000000000003,33.925,0.0,chain-128x8,,162.635,33787.53100112895,13.472000136971474,Current,one_shot,8394.927000684538,8232.292000684538,8,,measured,0.0,,929
20.519,110.64199999999998,0.0,chain-128x8,,241.141,34493.3790005903,14.336000196635723,Random,one_shot,9100.775000145888,8859.634000145888,8,616.9549997139256,measured,0.0,,929
19.72,34.222,0.0,chain-128x8,,164.022,34410.4120005896,14.336000196635723,Random,one_shot,9017.808000145193,8853.786000145192,9,621.9010001586867,measured,0.0,,929
19.041,111.258,0.0,chain-128x8,,239.7,33848.19000091548,13.439999893307686,Current,one_shot,8455.586000471074,8215.886000471073,9,,measured,0.0,,929
18.874000000000002,33.495,0.0,chain-128x8,,159.943,33788.58400108709,13.311999849975109,Current,one_shot,8395.980000642681,8236.037000642682,10,,measured,0.0,,929
19.842,109.824,0.0,chain-128x8,,238.293,34570.90700004994,13.311999849975109,Random,one_shot,9178.302999605536,8940.009999605536,10,621.3229999048053,measured,0.0,,929
19.198,110.849,0.0,chain-128x8,,238.002,33808.757000255304,13.311999849975109,Current,one_shot,8416.152999810896,8178.150999810896,11,,measured,0.0,,929
19.288,110.385,0.0,chain-128x8,,216.139,34096.93000022878,11.264000087976456,Random,one_shot,8704.325999784374,8488.186999784375,11,630.7270004981547,measured,0.0,,929
19.741,33.809,0.0,chain-128x8,,163.538,34408.520000018354,13.311999849975109,Random,one_shot,9015.915999573946,8852.377999573946,12,619.1080001372029,measured,0.0,,929
19.795,112.34599999999999,0.0,chain-128x8,,241.391,33909.58600024576,14.112000353634357,Current,one_shot,8516.981999801352,8275.590999801352,12,,measured,0.0,,929
20.159,110.604,0.0,chain-128x8,,239.672,34501.75000021075,13.311999849975109,Random,one_shot,9109.145999766342,8869.473999766342,13,614.090999988548,measured,0.0,,929
19.224,110.84200000000001,0.0,chain-128x8,,240.767,34026.82900112699,13.279999606311321,Current,one_shot,8634.225000682585,8393.458000682585,13,,measured,0.0,,929
19.270000000000003,35.879,0.0,chain-128x8,,168.516,33928.85400032019,14.336000196635723,Current,one_shot,8536.249999875781,8367.733999875782,14,,measured,0.0,,929
19.288,112.388,0.0,chain-128x8,,243.039,34458.75100033214,14.336000196635723,Random,one_shot,9066.146999887726,8823.107999887725,14,621.1949994394672,measured,0.0,,929
19.881,111.61000000000001,0.0,chain-128x8,,240.845,33820.51400057363,13.311999849975109,Current,one_shot,8427.910000129223,8187.065000129223,15,,measured,0.0,,929
20.161,110.82600000000001,0.0,chain-128x8,,247.816,34578.4520009592,15.32800029963255,Random,one_shot,9185.848000514796,8938.032000514795,15,626.1480002649478,measured,0.0,,929
18.32,,,chain-128x8,,30.429,,12.28800043463707,Current,resident,,,0,,warmup,,,930
19.612000000000002,,,chain-128x8,,30.625,,12.28800043463707,Random,resident,,,0,,warmup,,,930
16.679,,,chain-128x8,,28.245,,11.264000087976456,Random,resident,,,1,,warmup,,,930
17.517,,,chain-128x8,,28.494,,11.231999844312668,Current,resident,,,1,,warmup,,,930
17.111,,,chain-128x8,,28.401,,10.27199998497963,Current,resident,,,2,,warmup,,,930
17.233999999999998,,,chain-128x8,,28.118,,11.264000087976456,Random,resident,,,2,,warmup,,,930
17.217,,,chain-128x8,,28.313,,10.239999741315842,Current,resident,,,3,,warmup,,,930
17.234,,,chain-128x8,,28.031,,11.168000288307667,Random,resident,,,3,,warmup,,,930
16.863,,,chain-128x8,,27.69,,10.208000428974628,Random,resident,,,4,,warmup,,,930
17.594,,,chain-128x8,,28.237,,11.071999557316303,Current,resident,,,4,,warmup,,,930
17.343,,,chain-128x8,,27.56,,10.239999741315842,Current,resident,,,5,,warmup,,,930
17.596,,,chain-128x8,,27.874,,10.239999741315842,Random,resident,,,5,,warmup,,,930
17.276,,,chain-128x8,,28.122,,11.264000087976456,Current,resident,,,0,,measured,,,930
16.959,,,chain-128x8,,27.493,,10.239999741315842,Random,resident,,,0,,measured,,,930
17.058,,,chain-128x8,,28.042,,10.239999741315842,Current,resident,,,1,,measured,,,930
16.878,,,chain-128x8,,27.525,,10.015999898314476,Random,resident,,,1,,measured,,,930
17.610999999999997,,,chain-128x8,,27.234,,10.239999741315842,Random,resident,,,2,,measured,,,930
17.296,,,chain-128x8,,27.607,,10.944000445306301,Current,resident,,,2,,measured,,,930
31.494,,,chain-128x8,,60.429,,11.168000288307667,Current,resident,,,3,,measured,,,930
17.059,,,chain-128x8,,27.833,,10.879999957978725,Random,resident,,,3,,measured,,,930
17.096,,,chain-128x8,,28.213,,10.239999741315842,Random,resident,,,4,,measured,,,930
17.521,,,chain-128x8,,27.506,,11.008000001311302,Current,resident,,,4,,measured,,,930
17.341,,,chain-128x8,,27.769,,10.239999741315842,Random,resident,,,5,,measured,,,930
17.226,,,chain-128x8,,27.639,,10.239999741315842,Current,resident,,,5,,measured,,,930
18.029,,,chain-128x8,,28.084,,10.239999741315842,Random,resident,,,6,,measured,,,930
17.942,,,chain-128x8,,27.972,,10.239999741315842,Current,resident,,,6,,measured,,,930
16.866,,,chain-128x8,,27.491,,10.239999741315842,Current,resident,,,7,,measured,,,930
16.933,,,chain-128x8,,27.125,,10.048000141978264,Random,resident,,,7,,measured,,,930
17.294,,,chain-128x8,,28.103,,10.239999741315842,Current,resident,,,8,,measured,,,930
17.041,,,chain-128x8,,27.776,,11.04000024497509,Random,resident,,,8,,measured,,,930
17.127000000000002,,,chain-128x8,,27.407,,10.239999741315842,Random,resident,,,9,,measured,,,930
17.244,,,chain-128x8,,27.978,,10.975999757647514,Current,resident,,,9,,measured,,,930
17.275,,,chain-128x8,,27.897,,10.239999741315842,Random,resident,,,10,,measured,,,930
17.415,,,chain-128x8,,27.694,,10.239999741315842,Current,resident,,,10,,measured,,,930
16.692,,,chain-128x8,,27.544,,10.239999741315842,Current,resident,,,11,,measured,,,930
17.671,,,chain-128x8,,27.649,,9.216000325977802,Random,resident,,,11,,measured,,,930
17.816000000000003,,,chain-128x8,,27.987,,11.264000087976456,Current,resident,,,12,,measured,,,930
17.588,,,chain-128x8,,27.733,,10.239999741315842,Random,resident,,,12,,measured,,,930
16.849,,,chain-128x8,,27.745,,10.239999741315842,Random,resident,,,13,,measured,,,930
17.22,,,chain-128x8,,28.005,,11.231999844312668,Current,resident,,,13,,measured,,,930
17.613,,,chain-128x8,,27.965,,10.239999741315842,Random,resident,,,14,,measured,,,930
17.558,,,chain-128x8,,27.699,,11.136000044643879,Current,resident,,,14,,measured,,,930
16.912,,,chain-128x8,,27.68,,10.239999741315842,Random,resident,,,15,,measured,,,930
17.426000000000002,,,chain-128x8,,27.874,,10.27199998497963,Current,resident,,,15,,measured,,,930
18.563000000000002,32.708,0.0,chain-128x8,,157.451,33727.85000038217,14.015999622642994,Current,one_shot,8335.245999937759,8177.79499993776,0,,warmup,0.0,,930
21.567,124.249,0.0,chain-128x8,,286.6,51848.00100007178,20.191999152302742,Random,one_shot,26455.396999627374,26168.796999627375,0,670.9570006933063,warmup,0.0,,930
18.441,32.76899999999999,0.0,chain-128x8,,159.851,34256.55799966228,13.311999849975109,Random,one_shot,8863.953999217867,8704.102999217866,1,605.806999374181,warmup,0.0,,930
20.040999999999997,116.85699999999999,0.0,chain-128x8,,225.376,33769.616000992435,13.311999849975109,Current,one_shot,8377.012000548024,8151.636000548024,1,,warmup,0.0,,930
19.314,35.061,0.0,chain-128x8,,162.911,33936.99700044873,13.311999849975109,Current,one_shot,8544.393000004326,8381.482000004326,2,,warmup,0.0,,930
20.276,110.94400000000002,0.0,chain-128x8,,241.791,34454.64700052215,14.112000353634357,Random,one_shot,9062.043000077743,8820.252000077744,2,609.4840000514523,warmup,0.0,,930
19.25,110.92200000000001,0.0,chain-128x8,,235.151,33814.01500044663,13.311999849975109,Current,one_shot,8421.411000002221,8186.260000002221,3,,warmup,0.0,,930
20.027,110.075,0.0,chain-128x8,,236.725,34391.49800131897,12.28800043463707,Random,one_shot,8998.894000874565,8762.169000874565,3,601.9490001563099,warmup,0.0,,930
19.485,33.495,0.0,chain-128x8,,161.149,34600.611000591445,13.311999849975109,Random,one_shot,9208.00700014704,9046.85800014704,4,615.7230000098934,warmup,0.0,,930
20.787,118.90700000000001,0.0,chain-128x8,,280.581,34202.579000550955,17.40800030529499,Current,one_shot,8809.97500010655,8529.39400010655,4,,warmup,0.0,,930
21.753,52.605000000000004,0.0,chain-128x8,,227.038,34396.78300032666,20.70399932563305,Current,one_shot,9004.17899988225,8777.14099988225,5,,warmup,0.0,,930
20.622,113.80000000000001,0.0,chain-128x8,,249.64,34804.922000837905,14.08000010997057,Random,one_shot,9412.318000393498,9162.678000393498,5,631.3379999483004,warmup,0.0,,930
19.406,111.61000000000001,0.0,chain-128x8,,239.828,33960.1140009711,13.311999849975109,Current,one_shot,8567.510000526692,8327.682000526693,0,,measured,0.0,,930
19.612000000000002,110.36600000000001,0.0,chain-128x8,,216.595,34244.25200047894,11.264000087976456,Random,one_shot,8851.648000034531,8635.053000034532,0,633.2820003080997,measured,0.0,,930
19.277,110.66700000000002,0.0,chain-128x8,,237.8,33786.44700122562,13.088000006973743,Current,one_shot,8393.84300078121,8156.04300078121,1,,measured,0.0,,930
20.091,109.69299999999998,0.0,chain-128x8,,237.982,34568.08600112835,14.14399966597557,Random,one_shot,9175.48200068394,8937.50000068394,1,617.5270000312594,measured,0.0,,930
19.884999999999998,33.381,0.0,chain-128x8,,161.731,34343.29000089914,13.279999606311321,Random,one_shot,8950.686000454734,8788.955000454735,2,622.2239999260637,measured,0.0,,930
19.798000000000002,114.197,0.0,chain-128x8,,243.316,33861.611000451325,13.98400031030178,Current,one_shot,8469.007000006919,8225.691000006918,2,,measured,0.0,,930
19.073,34.199999999999996,0.0,chain-128x8,,161.973,33884.85600033688,12.28800043463707,Current,one_shot,8492.25199989247,8330.27899989247,3,,measured,0.0,,930
19.067999999999998,110.408,0.0,chain-128x8,,240.575,34515.93000031808,14.336000196635723,Random,one_shot,9123.32599987368,8882.750999873679,3,618.2629995237221,measured,0.0,,930
19.1,33.705999999999996,0.0,chain-128x8,,161.713,34367.687000542486,13.311999849975109,Random,one_shot,8975.083000098075,8813.370000098075,4,625.3889996514772,measured,0.0,,930
19.146,111.88199999999999,0.0,chain-128x8,,241.086,33940.62000033409,14.08000010997057,Current,one_shot,8548.015999889689,8306.92999988969,4,,measured,0.0,,930
19.207,110.07799999999999,0.0,chain-128x8,,237.854,34454.59900077643,13.279999606311321,Random,one_shot,9061.99500033202,8824.14100033202,5,615.6169993118965,measured,0.0,,930
19.536,112.198,0.0,chain-128x8,,219.166,33653.385000810114,12.959999963641167,Current,one_shot,8260.781000365709,8041.615000365709,5,,measured,0.0,,930
19.354999999999997,110.46100000000001,0.0,chain-128x8,,241.654,34459.29500039582,13.311999849975109,Random,one_shot,9066.690999951408,8825.036999951408,6,621.7039999683038,measured,0.0,,930
18.947,111.31,0.0,chain-128x8,,238.47,33916.852999823954,14.240000396966934,Current,one_shot,8524.248999379544,8285.778999379545,6,,measured,0.0,,930
18.917,33.761,0.0,chain-128x8,,161.433,33814.453000201655,12.28800043463707,Current,one_shot,8421.848999757243,8260.415999757242,7,,measured,0.0,,930
19.747,111.05199999999999,0.0,chain-128x8,,240.663,34405.24499990302,13.311999849975109,Random,one_shot,9012.640999458614,8771.977999458613,7,614.4080007288721,measured,0.0,,930
19.200000000000003,110.483,0.0,chain-128x8,,239.933,33957.349000399685,12.959999963641167,Current,one_shot,8564.744999955274,8324.811999955273,8,,measured,0.0,,930
19.411,109.87299999999999,0.0,chain-128x8,,237.172,34515.10599987422,13.311999849975109,Random,one_shot,9122.501999429815,8885.329999429814,8,621.2420003066654,measured,0.0,,930
18.987000000000002,33.101000000000006,0.0,chain-128x8,,159.495,34401.79200067372,13.311999849975109,Random,one_shot,9009.18800022931,8849.693000229308,9,607.083000431885,measured,0.0,,930
19.0,110.22399999999999,0.0,chain-128x8,,235.97,33713.05199999033,13.311999849975109,Current,one_shot,8320.447999545924,8084.477999545925,9,,measured,0.0,,930
19.166,110.332,0.0,chain-128x8,,237.283,34365.431000490906,13.311999849975109,Random,one_shot,8972.827000046502,8735.544000046502,10,606.3760001779883,measured,0.0,,930
18.816000000000003,110.584,0.0,chain-128x8,,211.726,33501.00900015832,12.28800043463707,Current,one_shot,8108.404999713913,7896.678999713913,10,,measured,0.0,,930
18.933,33.355,0.0,chain-128x8,,156.696,33687.50000029284,13.311999849975109,Current,one_shot,8294.895999848439,8138.199999848439,11,,measured,0.0,,930
18.78,109.57400000000001,0.0,chain-128x8,,235.343,34259.94300052088,13.21600005030632,Random,one_shot,8867.33900007647,8631.99600007647,11,607.7429998185835,measured,0.0,,930
18.726,113.488,0.0,chain-128x8,,238.507,33885.82600001061,13.183999806642532,Current,one_shot,8493.221999566204,8254.714999566204,12,,measured,0.0,,930
19.361,109.57800000000002,0.0,chain-128x8,,235.393,34346.74700074272,13.311999849975109,Random,one_shot,8954.143000298314,8718.750000298314,12,602.5600005159504,measured,0.0,,930
18.814999999999998,32.757999999999996,0.0,chain-128x8,,159.299,34261.558000064804,12.28800043463707,Random,one_shot,8868.953999620398,8709.654999620398,13,616.1350002003019,measured,0.0,,930
18.756,112.988,0.0,chain-128x8,,237.244,33732.17500085965,12.384000234305859,Current,one_shot,8339.571000415244,8102.327000415244,13,,measured,0.0,,930
47.512,110.127,0.0,chain-128x8,,283.767,34487.018000690216,16.383999958634377,Random,one_shot,9094.414000245808,8810.647000245808,14,605.7500004317262,measured,0.0,,930
18.831000000000003,108.92099999999998,0.0,chain-128x8,,232.728,33779.07900095038,13.98400031030178,Current,one_shot,8386.475000505972,8153.747000505973,14,,measured,0.0,,930
21.146,113.258,0.0,chain-128x8,,249.502,34338.96499987292,16.095999628305435,Random,one_shot,8946.360999428514,8696.858999428514,15,605.7020000298508,measured,0.0,,930
20.579,113.982,0.0,chain-128x8,,254.755,33880.80499983887,15.552000142633915,Current,one_shot,8488.200999394461,8233.445999394462,15,,measured,0.0,,930
21.748,198.74699999999999,61.607,chain-1024x64,,457.77,,29.023999348282814,Current,initialize,,,-1,,initialization,,,
21.597,198.99499999999998,65.764,chain-1024x64,,449.571,,31.360000371932983,Random,initialize,,,-1,,initialization,,,928
21.661,197.741,74.496,chain-1024x64,,460.568,,33.56799855828285,Random,initialize,,,-1,,initialization,,,929
21.051000000000002,194.869,75.464,chain-1024x64,,459.318,,32.76799991726875,Random,initialize,,,-1,,initialization,,,930
22.506,,,chain-1024x64,,56.546,,36.86400130391121,Random,resident,,,0,,warmup,,,928
21.657,,,chain-1024x64,,52.827,,34.65599939227104,Current,resident,,,0,,warmup,,,928
19.205,,,chain-1024x64,,46.303,,28.48000079393387,Random,resident,,,1,,warmup,,,928
18.512,,,chain-1024x64,,38.537,,20.479999482631683,Current,resident,,,1,,warmup,,,928
18.672,,,chain-1024x64,,38.699,,21.215999498963356,Current,resident,,,2,,warmup,,,928
18.214,,,chain-1024x64,,41.243,,24.383999407291412,Random,resident,,,2,,warmup,,,928
20.03,,,chain-1024x64,,42.966,,24.447999894618988,Current,resident,,,3,,warmup,,,928
18.109,,,chain-1024x64,,41.706,,23.552000522613525,Random,resident,,,3,,warmup,,,928
18.552,,,chain-1024x64,,41.659,,24.57600086927414,Random,resident,,,4,,warmup,,,928
18.895,,,chain-1024x64,,38.609,,20.479999482631683,Current,resident,,,4,,warmup,,,928
18.503999999999998,,,chain-1024x64,,41.265,,24.4159996509552,Random,resident,,,5,,warmup,,,928
17.971,,,chain-1024x64,,38.889,,21.503999829292297,Current,resident,,,5,,warmup,,,928
18.194,,,chain-1024x64,,38.802,,21.503999829292297,Current,resident,,,0,,measured,,,928
18.555999999999997,,,chain-1024x64,,41.078,,24.447999894618988,Random,resident,,,0,,measured,,,928
17.973,,,chain-1024x64,,41.519,,23.552000522613525,Random,resident,,,1,,measured,,,928
18.907,,,chain-1024x64,,38.582,,21.503999829292297,Current,resident,,,1,,measured,,,928
20.310000000000002,,,chain-1024x64,,43.654,,25.312000885605812,Random,resident,,,2,,measured,,,928
19.387,,,chain-1024x64,,55.717,,21.503999829292297,Current,resident,,,2,,measured,,,928
18.996,,,chain-1024x64,,41.752,,24.191999807953835,Random,resident,,,3,,measured,,,928
18.381999999999998,,,chain-1024x64,,38.397,,21.088000386953354,Current,resident,,,3,,measured,,,928
18.339,,,chain-1024x64,,38.773,,21.503999829292297,Current,resident,,,4,,measured,,,928
18.75,,,chain-1024x64,,42.248,,25.248000398278236,Random,resident,,,4,,measured,,,928
17.996,,,chain-1024x64,,42.003,,23.552000522613525,Random,resident,,,5,,measured,,,928
18.64,,,chain-1024x64,,87.659,,25.439999997615814,Current,resident,,,5,,measured,,,928
18.201,,,chain-1024x64,,39.183,,21.503999829292297,Current,resident,,,6,,measured,,,928
18.295,,,chain-1024x64,,41.141,,23.552000522613525,Random,resident,,,6,,measured,,,928
18.712,,,chain-1024x64,,38.82,,21.503999829292297,Current,resident,,,7,,measured,,,928
18.845,,,chain-1024x64,,42.232,,24.320000782608986,Random,resident,,,7,,measured,,,928
18.039,,,chain-1024x64,,41.368,,23.552000522613525,Random,resident,,,8,,measured,,,928
62.906,,,chain-1024x64,,43.969,,26.623999699950218,Current,resident,,,8,,measured,,,928
18.765,,,chain-1024x64,,41.848,,23.552000522613525,Random,resident,,,9,,measured,,,928
19.463,,,chain-1024x64,,40.075,,21.503999829292297,Current,resident,,,9,,measured,,,928
18.083,,,chain-1024x64,,38.86,,22.112000733613968,Current,resident,,,10,,measured,,,928
18.865000000000002,,,chain-1024x64,,41.329,,24.25600029528141,Random,resident,,,10,,measured,,,928
18.097,,,chain-1024x64,,41.518,,23.552000522613525,Random,resident,,,11,,measured,,,928
18.234,,,chain-1024x64,,38.561,,21.15200087428093,Current,resident,,,11,,measured,,,928
18.878,,,chain-1024x64,,42.357,,23.903999477624893,Random,resident,,,12,,measured,,,928
18.67,,,chain-1024x64,,39.313,,21.503999829292297,Current,resident,,,12,,measured,,,928
17.892,,,chain-1024x64,,38.852,,21.376000717282295,Current,resident,,,13,,measured,,,928
17.927,,,chain-1024x64,,41.217,,23.520000278949738,Random,resident,,,13,,measured,,,928
18.116999999999997,,,chain-1024x64,,41.188,,23.552000522613525,Random,resident,,,14,,measured,,,928
19.405,,,chain-1024x64,,38.85,,21.503999829292297,Current,resident,,,14,,measured,,,928
18.075,,,chain-1024x64,,41.859,,24.383999407291412,Random,resident,,,15,,measured,,,928
18.33,,,chain-1024x64,,38.835,,21.503999829292297,Current,resident,,,15,,measured,,,928
22.884999999999998,324.452,0.0,chain-1024x64,,593.456,878386.6570007135,44.03200000524521,Random,one_shot,611555.9760006121,610962.5200006121,0,52268.82900024066,warmup,0.0,,928
23.686,257.457,0.0,chain-1024x64,,452.566,818372.3929999687,34.81600061058998,Current,one_shot,551541.7119998675,551089.1459998675,0,,warmup,0.0,,928
22.141,261.90400000000005,0.0,chain-1024x64,,462.431,869692.8229997356,36.86400130391121,Random,one_shot,602862.1419996343,602399.7109996343,1,47092.044000237365,warmup,0.0,,928
22.096,263.494,0.0,chain-1024x64,,454.166,805998.1109999539,33.76000002026558,Current,one_shot,539167.4299998526,538713.2639998526,1,,warmup,0.0,,928
22.259,181.74900000000002,0.0,chain-1024x64,,371.069,813278.7659999004,32.76799991726875,Current,one_shot,546448.0849997991,546077.0159997991,2,,warmup,0.0,,928
22.817999999999998,300.749,0.0,chain-1024x64,,507.14,855194.3290002877,43.007999658584595,Random,one_shot,588363.6480001863,587856.5080001863,2,45888.988000115205,warmup,0.0,,928
22.716,258.499,0.0,chain-1024x64,,448.31,810002.0549999028,35.64799949526787,Current,one_shot,543171.3739998016,542723.0639998015,3,,warmup,0.0,,928
22.381,254.56300000000002,0.0,chain-1024x64,,453.078,856885.3620002205,39.8080013692379,Random,one_shot,590054.6810001192,589601.6030001192,3,46029.8280004281,warmup,0.0,,928
21.807000000000002,179.276,0.0,chain-1024x64,,375.799,858220.6029997966,35.840000957250595,Random,one_shot,591389.9219996952,591014.1229996952,4,45914.830000583606,warmup,0.0,,928
22.587,260.796,0.0,chain-1024x64,,451.64,830899.3169999383,34.65599939227104,Current,one_shot,564068.635999837,563616.995999837,4,,warmup,0.0,,928
22.155,257.355,0.0,chain-1024x64,,452.707,864071.8989995327,36.86400130391121,Random,one_shot,597241.2179994314,596788.5109994314,5,47017.73500073614,warmup,0.0,,928
23.345,262.12199999999996,0.0,chain-1024x64,,454.886,820711.085999676,33.79200026392937,Current,one_shot,553880.4049995748,553425.5189995747,5,,warmup,0.0,,928
21.927999999999997,177.322,0.0,chain-1024x64,,366.286,814098.7079997025,34.65599939227104,Current,one_shot,547268.0269996013,546901.7409996013,0,,measured,0.0,,928
23.235,263.354,0.0,chain-1024x64,,463.644,870925.9449998613,38.91199827194214,Random,one_shot,604095.26399976,603631.6199997601,0,45134.42999996187,measured,0.0,,928
22.443,175.983,0.0,chain-1024x64,,371.783,857810.6120007846,36.86400130391121,Random,one_shot,590979.9310006833,590608.1480006833,1,46011.14600063738,measured,0.0,,928
23.296,259.34799999999996,0.0,chain-1024x64,,450.216,818705.31200003,32.76799991726875,Current,one_shot,551874.6309999286,551424.4149999286,1,,measured,0.0,,928
22.683,265.335,0.0,chain-1024x64,,469.568,870829.344999976,37.88800165057182,Random,one_shot,603998.6639998746,603529.0959998746,2,46272.51200054161,measured,0.0,,928
22.41,256.40299999999996,0.0,chain-1024x64,,446.822,821828.6890001274,33.79200026392937,Current,one_shot,554998.0080000261,554551.1860000261,2,,measured,0.0,,928
23.305,269.587,0.0,chain-1024x64,,472.005,876025.5120004043,42.14400053024292,Random,one_shot,609194.831000303,608722.826000303,3,46787.91300011653,measured,0.0,,928
22.48,271.32199999999995,0.0,chain-1024x64,,465.572,829681.0990000877,34.97600182890892,Current,one_shot,562850.4179999863,562384.8459999863,3,,measured,0.0,,928
22.176000000000002,185.79500000000002,0.0,chain-1024x64,,380.892,811090.7310000828,34.81600061058998,Current,one_shot,544260.0499999815,543879.1579999815,4,,measured,0.0,,928
22.124000000000002,277.659,0.0,chain-1024x64,,484.593,858793.4720001055,40.95999896526337,Random,one_shot,591962.7910000043,591478.1980000043,4,46242.6369995228,measured,0.0,,928
23.101,184.26000000000002,0.0,chain-1024x64,,379.811,867072.1850001949,36.031998693943024,Random,one_shot,600241.5040000936,599861.6930000936,5,47038.15299944836,measured,0.0,,928
23.065,259.862,0.0,chain-1024x64,,450.829,819630.2160000766,32.76799991726875,Current,one_shot,552799.5349999752,552348.7059999752,5,,measured,0.0,,928
22.073999999999998,178.34,0.0,chain-1024x64,,370.061,816272.1630001091,32.76799991726875,Current,one_shot,549441.4820000078,549071.4210000078,6,,measured,0.0,,928
22.017,264.26099999999997,0.0,chain-1024x64,,462.973,862529.8540008282,38.59199956059456,Random,one_shot,595699.173000727,595236.200000727,6,47955.30799947301,measured,0.0,,928
23.683,286.29999999999995,0.0,chain-1024x64,,497.147,827174.8400004199,35.80800071358681,Current,one_shot,560344.1590003185,559847.0120003185,7,,measured,0.0,,928
27.224,262.68500000000006,0.0,chain-1024x64,,470.808,875282.7690008872,36.928001791238785,Random,one_shot,608452.0880007858,607981.2800007858,7,46963.169000264315,measured,0.0,,928
21.750999999999998,187.706,0.0,chain-1024x64,,384.412,876193.5680002868,35.64799949526787,Random,one_shot,609362.8870001854,608978.4750001854,8,46117.70599967713,measured,0.0,,928
22.521,255.44699999999997,0.0,chain-1024x64,,444.081,927759.5880004577,34.81600061058998,Current,one_shot,660928.9070003564,660484.8260003563,8,,measured,0.0,,928
22.913,260.13100000000003,0.0,chain-1024x64,,463.789,876324.6629999545,41.98399931192398,Random,one_shot,609493.9819998532,609030.1929998532,9,46120.21100001584,measured,0.0,,928
22.695999999999998,258.243,0.0,chain-1024x64,,450.136,809594.6229996849,34.68799963593483,Current,one_shot,542763.9419995836,542313.8059995836,9,,measured,0.0,,928
21.244,172.273,0.0,chain-1024x64,,359.098,821278.8910000301,32.76799991726875,Current,one_shot,554448.2099999287,554089.1119999287,10,,measured,0.0,,928
22.569000000000003,258.993,0.0,chain-1024x64,,460.261,857690.5829998504,40.95999896526337,Random,one_shot,590859.901999749,590399.640999749,10,46036.728999752086,measured,0.0,,928
22.176000000000002,198.54700000000003,0.0,chain-1024x64,,398.702,877139.3770002921,35.840000957250595,Random,one_shot,610308.6960001907,609909.9940001906,11,46918.49400023784,measured,0.0,,928
24.317,275.303,0.0,chain-1024x64,,494.424,837112.7070004619,35.840000957250595,Current,one_shot,570282.0260003605,569787.6020003605,11,,measured,0.0,,928
22.536,253.859,0.0,chain-1024x64,,453.85,870228.8900006043,38.91199827194214,Random,one_shot,603398.2090005031,602944.3590005031,12,46046.715000557015,measured,0.0,,928
22.469,261.004,0.0,chain-1024x64,,453.767,809193.8880004827,32.76799991726875,Current,one_shot,542363.2070003814,541909.4400003814,12,,measured,0.0,,928
22.427,185.91899999999998,0.0,chain-1024x64,,375.949,812850.8859999336,32.76799991726875,Current,one_shot,546020.2049998322,545644.2559998322,13,,measured,0.0,,928
22.874000000000002,265.992,0.0,chain-1024x64,,468.448,872051.101000587,37.88800165057182,Random,one_shot,605220.4200004857,604751.9720004858,13,45940.56099995214,measured,0.0,,928
22.194,176.46,0.0,chain-1024x64,,372.775,856184.7179999352,36.54399886727333,Random,one_shot,589354.0369998339,588981.2619998339,14,46454.2560002883,measured,0.0,,928
23.484,263.805,0.0,chain-1024x64,,457.811,822448.1129999037,36.86400130391121,Current,one_shot,555617.4319998024,555159.6209998024,14,,measured,0.0,,928
22.073,269.48999999999995,0.0,chain-1024x64,,469.444,857142.0619997203,41.98399931192398,Random,one_shot,590311.380999619,589841.936999619,15,46577.88700023957,measured,0.0,,928
22.494999999999997,265.944,0.0,chain-1024x64,,457.313,837341.5859996686,35.711999982595444,Current,one_shot,570510.9049995673,570053.5919995673,15,,measured,0.0,,928
19.573,,,chain-1024x64,,44.085,,24.73600022494793,Current,resident,,,0,,warmup,,,929
21.85,,,chain-1024x64,,56.497,,37.88800165057182,Random,resident,,,0,,warmup,,,929
18.841,,,chain-1024x64,,44.437,,26.27200074493885,Random,resident,,,1,,warmup,,,929
19.246000000000002,,,chain-1024x64,,43.382,,24.57600086927414,Current,resident,,,1,,warmup,,,929
19.822000000000003,,,chain-1024x64,,46.207,,27.648000046610832,Random,resident,,,2,,warmup,,,929
19.275,,,chain-1024x64,,41.524,,23.552000522613525,Current,resident,,,2,,warmup,,,929
19.598,,,chain-1024x64,,44.86,,27.51999907195568,Random,resident,,,3,,warmup,,,929
22.628,,,chain-1024x64,,41.14,,23.552000522613525,Current,resident,,,3,,warmup,,,929
20.310000000000002,,,chain-1024x64,,45.263,,27.648000046610832,Random,resident,,,4,,warmup,,,929
31.286,,,chain-1024x64,,64.18,,31.74399957060814,Current,resident,,,4,,warmup,,,929
22.346,,,chain-1024x64,,52.126,,29.600000008940697,Random,resident,,,5,,warmup,,,929
21.087,,,chain-1024x64,,42.953,,24.57600086927414,Current,resident,,,5,,warmup,,,929
20.005,,,chain-1024x64,,43.611,,24.512000381946564,Current,resident,,,0,,measured,,,929
21.539,,,chain-1024x64,,65.818,,33.79200026392937,Random,resident,,,0,,measured,,,929
19.248,,,chain-1024x64,,46.427,,26.623999699950218,Random,resident,,,1,,measured,,,929
23.624000000000002,,,chain-1024x64,,43.757,,24.383999407291412,Current,resident,,,1,,measured,,,929
29.743000000000002,,,chain-1024x64,,66.229,,30.592000111937523,Current,resident,,,2,,measured,,,929
36.672,,,chain-1024x64,,73.83,,36.607999354600906,Random,resident,,,2,,measured,,,929
31.887,,,chain-1024x64,,76.089,,39.903998374938965,Random,resident,,,3,,measured,,,929
34.164,,,chain-1024x64,,73.653,,35.840000957250595,Current,resident,,,3,,measured,,,929
33.007000000000005,,,chain-1024x64,,74.02,,37.151999771595,Current,resident,,,4,,measured,,,929
32.864,,,chain-1024x64,,79.069,,39.872001856565475,Random,resident,,,4,,measured,,,929
31.917,,,chain-1024x64,,69.651,,32.76799991726875,Random,resident,,,5,,measured,,,929
31.293,,,chain-1024x64,,69.493,,32.76799991726875,Current,resident,,,5,,measured,,,929
31.473,,,chain-1024x64,,69.782,,36.639999598264694,Random,resident,,,6,,measured,,,929
29.551000000000002,,,chain-1024x64,,62.395,,32.416000962257385,Current,resident,,,6,,measured,,,929
23.985,,,chain-1024x64,,62.328,,30.719999223947525,Random,resident,,,7,,measured,,,929
20.219,,,chain-1024x64,,44.147,,24.57600086927414,Current,resident,,,7,,measured,,,929
19.299,,,chain-1024x64,,41.627,,23.77600036561489,Current,resident,,,8,,measured,,,929
19.512999999999998,,,chain-1024x64,,44.997,,26.623999699950218,Random,resident,,,8,,measured,,,929
18.223,,,chain-1024x64,,44.917,,27.264000847935677,Random,resident,,,9,,measured,,,929
18.77,,,chain-1024x64,,41.069,,23.552000522613525,Current,resident,,,9,,measured,,,929
18.852,,,chain-1024x64,,41.644,,23.552000522613525,Current,resident,,,10,,measured,,,929
19.221,,,chain-1024x64,,45.19,,27.39199995994568,Random,resident,,,10,,measured,,,929
19.182000000000002,,,chain-1024x64,,41.28,,23.296000435948372,Current,resident,,,11,,measured,,,929
18.875,,,chain-1024x64,,44.504,,26.623999699950218,Random,resident,,,11,,measured,,,929
18.545,,,chain-1024x64,,44.254,,25.919999927282333,Random,resident,,,12,,measured,,,929
18.652,,,chain-1024x64,,40.419,,23.552000522613525,Current,resident,,,12,,measured,,,929
18.586,,,chain-1024x64,,43.375,,26.43200010061264,Random,resident,,,13,,measured,,,929
19.41,,,chain-1024x64,,42.687,,24.288000538945198,Current,resident,,,13,,measured,,,929
18.759999999999998,,,chain-1024x64,,41.068,,23.615999147295952,Current,resident,,,14,,measured,,,929
19.834,,,chain-1024x64,,43.82,,26.623999699950218,Random,resident,,,14,,measured,,,929
19.283,,,chain-1024x64,,41.438,,23.552000522613525,Current,resident,,,15,,measured,,,929
18.372999999999998,,,chain-1024x64,,44.162,,25.599999353289604,Random,resident,,,15,,measured,,,929
22.331,262.677,0.0,chain-1024x64,,450.621,820095.4650003223,32.76799991726875,Current,one_shot,553264.784000221,552814.163000221,0,,warmup,0.0,,929
22.012,267.78200000000004,0.0,chain-1024x64,,465.059,878222.9760000536,40.73600098490715,Random,one_shot,611392.2949999523,610927.2359999523,0,47454.490999371046,warmup,0.0,,929
22.317999999999998,198.423,0.0,chain-1024x64,,395.146,867581.0960000209,35.840000957250595,Random,one_shot,600750.4149999196,600355.2689999196,1,48071.3699998887,warmup,0.0,,929
22.497,266.28999999999996,0.0,chain-1024x64,,456.806,822729.8670004874,34.81600061058998,Current,one_shot,555899.186000386,555442.380000386,1,,warmup,0.0,,929
23.017,270.00600000000003,0.0,chain-1024x64,,473.801,865163.5009998716,41.88799858093262,Random,one_shot,598332.8199997703,597859.0189997703,2,47444.033999454405,warmup,0.0,,929
23.391,296.252,0.0,chain-1024x64,,505.166,823121.6860003378,37.88800165057182,Current,one_shot,556291.0050002366,555785.8390002366,2,,warmup,0.0,,929
21.874000000000002,262.459,0.0,chain-1024x64,,459.987,878013.6759997965,39.93599861860275,Random,one_shot,611182.9949996952,610723.0079996953,3,47693.29499958985,warmup,0.0,,929
22.369,263.771,0.0,chain-1024x64,,455.236,827960.1219995879,33.63199904561043,Current,one_shot,561129.4409994865,560674.2049994865,3,,warmup,0.0,,929
22.176000000000002,270.317,0.0,chain-1024x64,,471.18,888644.2319997291,40.95999896526337,Random,one_shot,621813.5509996278,621342.3709996277,4,48442.58400044055,warmup,0.0,,929
22.119,285.817,0.0,chain-1024x64,,488.767,828153.5439998817,36.57599911093712,Current,one_shot,561322.8629997803,560834.0959997803,4,,warmup,0.0,,929
22.571,299.562,0.0,chain-1024x64,,511.63,888050.4489999285,44.03200000524521,Random,one_shot,621219.7679998272,620708.1379998272,5,53191.6830004775,warmup,0.0,,929
23.009,295.693,0.0,chain-1024x64,,505.702,849475.8360004104,37.50399872660637,Current,one_shot,582645.155000309,582139.453000309,5,,warmup,0.0,,929
21.988,213.01,0.0,chain-1024x64,,411.311,837075.7980002346,33.79200026392937,Current,one_shot,570245.1170001333,569833.8060001333,0,,measured,0.0,,929
22.525,262.75399999999996,0.0,chain-1024x64,,462.538,876564.1940001736,40.95999896526337,Random,one_shot,609733.5130000722,609270.9750000723,0,47718.560000248544,measured,0.0,,929
21.691000000000003,193.46800000000002,0.0,chain-1024x64,,392.077,879561.100999566,35.840000957250595,Random,one_shot,612730.4199994646,612338.3429994646,1,48065.33099963417,measured,0.0,,929
22.599,267.728,0.0,chain-1024x64,,453.398,828183.2109996781,35.45600175857544,Current,one_shot,561352.5299995767,560899.1319995767,1,,measured,0.0,,929
23.201999999999998,219.737,0.0,chain-1024x64,,426.789,854799.4649999116,35.80800071358681,Current,one_shot,587968.7839998103,587541.9949998104,2,,measured,0.0,,929
22.207,267.725,0.0,chain-1024x64,,470.568,874071.5340005949,42.11200028657913,Random,one_shot,607240.8530004935,606770.2850004935,2,47878.530000161845,measured,0.0,,929
21.128,185.036,0.0,chain-1024x64,,387.639,873013.0759994423,35.48799827694893,Random,one_shot,606182.3949993409,605794.7559993409,3,46164.13300027489,measured,0.0,,929
23.198999999999998,260.429,0.0,chain-1024x64,,449.945,812972.3860005103,35.840000957250595,Current,one_shot,546141.7050004089,545691.760000409,3,,measured,0.0,,929
22.303,181.65999999999997,0.0,chain-1024x64,,371.142,819966.7399999781,33.79200026392937,Current,one_shot,553136.0589998767,552764.9169998767,4,,measured,0.0,,929
22.590000000000003,262.77000000000004,0.0,chain-1024x64,,463.187,862389.4240002616,40.95999896526337,Random,one_shot,595558.7430001603,595095.5560001603,4,47856.19199992652,measured,0.0,,929
21.518,260.733,0.0,chain-1024x64,,454.746,867505.4699994549,34.81600061058998,Random,one_shot,600674.7889993537,600220.0429993536,5,46443.29199982167,measured,0.0,,929
22.426000000000002,267.539,0.0,chain-1024x64,,459.996,816193.8720001949,34.752000123262405,Current,one_shot,549363.1910000936,548903.1950000935,5,,measured,0.0,,929
23.381999999999998,258.857,0.0,chain-1024x64,,460.98,867728.8600003268,38.91199827194214,Random,one_shot,600898.1790002255,600437.1990002255,6,46779.19799996744,measured,0.0,,929
22.507,289.52699999999993,0.0,chain-1024x64,,507.776,830506.1739995885,35.77600046992302,Current,one_shot,563675.4929994872,563167.7169994873,6,,measured,0.0,,929
23.055,264.116,0.0,chain-1024x64,,464.553,882337.8780000149,40.863998234272,Random,one_shot,615507.1969999137,615042.6439999137,7,52073.372000450036,measured,0.0,,929
22.285,264.348,0.0,chain-1024x64,,458.181,821504.6039996431,35.711999982595444,Current,one_shot,554673.9229995419,554215.7419995419,7,,measured,0.0,,929
21.648,187.583,0.0,chain-1024x64,,375.794,811558.6079999488,34.752000123262405,Current,one_shot,544727.9269998475,544352.1329998475,8,,measured,0.0,,929
21.997999999999998,267.019,0.0,chain-1024x64,,473.799,876131.1519999513,40.95999896526337,Random,one_shot,609300.4709998501,608826.6719998501,8,47500.09100007446,measured,0.0,,929
22.085,190.196,0.0,chain-1024x64,,387.767,879985.2949999766,34.81600061058998,Random,one_shot,613154.6139998753,612766.8469998753,9,47053.63100038085,measured,0.0,,929
23.417,256.612,0.0,chain-1024x64,,448.314,824300.907999618,35.840000957250595,Current,one_shot,557470.2269995166,557021.9129995166,9,,measured,0.0,,929
21.994999999999997,180.491,0.0,chain-1024x64,,368.84,815748.5770005123,33.59999880194664,Current,one_shot,548917.8960004109,548549.0560004109,10,,measured,0.0,,929
24.363,263.02,0.0,chain-1024x64,,467.368,878427.93100067,40.672000497579575,Random,one_shot,611597.2500005686,611129.8820005686,10,48372.83800043224,measured,0.0,,929
22.913,261.6569999999999,0.0,chain-1024x64,,453.909,837089.275000337,33.79200026392937,Current,one_shot,570258.5940002357,569804.6850002357,11,,measured,0.0,,929
22.181,259.23,0.0,chain-1024x64,,462.193,870876.1950008709,43.007999658584595,Random,one_shot,604045.5140007695,603583.3210007695,11,46024.52900053322,measured,0.0,,929
21.833,178.71600000000004,0.0,chain-1024x64,,376.759,864626.5860000942,35.840000957250595,Random,one_shot,597795.9049999929,597419.145999993,12,46092.49900022405,measured,0.0,,929
22.515,263.34799999999996,0.0,chain-1024x64,,457.327,815786.0820003371,36.80000081658363,Current,one_shot,548955.4010002357,548498.0740002356,12,,measured,0.0,,929
22.208,258.407,0.0,chain-1024x64,,456.182,857293.5540008822,42.91199892759323,Random,one_shot,590462.8730007808,590006.6910007808,13,46315.892999700736,measured,0.0,,929
22.549,257.86800000000005,0.0,chain-1024x64,,451.984,833835.3419999918,34.81600061058998,Current,one_shot,567004.6609998905,566552.6769998905,13,,measured,0.0,,929
22.186999999999998,184.945,0.0,chain-1024x64,,372.055,814584.6809999715,33.504001796245575,Current,one_shot,547753.9999998701,547381.94499987,14,,measured,0.0,,929
21.948999999999998,255.659,0.0,chain-1024x64,,454.206,871946.8010007455,39.93599861860275,Random,one_shot,605116.1200006441,604661.9140006441,14,49378.49100042513,measured,0.0,,929
22.167,261.633,0.0,chain-1024x64,,453.327,837566.8460000132,33.79200026392937,Current,one_shot,570736.1649999119,570282.8379999119,15,,measured,0.0,,929
23.47,302.93199999999996,0.0,chain-1024x64,,533.077,880189.122000047,38.91199827194214,Random,one_shot,613358.4409999457,612825.3639999457,15,55954.67600051052,measured,0.0,,929
22.281,,,chain-1024x64,,46.721,,26.623999699950218,Current,resident,,,0,,warmup,,,930
21.639,,,chain-1024x64,,58.595,,37.88800165057182,Random,resident,,,0,,warmup,,,930
19.058,,,chain-1024x64,,47.114,,27.648000046610832,Random,resident,,,1,,warmup,,,930
21.156,,,chain-1024x64,,46.187,,26.335999369621277,Current,resident,,,1,,warmup,,,930
19.391,,,chain-1024x64,,43.631,,24.57600086927414,Current,resident,,,2,,warmup,,,930
19.805,,,chain-1024x64,,45.177,,26.623999699950218,Random,resident,,,2,,warmup,,,930
20.056,,,chain-1024x64,,42.835,,24.57600086927414,Current,resident,,,3,,warmup,,,930
19.325000000000003,,,chain-1024x64,,45.411,,26.30399912595749,Random,resident,,,3,,warmup,,,930
18.392,,,chain-1024x64,,44.313,,26.27200074493885,Random,resident,,,4,,warmup,,,930
22.0,,,chain-1024x64,,47.564,,27.648000046610832,Current,resident,,,4,,warmup,,,930
31.354,,,chain-1024x64,,65.518,,33.79200026392937,Current,resident,,,5,,warmup,,,930
21.72,,,chain-1024x64,,49.595,,29.56799976527691,Random,resident,,,5,,warmup,,,930
21.746,,,chain-1024x64,,44.598,,24.57600086927414,Current,resident,,,0,,measured,,,930
26.237000000000002,,,chain-1024x64,,45.587,,26.623999699950218,Random,resident,,,0,,measured,,,930
24.783,,,chain-1024x64,,53.601,,29.311999678611755,Current,resident,,,1,,measured,,,930
19.884,,,chain-1024x64,,47.177,,27.936000376939774,Random,resident,,,1,,measured,,,930
19.18,,,chain-1024x64,,44.908,,26.623999699950218,Random,resident,,,2,,measured,,,930
19.578,,,chain-1024x64,,42.07,,23.552000522613525,Current,resident,,,2,,measured,,,930
18.543,,,chain-1024x64,,41.454,,23.552000522613525,Current,resident,,,3,,measured,,,930
18.758000000000003,,,chain-1024x64,,44.11,,26.623999699950218,Random,resident,,,3,,measured,,,930
18.209,,,chain-1024x64,,44.127,,26.623999699950218,Random,resident,,,4,,measured,,,930
20.003,,,chain-1024x64,,44.041,,23.552000522613525,Current,resident,,,4,,measured,,,930
20.408,,,chain-1024x64,,57.221,,27.648000046610832,Random,resident,,,5,,measured,,,930
19.44,,,chain-1024x64,,42.163,,23.552000522613525,Current,resident,,,5,,measured,,,930
19.821,,,chain-1024x64,,48.776,,28.672000393271446,Random,resident,,,6,,measured,,,930
19.618,,,chain-1024x64,,42.683,,24.288000538945198,Current,resident,,,6,,measured,,,930
19.162,,,chain-1024x64,,41.345,,23.552000522613525,Current,resident,,,7,,measured,,,930
19.469,,,chain-1024x64,,45.706,,26.623999699950218,Random,resident,,,7,,measured,,,930
19.415,,,chain-1024x64,,41.33,,23.552000522613525,Current,resident,,,8,,measured,,,930
18.704,,,chain-1024x64,,43.811,,26.623999699950218,Random,resident,,,8,,measured,,,930
17.817999999999998,,,chain-1024x64,,43.881,,25.919999927282333,Random,resident,,,9,,measured,,,930
18.746000000000002,,,chain-1024x64,,40.956,,23.520000278949738,Current,resident,,,9,,measured,,,930
19.87,,,chain-1024x64,,44.083,,25.599999353289604,Random,resident,,,10,,measured,,,930
19.491,,,chain-1024x64,,41.985,,24.224000051617622,Current,resident,,,10,,measured,,,930
18.241,,,chain-1024x64,,41.521,,23.32800067961216,Current,resident,,,11,,measured,,,930
18.953,,,chain-1024x64,,44.22,,26.623999699950218,Random,resident,,,11,,measured,,,930
19.241,,,chain-1024x64,,42.556,,24.224000051617622,Current,resident,,,12,,measured,,,930
18.953,,,chain-1024x64,,44.011,,26.496000587940216,Random,resident,,,12,,measured,,,930
18.102,,,chain-1024x64,,44.694,,26.623999699950218,Random,resident,,,13,,measured,,,930
18.990000000000002,,,chain-1024x64,,41.73,,23.552000522613525,Current,resident,,,13,,measured,,,930
18.954,,,chain-1024x64,,44.705,,26.623999699950218,Random,resident,,,14,,measured,,,930
19.085,,,chain-1024x64,,41.278,,23.64799939095974,Current,resident,,,14,,measured,,,930
18.564999999999998,,,chain-1024x64,,44.126,,26.623999699950218,Random,resident,,,15,,measured,,,930
18.531,,,chain-1024x64,,40.636,,23.552000522613525,Current,resident,,,15,,measured,,,930
22.153,202.62199999999996,0.0,chain-1024x64,,404.292,831413.2070008935,34.78400036692619,Current,one_shot,564582.5260007922,564178.2340007921,0,,warmup,0.0,,930
22.307000000000002,281.229,0.0,chain-1024x64,,491.295,888662.6000004692,43.71200129389763,Random,one_shot,621831.9190003679,621340.6240003678,0,51121.75600061164,warmup,0.0,,930
21.645,207.082,0.0,chain-1024x64,,415.409,884567.2850000327,35.840000957250595,Random,one_shot,617736.6039999314,617321.1949999314,1,51893.63999943453,warmup,0.0,,930
22.163,281.021,0.0,chain-1024x64,,486.59,836726.691999465,37.88800165057182,Current,one_shot,569896.0109993636,569409.4209993636,1,,warmup,0.0,,930
22.308999999999997,219.824,0.0,chain-1024x64,,430.805,843789.196000038,34.55999866127968,Current,one_shot,576958.5149999367,576527.7099999366,2,,warmup,0.0,,930
22.399,284.27699999999993,0.0,chain-1024x64,,493.566,886684.7909994929,43.007999658584595,Random,one_shot,619854.1099993916,619360.5439993916,2,50109.808999877714,warmup,0.0,,930
22.490000000000002,279.47,0.0,chain-1024x64,,481.951,855043.7159997439,35.45600175857544,Current,one_shot,588213.0349996426,587731.0839996426,3,,warmup,0.0,,930
23.112000000000002,295.433,0.0,chain-1024x64,,504.3,885131.2910000046,38.656000047922134,Random,one_shot,618300.6099999034,617796.3099999033,3,52340.199000354914,warmup,0.0,,930
21.829,185.507,0.0,chain-1024x64,,382.615,869822.9480000569,35.93600168824196,Random,one_shot,602992.2669999555,602609.6519999555,4,46503.39799991343,warmup,0.0,,930
22.338,254.487,0.0,chain-1024x64,,441.21,820023.251999638,32.76799991726875,Current,one_shot,553192.5709995367,552751.3609995367,4,,warmup,0.0,,930
22.222,183.465,0.0,chain-1024x64,,375.776,830505.5380000696,33.79200026392937,Current,one_shot,563674.8569999683,563299.0809999683,5,,warmup,0.0,,930
22.296,264.235,0.0,chain-1024x64,,463.774,858979.4039996015,40.863998234272,Random,one_shot,592148.7229995001,591684.9489995001,5,46678.85299932095,warmup,0.0,,930
22.311,268.987,0.0,chain-1024x64,,464.162,819874.3100003155,35.840000957250595,Current,one_shot,553043.6290002142,552579.4670002142,0,,measured,0.0,,930
22.887,262.218,0.0,chain-1024x64,,456.612,858690.1499996949,35.58399900794029,Random,one_shot,591859.4689995935,591402.8569995936,0,47449.33399979345,measured,0.0,,930
23.307000000000002,260.263,0.0,chain-1024x64,,457.669,821580.3029999484,34.81600061058998,Current,one_shot,554749.6219998471,554291.9529998471,1,,measured,0.0,,930
22.654,266.814,0.0,chain-1024x64,,477.117,884255.1070004534,45.05600035190582,Random,one_shot,617424.4260003521,616947.3090003522,1,47415.391999493295,measured,0.0,,930
22.093,187.267,0.0,chain-1024x64,,386.251,875766.2109999184,36.896001547575,Random,one_shot,608935.5299998171,608549.2789998171,2,47391.87499944819,measured,0.0,,930
23.951999999999998,258.815,0.0,chain-1024x64,,451.509,821269.9589999332,35.77600046992302,Current,one_shot,554439.277999832,553987.768999832,2,,measured,0.0,,930
22.13,191.17999999999998,0.0,chain-1024x64,,384.942,815408.4879997931,32.76799991726875,Current,one_shot,548577.8069996918,548192.8649996917,3,,measured,0.0,,930
22.811,259.145,0.0,chain-1024x64,,465.102,874288.2880006635,40.95999896526337,Random,one_shot,607457.6070005621,606992.5050005622,3,47304.59900019923,measured,0.0,,930
23.359,186.221,0.0,chain-1024x64,,424.548,871306.4279996152,42.97599941492081,Random,one_shot,604475.7469995138,604051.1989995139,4,48073.73699986783,measured,0.0,,930
24.354,286.498,0.0,chain-1024x64,,499.072,830462.4160001343,35.840000957250595,Current,one_shot,563631.735000033,563132.663000033,4,,measured,0.0,,930
23.141,262.14899999999994,0.0,chain-1024x64,,464.069,897619.7260004396,40.672000497579575,Random,one_shot,630789.0450003382,630324.9760003382,5,49141.7969997201,measured,0.0,,930
23.005000000000003,264.41,0.0,chain-1024x64,,460.472,847217.0489997235,34.81600061058998,Current,one_shot,580386.3679996222,579925.8959996223,5,,measured,0.0,,930
23.045,316.413,0.0,chain-1024x64,,525.567,871783.6080001465,38.91199827194214,Random,one_shot,604952.9270000452,604427.3600000452,6,48360.16799981735,measured,0.0,,930
22.525,282.38800000000003,0.0,chain-1024x64,,499.745,827650.8519997359,34.81600061058998,Current,one_shot,560820.1709996347,560320.4259996347,6,,measured,0.0,,930
22.748,177.138,0.0,chain-1024x64,,366.197,813840.5409995874,33.79200026392937,Current,one_shot,547009.859999486,546643.662999486,7,,measured,0.0,,930
22.483,262.557,0.0,chain-1024x64,,467.332,867024.670000348,43.807998299598694,Random,one_shot,600193.9890002467,599726.6570002467,7,46268.808999229805,measured,0.0,,930
22.863,262.507,0.0,chain-1024x64,,455.322,808714.1580002774,37.88800165057182,Current,one_shot,541883.4770001761,541428.155000176,8,,measured,0.0,,930
22.395,270.563,0.0,chain-1024x64,,469.302,864594.9999999525,38.55999931693077,Random,one_shot,597764.3189998512,597295.0169998512,8,46235.166999395005,measured,0.0,,930
21.499000000000002,180.297,0.0,chain-1024x64,,374.5,862118.1830008957,34.81600061058998,Random,one_shot,595287.5020007943,594913.0020007943,9,45966.3969995745,measured,0.0,,930
22.691000000000003,280.134,0.0,chain-1024x64,,488.142,825569.4029994681,36.73600032925606,Current,one_shot,558738.7219993669,558250.5799993669,9,,measured,0.0,,930
22.648,266.26,0.0,chain-1024x64,,467.269,882587.4499996637,39.77600112557411,Random,one_shot,615756.7689995624,615289.4999995624,10,47790.468000130204,measured,0.0,,930
22.863,262.029,0.0,chain-1024x64,,459.746,821858.4730000871,35.840000957250595,Current,one_shot,555027.7919999858,554568.0459999858,10,,measured,0.0,,930
22.098,182.91699999999997,0.0,chain-1024x64,,370.144,817764.2170002868,32.76799991726875,Current,one_shot,550933.5360001855,550563.3920001856,11,,measured,0.0,,930
23.413,257.19800000000004,0.0,chain-1024x64,,457.049,857443.8490004134,39.93599861860275,Random,one_shot,590613.1680003122,590156.1190003122,11,47603.96500023489,measured,0.0,,930
56.727000000000004,261.7,0.0,chain-1024x64,,488.502,818600.9580005629,34.81600061058998,Current,one_shot,551770.2770004615,551281.7750004615,12,,measured,0.0,,930
22.403,262.449,0.0,chain-1024x64,,459.478,864838.7640002577,38.656000047922134,Random,one_shot,598008.0830001564,597548.6050001564,12,46651.130999634915,measured,0.0,,930
22.445,176.47900000000004,0.0,chain-1024x64,,375.787,873147.6849998827,36.67199984192848,Random,one_shot,606317.0039997813,605941.2169997813,13,46986.80700039404,measured,0.0,,930
21.964,254.769,0.0,chain-1024x64,,449.292,824931.0300009409,36.80000081658363,Current,one_shot,558100.3490008395,557651.0570008395,13,,measured,0.0,,930
23.586,272.153,0.0,chain-1024x64,,477.216,882777.7039996006,42.94399917125702,Random,one_shot,615947.0229994992,615469.8069994992,14,50649.2469994555,measured,0.0,,930
23.865000000000002,266.415,0.0,chain-1024x64,,490.324,833789.7610002779,58.36800113320351,Current,one_shot,566959.0800001767,566468.7560001767,14,,measured,0.0,,930
22.397,273.916,0.0,chain-1024x64,,477.892,879486.5620000756,36.86400130391121,Random,one_shot,612655.8809999743,612177.9889999743,15,47470.7009998383,measured,0.0,,930
22.552,282.20399999999995,0.0,chain-1024x64,,481.071,830957.3689996668,34.81600061058998,Current,one_shot,564126.6879995654,563645.6169995654,15,,measured,0.0,,930
21.683,62.184000000000005,57.567,dot-128x8,,447.289,,28.575999662280083,Current,initialize,,,-1,,initialization,,,
20.003,61.528000000000006,61.442,dot-128x8,,425.111,,27.807999402284622,Predicted,initialize,,,-1,,initialization,,,
19.795,58.8,64.792,dot-128x8,,409.79,,28.351999819278717,Random,initialize,,,-1,,initialization,,,928
20.296,59.34899999999999,68.949,dot-128x8,,417.321,,27.648000046610832,Random,initialize,,,-1,,initialization,,,929
21.195999999999998,60.679,70.019,dot-128x8,,425.817,,27.488000690937042,Random,initialize,,,-1,,initialization,,,930
20.792,,,dot-128x8,,50.057,,24.320000782608986,Random,resident,,,0,,warmup,,,928
18.933,,,dot-128x8,,48.154,,22.52800017595291,Predicted,resident,,,0,,warmup,,,928
18.979,,,dot-128x8,,49.12,,24.512000381946564,Current,resident,,,0,,warmup,,,928
17.197000000000003,,,dot-128x8,,46.923,,22.336000576615334,Random,resident,,,1,,warmup,,,928
17.072,,,dot-128x8,,45.59,,21.088000386953354,Predicted,resident,,,1,,warmup,,,928
17.098,,,dot-128x8,,44.69,,19.45599913597107,Current,resident,,,1,,warmup,,,928
17.517,,,dot-128x8,,46.863,,21.503999829292297,Random,resident,,,2,,warmup,,,928
17.724,,,dot-128x8,,45.527,,20.479999482631683,Current,resident,,,2,,warmup,,,928
16.820999999999998,,,dot-128x8,,44.867,,20.479999482631683,Predicted,resident,,,2,,warmup,,,928
16.923000000000002,,,dot-128x8,,45.747,,20.608000457286835,Random,resident,,,3,,warmup,,,928
17.426000000000002,,,dot-128x8,,46.041,,20.479999482631683,Current,resident,,,3,,warmup,,,928
16.893,,,dot-128x8,,44.51,,20.096000283956528,Predicted,resident,,,3,,warmup,,,928
16.575,,,dot-128x8,,44.878,,20.22399939596653,Predicted,resident,,,4,,warmup,,,928
17.165,,,dot-128x8,,44.518,,20.38400061428547,Current,resident,,,4,,warmup,,,928
17.336,,,dot-128x8,,45.3,,21.503999829292297,Random,resident,,,4,,warmup,,,928
17.323,,,dot-128x8,,45.449,,20.479999482631683,Predicted,resident,,,5,,warmup,,,928
17.448999999999998,,,dot-128x8,,45.427,,20.479999482631683,Current,resident,,,5,,warmup,,,928
16.639,,,dot-128x8,,45.9,,21.503999829292297,Random,resident,,,5,,warmup,,,928
17.349,,,dot-128x8,,45.219,,20.320000126957893,Current,resident,,,0,,measured,,,928
17.245,,,dot-128x8,,45.29,,21.12000063061714,Predicted,resident,,,0,,measured,,,928
16.715,,,dot-128x8,,45.382,,21.31200022995472,Random,resident,,,0,,measured,,,928
17.259,,,dot-128x8,,46.04,,21.215999498963356,Random,resident,,,1,,measured,,,928
16.726,,,dot-128x8,,44.56,,19.45599913597107,Predicted,resident,,,1,,measured,,,928
17.037,,,dot-128x8,,44.422,,20.479999482631683,Current,resident,,,1,,measured,,,928
16.824,,,dot-128x8,,44.912,,20.479999482631683,Predicted,resident,,,2,,measured,,,928
17.402,,,dot-128x8,,44.54,,20.255999639630318,Current,resident,,,2,,measured,,,928
16.7,,,dot-128x8,,45.508,,21.503999829292297,Random,resident,,,2,,measured,,,928
16.589,,,dot-128x8,,44.74,,19.45599913597107,Predicted,resident,,,3,,measured,,,928
16.987000000000002,,,dot-128x8,,46.342,,21.503999829292297,Random,resident,,,3,,measured,,,928
17.569000000000003,,,dot-128x8,,45.495,,20.35200037062168,Current,resident,,,3,,measured,,,928
16.461,,,dot-128x8,,44.936,,20.479999482631683,Current,resident,,,4,,measured,,,928
16.704,,,dot-128x8,,45.77,,21.344000473618507,Predicted,resident,,,4,,measured,,,928
16.682,,,dot-128x8,,45.947,,21.503999829292297,Random,resident,,,4,,measured,,,928
16.248,,,dot-128x8,,45.6,,21.376000717282295,Random,resident,,,5,,measured,,,928
17.065,,,dot-128x8,,44.874,,20.416000857949257,Predicted,resident,,,5,,measured,,,928
17.23,,,dot-128x8,,44.902,,20.479999482631683,Current,resident,,,5,,measured,,,928
16.742,,,dot-128x8,,45.586,,20.479999482631683,Current,resident,,,6,,measured,,,928
16.956,,,dot-128x8,,44.427,,19.45599913597107,Predicted,resident,,,6,,measured,,,928
16.85,,,dot-128x8,,45.609,,21.47199958562851,Random,resident,,,6,,measured,,,928
17.003,,,dot-128x8,,45.596,,20.576000213623047,Current,resident,,,7,,measured,,,928
16.479,,,dot-128x8,,45.813,,21.503999829292297,Random,resident,,,7,,measured,,,928
16.555,,,dot-128x8,,44.516,,20.06400004029274,Predicted,resident,,,7,,measured,,,928
16.608,,,dot-128x8,,44.894,,20.479999482631683,Predicted,resident,,,8,,measured,,,928
17.182,,,dot-128x8,,45.259,,21.215999498963356,Current,resident,,,8,,measured,,,928
16.882,,,dot-128x8,,45.274,,21.503999829292297,Random,resident,,,8,,measured,,,928
16.007,,,dot-128x8,,45.029,,20.479999482631683,Random,resident,,,9,,measured,,,928
17.05,,,dot-128x8,,43.877,,19.45599913597107,Predicted,resident,,,9,,measured,,,928
17.303,,,dot-128x8,,44.673,,20.479999482631683,Current,resident,,,9,,measured,,,928
17.011,,,dot-128x8,,45.068,,21.503999829292297,Random,resident,,,10,,measured,,,928
17.393,,,dot-128x8,,44.645,,20.479999482631683,Current,resident,,,10,,measured,,,928
16.834,,,dot-128x8,,44.662,,20.416000857949257,Predicted,resident,,,10,,measured,,,928
16.014000000000003,,,dot-128x8,,45.165,,20.479999482631683,Predicted,resident,,,11,,measured,,,928
16.794,,,dot-128x8,,45.286,,21.407999098300934,Random,resident,,,11,,measured,,,928
17.149,,,dot-128x8,,44.503,,20.287999883294106,Current,resident,,,11,,measured,,,928
16.74,,,dot-128x8,,44.346,,21.12000063061714,Predicted,resident,,,12,,measured,,,928
17.002,,,dot-128x8,,44.832,,20.479999482631683,Current,resident,,,12,,measured,,,928
17.164,,,dot-128x8,,46.478,,21.503999829292297,Random,resident,,,12,,measured,,,928
16.956,,,dot-128x8,,45.084,,20.447999238967896,Random,resident,,,13,,measured,,,928
17.161,,,dot-128x8,,44.589,,19.45599913597107,Current,resident,,,13,,measured,,,928
16.351,,,dot-128x8,,44.381,,20.479999482631683,Predicted,resident,,,13,,measured,,,928
16.723,,,dot-128x8,,44.905,,20.51199972629547,Predicted,resident,,,14,,measured,,,928
17.29,,,dot-128x8,,44.715,,20.479999482631683,Current,resident,,,14,,measured,,,928
16.413,,,dot-128x8,,45.539,,21.503999829292297,Random,resident,,,14,,measured,,,928
16.857,,,dot-128x8,,46.118,,21.503999829292297,Random,resident,,,15,,measured,,,928
16.578,,,dot-128x8,,44.008,,20.479999482631683,Predicted,resident,,,15,,measured,,,928
17.606,,,dot-128x8,,44.188,,20.479999482631683,Current,resident,,,15,,measured,,,928
19.657,127.89499999999998,0.0,dot-128x8,19252.39599950146,381.353,33802.892000300984,24.57600086927414,Random,one_shot,28528.407000328352,28147.054000328353,0,4372.862999844074,warmup,0.0,4305.833999751485,928
20.369,126.908,0.0,dot-128x8,19119.03899963363,365.895,29599.237000225094,23.552000522613525,Predicted,one_shot,24324.752000252465,23958.857000252465,0,,warmup,658.8539999938803,4180.466000434535,928
21.022,127.80999999999999,0.0,dot-128x8,18931.69599952671,363.856,28778.14600000062,24.383999407291412,Current,one_shot,23503.66100002799,23139.80500002799,0,,warmup,0.0,4188.949999843317,928
20.716,126.85499999999999,0.0,dot-128x8,18728.906999967876,365.316,33207.9389998513,25.312000885605812,Random,one_shot,27933.45399987867,27568.137999878672,1,4461.087000890984,warmup,0.0,4186.257999208465,928
20.427999999999997,126.31500000000001,0.0,dot-128x8,18807.71099968115,358.522,29239.00299976004,23.552000522613525,Predicted,one_shot,23964.51799978741,23605.99599978741,1,,warmup,664.0689998675953,4133.905999879062,928
20.436999999999998,129.961,0.0,dot-128x8,18984.747999638785,370.848,28806.621999262894,24.4159996509552,Current,one_shot,23532.136999290266,23161.288999290264,1,,warmup,0.0,4156.575000706653,928
21.335,131.204,0.0,dot-128x8,18797.087000166357,380.099,33190.864999784055,26.623999699950218,Random,one_shot,27916.379999811423,27536.280999811424,2,4345.344999819645,warmup,0.0,4198.990999611851,928
20.637999999999998,126.875,0.0,dot-128x8,18939.833999866096,366.898,28717.17299986609,24.57600086927414,Current,one_shot,23442.68799989346,23075.78999989346,2,,warmup,0.0,4116.686000088521,928
20.918,128.36,0.0,dot-128x8,18777.020999550587,369.001,29245.035999484546,24.159999564290047,Predicted,one_shot,23970.550999511917,23601.549999511917,2,,warmup,685.5929996163468,4138.731000239204,928
21.604,131.105,0.0,dot-128x8,18884.082999647944,427.993,33348.848999691414,27.648000046610832,Random,one_shot,28074.363999718782,27646.370999718783,3,4321.0069998167455,warmup,0.0,4243.721999955596,928
20.57,133.07,0.0,dot-128x8,18959.92999925511,371.963,28840.83299941489,24.383999407291412,Current,one_shot,23566.347999442263,23194.384999442264,3,,warmup,0.0,4215.084999486862,928
20.09,127.47300000000003,0.0,dot-128x8,18814.103999829968,362.345,29167.59800042791,25.248000398278236,Predicted,one_shot,23893.113000455283,23530.768000455282,3,,warmup,644.5119997806614,4071.848000421596,928
18.927,55.00899999999999,0.0,dot-128x8,18679.235000490735,337.784,29113.53300048785,23.552000522613525,Predicted,one_shot,23839.04800051522,23501.26400051522,4,,warmup,644.5400003940449,4177.157999947667,928
21.403,137.842,0.0,dot-128x8,18867.349000174727,414.559,28803.21500006102,28.736000880599022,Current,one_shot,23528.73000008839,23114.17100008839,4,,warmup,0.0,4227.118999551749,928
22.594,136.919,0.0,dot-128x8,19188.558999303496,420.508,33607.65000031536,31.74399957060814,Random,one_shot,28333.165000342735,27912.657000342733,4,4303.818999687792,warmup,0.0,4208.754000501358,928
20.869999999999997,129.88400000000001,0.0,dot-128x8,18861.78299992025,368.813,29292.43600008244,24.57600086927414,Predicted,one_shot,24017.951000109813,23649.138000109815,5,,warmup,656.3520000781864,4130.743999667175,928
20.57,129.918,0.0,dot-128x8,18802.816000061284,364.836,28601.22399964101,23.264000192284584,Current,one_shot,23326.73899966838,22961.902999668382,5,,warmup,0.0,4139.5480002393015,928
20.525,134.52400000000003,0.0,dot-128x8,18861.835999814502,389.814,33183.71599986665,27.648000046610832,Random,one_shot,27909.230999894018,27519.41699989402,5,4312.621000281069,warmup,0.0,4147.86599958461,928
20.905,128.197,0.0,dot-128x8,19001.865000063844,371.392,28823.872999476393,24.57600086927414,Current,one_shot,23549.387999503764,23177.995999503764,0,,measured,0.0,4154.412999923807,928
20.839,127.73299999999999,0.0,dot-128x8,18835.086999388295,362.545,29275.36199976389,25.407999753952026,Predicted,one_shot,24000.87699979126,23638.331999791262,0,,measured,660.6110000575427,4142.335999858915,928
19.833,125.72,0.0,dot-128x8,18683.788000089407,357.176,33068.378000427874,24.57600086927414,Random,one_shot,27793.893000455246,27436.717000455246,0,4447.948999768414,measured,0.0,4112.774000532227,928
19.869,58.791,0.0,dot-128x8,19031.601000278897,296.356,33260.63700020421,25.599999353289604,Random,one_shot,27986.15200023158,27689.79600023158,1,4355.270000814926,measured,0.0,4110.527000193542,928
20.281,125.215,0.0,dot-128x8,19061.875000261352,360.843,29524.21199943417,23.93599972128868,Predicted,one_shot,24249.72699946154,23888.88399946154,1,,measured,646.6719996751635,4179.964000286418,928
20.487000000000002,130.598,0.0,dot-128x8,18730.34800064488,367.476,28564.870000017083,24.57600086927414,Current,one_shot,23290.385000044455,22922.909000044456,1,,measured,0.0,4172.902999926009,928
20.137,129.07,0.0,dot-128x8,18795.851000504626,372.871,29307.242000104874,24.57600086927414,Predicted,one_shot,24032.757000132246,23659.886000132246,2,,measured,652.8789999720175,4210.871999930532,928
20.642000000000003,128.115,0.0,dot-128x8,19093.27600060351,364.635,28966.34899970568,24.191999807953835,Current,one_shot,23691.86399973305,23327.22899973305,2,,measured,0.0,4214.722000142501,928
21.673000000000002,140.19,0.0,dot-128x8,20875.954999610258,441.881,36545.84900013405,31.615998595952988,Random,one_shot,31271.36400016142,30829.483000161417,2,4911.093000373512,measured,0.0,4773.015999489871,928
22.082,136.732,0.0,dot-128x8,19854.219000080775,407.642,30457.71400044929,27.648000046610832,Predicted,one_shot,25183.229000476662,24775.587000476662,3,,measured,670.0209996779449,4250.629999660305,928
20.787,131.301,0.0,dot-128x8,19362.801000170293,381.296,34007.08600076949,25.599999353289604,Random,one_shot,28732.601000796854,28351.305000796856,3,4556.244999548653,measured,0.0,4225.066999424598,928
21.405,131.31099999999998,0.0,dot-128x8,19274.998000582855,376.581,29196.04600019694,23.552000522613525,Current,one_shot,23921.561000224312,23544.980000224314,3,,measured,0.0,4251.074999956472,928
19.964,58.31000000000001,0.0,dot-128x8,19034.87599975051,294.149,28881.150999767382,24.57600086927414,Current,one_shot,23606.665999794754,23312.516999794752,4,,measured,0.0,4257.859999597713,928
19.977,128.911,0.0,dot-128x8,18979.989000399655,366.427,29405.77899992702,25.599999353289604,Predicted,one_shot,24131.293999954392,23764.866999954393,4,,measured,662.2149994655047,4122.304999327753,928
20.527,127.823,0.0,dot-128x8,18666.570999812393,361.626,33005.776999658454,24.57600086927414,Random,one_shot,27731.29199968582,27369.66599968582,4,4335.130999606918,measured,0.0,4175.277999820537,928
19.308999999999997,57.571000000000005,0.0,dot-128x8,18828.99100019131,290.757,33164.94399983391,25.407999753952026,Random,one_shot,27890.458999861283,27599.70199986128,5,4378.118999738945,measured,0.0,4199.867000352242,928
20.337000000000003,127.089,0.0,dot-128x8,18871.90399975225,365.381,29331.23800000287,25.599999353289604,Predicted,one_shot,24056.753000030243,23691.372000030242,5,,measured,646.1849998231628,4172.993999418395,928
21.511000000000003,130.223,0.0,dot-128x8,19096.080999588594,375.186,28943.707999659426,25.407999753952026,Current,one_shot,23669.222999686797,23294.036999686796,5,,measured,0.0,4177.669000455353,928
20.724,61.146,0.0,dot-128x8,19045.83199939225,307.945,29037.98999997478,25.599999353289604,Current,one_shot,23763.50500000215,23455.56000000215,6,,measured,0.0,4389.445999549935,928
20.326999999999998,126.754,0.0,dot-128x8,19061.830000282498,361.401,29582.349000329374,24.383999407291412,Predicted,one_shot,24307.864000356745,23946.463000356744,6,,measured,641.8510001822142,4242.4140001458,928
20.33,127.11599999999999,0.0,dot-128x8,18767.27899980324,362.828,33268.17899949921,25.599999353289604,Random,one_shot,27993.69399952658,27630.865999526577,6,4523.235000306158,measured,0.0,4147.158999330713,928
20.784,128.46300000000002,0.0,dot-128x8,18741.84099960985,362.884,28543.28599963434,23.391999304294586,Current,one_shot,23268.80099966171,22905.916999661713,7,,measured,0.0,4145.358000641863,928
19.429,127.577,0.0,dot-128x8,18994.483999449585,361.575,33352.24799940361,25.599999353289604,Random,one_shot,28077.762999430986,27716.187999430986,7,4369.253000731987,measured,0.0,4160.241000136011,928
20.544,126.506,0.0,dot-128x8,18706.4060000921,362.445,29090.08999988989,24.383999407291412,Predicted,one_shot,23815.60499991726,23453.15999991726,7,,measured,653.4340000143857,4093.008999916492,928
20.026,57.196999999999996,0.0,dot-128x8,18611.595999573183,291.171,28927.21299956171,23.552000522613525,Predicted,one_shot,23652.727999589082,23361.556999589084,8,,measured,640.5449994417722,4109.124000024167,928
20.753999999999998,129.377,0.0,dot-128x8,18972.41899951041,362.293,28755.819999934694,24.4159996509552,Current,one_shot,23481.334999962066,23119.041999962064,8,,measured,0.0,4128.069000216783,928
21.034,132.62800000000001,0.0,dot-128x8,18673.459999263287,383.094,33094.81099998376,27.648000046610832,Random,one_shot,27820.326000011137,27437.232000011136,8,4322.599999795784,measured,0.0,4244.501000357559,928
19.804000000000002,59.968999999999994,0.0,dot-128x8,18793.28099948907,307.635,33048.56299983918,26.623999699950218,Random,one_shot,27774.077999866557,27466.44299986656,9,4337.835000114865,measured,0.0,4139.589000260457,928
20.441000000000003,130.28300000000002,0.0,dot-128x8,19025.25700006663,378.064,29468.961999594743,26.623999699950218,Predicted,one_shot,24194.476999622115,23816.412999622116,9,,measured,644.7959995057317,4146.117999880516,928
21.439,138.214,0.0,dot-128x8,19326.93299931998,417.912,29338.44699999747,29.69600073993206,Current,one_shot,24063.962000024843,23646.050000024843,9,,measured,0.0,4283.0989996218705,928
20.618000000000002,132.0,0.0,dot-128x8,19122.75100039551,378.498,33478.247999564664,26.623999699950218,Random,one_shot,28203.762999592036,27825.264999592036,10,4327.129999182944,measured,0.0,4175.064000264683,928
21.641,138.58000000000004,0.0,dot-128x8,37260.827999489265,418.842,47312.59399995993,29.69600073993206,Current,one_shot,42038.1089999873,41619.2669999873,10,,measured,0.0,4326.348000176949,928
20.884,133.525,0.0,dot-128x8,19332.465000843513,398.352,29940.299000325307,27.871999889612198,Predicted,one_shot,24665.81400035268,24267.46200035268,10,,measured,703.2290004644892,4231.5079999752925,928
19.253999999999998,59.59200000000001,0.0,dot-128x8,18997.875000422937,309.625,29422.297000337625,26.464000344276428,Predicted,one_shot,24147.812000364996,23838.187000364996,11,,measured,645.1549998018891,4194.775000541995,928
20.741,129.90099999999998,0.0,dot-128x8,19036.550000237185,376.59,33441.24999958163,26.623999699950218,Random,one_shot,28166.764999609008,27790.174999609008,11,4375.218000859604,measured,0.0,4182.278000371298,928
20.253999999999998,127.39599999999999,0.0,dot-128x8,18805.49700035772,364.539,28606.664999895507,24.57600086927414,Current,one_shot,23332.17999992288,22967.640999922878,11,,measured,0.0,4143.643999668711,928
21.097,127.281,0.0,dot-128x8,18834.393999895838,365.422,29289.19700029397,24.57600086927414,Predicted,one_shot,24014.712000321342,23649.290000321344,12,,measured,650.1090001620469,4164.003000369121,928
20.774,127.18900000000001,0.0,dot-128x8,19071.052000072086,363.161,28969.690999706254,24.383999407291412,Current,one_shot,23695.205999733626,23332.044999733625,12,,measured,0.0,4241.387000547547,928
20.541,129.069,0.0,dot-128x8,18786.471000566962,362.814,33211.13800004234,24.768000468611717,Random,one_shot,27936.65300006971,27573.83900006971,12,4469.731999961368,measured,0.0,4123.157000321953,928
19.134,57.315000000000005,0.0,dot-128x8,18652.812000254926,294.414,32939.946999595166,26.559999212622643,Random,one_shot,27665.461999622534,27371.047999622533,13,4352.783999820531,measured,0.0,4173.289999926055,928
21.276,129.95100000000002,0.0,dot-128x8,18891.458999860333,373.708,28741.4789994663,25.599999353289604,Current,one_shot,23466.993999493672,23093.285999493673,13,,measured,0.0,4182.637000667455,928
21.29,130.79200000000003,0.0,dot-128x8,18753.554999420885,388.123,29244.186999228354,27.648000046610832,Predicted,one_shot,23969.701999255725,23581.578999255726,13,,measured,656.901000184007,4170.780999629642,928
19.686,57.52600000000001,0.0,dot-128x8,18814.1380003799,297.314,29167.652999695376,24.54400062561035,Predicted,one_shot,23893.167999722747,23595.85399972275,14,,measured,647.7389997598948,4133.543999159883,928
20.503,127.20899999999999,0.0,dot-128x8,19042.990000343707,360.747,28849.061999776775,24.57600086927414,Current,one_shot,23574.576999804147,23213.829999804148,14,,measured,0.0,4150.505000325211,928
22.325000000000003,137.78599999999997,0.0,dot-128x8,21447.066999826347,430.172,36025.69099979851,30.719999223947525,Random,one_shot,30751.205999825885,30321.033999825886,14,4387.057000712957,measured,0.0,4271.030999916547,928
19.487000000000002,63.778000000000006,0.0,dot-128x8,19045.989000005648,320.381,33446.51600020234,27.424000203609467,Random,one_shot,28172.031000229712,27851.65000022971,15,4384.543999549351,measured,0.0,4213.924999930896,928
19.901,127.858,0.0,dot-128x8,19101.22200024489,365.352,29567.133000665504,24.57600086927414,Predicted,one_shot,24292.648000692876,23927.296000692877,15,,measured,650.7170000986662,4175.10800070886,928
21.752,138.21899999999997,0.0,dot-128x8,18724.552000094263,372.433,28588.27999995583,25.599999353289604,Current,one_shot,23313.7949999832,22941.3619999832,15,,measured,0.0,4198.091999569442,928
19.753999999999998,,,dot-128x8,,50.984,,25.312000885605812,Random,resident,,,0,,warmup,,,929
18.256999999999998,,,dot-128x8,,48.128,,22.52800017595291,Current,resident,,,0,,warmup,,,929
18.787,,,dot-128x8,,47.139,,22.431999444961548,Predicted,resident,,,0,,warmup,,,929
17.804,,,dot-128x8,,46.576,,22.304000332951546,Predicted,resident,,,1,,warmup,,,929
17.081,,,dot-128x8,,47.928,,23.552000522613525,Random,resident,,,1,,warmup,,,929
18.0,,,dot-128x8,,47.926,,22.6879995316267,Current,resident,,,1,,warmup,,,929
17.677,,,dot-128x8,,47.654,,23.16799946129322,Predicted,resident,,,2,,warmup,,,929
17.875999999999998,,,dot-128x8,,47.477,,22.52800017595291,Random,resident,,,2,,warmup,,,929
18.105,,,dot-128x8,,47.254,,22.52800017595291,Current,resident,,,2,,warmup,,,929
17.531,,,dot-128x8,,46.74,,21.503999829292297,Predicted,resident,,,3,,warmup,,,929
17.734,,,dot-128x8,,46.735,,21.503999829292297,Current,resident,,,3,,warmup,,,929
17.25,,,dot-128x8,,46.599,,22.52800017595291,Random,resident,,,3,,warmup,,,929
17.901,,,dot-128x8,,46.143,,21.376000717282295,Predicted,resident,,,4,,warmup,,,929
17.604,,,dot-128x8,,46.243,,22.52800017595291,Current,resident,,,4,,warmup,,,929
17.281,,,dot-128x8,,47.301,,23.296000435948372,Random,resident,,,4,,warmup,,,929
17.287,,,dot-128x8,,46.681,,22.52800017595291,Predicted,resident,,,5,,warmup,,,929
18.122,,,dot-128x8,,46.684,,22.52800017595291,Current,resident,,,5,,warmup,,,929
17.183,,,dot-128x8,,47.765,,23.552000522613525,Random,resident,,,5,,warmup,,,929
17.324,,,dot-128x8,,47.189,,22.52800017595291,Random,resident,,,0,,measured,,,929
18.457,,,dot-128x8,,47.199,,22.52800017595291,Current,resident,,,0,,measured,,,929
17.29,,,dot-128x8,,46.317,,21.47199958562851,Predicted,resident,,,0,,measured,,,929
16.846,,,dot-128x8,,46.296,,21.503999829292297,Predicted,resident,,,1,,measured,,,929
17.064999999999998,,,dot-128x8,,46.97,,22.52800017595291,Random,resident,,,1,,measured,,,929
17.905,,,dot-128x8,,46.451,,22.175999358296394,Current,resident,,,1,,measured,,,929
16.704,,,dot-128x8,,46.512,,22.52800017595291,Current,resident,,,2,,measured,,,929
45.302,,,dot-128x8,,48.186,,21.503999829292297,Predicted,resident,,,2,,measured,,,929
17.674,,,dot-128x8,,47.661,,22.52800017595291,Random,resident,,,2,,measured,,,929
16.994,,,dot-128x8,,46.322,,21.503999829292297,Predicted,resident,,,3,,measured,,,929
17.659,,,dot-128x8,,46.57,,21.503999829292297,Current,resident,,,3,,measured,,,929
16.907,,,dot-128x8,,47.773,,23.32800067961216,Random,resident,,,3,,measured,,,929
17.774,,,dot-128x8,,47.016,,23.423999547958374,Current,resident,,,4,,measured,,,929
17.182000000000002,,,dot-128x8,,47.062,,23.423999547958374,Random,resident,,,4,,measured,,,929
17.549,,,dot-128x8,,47.339,,22.52800017595291,Predicted,resident,,,4,,measured,,,929
16.774,,,dot-128x8,,46.682,,22.52800017595291,Predicted,resident,,,5,,measured,,,929
16.868,,,dot-128x8,,47.629,,22.6879995316267,Random,resident,,,5,,measured,,,929
17.671,,,dot-128x8,,45.945,,21.503999829292297,Current,resident,,,5,,measured,,,929
17.472,,,dot-128x8,,45.926,,21.503999829292297,Predicted,resident,,,6,,measured,,,929
17.724,,,dot-128x8,,47.126,,21.47199958562851,Current,resident,,,6,,measured,,,929
17.492,,,dot-128x8,,47.137,,22.52800017595291,Random,resident,,,6,,measured,,,929
17.188,,,dot-128x8,,46.903,,22.5600004196167,Predicted,resident,,,7,,measured,,,929
17.917,,,dot-128x8,,46.727,,22.52800017595291,Current,resident,,,7,,measured,,,929
17.334,,,dot-128x8,,47.796,,22.784000262618065,Random,resident,,,7,,measured,,,929
18.1,,,dot-128x8,,46.821,,22.143999114632607,Current,resident,,,8,,measured,,,929
17.936999999999998,,,dot-128x8,,45.966,,22.52800017595291,Predicted,resident,,,8,,measured,,,929
17.162,,,dot-128x8,,46.766,,23.552000522613525,Random,resident,,,8,,measured,,,929
17.314999999999998,,,dot-128x8,,94.366,,39.93599861860275,Random,resident,,,9,,measured,,,929
17.073999999999998,,,dot-128x8,,46.46,,21.503999829292297,Predicted,resident,,,9,,measured,,,929
17.654,,,dot-128x8,,46.834,,21.503999829292297,Current,resident,,,9,,measured,,,929
17.407,,,dot-128x8,,45.963,,22.272000089287758,Current,resident,,,10,,measured,,,929
17.381,,,dot-128x8,,46.348,,22.52800017595291,Predicted,resident,,,10,,measured,,,929
17.075,,,dot-128x8,,47.326,,22.87999913096428,Random,resident,,,10,,measured,,,929
18.55,,,dot-128x8,,47.51,,23.520000278949738,Current,resident,,,11,,measured,,,929
17.128999999999998,,,dot-128x8,,47.796,,23.264000192284584,Random,resident,,,11,,measured,,,929
17.455000000000002,,,dot-128x8,,46.746,,22.463999688625336,Predicted,resident,,,11,,measured,,,929
17.384999999999998,,,dot-128x8,,47.116,,22.52800017595291,Random,resident,,,12,,measured,,,929
17.165,,,dot-128x8,,46.209,,22.207999601960182,Predicted,resident,,,12,,measured,,,929
17.813000000000002,,,dot-128x8,,46.721,,22.336000576615334,Current,resident,,,12,,measured,,,929
17.122999999999998,,,dot-128x8,,46.459,,21.503999829292297,Predicted,resident,,,13,,measured,,,929
18.05,,,dot-128x8,,46.135,,21.503999829292297,Current,resident,,,13,,measured,,,929
17.656,,,dot-128x8,,47.243,,22.52800017595291,Random,resident,,,13,,measured,,,929
17.68,,,dot-128x8,,46.026,,22.52800017595291,Current,resident,,,14,,measured,,,929
16.991,,,dot-128x8,,46.886,,23.552000522613525,Random,resident,,,14,,measured,,,929
18.258,,,dot-128x8,,46.287,,22.272000089287758,Predicted,resident,,,14,,measured,,,929
17.921999999999997,,,dot-128x8,,46.712,,22.207999601960182,Current,resident,,,15,,measured,,,929
20.443,,,dot-128x8,,46.956,,21.503999829292297,Predicted,resident,,,15,,measured,,,929
16.675,,,dot-128x8,,47.665,,22.52800017595291,Random,resident,,,15,,measured,,,929
21.418,71.19300000000001,0.0,dot-128x8,18967.48099989054,359.92,33629.64100057901,32.70399942994118,Random,one_shot,28355.15600060638,27995.236000606383,0,4409.1179997849395,warmup,0.0,4386.911000437976,929
21.554000000000002,139.42399999999998,0.0,dot-128x8,19306.56500007899,378.891,29185.438000385762,25.407999753952026,Current,one_shot,23910.953000413134,23532.062000413134,0,,warmup,0.0,4204.736000247067,929
20.86,139.22799999999998,0.0,dot-128x8,19015.183000192337,388.478,29511.44900010619,26.623999699950218,Predicted,one_shot,24236.96400013356,23848.486000133562,0,,warmup,649.9760002043331,4183.089000434848,929
19.537,57.545,0.0,dot-128x8,18753.21899933624,295.19,29166.602999251332,24.57600086927414,Predicted,one_shot,23892.117999278704,23596.927999278705,1,,warmup,644.4649998229579,4199.071000584809,929
20.247999999999998,138.623,0.0,dot-128x8,19121.88200003584,383.392,33662.64299983986,27.648000046610832,Random,one_shot,28388.15799986723,28004.76599986723,1,4478.3699995605275,warmup,0.0,4208.36099965527,929
21.841,140.363,0.0,dot-128x8,18674.8810001518,381.889,28556.016000056614,26.335999369621277,Current,one_shot,23281.531000083985,22899.642000083986,1,,warmup,0.0,4206.385000543378,929
21.667,140.24999999999997,0.0,dot-128x8,18917.870000223047,386.778,29406.39400036884,27.295999228954315,Predicted,one_shot,24131.909000396212,23745.131000396213,2,,warmup,657.903000501392,4169.086999354477,929
21.657,151.30400000000003,0.0,dot-128x8,20939.36599976587,463.944,36740.17000015457,32.76799991726875,Random,one_shot,31465.685000181937,31001.741000181937,2,4714.640000202053,warmup,0.0,5031.245999816747,929
22.711,151.67399999999995,0.0,dot-128x8,20408.00000031595,482.643,30542.121000111994,31.74399957060814,Current,one_shot,25267.636000139366,24784.993000139366,2,,warmup,0.0,4342.791999988549,929
21.009999999999998,139.17400000000004,0.0,dot-128x8,19132.751999677566,388.965,29797.61400028828,27.648000046610832,Predicted,one_shot,24523.12900031565,24134.16400031565,3,,warmup,714.8870008677477,4286.145999685687,929
20.588,137.28499999999997,0.0,dot-128x8,19084.019999354496,379.216,29020.024000091056,25.599999353289604,Current,one_shot,23745.539000118428,23366.323000118427,3,,warmup,0.0,4261.617999873124,929
20.777,138.83100000000002,0.0,dot-128x8,19018.171999960032,383.819,33577.3219998931,27.648000046610832,Random,one_shot,28302.83699992047,27919.01799992047,3,4445.464999662363,warmup,0.0,4256.780000105209,929
21.674,139.43099999999998,0.0,dot-128x8,19047.327999942354,389.573,29612.0830001815,26.623999699950218,Predicted,one_shot,24337.598000208873,23948.025000208872,4,,warmup,662.075000036566,4237.8730004202225,929
21.490000000000002,141.08200000000002,0.0,dot-128x8,19228.9910000909,389.814,29182.45700008799,27.648000046610832,Current,one_shot,23907.972000115362,23518.158000115363,4,,warmup,0.0,4268.910999599029,929
20.983,153.33,0.0,dot-128x8,19162.541000696365,405.704,33623.04900059392,28.351999819278717,Random,one_shot,28348.564000621296,27942.860000621295,4,4346.121999333263,warmup,0.0,4236.058999595116,929
20.674,138.577,0.0,dot-128x8,18931.714000245847,379.504,29417.346000434467,26.59199945628643,Predicted,one_shot,24142.86100046184,23763.357000461838,5,,warmup,677.6270001864759,4153.652999775659,929
22.875,150.926,0.0,dot-128x8,36940.40800019138,434.523,47004.271999900186,31.74399957060814,Current,one_shot,41729.78699992756,41295.263999927556,5,,warmup,0.0,4314.277000048605,929
22.072,141.69500000000002,0.0,dot-128x8,18922.409999504453,406.622,34398.07000005161,29.69600073993206,Random,one_shot,29123.585000078976,28716.963000078977,5,4867.341999670316,warmup,0.0,4722.806999780005,929
21.161,70.697,0.0,dot-128x8,20432.389000234252,352.468,35030.08600038716,32.54399821162224,Random,one_shot,29755.60100041453,29403.133000414527,0,4404.9229991287575,measured,0.0,4345.561000263842,929
21.103,145.429,0.0,dot-128x8,19257.762000052026,438.071,29310.66099999176,33.79200026392937,Current,one_shot,24036.17600001913,23598.10500001913,0,,measured,0.0,4321.308999351459,929
20.823,142.13799999999998,0.0,dot-128x8,19255.18000007287,399.003,29857.401000315356,27.39199995994568,Predicted,one_shot,24582.916000342728,24183.913000342727,0,,measured,652.3660003949772,4276.10899987485,929
21.4,70.48599999999999,0.0,dot-128x8,19980.469000074663,352.185,30616.114999819085,30.719999223947525,Predicted,one_shot,25341.629999846456,24989.444999846455,1,,measured,689.0890008435235,4319.33000072604,929
24.524,151.971,0.0,dot-128x8,19590.621999668656,456.853,34333.12100031285,33.79200026392937,Random,one_shot,29058.63600034022,28601.78300034022,1,4535.396000392211,measured,0.0,4274.12400040339,929
22.489,143.504,0.0,dot-128x8,19912.45200042613,410.853,29944.931999859047,28.672000393271446,Current,one_shot,24670.44699988642,24259.59399988642,1,,measured,0.0,4321.6939993726555,929
21.459,72.312,0.0,dot-128x8,19461.291999505193,347.845,29410.751000035583,29.664000496268272,Current,one_shot,24136.266000062955,23788.421000062954,2,,measured,0.0,4300.818000047002,929
34.568,191.994,0.0,dot-128x8,19530.79000031721,591.854,30792.75900012884,41.98399931192398,Predicted,one_shot,25518.274000156212,24926.420000156213,2,,measured,669.0749996778322,4727.030999674753,929
21.523,147.00699999999998,0.0,dot-128x8,26131.399999940186,435.533,41104.21899966256,32.48000144958496,Random,one_shot,35829.73399968993,35394.20099968993,2,4544.251999504922,measured,0.0,4474.201999983052,929
21.242,142.428,0.0,dot-128x8,19285.041999864916,406.472,29894.362999917,27.55199931561947,Predicted,one_shot,24619.877999944372,24213.40599994437,3,,measured,671.1679998261388,4256.633000295551,929
22.7,149.35299999999998,0.0,dot-128x8,19627.714999842283,445.927,29782.524000110487,31.679999083280563,Current,one_shot,24508.03900013786,24062.11200013786,3,,measured,0.0,4412.629999933415,929
21.478,145.95299999999997,0.0,dot-128x8,20205.494000038016,435.926,34974.48800030714,32.76799991726875,Random,one_shot,29700.00300033451,29264.07700033451,3,4473.121999581053,measured,0.0,4358.838999905856,929
21.143,142.68599999999998,0.0,dot-128x8,19387.468999411794,410.273,29376.73799993949,29.53599952161312,Current,one_shot,24102.252999966862,23691.97999996686,4,,measured,0.0,4282.437000256323,929
21.209,141.075,0.0,dot-128x8,19607.53100047441,399.924,34390.785999882326,29.40800040960312,Random,one_shot,29116.300999909698,28716.3769999097,4,4646.215999855485,measured,0.0,4261.042000507587,929
21.762,141.44100000000003,0.0,dot-128x8,19152.811999447295,392.397,29683.987999491746,27.456000447273254,Predicted,one_shot,24409.502999519118,24017.105999519117,4,,measured,665.1260000580805,4198.7739996329765,929
19.683999999999997,59.223,0.0,dot-128x8,19071.95599960687,299.67,29486.950999394714,25.50400048494339,Predicted,one_shot,24212.465999422086,23912.795999422087,5,,measured,661.332999698061,4178.9750002863,929
21.037,139.39900000000003,0.0,dot-128x8,19375.25899938919,391.466,33960.48399998013,28.672000393271446,Random,one_shot,28685.999000007505,28294.533000007505,5,4402.595999636105,measured,0.0,4317.7650004508905,929
20.904,138.39100000000002,0.0,dot-128x8,19112.304999907792,384.791,29059.795999968224,27.648000046610832,Current,one_shot,23785.310999995596,23400.519999995595,5,,measured,0.0,4267.190000064147,929
21.409,156.119,0.0,dot-128x8,18931.112000245776,414.696,29455.682999461893,27.648000046610832,Predicted,one_shot,24181.197999489264,23766.501999489265,6,,measured,696.6439996176632,4138.568000598752,929
21.337,136.79999999999998,0.0,dot-128x8,19470.258000183094,380.607,29354.69899977119,26.528000831604004,Current,one_shot,24080.21399979856,23699.60699979856,6,,measured,0.0,4210.053999486263,929
21.128,138.128,0.0,dot-128x8,19104.637000054936,387.049,33556.82199982682,28.384000062942505,Random,one_shot,28282.33699985419,27895.28799985419,6,4394.198999762011,measured,0.0,4197.470999315556,929
21.165,141.848,0.0,dot-128x8,18985.92599991389,396.881,29635.584999908468,28.384000062942505,Predicted,one_shot,24361.09999993584,23964.218999935838,7,,measured,706.0830002956209,4271.857999810891,929
21.973,143.45100000000002,0.0,dot-128x8,19404.025999392616,402.617,29368.566999474104,28.672000393271446,Current,one_shot,24094.081999501475,23691.464999501477,7,,measured,0.0,4265.929000212054,929
21.168999999999997,141.362,0.0,dot-128x8,19094.19300045556,395.871,33701.966000625645,28.672000393271446,Random,one_shot,28427.481000653017,28031.610000653018,7,4472.220000025118,measured,0.0,4266.930000085267,929
21.292,139.06,0.0,dot-128x8,19003.18200023321,383.056,28935.4609995729,26.623999699950218,Current,one_shot,23660.975999600272,23277.91999960027,8,,measured,0.0,4253.996999977971,929
21.498,140.71000000000004,0.0,dot-128x8,19404.783000027237,394.724,29979.161999801592,28.48000079393387,Predicted,one_shot,24704.676999828964,24309.952999828965,8,,measured,666.986999931396,4237.772000124096,929
20.869,140.149,0.0,dot-128x8,18917.127999884542,391.127,33385.81300016553,27.871999889612198,Random,one_shot,28111.3280001929,27720.2010001929,8,4391.849000057846,measured,0.0,4209.661999993841,929
20.012999999999998,75.697,0.0,dot-128x8,18917.932000476867,355.21,33382.597000402086,28.672000393271446,Random,one_shot,28108.112000429457,27752.902000429458,9,4371.552000520751,measured,0.0,4265.833999852475,929
20.618000000000002,135.68599999999998,0.0,dot-128x8,19251.230000008945,375.174,29695.785999537504,26.623999699950218,Predicted,one_shot,24421.300999564875,24046.126999564876,9,,measured,655.7240003530751,4138.911999689299,929
22.221,142.21699999999998,0.0,dot-128x8,19282.494999970368,395.717,29278.492000056427,28.672000393271446,Current,one_shot,24004.0070000838,23608.290000083798,9,,measured,0.0,4304.107000280055,929
21.0,67.81200000000001,0.0,dot-128x8,19102.22199967393,323.601,28991.573999755874,27.648000046610832,Current,one_shot,23717.088999783246,23393.487999783247,10,,measured,0.0,4268.192999916209,929
22.416,149.513,0.0,dot-128x8,20546.777000163274,477.418,31322.514999655654,59.39200147986412,Predicted,one_shot,26048.029999683025,25570.611999683024,10,,measured,699.1049995122012,4323.694999584404,929
21.927,157.636,0.0,dot-128x8,38203.01100040524,484.206,53126.158999692874,32.76799991726875,Random,one_shot,47851.673999720246,47367.46799972025,10,4603.74399972352,measured,0.0,4322.836999563151,929
21.459,140.83700000000002,0.0,dot-128x8,19233.255000472127,450.472,29309.443000772728,28.672000393271446,Current,one_shot,24034.9580008001,23584.486000800098,11,,measured,0.0,4328.058999817586,929
22.587,149.905,0.0,dot-128x8,20077.12700014963,459.466,35466.63399953807,32.76799991726875,Random,one_shot,30192.14899956544,29732.68299956544,11,4657.462000068335,measured,0.0,4735.526999866124,929
23.073,145.68099999999998,0.0,dot-128x8,22531.429000082426,443.667,33425.189000227416,31.74399957060814,Predicted,one_shot,28150.704000254787,27707.037000254786,11,,measured,765.7830001335242,4408.830000102171,929
20.869,138.763,0.0,dot-128x8,19370.20599962125,389.86,34107.960000442064,27.648000046610832,Random,one_shot,28833.475000469436,28443.615000469435,12,4512.81999994535,measured,0.0,4356.669000117108,929
22.734,137.186,0.0,dot-128x8,19421.427999986918,406.603,30113.80700026039,29.311999678611755,Predicted,one_shot,24839.32200028776,24432.71900028776,12,,measured,679.245000355877,4331.118000663992,929
21.21,138.76299999999998,0.0,dot-128x8,19246.728999860352,391.076,29222.740999415808,27.648000046610832,Current,one_shot,23948.25599944318,23557.17999944318,12,,measured,0.0,4289.66900017258,929
21.107,132.53400000000002,0.0,dot-128x8,19128.131999423204,382.668,29693.68200008629,27.39199995994568,Predicted,one_shot,24419.19700011366,24036.52900011366,13,,measured,665.796999783197,4242.277999765065,929
21.329,132.74800000000002,0.0,dot-128x8,19111.000000521017,377.286,29068.071000435426,25.599999353289604,Current,one_shot,23793.586000462798,23416.300000462797,13,,measured,0.0,4285.01199985476,929
21.431,139.03799999999998,0.0,dot-128x8,19174.280999322946,386.909,33982.05900011015,28.672000393271446,Random,one_shot,28707.574000137523,28320.665000137524,13,4625.5980005298625,measured,0.0,4322.298999795748,929
20.843,135.77400000000003,0.0,dot-128x8,19091.797999863047,382.492,29046.336999755382,26.399999856948853,Current,one_shot,23771.851999782753,23389.359999782755,14,,measured,0.0,4276.589999790303,929
20.893,137.661,0.0,dot-128x8,19148.536999637145,389.444,33775.62699949303,26.623999699950218,Random,one_shot,28501.1419995204,28111.697999520402,14,4504.253999584762,measured,0.0,4258.468999978504,929
20.471,134.552,0.0,dot-128x8,18797.763000293344,374.191,29275.548999529863,27.424000203609467,Predicted,one_shot,24001.063999557235,23626.872999557236,14,,measured,653.813000099035,4175.005999968562,929
20.732,135.04,0.0,dot-128x8,18970.785999954387,372.852,28768.668999363887,26.623999699950218,Current,one_shot,23494.183999391258,23121.33199939126,15,,measured,0.0,4131.065999899874,929
19.253999999999998,132.698,0.0,dot-128x8,18692.179000026954,369.78,29156.369999981514,26.367999613285065,Predicted,one_shot,23881.885000008886,23512.105000008887,15,,measured,648.8930002888083,4170.762999819999,929
19.413,137.854,0.0,dot-128x8,18942.849999803002,377.038,33318.206999968796,26.623999699950218,Random,one_shot,28043.721999996167,27666.683999996167,15,4315.160999794898,measured,0.0,4214.266999952088,929
19.439999999999998,,,dot-128x8,,49.321,,23.552000522613525,Current,resident,,,0,,warmup,,,930
19.154,,,dot-128x8,,49.564,,24.351999163627625,Random,resident,,,0,,warmup,,,930
19.032,,,dot-128x8,,47.872,,22.84800074994564,Predicted,resident,,,0,,warmup,,,930
16.965,,,dot-128x8,,47.157,,22.52800017595291,Predicted,resident,,,1,,warmup,,,930
17.462,,,dot-128x8,,47.324,,23.360000923275948,Random,resident,,,1,,warmup,,,930
18.106,,,dot-128x8,,46.964,,21.503999829292297,Current,resident,,,1,,warmup,,,930
17.378999999999998,,,dot-128x8,,47.134,,22.52800017595291,Random,resident,,,2,,warmup,,,930
17.598,,,dot-128x8,,47.124,,22.272000089287758,Current,resident,,,2,,warmup,,,930
17.733,,,dot-128x8,,46.775,,22.463999688625336,Predicted,resident,,,2,,warmup,,,930
17.447,,,dot-128x8,,47.535,,22.52800017595291,Random,resident,,,3,,warmup,,,930
17.762,,,dot-128x8,,46.262,,22.175999358296394,Current,resident,,,3,,warmup,,,930
17.323,,,dot-128x8,,46.35,,21.503999829292297,Predicted,resident,,,3,,warmup,,,930
17.253,,,dot-128x8,,46.667,,21.503999829292297,Predicted,resident,,,4,,warmup,,,930
18.014,,,dot-128x8,,47.023,,22.495999932289124,Random,resident,,,4,,warmup,,,930
17.881,,,dot-128x8,,46.57,,22.52800017595291,Current,resident,,,4,,warmup,,,930
17.655,,,dot-128x8,,46.807,,21.503999829292297,Current,resident,,,5,,warmup,,,930
17.695,,,dot-128x8,,47.785,,23.19999970495701,Random,resident,,,5,,warmup,,,930
18.152,,,dot-128x8,,46.498,,22.207999601960182,Predicted,resident,,,5,,warmup,,,930
18.288,,,dot-128x8,,46.74,,22.463999688625336,Current,resident,,,0,,measured,,,930
17.475,,,dot-128x8,,46.068,,22.336000576615334,Predicted,resident,,,0,,measured,,,930
17.482,,,dot-128x8,,47.004,,22.52800017595291,Random,resident,,,0,,measured,,,930
16.776,,,dot-128x8,,46.914,,22.431999444961548,Random,resident,,,1,,measured,,,930
17.419,,,dot-128x8,,46.226,,21.503999829292297,Current,resident,,,1,,measured,,,930
17.652,,,dot-128x8,,46.145,,22.36800082027912,Predicted,resident,,,1,,measured,,,930
17.113,,,dot-128x8,,46.127,,22.431999444961548,Predicted,resident,,,2,,measured,,,930
17.375,,,dot-128x8,,47.353,,23.360000923275948,Random,resident,,,2,,measured,,,930
17.623,,,dot-128x8,,47.018,,22.52800017595291,Current,resident,,,2,,measured,,,930
17.398,,,dot-128x8,,47.052,,22.495999932289124,Current,resident,,,3,,measured,,,930
17.578,,,dot-128x8,,47.43,,22.52800017595291,Random,resident,,,3,,measured,,,930
17.625,,,dot-128x8,,46.137,,22.52800017595291,Predicted,resident,,,3,,measured,,,930
17.107,,,dot-128x8,,47.965,,22.52800017595291,Random,resident,,,4,,measured,,,930
17.564999999999998,,,dot-128x8,,47.306,,22.52800017595291,Predicted,resident,,,4,,measured,,,930
18.241999999999997,,,dot-128x8,,46.672,,22.52800017595291,Current,resident,,,4,,measured,,,930
17.653,,,dot-128x8,,47.842,,22.52800017595291,Random,resident,,,5,,measured,,,930
17.913,,,dot-128x8,,46.939,,22.304000332951546,Predicted,resident,,,5,,measured,,,930
17.622999999999998,,,dot-128x8,,45.506,,22.272000089287758,Current,resident,,,5,,measured,,,930
17.508,,,dot-128x8,,46.191,,22.495999932289124,Predicted,resident,,,6,,measured,,,930
17.962,,,dot-128x8,,47.049,,22.52800017595291,Current,resident,,,6,,measured,,,930
18.185000000000002,,,dot-128x8,,46.784,,22.52800017595291,Random,resident,,,6,,measured,,,930
18.117,,,dot-128x8,,46.023,,21.503999829292297,Current,resident,,,7,,measured,,,930
17.431,,,dot-128x8,,46.319,,22.52800017595291,Predicted,resident,,,7,,measured,,,930
17.142,,,dot-128x8,,47.143,,22.52800017595291,Random,resident,,,7,,measured,,,930
17.59,,,dot-128x8,,46.728,,22.431999444961548,Current,resident,,,8,,measured,,,930
17.459,,,dot-128x8,,46.752,,21.503999829292297,Predicted,resident,,,8,,measured,,,930
17.542,,,dot-128x8,,46.8,,23.296000435948372,Random,resident,,,8,,measured,,,930
17.033,,,dot-128x8,,45.684,,22.463999688625336,Predicted,resident,,,9,,measured,,,930
17.593,,,dot-128x8,,47.085,,22.52800017595291,Random,resident,,,9,,measured,,,930
17.644,,,dot-128x8,,46.358,,21.503999829292297,Current,resident,,,9,,measured,,,930
17.487000000000002,,,dot-128x8,,46.652,,22.495999932289124,Predicted,resident,,,10,,measured,,,930
17.623,,,dot-128x8,,46.171,,21.503999829292297,Current,resident,,,10,,measured,,,930
17.448999999999998,,,dot-128x8,,46.675,,22.52800017595291,Random,resident,,,10,,measured,,,930
17.862000000000002,,,dot-128x8,,47.63,,22.431999444961548,Current,resident,,,11,,measured,,,930
17.641,,,dot-128x8,,48.286,,23.552000522613525,Random,resident,,,11,,measured,,,930
17.144,,,dot-128x8,,46.1,,22.39999920129776,Predicted,resident,,,11,,measured,,,930
17.533,,,dot-128x8,,47.382,,22.52800017595291,Current,resident,,,12,,measured,,,930
17.683,,,dot-128x8,,47.388,,22.52800017595291,Random,resident,,,12,,measured,,,930
17.524,,,dot-128x8,,47.367,,22.52800017595291,Predicted,resident,,,12,,measured,,,930
16.747999999999998,,,dot-128x8,,46.586,,22.304000332951546,Predicted,resident,,,13,,measured,,,930
18.078000000000003,,,dot-128x8,,46.678,,21.60000056028366,Current,resident,,,13,,measured,,,930
17.341,,,dot-128x8,,47.481,,21.503999829292297,Random,resident,,,13,,measured,,,930
17.473,,,dot-128x8,,47.496,,22.52800017595291,Random,resident,,,14,,measured,,,930
18.109,,,dot-128x8,,45.774,,22.143999114632607,Predicted,resident,,,14,,measured,,,930
18.139,,,dot-128x8,,45.638,,22.52800017595291,Current,resident,,,14,,measured,,,930
17.876,,,dot-128x8,,47.409,,22.52800017595291,Random,resident,,,15,,measured,,,930
17.389,,,dot-128x8,,46.122,,21.503999829292297,Predicted,resident,,,15,,measured,,,930
18.043,,,dot-128x8,,46.22,,21.60000056028366,Current,resident,,,15,,measured,,,930
20.593,60.181999999999995,0.0,dot-128x8,18987.442000252486,312.264,28911.05999964188,27.648000046610832,Current,one_shot,23636.57499966925,23324.31099966925,0,,warmup,0.0,4311.233999942488,930
21.128,140.355,0.0,dot-128x8,18897.670999649563,394.142,33244.5529993446,27.583999559283257,Random,one_shot,27970.067999371975,27575.925999371975,0,4313.04099947738,warmup,0.0,4164.191000199935,930
20.845,134.12099999999998,0.0,dot-128x8,18873.387999519764,372.415,29322.543999895242,25.599999353289604,Predicted,one_shot,24048.058999922614,23675.643999922613,0,,warmup,649.6070000139298,4152.401999817812,930
19.507,52.922999999999995,0.0,dot-128x8,18562.646999271237,288.399,28977.253999927572,25.599999353289604,Predicted,one_shot,23702.768999954944,23414.369999954943,1,,warmup,662.315000226954,4189.10899952607,930
20.014,136.348,0.0,dot-128x8,18851.808999897912,376.055,34194.66200028483,26.623999699950218,Random,one_shot,28920.1770003122,28544.1220003122,1,5271.744000310719,warmup,0.0,4225.648000101501,930
20.744,136.562,0.0,dot-128x8,18724.094999925,371.725,28545.03999954889,26.30399912595749,Current,one_shot,23270.554999576263,22898.829999576265,1,,warmup,0.0,4155.298999648949,930
21.137999999999998,135.566,0.0,dot-128x8,18657.44899987476,377.591,33022.97200029313,25.599999353289604,Random,one_shot,27748.4870003205,27370.8960003205,2,4363.406999800645,warmup,0.0,4145.480000261159,930
22.801000000000002,141.937,0.0,dot-128x8,19211.10400053294,422.79,29198.79400006486,31.74399957060814,Current,one_shot,23924.30900009223,23501.51900009223,2,,warmup,0.0,4258.170999491995,930
21.342,135.37900000000002,0.0,dot-128x8,19214.447000194923,383.474,29735.27999979503,25.599999353289604,Predicted,one_shot,24460.794999822403,24077.320999822405,2,,warmup,663.6519992753165,4198.851000182913,930
21.323,137.994,0.0,dot-128x8,18933.25699984416,382.262,33275.79499987852,27.648000046610832,Random,one_shot,28001.309999905887,27619.047999905888,3,4309.34799987881,warmup,0.0,4177.357999651576,930
20.826999999999998,136.203,0.0,dot-128x8,18844.721999812464,382.298,28686.72699994523,26.623999699950218,Current,one_shot,23412.2419999726,23029.943999972602,3,,warmup,0.0,4165.893999925174,930
19.847,134.034,0.0,dot-128x8,18903.5840003271,373.833,29402.49100024301,26.30399912595749,Predicted,one_shot,24128.006000270383,23754.173000270384,3,,warmup,668.3399997200468,4181.913000138593,930
19.744,56.378,0.0,dot-128x8,18885.653000324965,301.287,29340.570000201977,26.623999699950218,Predicted,one_shot,24066.08500022935,23764.798000229348,4,,warmup,649.6550004158053,4229.13999955199,930
20.658,137.85299999999998,0.0,dot-128x8,18922.59899977944,379.548,33407.37699936573,26.399999856948853,Random,one_shot,28132.89199939311,27753.34399939311,4,4406.416999700014,warmup,0.0,4226.117000143859,930
21.209,136.40200000000002,0.0,dot-128x8,19063.968999944336,371.147,28933.271999552908,25.599999353289604,Current,one_shot,23658.78699958028,23287.63999958028,4,,warmup,0.0,4204.9210005643545,930
19.812,56.926,0.0,dot-128x8,18751.509000139777,296.7,28623.418000244,26.30399912595749,Current,one_shot,23348.933000271372,23052.23300027137,5,,warmup,0.0,4280.0350001925835,930
21.719,137.48,0.0,dot-128x8,18954.51700056583,387.507,33464.97299966776,27.327999472618103,Random,one_shot,28190.48799969514,27802.980999695137,5,4342.012000051909,warmup,0.0,4310.957000598137,930
20.531,133.45700000000002,0.0,dot-128x8,19102.5490003085,370.205,29602.24999984422,25.599999353289604,Predicted,one_shot,24327.764999871593,23957.55999987159,5,,warmup,661.2440001845243,4193.454000414931,930
20.749000000000002,133.481,0.0,dot-128x8,18945.083000289742,368.959,28804.901000214708,25.599999353289604,Current,one_shot,23530.41600024208,23161.45700024208,0,,measured,0.0,4196.973000034632,930
20.262999999999998,129.93599999999998,0.0,dot-128x8,18764.117000500846,363.673,29165.72400063904,25.599999353289604,Predicted,one_shot,23891.23900066641,23527.56600066641,0,,measured,651.2629997814656,4111.792999538011,930
20.336,136.766,0.0,dot-128x8,18623.4440006956,372.363,33102.224000007074,26.623999699950218,Random,one_shot,27827.73900003445,27455.37600003445,0,4455.371000403829,measured,0.0,4179.488999398018,930
19.145,57.31099999999999,0.0,dot-128x8,18765.642999824195,293.257,33039.16199950136,25.599999353289604,Random,one_shot,27764.676999528736,27471.419999528734,1,4333.697999754804,measured,0.0,4176.448999714921,930
23.838,134.641,0.0,dot-128x8,18641.169000147784,381.219,28535.980999758194,26.623999699950218,Current,one_shot,23261.495999785566,22880.276999785565,1,,measured,0.0,4218.576999846846,930
20.271,133.10100000000003,0.0,dot-128x8,18806.40199942718,369.392,29278.461999826897,26.559999212622643,Predicted,one_shot,24003.97699985427,23634.58499985427,1,,measured,665.7320000158506,4162.18000009394,930
19.313000000000002,52.906,0.0,dot-128x8,18728.6939999467,287.127,29155.389999822037,25.599999353289604,Predicted,one_shot,23880.90499984941,23593.777999849408,2,,measured,696.1360004424932,4168.596999988949,930
20.512,136.889,0.0,dot-128x8,18711.205999352387,370.062,33069.54900017267,26.528000831604004,Random,one_shot,27795.06400020004,27425.00200020004,2,4352.261000349245,measured,0.0,4166.640999756055,930
20.692,133.16,0.0,dot-128x8,18897.201000072528,368.159,28734.75800003724,25.95200017094612,Current,one_shot,23460.27300006461,23092.114000064612,2,,measured,0.0,4175.903000032122,930
19.438000000000002,54.024,0.0,dot-128x8,18922.66400045628,284.088,28713.302999960095,24.57600086927414,Current,one_shot,23438.817999987466,23154.729999987467,3,,measured,0.0,4212.118999930681,930
20.191000000000003,135.008,0.0,dot-128x8,18913.32600007445,368.2,33198.050999405605,26.623999699950218,Random,one_shot,27923.56599943298,27555.36599943298,3,4289.167000024463,measured,0.0,4159.007999987807,930
20.572000000000003,132.848,0.0,dot-128x8,18954.38599967747,367.25,29381.25399969134,25.439999997615814,Predicted,one_shot,24106.76899971871,23739.51899971871,3,,measured,661.3799996557645,4123.41799983551,930
20.098,135.294,0.0,dot-128x8,18583.445000331267,368.601,32950.67099998947,26.623999699950218,Random,one_shot,27676.18600001684,27307.585000016843,4,4367.096999885689,measured,0.0,4163.073999734479,930
20.872,134.03999999999996,0.0,dot-128x8,18811.482000273827,376.112,29291.3400001872,27.35999971628189,Predicted,one_shot,24016.85500021457,23640.74300021457,4,,measured,648.8540002465015,4180.1360002864385,930
21.509,138.889,0.0,dot-128x8,18830.613000318408,395.756,28834.604000405416,25.407999753952026,Current,one_shot,23560.119000432787,23164.363000432786,4,,measured,0.0,4314.185000112047,930
21.215,142.03799999999998,0.0,dot-128x8,19246.462999944924,395.658,33673.95400038967,27.615999802947044,Random,one_shot,28399.469000417044,28003.811000417045,5,4357.598999376933,measured,0.0,4197.616000055859,930
22.628999999999998,146.69900000000004,0.0,dot-128x8,20685.52200034901,463.1,31637.216000329376,32.76799991726875,Predicted,one_shot,26362.731000356747,25899.63100035675,5,,measured,754.7109998995438,4458.62499964278,930
21.575000000000003,147.82,0.0,dot-128x8,20894.500999929733,441.215,31112.401999825295,31.936001032590866,Current,one_shot,25837.916999852667,25396.701999852667,5,,measured,0.0,4465.078000066569,930
21.192999999999998,134.05800000000002,0.0,dot-128x8,19271.871999990253,382.201,29887.15400046896,27.583999559283257,Predicted,one_shot,24612.66900049633,24230.46800049633,6,,measured,687.5200006106752,4270.7210004664375,930
22.255000000000003,134.565,0.0,dot-128x8,19110.46700024599,379.439,29035.402000346672,26.623999699950218,Current,one_shot,23760.917000374044,23381.478000374045,6,,measured,0.0,4250.919999321923,930
20.897,137.406,0.0,dot-128x8,19241.38899994432,377.625,33862.6610004566,27.648000046610832,Random,one_shot,28588.176000483974,28210.551000483974,6,4557.946999739215,measured,0.0,4212.864000692207,930
21.034,133.921,0.0,dot-128x8,18976.811000356975,371.358,28859.95000003062,26.623999699950218,Current,one_shot,23585.465000057993,23214.107000057993,7,,measured,0.0,4216.239000015776,930
20.355,134.239,0.0,dot-128x8,19253.95699981891,376.064,29814.188999614955,25.599999353289604,Predicted,one_shot,24539.703999642326,24163.639999642328,7,,measured,661.9120003961143,4247.484999723383,930
22.15,136.70000000000002,0.0,dot-128x8,19182.22299991612,383.997,33890.26200014187,26.30399912595749,Random,one_shot,28615.777000169237,28231.780000169238,7,4588.062000038917,measured,0.0,4261.17000006343,930
20.482999999999997,133.54100000000003,0.0,dot-128x8,18760.68799992936,369.141,28608.219000297013,25.567999109625816,Current,one_shot,23333.734000324384,22964.593000324385,8,,measured,0.0,4184.751000138931,930
19.977,131.824,0.0,dot-128x8,18652.86100019148,361.24,29168.849999603302,25.599999353289604,Predicted,one_shot,23894.364999630674,23533.124999630672,8,,measured,649.7399999716436,4230.4319995309925,930
21.5,142.229,0.0,dot-128x8,18917.224000688293,403.692,33314.21000079003,29.40800040960312,Random,one_shot,28039.725000817405,27636.033000817406,8,4323.837999436364,measured,0.0,4195.508000520931,930
21.137,134.96800000000002,0.0,dot-128x8,18787.967000207573,387.116,29269.25000001405,27.424000203609467,Predicted,one_shot,23994.76500004142,23607.64900004142,9,,measured,655.2959994223784,4164.07899956539,930
21.465000000000003,138.06699999999998,0.0,dot-128x8,18771.738999930676,387.759,33224.0000000409,27.648000046610832,Random,one_shot,27949.51500006827,27561.75600006827,9,4376.359000161756,measured,0.0,4212.894999909622,930
21.917,145.02300000000002,0.0,dot-128x8,19265.649999397283,433.693,29373.151999957423,31.520001590251923,Current,one_shot,24098.666999984795,23664.973999984795,9,,measured,0.0,4362.622999906307,930
21.052,135.436,0.0,dot-128x8,19204.65500006685,389.597,29687.004999365534,27.648000046610832,Predicted,one_shot,24412.519999392905,24022.922999392904,10,,measured,668.0679998680716,4150.008999204147,930
21.457,134.382,0.0,dot-128x8,19076.386999586248,377.583,28946.680000399778,27.264000847935677,Current,one_shot,23672.19500042715,23294.61200042715,10,,measured,0.0,4198.5239995483425,930
21.168999999999997,138.34699999999995,0.0,dot-128x8,19111.67399975966,378.801,33470.45200017708,26.623999699950218,Random,one_shot,28195.96700020445,27817.166000204452,10,4332.683000029647,measured,0.0,4173.16099992604,930
20.31,136.05599999999998,0.0,dot-128x8,18943.86499952816,375.738,28825.433999370307,26.240000501275063,Current,one_shot,23550.94899939768,23175.210999397677,11,,measured,0.0,4211.492999274924,930
20.939,137.016,0.0,dot-128x8,18793.049000123574,379.883,33234.11300033916,27.648000046610832,Random,one_shot,27959.62800036653,27579.74500036653,11,4379.650000373658,measured,0.0,4208.784000184096,930
20.508,137.68099999999998,0.0,dot-128x8,18750.637999801256,382.982,29216.904000558232,26.623999699950218,Predicted,one_shot,23942.419000585603,23559.437000585604,11,,measured,679.0829993406078,4129.4709999419865,930
20.880000000000003,136.439,0.0,dot-128x8,19016.170000213606,380.147,28928.831000270442,26.559999212622643,Current,one_shot,23654.346000297814,23274.199000297813,12,,measured,0.0,4235.843000060413,930
20.609,137.392,0.0,dot-128x8,18895.30299922626,381.342,33358.26100024802,27.648000046610832,Random,one_shot,28083.77600027539,27702.43400027539,12,4348.816999481642,measured,0.0,4261.075000613346,930
21.277,133.626,0.0,dot-128x8,18917.84999952506,376.025,29395.172999861163,27.488000690937042,Predicted,one_shot,24120.687999888534,23744.662999888533,12,,measured,653.3430005219998,4173.113000433659,930
18.947000000000003,53.557,0.0,dot-128x8,18888.999000409967,292.048,29343.769000541874,26.30399912595749,Predicted,one_shot,24069.284000569245,23777.236000569246,13,,measured,648.0170004579122,4239.9280000609,930
20.539,134.19899999999998,0.0,dot-128x8,18911.16300066642,370.273,28758.519000758955,25.887999683618546,Current,one_shot,23484.034000786327,23113.761000786326,13,,measured,0.0,4183.82499992731,930
21.334,136.39600000000002,0.0,dot-128x8,18797.177999658743,375.214,33152.0769995262,27.488000690937042,Random,one_shot,27877.591999553573,27502.377999553573,13,4357.644999799959,measured,0.0,4149.7279999020975,930
20.37,60.059,0.0,dot-128x8,18883.26800053619,302.712,33141.033000781434,27.648000046610832,Random,one_shot,27866.548000808805,27563.836000808806,14,4344.044999925245,measured,0.0,4140.0600002816645,930
21.57,136.033,0.0,dot-128x8,18854.859999919427,377.46,29360.816000026105,26.623999699950218,Predicted,one_shot,24086.331000053477,23708.871000053477,14,,measured,689.3190002301708,4164.447999755794,930
22.217,144.435,0.0,dot-128x8,38422.5179996065,420.958,48628.86199935504,31.74399957060814,Current,one_shot,43354.37699938241,42933.41899938241,14,,measured,0.0,4467.04200021486,930
21.049,139.00099999999998,0.0,dot-128x8,18941.774999802874,389.183,33390.23599967982,28.672000393271446,Random,one_shot,28115.750999707187,27726.567999707186,15,4452.289999790082,measured,0.0,4131.7329996672925,930
20.144,135.722,0.0,dot-128x8,18789.196999932756,380.274,29348.28000046845,26.623999699950218,Predicted,one_shot,24073.795000495822,23693.52100049582,15,,measured,662.0060003115213,4241.970999828482,930
22.542,144.57999999999998,0.0,dot-128x8,19138.07400069345,427.459,29063.087000301948,32.76799991726875,Current,one_shot,23788.60200032932,23361.14300032932,15,,measured,0.0,4198.57300039439,930
23.365000000000002,518.297,95.197,dot-1024x32,,990.442,,70.65600156784058,Current,initialize,,,-1,,initialization,,,
21.938000000000002,472.22999999999996,57.393,dot-1024x32,,887.964,,91.13600105047226,Predicted,initialize,,,-1,,initialization,,,
31.507,480.805,65.215,dot-1024x32,,956.307,,119.13599818944931,Random,initialize,,,-1,,initialization,,,928
21.462,479.178,67.984,dot-1024x32,,932.806,,118.52800101041794,Random,initialize,,,-1,,initialization,,,929
21.442999999999998,472.40399999999994,70.092,dot-1024x32,,928.833,,117.50400066375732,Random,initialize,,,-1,,initialization,,,930
22.224,,,dot-1024x32,,140.78,,114.01599645614624,Random,resident,,,0,,warmup,,,928
22.058999999999997,,,dot-1024x32,,119.074,,92.16000139713287,Predicted,resident,,,0,,warmup,,,928
21.973,,,dot-1024x32,,118.755,,93.85599941015244,Current,resident,,,0,,warmup,,,928
19.915999999999997,,,dot-1024x32,,139.257,,114.52800035476685,Random,resident,,,1,,warmup,,,928
19.75,,,dot-1024x32,,118.148,,92.16000139713287,Predicted,resident,,,1,,warmup,,,928
20.125,,,dot-1024x32,,117.472,,92.03200042247772,Current,resident,,,1,,warmup,,,928
19.09,,,dot-1024x32,,138.872,,113.53600025177002,Random,resident,,,2,,warmup,,,928
19.434,,,dot-1024x32,,115.883,,90.11200070381165,Current,resident,,,2,,warmup,,,928
18.982,,,dot-1024x32,,111.449,,85.9839990735054,Predicted,resident,,,2,,warmup,,,928
18.592,,,dot-1024x32,,130.411,,105.27999699115753,Random,resident,,,3,,warmup,,,928
18.810000000000002,,,dot-1024x32,,110.637,,84.99199897050858,Current,resident,,,3,,warmup,,,928
18.474,,,dot-1024x32,,110.242,,84.99199897050858,Predicted,resident,,,3,,warmup,,,928
18.064,,,dot-1024x32,,80.146,,55.296000093221664,Predicted,resident,,,4,,warmup,,,928
19.136,,,dot-1024x32,,109.413,,84.99199897050858,Current,resident,,,4,,warmup,,,928
19.451,,,dot-1024x32,,128.899,,104.44799810647964,Random,resident,,,4,,warmup,,,928
18.453,,,dot-1024x32,,111.213,,85.88799834251404,Predicted,resident,,,5,,warmup,,,928
19.078,,,dot-1024x32,,111.143,,86.01599931716919,Current,resident,,,5,,warmup,,,928
18.45,,,dot-1024x32,,129.656,,104.44799810647964,Random,resident,,,5,,warmup,,,928
19.346,,,dot-1024x32,,110.184,,84.99199897050858,Current,resident,,,0,,measured,,,928
18.561,,,dot-1024x32,,110.879,,85.88799834251404,Predicted,resident,,,0,,measured,,,928
18.829,,,dot-1024x32,,129.816,,104.44799810647964,Random,resident,,,0,,measured,,,928
18.458,,,dot-1024x32,,101.612,,75.77600330114365,Random,resident,,,1,,measured,,,928
18.395,,,dot-1024x32,,109.007,,84.99199897050858,Predicted,resident,,,1,,measured,,,928
18.986,,,dot-1024x32,,110.116,,85.82399785518646,Current,resident,,,1,,measured,,,928
22.872,,,dot-1024x32,,109.816,,84.99199897050858,Predicted,resident,,,2,,measured,,,928
19.574,,,dot-1024x32,,109.793,,84.99199897050858,Current,resident,,,2,,measured,,,928
18.361,,,dot-1024x32,,130.813,,106.33599758148193,Random,resident,,,2,,measured,,,928
18.612000000000002,,,dot-1024x32,,111.123,,86.01599931716919,Predicted,resident,,,3,,measured,,,928
18.408,,,dot-1024x32,,130.446,,104.86400127410889,Random,resident,,,3,,measured,,,928
18.66,,,dot-1024x32,,110.391,,84.99199897050858,Current,resident,,,3,,measured,,,928
18.64,,,dot-1024x32,,80.501,,56.03199824690819,Current,resident,,,4,,measured,,,928
18.347,,,dot-1024x32,,110.37,,84.99199897050858,Predicted,resident,,,4,,measured,,,928
18.916,,,dot-1024x32,,128.425,,104.19200360774994,Random,resident,,,4,,measured,,,928
18.774,,,dot-1024x32,,101.446,,77.60000228881836,Random,resident,,,5,,measured,,,928
22.335,,,dot-1024x32,,108.973,,84.99199897050858,Predicted,resident,,,5,,measured,,,928
19.204,,,dot-1024x32,,110.106,,86.01599931716919,Current,resident,,,5,,measured,,,928
18.194000000000003,,,dot-1024x32,,79.871,,55.296000093221664,Current,resident,,,6,,measured,,,928
18.976,,,dot-1024x32,,110.295,,84.99199897050858,Predicted,resident,,,6,,measured,,,928
18.546,,,dot-1024x32,,129.38,,104.44799810647964,Random,resident,,,6,,measured,,,928
18.957,,,dot-1024x32,,111.404,,86.81599795818329,Current,resident,,,7,,measured,,,928
18.865000000000002,,,dot-1024x32,,128.987,,104.44799810647964,Random,resident,,,7,,measured,,,928
18.52,,,dot-1024x32,,110.36,,85.60000360012054,Predicted,resident,,,7,,measured,,,928
17.947,,,dot-1024x32,,80.286,,55.296000093221664,Predicted,resident,,,8,,measured,,,928
19.194,,,dot-1024x32,,110.195,,85.9839990735054,Current,resident,,,8,,measured,,,928
19.039,,,dot-1024x32,,129.228,,104.44799810647964,Random,resident,,,8,,measured,,,928
18.28,,,dot-1024x32,,102.249,,77.56800204515457,Random,resident,,,9,,measured,,,928
18.872,,,dot-1024x32,,110.331,,85.7279971241951,Predicted,resident,,,9,,measured,,,928
18.683999999999997,,,dot-1024x32,,109.155,,84.95999872684479,Current,resident,,,9,,measured,,,928
19.6,,,dot-1024x32,,130.25,,105.34399747848511,Random,resident,,,10,,measured,,,928
19.277,,,dot-1024x32,,110.468,,85.95199882984161,Current,resident,,,10,,measured,,,928
18.775,,,dot-1024x32,,110.56,,86.01599931716919,Predicted,resident,,,10,,measured,,,928
18.055,,,dot-1024x32,,80.604,,56.15999922156334,Predicted,resident,,,11,,measured,,,928
18.494,,,dot-1024x32,,129.953,,105.47199845314026,Random,resident,,,11,,measured,,,928
18.778,,,dot-1024x32,,110.335,,84.99199897050858,Current,resident,,,11,,measured,,,928
19.05,,,dot-1024x32,,110.168,,84.99199897050858,Predicted,resident,,,12,,measured,,,928
18.732,,,dot-1024x32,,109.849,,84.99199897050858,Current,resident,,,12,,measured,,,928
18.287999999999997,,,dot-1024x32,,130.035,,104.44799810647964,Random,resident,,,12,,measured,,,928
17.632,,,dot-1024x32,,102.04,,77.82399654388428,Random,resident,,,13,,measured,,,928
18.825000000000003,,,dot-1024x32,,109.243,,84.57600325345993,Current,resident,,,13,,measured,,,928
18.528,,,dot-1024x32,,110.043,,85.95199882984161,Predicted,resident,,,13,,measured,,,928
17.992,,,dot-1024x32,,80.204,,55.296000093221664,Predicted,resident,,,14,,measured,,,928
18.975,,,dot-1024x32,,109.901,,85.1840004324913,Current,resident,,,14,,measured,,,928
19.864,,,dot-1024x32,,128.617,,104.16000336408615,Random,resident,,,14,,measured,,,928
17.859,,,dot-1024x32,,102.02,,77.60000228881836,Random,resident,,,15,,measured,,,928
18.502000000000002,,,dot-1024x32,,110.446,,85.91999858617783,Predicted,resident,,,15,,measured,,,928
18.529,,,dot-1024x32,,110.247,,86.01599931716919,Current,resident,,,15,,measured,,,928
23.374000000000002,530.321,0.0,dot-1024x32,739337.5540004855,930.425,1387178.0400006843,114.68800157308578,Random,one_shot,1067965.0089998846,1067034.5839998845,0,168922.31900055776,warmup,0.0,146663.31199987326,928
23.246,542.5409999999998,0.0,dot-1024x32,739348.5620004868,928.192,1227301.2020012254,100.19200295209885,Predicted,one_shot,908088.1710004257,907159.9790004257,0,,warmup,24571.056999775465,143238.97000031138,928
23.053,574.5020000000001,0.0,dot-1024x32,655673.0089996563,1010.957,1126151.5070006512,101.3759970664978,Current,one_shot,806938.4759998516,805927.5189998515,0,,warmup,0.0,149087.82600014092,928
22.634,552.379,0.0,dot-1024x32,759294.7529992671,974.098,1417624.4950009217,125.82400441169739,Random,one_shot,1098411.464000122,1097437.366000122,1,177688.8800004599,warmup,0.0,147286.60800028592,928
22.733,552.9990000000001,0.0,dot-1024x32,671117.3910007346,940.05,1165766.3680013602,100.35199671983719,Predicted,one_shot,846553.3370005605,845613.2870005604,1,,warmup,26796.154999829014,147699.05299999664,928
23.72,559.2219999999999,0.0,dot-1024x32,759382.022999489,946.173,1224965.4240007545,100.35199671983719,Current,one_shot,905752.3929999549,904806.2199999549,1,,warmup,0.0,144794.789000116,928
22.493000000000002,549.1850000000001,0.0,dot-1024x32,653264.7869998983,961.514,1289350.0900011254,122.65600264072418,Random,one_shot,970137.0590003256,969175.5450003257,2,159893.15200022247,warmup,0.0,143696.15300074656,928
22.704,563.246,0.0,dot-1024x32,762113.4049995816,946.53,1226602.8930007804,100.35199671983719,Current,one_shot,907389.8619999808,906443.3319999807,2,,warmup,0.0,143712.1560002197,928
24.465,596.6179999999999,0.0,dot-1024x32,769692.1529995962,1006.687,1274343.1340004744,103.39199751615524,Predicted,one_shot,955130.1029996747,954123.4159996747,2,,warmup,32450.389999212348,151978.52199980844,928
22.865000000000002,548.929,0.0,dot-1024x32,677367.6309994699,972.658,1325647.750000689,123.90399724245071,Random,one_shot,1006434.7189998892,1005462.0609998892,3,169469.55599996727,warmup,0.0,145807.43500027893,928
23.181,560.3160000000001,0.0,dot-1024x32,765175.2150004541,952.873,1231628.381000786,102.08000242710114,Current,one_shot,912415.3499999865,911462.4769999865,3,,warmup,0.0,145719.3410005857,928
23.001,560.955,0.0,dot-1024x32,671039.3809999004,956.717,1163263.5150008271,102.39999741315842,Predicted,one_shot,844050.4840000275,843093.7670000276,3,,warmup,26697.21500024025,145357.21499942156,928
21.552,521.998,0.0,dot-1024x32,746426.3980000396,885.081,1243535.3480004994,71.68000191450119,Predicted,one_shot,924322.3169996997,923437.2359996997,4,,warmup,30130.709999866667,146878.80499968742,928
23.492,557.3589999999999,0.0,dot-1024x32,656872.5939996511,946.698,1122901.2850008004,99.32799637317657,Current,one_shot,803688.2540000008,802741.5560000008,4,,warmup,0.0,145210.05900041928,928
23.422,549.7230000000001,0.0,dot-1024x32,776775.0200000592,963.537,1420544.2600007632,123.90399724245071,Random,one_shot,1101331.2289999635,1100367.6919999635,4,164390.39999931992,warmup,0.0,145942.1220006334,928
22.091,549.024,0.0,dot-1024x32,771274.6510005672,941.315,1261807.3080010617,100.28800368309021,Predicted,one_shot,942594.2770002619,941652.962000262,5,,warmup,27380.204999644775,142997.09500028257,928
23.631999999999998,560.4870000000001,0.0,dot-1024x32,659671.8460004922,953.482,1132275.7160013453,99.32799637317657,Current,one_shot,813062.6850005457,812109.2030005457,5,,warmup,0.0,151764.34900058666,928
23.651,555.399,0.0,dot-1024x32,751382.6089998474,985.595,1392742.269000135,123.74400347471237,Random,one_shot,1073529.2379993352,1072543.6429993352,5,163504.62500031426,warmup,0.0,144603.84599988174,928
23.086,557.4199999999998,0.0,dot-1024x32,666001.7889998925,950.163,1132491.9780006735,100.35199671983719,Current,one_shot,813278.9469998737,812328.7839998738,0,,measured,0.0,145675.2289996075,928
22.302,554.942,0.0,dot-1024x32,764493.0010001189,940.666,1269845.003001004,99.32799637317657,Predicted,one_shot,950631.9720002043,949691.3060002043,0,,measured,31146.057000114524,154051.39500035148,928
22.847,570.9950000000001,0.0,dot-1024x32,782199.6100001342,985.936,1423675.3050010912,122.8799968957901,Random,one_shot,1104462.2740002915,1103476.3380002915,0,159737.92699969636,measured,0.0,148232.99199997564,928
22.602,476.77500000000003,0.0,dot-1024x32,659303.1829997926,875.257,1310767.5130011488,96.25600278377533,Random,one_shot,991554.4820003491,990679.2250003491,1,173367.33000047388,measured,0.0,145348.85400007624,928
22.517000000000003,584.7869999999998,0.0,dot-1024x32,756848.9669993141,981.915,1246839.9369999932,99.32799637317657,Predicted,one_shot,927626.9059991934,926644.9909991934,1,,measured,27154.546000019764,142640.94600002863,928
22.299999999999997,553.462,0.0,dot-1024x32,651625.8740002741,951.996,1116356.833000824,100.22400319576263,Current,one_shot,797143.8020000244,796191.8060000243,1,,measured,0.0,143960.10200016462,928
23.195999999999998,684.27,0.0,dot-1024x32,757393.4020001616,1118.679,1252267.4990007079,119.6800023317337,Predicted,one_shot,933054.4679999083,931935.7889999083,2,,measured,28041.2760002946,146500.59999985388,928
22.741999999999997,547.321,0.0,dot-1024x32,670638.5880006565,994.844,1135045.5310010358,101.1200025677681,Current,one_shot,815832.5000002362,814837.6560002362,2,,measured,0.0,143512.7229997306,928
22.817,548.411,0.0,dot-1024x32,757611.8070001029,957.196,1389079.9810006327,123.61600250005722,Random,one_shot,1069866.949999833,1068909.753999833,2,156008.92499969632,measured,0.0,143311.8810000451,928
23.361,548.1760000000002,0.0,dot-1024x32,752330.3289999603,943.743,1240541.8560002837,100.35199671983719,Predicted,one_shot,921328.8249994841,920385.0819994841,3,,measured,25922.33799987298,142131.93399973534,928
22.552,543.384,0.0,dot-1024x32,649553.7440005137,950.411,1278575.4940002027,123.61600250005722,Random,one_shot,959362.462999403,958412.051999403,3,154115.98900027457,measured,0.0,142140.68799992674,928
23.553,565.2370000000001,0.0,dot-1024x32,742559.0860002558,965.645,1209122.3000004936,100.35199671983719,Current,one_shot,889909.2689996939,888943.6239996939,3,,measured,0.0,145805.79599987686,928
22.357999999999997,476.81000000000006,0.0,dot-1024x32,666879.6550002298,848.268,1131227.8690015504,71.68000191450119,Current,one_shot,812014.8380007508,811166.5700007507,4,,measured,0.0,143626.13499997678,928
22.375999999999998,545.3769999999998,0.0,dot-1024x32,755574.6480002198,937.436,1242540.418000586,100.35199671983719,Predicted,one_shot,923327.3869997864,922389.9509997864,4,,measured,26012.686000285612,140802.34300035954,928
22.306,536.9049999999999,0.0,dot-1024x32,650716.0830005887,944.587,1288654.629000981,121.85599654912949,Random,one_shot,969441.5980001814,968497.0110001813,4,155083.33599973412,measured,0.0,149473.46600001765,928
21.727,469.45200000000006,0.0,dot-1024x32,736836.8300003568,856.645,1375757.460001638,96.96000069379807,Random,one_shot,1056544.4290008382,1055687.7840008382,5,164777.23800016975,measured,0.0,141581.04099988122,928
22.741999999999997,554.0530000000002,0.0,dot-1024x32,750889.7929992599,952.111,1244071.4720000264,101.3759970664978,Predicted,one_shot,924858.4409992268,923906.3299992267,5,,measured,26386.569999885978,146629.5980007999,928
23.069,568.471,0.0,dot-1024x32,657636.7849993403,975.35,1128282.872000592,102.14400291442871,Current,one_shot,809069.8409997924,808094.4909997925,5,,measured,0.0,149840.45300025173,928
21.844,489.04799999999994,0.0,dot-1024x32,770805.5229995807,855.061,1239648.1890009071,73.72800260782242,Current,one_shot,920435.1580001074,919580.0970001074,6,,measured,0.0,148076.8649998936,928
22.162,541.555,0.0,dot-1024x32,637844.1449996899,933.366,1128801.118000384,100.35199671983719,Predicted,one_shot,809588.0869995843,808654.7209995843,6,,measured,26861.836999160005,143947.20000018424,928
22.892,556.2690000000001,0.0,dot-1024x32,756601.3850000673,968.727,1391603.0360011433,121.85599654912949,Random,one_shot,1072390.0050003435,1071421.2780003436,6,157374.24599956285,measured,0.0,144828.6980003104,928
35.016999999999996,541.5139999999998,0.0,dot-1024x32,647749.7240002777,951.886,1111480.0620010258,103.42399775981903,Current,one_shot,792267.0310002262,791315.1450002261,7,,measured,0.0,142937.36799936596,928
22.954,555.541,0.0,dot-1024x32,742178.6459999566,972.862,1374715.1340014366,121.88799679279327,Random,one_shot,1055502.103000637,1054529.241000637,7,154608.69100024865,measured,0.0,145494.91999969177,928
23.799,550.0709999999999,0.0,dot-1024x32,773582.5549998481,949.468,1274636.0030007064,102.04800218343735,Predicted,one_shot,955422.9719999068,954473.5039999068,7,,measured,28265.76000006753,152622.85599965253,928
21.273000000000003,464.363,0.0,dot-1024x32,648758.6860002921,825.955,1137838.3100013887,71.68000191450119,Predicted,one_shot,818625.2790005889,817799.324000589,8,,measured,26656.938000087393,142382.69999987097,928
23.421,552.9659999999999,0.0,dot-1024x32,756822.5269997129,947.18,1220546.7170011587,99.32799637317657,Current,one_shot,901333.6860003591,900386.5060003591,8,,measured,0.0,142876.12599946442,928
22.811999999999998,551.5970000000001,0.0,dot-1024x32,643750.5809999492,1005.665,1278609.3110008982,120.83200365304947,Random,one_shot,959396.2800000985,958390.6150000985,8,155128.12299948564,measured,0.0,147466.37899952475,928
22.53,465.677,0.0,dot-1024x32,739125.7270001005,852.751,1379485.7840012787,98.30400347709656,Random,one_shot,1060272.753000479,1059420.002000479,9,164006.85200005682,measured,0.0,144163.16899951198,928
22.649,559.793,0.0,dot-1024x32,668600.8680007944,969.835,1159863.9880008015,100.44799745082855,Predicted,one_shot,840650.9570000018,839681.1220000018,9,,measured,26706.841999839526,144371.65199979063,928
22.838,555.1609999999998,0.0,dot-1024x32,751055.4439995758,951.388,1213918.2910000514,101.1200025677681,Current,one_shot,894705.2599992517,893753.8719992517,9,,measured,0.0,142071.0410002357,928
22.049,588.185,0.0,dot-1024x32,756608.2909997931,1042.919,1386219.8930003876,124.92799758911133,Random,one_shot,1067006.8619995879,1065963.9429995879,10,152860.66600037884,measured,0.0,143758.7930004156,928
22.412,557.3489999999999,0.0,dot-1024x32,629738.0030000568,955.019,1096543.3360008746,102.01600193977356,Current,one_shot,777330.305000075,776375.286000075,10,,measured,0.0,145901.48399929603,928
22.758000000000003,548.5169999999999,0.0,dot-1024x32,739742.0480001529,940.71,1228485.4020011746,101.31199657917023,Predicted,one_shot,909272.3710003749,908331.6610003749,10,,measured,25520.899000184727,143068.3290000161,928
26.089,582.844,0.0,dot-1024x32,643214.7040004565,1059.924,1139665.0600004785,84.99199897050858,Predicted,one_shot,820452.0289996789,819392.1049996789,11,,measured,26519.072000155575,149657.6930003357,928
21.994,548.646,0.0,dot-1024x32,763845.9870004226,963.438,1396362.611000442,122.8799968957901,Random,one_shot,1077149.5799996422,1076186.1419996421,11,154480.97300031804,measured,0.0,145128.64199969044,928
22.299999999999997,619.5210000000002,0.0,dot-1024x32,633940.6790002612,1013.702,1095287.0600013738,100.35199671983719,Current,one_shot,776074.029000574,775060.327000574,11,,measured,0.0,140505.29499945696,928
37.519999999999996,548.5820000000002,0.0,dot-1024x32,732443.0650005525,962.503,1219249.5110014256,102.39999741315842,Predicted,one_shot,900036.4800006258,899073.9770006258,12,,measured,26277.84200012684,140352.31199977716,928
22.264,540.6340000000001,0.0,dot-1024x32,750962.5889997551,934.834,1214566.1660006593,101.08800232410431,Current,one_shot,895353.1349998596,894418.3009998596,12,,measured,0.0,142763.60099938756,928
23.821,550.79,0.0,dot-1024x32,642197.4400000181,964.795,1282655.027000983,122.84799665212631,Random,one_shot,963441.9960001834,962477.2010001834,12,156099.32899951673,measured,0.0,150279.52400032518,928
22.982,470.63699999999994,0.0,dot-1024x32,776962.7759998911,884.826,1425623.9970005103,97.18400239944458,Random,one_shot,1106410.9659997106,1105526.1399997107,13,171646.95100018434,measured,0.0,144720.60600019176,928
22.36,549.805,0.0,dot-1024x32,653358.7730000364,944.204,1117969.037000869,100.25600343942642,Current,one_shot,798756.0060000693,797811.8020000693,13,,measured,0.0,143791.03800001758,928
22.962,592.3439999999999,0.0,dot-1024x32,744556.4019999438,992.788,1235245.0890011063,102.39999741315842,Predicted,one_shot,916032.0580003066,915039.2700003067,13,,measured,26352.286000474123,144130.02399942343,928
21.817,463.928,0.0,dot-1024x32,637113.8849999625,829.274,1141302.04700142,71.68000191450119,Predicted,one_shot,822089.0160006204,821259.7420006205,14,,measured,39297.85300078947,144847.05900031258,928
24.107,552.476,0.0,dot-1024x32,733986.9699999327,948.173,1200468.1250015376,99.32799637317657,Current,one_shot,881255.0940007379,880306.9210007379,14,,measured,0.0,145616.83900046773,928
22.58,551.3439999999999,0.0,dot-1024x32,767043.8860004651,969.036,1423421.3560009573,124.92799758911133,Random,one_shot,1104208.3250001576,1103239.2890001575,14,175857.1350001148,measured,0.0,147379.28199974704,928
23.0,544.9860000000001,0.0,dot-1024x32,662710.5030001985,930.873,1290245.5970010876,100.00000149011612,Random,one_shot,971032.566000288,970101.693000288,15,153193.82500001666,measured,0.0,142393.6559995127,928
22.334,594.0590000000002,0.0,dot-1024x32,751202.3449999106,995.353,1242430.0700006294,100.54399818181992,Predicted,one_shot,923217.0389998298,922221.6859998298,15,,measured,26310.944000215386,144708.37299995765,928
22.679000000000002,554.4280000000001,0.0,dot-1024x32,642683.7750004779,941.052,1106133.1920012361,100.35199671983719,Current,one_shot,786920.1610004365,785979.1090004365,15,,measured,0.0,142598.44400021393,928
22.544,,,dot-1024x32,,141.997,,116.67200177907944,Random,resident,,,0,,warmup,,,929
20.060000000000002,,,dot-1024x32,,134.046,,91.13600105047226,Current,resident,,,0,,warmup,,,929
20.759,,,dot-1024x32,,137.438,,111.61600053310394,Predicted,resident,,,0,,warmup,,,929
18.178,,,dot-1024x32,,86.385,,61.59999966621399,Predicted,resident,,,1,,warmup,,,929
19.027,,,dot-1024x32,,138.648,,114.33599889278412,Random,resident,,,1,,warmup,,,929
19.597,,,dot-1024x32,,132.861,,93.18400174379349,Current,resident,,,1,,warmup,,,929
19.537,,,dot-1024x32,,118.767,,93.08800101280212,Predicted,resident,,,2,,warmup,,,929
19.491999999999997,,,dot-1024x32,,137.119,,111.87200248241425,Random,resident,,,2,,warmup,,,929
19.097,,,dot-1024x32,,116.454,,92.92799979448318,Current,resident,,,2,,warmup,,,929
18.471,,,dot-1024x32,,117.586,,92.16000139713287,Predicted,resident,,,3,,warmup,,,929
18.866,,,dot-1024x32,,116.478,,92.00000017881393,Current,resident,,,3,,warmup,,,929
18.703,,,dot-1024x32,,136.905,,112.64000087976456,Random,resident,,,3,,warmup,,,929
19.534,,,dot-1024x32,,115.993,,92.12800115346909,Predicted,resident,,,4,,warmup,,,929
19.662999999999997,,,dot-1024x32,,116.081,,92.03200042247772,Current,resident,,,4,,warmup,,,929
19.561,,,dot-1024x32,,138.502,,113.40799927711487,Random,resident,,,4,,warmup,,,929
19.053,,,dot-1024x32,,116.921,,91.96799993515015,Predicted,resident,,,5,,warmup,,,929
19.43,,,dot-1024x32,,117.105,,92.12800115346909,Current,resident,,,5,,warmup,,,929
19.393,,,dot-1024x32,,138.424,,112.64000087976456,Random,resident,,,5,,warmup,,,929
18.272,,,dot-1024x32,,109.908,,84.99199897050858,Random,resident,,,0,,measured,,,929
18.939999999999998,,,dot-1024x32,,115.682,,90.94399958848953,Current,resident,,,0,,measured,,,929
18.418,,,dot-1024x32,,115.801,,92.0960009098053,Predicted,resident,,,0,,measured,,,929
18.086,,,dot-1024x32,,85.843,,61.24800071120262,Predicted,resident,,,1,,measured,,,929
18.596,,,dot-1024x32,,138.261,,113.66400122642517,Random,resident,,,1,,measured,,,929
18.884999999999998,,,dot-1024x32,,116.585,,91.80799871683121,Current,resident,,,1,,measured,,,929
18.662,,,dot-1024x32,,128.407,,77.60000228881836,Current,resident,,,2,,measured,,,929
18.750999999999998,,,dot-1024x32,,115.636,,91.80799871683121,Predicted,resident,,,2,,measured,,,929
19.1,,,dot-1024x32,,137.965,,112.67200112342834,Random,resident,,,2,,measured,,,929
18.886,,,dot-1024x32,,115.839,,90.97599983215332,Predicted,resident,,,3,,measured,,,929
18.904,,,dot-1024x32,,116.215,,92.16000139713287,Current,resident,,,3,,measured,,,929
18.859,,,dot-1024x32,,138.279,,113.56800049543381,Random,resident,,,3,,measured,,,929
19.094,,,dot-1024x32,,115.51,,91.13600105047226,Current,resident,,,4,,measured,,,929
18.86,,,dot-1024x32,,136.422,,111.61600053310394,Random,resident,,,4,,measured,,,929
18.625,,,dot-1024x32,,115.879,,91.13600105047226,Predicted,resident,,,4,,measured,,,929
18.134999999999998,,,dot-1024x32,,86.043,,62.431998550891876,Predicted,resident,,,5,,measured,,,929
19.071,,,dot-1024x32,,135.835,,111.48799955844879,Random,resident,,,5,,measured,,,929
19.302,,,dot-1024x32,,117.025,,92.16000139713287,Current,resident,,,5,,measured,,,929
19.584000000000003,,,dot-1024x32,,117.734,,92.99200028181076,Predicted,resident,,,6,,measured,,,929
19.517,,,dot-1024x32,,115.556,,91.13600105047226,Current,resident,,,6,,measured,,,929
19.214,,,dot-1024x32,,137.836,,113.43999952077866,Random,resident,,,6,,measured,,,929
34.366,,,dot-1024x32,,126.732,,100.35199671983719,Predicted,resident,,,7,,measured,,,929
18.964,,,dot-1024x32,,116.645,,91.13600105047226,Current,resident,,,7,,measured,,,929
19.193,,,dot-1024x32,,137.688,,112.64000087976456,Random,resident,,,7,,measured,,,929
33.678,,,dot-1024x32,,115.906,,90.11200070381165,Current,resident,,,8,,measured,,,929
19.095,,,dot-1024x32,,117.557,,92.00000017881393,Predicted,resident,,,8,,measured,,,929
19.020000000000003,,,dot-1024x32,,137.822,,112.64000087976456,Random,resident,,,8,,measured,,,929
18.216,,,dot-1024x32,,110.389,,84.99199897050858,Random,resident,,,9,,measured,,,929
18.785,,,dot-1024x32,,115.944,,91.36000275611877,Predicted,resident,,,9,,measured,,,929
18.741999999999997,,,dot-1024x32,,116.327,,91.87199920415878,Current,resident,,,9,,measured,,,929
18.281,,,dot-1024x32,,86.933,,62.272001057863235,Current,resident,,,10,,measured,,,929
18.96,,,dot-1024x32,,115.986,,91.13600105047226,Predicted,resident,,,10,,measured,,,929
18.876,,,dot-1024x32,,136.72,,112.64000087976456,Random,resident,,,10,,measured,,,929
19.153,,,dot-1024x32,,115.934,,91.77599847316742,Current,resident,,,11,,measured,,,929
37.296,,,dot-1024x32,,160.391,,133.12000036239624,Random,resident,,,11,,measured,,,929
18.85,,,dot-1024x32,,116.106,,91.13600105047226,Predicted,resident,,,11,,measured,,,929
18.817,,,dot-1024x32,,138.093,,113.66400122642517,Random,resident,,,12,,measured,,,929
18.886,,,dot-1024x32,,115.185,,91.80799871683121,Predicted,resident,,,12,,measured,,,929
18.988,,,dot-1024x32,,116.455,,92.16000139713287,Current,resident,,,12,,measured,,,929
19.33,,,dot-1024x32,,116.121,,91.13600105047226,Predicted,resident,,,13,,measured,,,929
19.363,,,dot-1024x32,,116.077,,91.80799871683121,Current,resident,,,13,,measured,,,929
19.406,,,dot-1024x32,,137.635,,113.37599903345108,Random,resident,,,13,,measured,,,929
19.516,,,dot-1024x32,,115.501,,90.97599983215332,Current,resident,,,14,,measured,,,929
19.287,,,dot-1024x32,,136.3,,111.61600053310394,Random,resident,,,14,,measured,,,929
18.874000000000002,,,dot-1024x32,,116.322,,91.13600105047226,Predicted,resident,,,14,,measured,,,929
19.040999999999997,,,dot-1024x32,,116.136,,91.93599969148636,Current,resident,,,15,,measured,,,929
18.951999999999998,,,dot-1024x32,,116.235,,91.32800251245499,Predicted,resident,,,15,,measured,,,929
18.729,,,dot-1024x32,,138.205,,113.66400122642517,Random,resident,,,15,,measured,,,929
21.622,446.31600000000003,0.0,dot-1024x32,750102.803000118,824.906,1385459.9710010209,95.23200243711472,Random,one_shot,1066246.9400002211,1065422.0340002212,0,159465.3339998331,warmup,0.0,143366.83999954403,929
23.692,549.182,0.0,dot-1024x32,648285.9889993051,947.811,1114294.8630007904,100.35199671983719,Current,one_shot,795081.8319999907,794134.0209999908,0,,warmup,0.0,145199.51399961428,929
22.533,556.6010000000001,0.0,dot-1024x32,756263.3819998155,960.441,1248718.9730011711,101.31199657917023,Predicted,one_shot,929505.9420003715,928545.5010003715,0,,warmup,26966.81100042042,145314.48400066438,929
21.957,469.63800000000003,0.0,dot-1024x32,743524.4420003074,831.785,1230854.6440011102,71.68000191450119,Predicted,one_shot,911641.6130003106,910809.8280003106,1,,warmup,26967.44300010323,140317.33899992105,929
23.462,727.322,0.0,dot-1024x32,652891.2940002556,1212.837,1281242.310000468,130.8480054140091,Random,one_shot,962029.2789996683,960816.4419996683,1,152919.16000023775,warmup,0.0,142287.51199971157,929
23.519,555.457,0.0,dot-1024x32,744750.25799984,993.819,1206838.7430012124,100.35199671983719,Current,one_shot,887625.7120004128,886631.8930004127,1,,warmup,0.0,141263.07999958954,929
23.115000000000002,554.1709999999999,0.0,dot-1024x32,640913.2979997594,950.423,1142126.038000975,100.25600343942642,Predicted,one_shot,822913.0070001753,821962.5840001754,2,,warmup,31601.9599995343,149446.90900028945,929
24.101,543.1569999999999,0.0,dot-1024x32,769551.9179997063,968.466,1422790.8680014533,121.63200229406357,Random,one_shot,1103577.8370006536,1102609.3710006536,2,174421.5990001976,warmup,0.0,145805.47000059596,929
23.125,553.958,0.0,dot-1024x32,643215.6490000125,951.827,1111300.2730008985,100.73599964380264,Current,one_shot,792087.2420000989,791135.4150000989,2,,warmup,0.0,147328.75100071396,929
22.92,574.157,0.0,dot-1024x32,747927.7210004511,967.446,1238122.30300086,100.35199671983719,Predicted,one_shot,918909.2720000602,917941.8260000602,3,,warmup,26434.590999997454,143578.8999997385,929
24.038,549.272,0.0,dot-1024x32,754378.8580005639,943.082,1219491.4260007374,100.35199671983719,Current,one_shot,900278.3949999377,899335.3129999377,3,,warmup,0.0,144341.73999961786,929
23.198,541.843,0.0,dot-1024x32,644575.225999688,951.074,1281568.9290008554,121.5360015630722,Random,one_shot,962355.8980000557,961404.8240000557,3,157503.21799987432,warmup,0.0,146462.0320002723,929
23.93,551.657,0.0,dot-1024x32,781051.1679999763,952.309,1277203.0370003774,101.3759970664978,Predicted,one_shot,957990.0059995778,957037.6969995778,4,,warmup,28967.25500067987,147018.28400029626,929
23.252000000000002,554.621,0.0,dot-1024x32,668196.7569993504,946.207,1131761.8560003967,99.32799637317657,Current,one_shot,812548.824999597,811602.617999597,4,,warmup,0.0,142790.22600021563,929
22.667,571.2689999999999,0.0,dot-1024x32,749176.1680003037,985.124,1386956.8380012438,124.92799758911133,Random,one_shot,1067743.807000444,1066758.683000444,4,156725.29299990856,warmup,0.0,147973.76599926793,929
22.482,564.7950000000001,0.0,dot-1024x32,635893.8960001979,969.479,1126281.2630005872,100.35199671983719,Predicted,one_shot,807068.2319997875,806098.7529997875,5,,warmup,26428.180000038992,143775.9599994024,929
23.320999999999998,557.6940000000001,0.0,dot-1024x32,748607.8649999399,948.533,1211181.0780005082,100.12800246477127,Current,one_shot,891968.0469997086,891019.5139997086,5,,warmup,0.0,141712.2359998757,929
23.101,549.5830000000001,0.0,dot-1024x32,754472.6939995599,970.828,1406280.0020006495,123.90399724245071,Random,one_shot,1087066.9709998497,1086096.1429998497,5,176842.27399968222,warmup,0.0,141889.34200046788,929
21.509,472.544,0.0,dot-1024x32,661058.8839994307,860.451,1310372.0260011246,95.23200243711472,Random,one_shot,991158.9950003249,990298.5440003249,0,169180.4760002924,measured,0.0,147090.0550002625,929
23.625,562.544,0.0,dot-1024x32,746163.0960006005,960.864,1214883.9270009478,101.3759970664978,Current,one_shot,895670.8960001481,894710.0320001482,0,,measured,0.0,147906.95099964069,929
22.991,590.238,0.0,dot-1024x32,642283.5310004302,990.052,1131901.7010010637,101.15200281143188,Predicted,one_shot,812688.6700002641,811698.618000264,0,,measured,26084.258000082627,143330.09700021648,929
21.582,503.743,0.0,dot-1024x32,750982.2160000112,870.507,1241513.8040001334,70.65600156784058,Predicted,one_shot,922300.7729993337,921430.2659993337,1,,measured,27035.115999751724,143411.89100014162,929
22.989,590.9499999999999,0.0,dot-1024x32,656459.4339997711,1000.368,1291689.915000511,121.85599654912949,Random,one_shot,972476.8839997114,971476.5159997114,1,154718.6210000291,measured,0.0,147401.86299968627,929
24.005,553.9990000000001,0.0,dot-1024x32,753577.6549993898,963.286,1221160.086000849,100.38399696350098,Current,one_shot,901947.0550000494,900983.7690000494,1,,measured,0.0,146682.7980002563,929
21.058999999999997,470.625,0.0,dot-1024x32,761584.6050002801,835.376,1223753.778000687,72.64000177383423,Current,one_shot,904540.7469998873,903705.3709998872,2,,measured,0.0,141462.13599997282,929
22.661,551.0030000000002,0.0,dot-1024x32,656929.8730000809,940.305,1145992.6110011619,99.32799637317657,Predicted,one_shot,826779.5800003622,825839.2750003622,2,,measured,27282.191999802308,141626.60500005586,929
22.308999999999997,537.4559999999999,0.0,dot-1024x32,762291.9559998991,950.054,1400825.414000806,122.97599762678146,Random,one_shot,1081612.3830000062,1080662.3290000062,2,159128.2549998141,measured,0.0,146486.63399930228,929
21.948999999999998,548.901,0.0,dot-1024x32,641203.8329999632,945.073,1135408.497000387,101.3759970664978,Predicted,one_shot,816195.4659995873,815250.3929995873,3,,measured,28441.51299996156,145604.15300002205,929
23.259,553.6800000000001,0.0,dot-1024x32,785011.2679998346,936.804,1255433.8650006203,101.3759970664978,Current,one_shot,936220.8339998206,935284.0299998206,3,,measured,0.0,149568.1569995213,929
23.54,573.5380000000001,0.0,dot-1024x32,685068.1440000699,996.752,1332323.3270011852,122.8799968957901,Random,one_shot,1013110.2960003854,1012113.5440003854,3,167918.8999996768,measured,0.0,145265.87199998175,929
23.959,555.9860000000002,0.0,dot-1024x32,771154.3309997069,935.637,1239235.17300125,99.32799637317657,Current,one_shot,920022.1420004504,919086.5050004504,4,,measured,0.0,147258.50400009222,929
24.060000000000002,556.2650000000001,0.0,dot-1024x32,762837.653999668,1017.409,1414989.2300008142,123.90399724245071,Random,one_shot,1095776.1990000145,1094758.7900000145,4,170719.16399982,measured,0.0,146183.90899977385,929
22.555,572.3599999999999,0.0,dot-1024x32,648871.5399991634,957.826,1144850.7460003258,99.55199807882309,Predicted,one_shot,825637.7149995262,824679.8889995262,4,,measured,27618.944000096235,148189.1869998435,929
29.101,474.374,0.0,dot-1024x32,769736.0060001302,842.738,1283832.0390002707,70.56000083684921,Predicted,one_shot,964619.007999471,963776.269999471,5,,measured,32356.23399996257,161684.00999958976,929
22.892,573.0129999999999,0.0,dot-1024x32,679818.0659998253,975.132,1330514.6620010568,123.90399724245071,Random,one_shot,1011301.6310002571,1010326.4990002571,5,168465.9639995516,measured,0.0,148412.04999993352,929
23.593,611.8729999999999,0.0,dot-1024x32,765293.4759998971,1002.807,1231911.7150008562,100.60799866914749,Current,one_shot,912698.6840000565,911695.8770000564,5,,measured,0.0,145704.15500020317,929
22.289,557.844,0.0,dot-1024x32,632860.7629993712,952.967,1123782.2440001643,101.31199657917023,Predicted,one_shot,804569.2129993647,803616.2459993648,6,,measured,27180.81200055167,143574.38800016098,929
22.598,554.8539999999999,0.0,dot-1024x32,748442.7479994338,955.619,1213532.8110009355,101.31199657917023,Current,one_shot,894319.7800001359,893364.1610001359,6,,measured,0.0,144224.41700025956,929
22.851,542.6270000000001,0.0,dot-1024x32,763522.1810005533,955.04,1405989.2640007013,123.90399724245071,Random,one_shot,1086776.2329999015,1085821.1929999015,6,164677.72700070782,measured,0.0,144001.65000006382,929
22.555,549.644,0.0,dot-1024x32,659488.9549996878,950.259,1155897.1990006273,102.36799716949463,Predicted,one_shot,836684.1679998277,835733.9089998277,7,,measured,26934.48200079729,149309.92199970206,929
22.735,568.3919999999999,0.0,dot-1024x32,744763.9390002224,959.627,1211501.0460009468,100.35199671983719,Current,one_shot,892288.0150001472,891328.3880001472,7,,measured,0.0,145886.07299992873,929
22.05,554.261,0.0,dot-1024x32,641229.5379996067,967.564,1275012.8330004532,123.64800274372101,Random,one_shot,955799.8019996535,954832.2379996534,7,157220.30400047515,measured,0.0,143173.66699924605,929
23.643,600.246,0.0,dot-1024x32,754631.3989996633,1033.756,1218752.863999983,99.32799637317657,Current,one_shot,899539.8329991833,898506.0769991833,8,,measured,0.0,143232.54700047983,929
23.479999999999997,552.0970000000001,0.0,dot-1024x32,642320.0469998847,958.532,1131321.462000956,100.35199671983719,Predicted,one_shot,812108.4310001564,811149.8990001564,8,,measured,26724.89399992628,142103.49799941469,929
23.215,571.1690000000001,0.0,dot-1024x32,762102.1249997284,987.098,1403031.4300005143,122.65600264072418,Random,one_shot,1083818.3989997145,1082831.3009997145,8,161513.69199997134,measured,0.0,145892.64000005642,929
26.993000000000002,454.238,0.0,dot-1024x32,764700.472000186,849.213,1395324.8880006492,99.32799637317657,Random,one_shot,1076111.8569998494,1075262.6439998494,9,154040.9469998849,measured,0.0,144001.32599985227,929
22.509,595.836,0.0,dot-1024x32,640214.4180001414,1022.473,1131603.140000686,99.32799637317657,Predicted,one_shot,812390.1089998863,811367.6359998863,9,,measured,26942.853999571525,144209.055999454,929
23.584,549.097,0.0,dot-1024x32,746119.2729997493,941.845,1214118.34900033,100.35199671983719,Current,one_shot,894905.3179995305,893963.4729995305,9,,measured,0.0,147140.20500014158,929
21.823999999999998,470.51900000000006,0.0,dot-1024x32,633101.9150002248,835.855,1099757.0190007852,72.7040022611618,Current,one_shot,780543.9879999855,779708.1329999855,10,,measured,0.0,145949.68300025357,929
23.085,539.506,0.0,dot-1024x32,754355.3970008361,944.868,1252113.8600011123,99.32799637317657,Predicted,one_shot,932900.8290003126,931955.9610003126,10,,measured,27759.266999964893,149840.22400039976,929
22.689,540.6529999999999,0.0,dot-1024x32,666163.859000335,957.189,1305454.644001183,121.85599654912949,Random,one_shot,986241.6130003834,985284.4240003834,10,159141.13300004828,measured,0.0,146792.01699982514,929
23.25,563.0120000000001,0.0,dot-1024x32,742072.4490002613,965.185,1211220.532000384,99.32799637317657,Current,one_shot,892007.5009995844,891042.3159995844,11,,measured,0.0,148261.80000000022,929
23.048000000000002,542.7359999999999,0.0,dot-1024x32,744270.4999994021,953.58,1372260.7890004062,123.19999933242798,Random,one_shot,1053047.7579996064,1052094.1779996064,11,152227.5349998381,measured,0.0,143472.6330007834,929
23.834,624.5489999999999,0.0,dot-1024x32,644894.647000001,1039.272,1135580.817000502,101.3759970664978,Predicted,one_shot,816367.7859997024,815328.5139997024,11,,measured,26436.895999722765,143996.34799974592,929
22.546,542.263,0.0,dot-1024x32,756967.4169999417,955.2,1393407.9010012753,122.8799968957901,Random,one_shot,1074194.8700004756,1073239.6700004756,12,159952.7099997431,measured,0.0,143003.76499977574,929
23.557000000000002,549.877,0.0,dot-1024x32,660934.5910001139,946.224,1162207.8180011893,100.35199671983719,Predicted,one_shot,842994.7870003897,842048.5630003896,12,,measured,31887.31799946254,149225.07400024188,929
22.823,552.444,0.0,dot-1024x32,753054.5420004274,944.997,1217108.6040013628,101.6639992594719,Current,one_shot,897895.5730005631,896950.5760005631,12,,measured,0.0,143257.61100008094,929
22.691000000000003,538.533,0.0,dot-1024x32,651747.4579995906,927.53,1144281.2640008116,99.32799637317657,Predicted,one_shot,825068.2330000119,824140.7030000119,13,,measured,27214.47200019611,145178.66799997137,929
22.355,554.9509999999999,0.0,dot-1024x32,751869.5339995248,953.034,1217956.0780001937,101.3759970664978,Current,one_shot,898743.0469993941,897790.0129993941,13,,measured,0.0,145184.42500047968,929
22.88,566.023,0.0,dot-1024x32,753387.5899998748,1000.575,1395820.1350014515,121.85599654912949,Random,one_shot,1076607.1040006517,1075606.5290006518,13,160877.00200023392,measured,0.0,146163.43800025788,929
23.194000000000003,544.03,0.0,dot-1024x32,661125.8249995444,939.194,1130030.7920007412,100.35199671983719,Current,one_shot,810817.7609999416,809878.5669999416,14,,measured,0.0,148056.83600025077,929
27.058999999999997,553.7160000000001,0.0,dot-1024x32,777692.7769991744,974.265,1410676.0260010879,123.90399724245071,Random,one_shot,1091462.9950002881,1090488.7300002882,14,156921.83800001658,measured,0.0,143551.77800007368,929
22.276,545.4430000000002,0.0,dot-1024x32,649952.2470003285,942.739,1140396.4690011507,101.31199657917023,Predicted,one_shot,821183.438000351,820240.699000351,14,,measured,28007.46400043863,142280.05499990104,929
23.625999999999998,555.729,0.0,dot-1024x32,743481.8000001542,954.418,1213341.8720011455,99.32799637317657,Current,one_shot,894128.8410003459,893174.4230003459,15,,measured,0.0,149072.37399984297,929
23.656,558.717,0.0,dot-1024x32,641819.0869999307,1018.846,1133713.5360007896,98.24000298976898,Predicted,one_shot,814500.50499999,813481.65899999,15,,measured,27668.278999954055,143993.5050002532,929
23.924,552.4889999999999,0.0,dot-1024x32,756884.6470003336,974.583,1415996.7280008758,121.85599654912949,Random,one_shot,1096783.697000076,1095809.114000076,15,174673.17399950844,measured,0.0,150461.02099950076,929
21.377000000000002,,,dot-1024x32,,122.712,,94.91200000047684,Current,resident,,,0,,warmup,,,930
21.732,,,dot-1024x32,,140.431,,114.43199962377548,Random,resident,,,0,,warmup,,,930
20.659,,,dot-1024x32,,119.477,,93.08800101280212,Predicted,resident,,,0,,warmup,,,930
18.546,,,dot-1024x32,,86.471,,61.69600039720535,Predicted,resident,,,1,,warmup,,,930
18.983,,,dot-1024x32,,139.567,,113.6000007390976,Random,resident,,,1,,warmup,,,930
19.729,,,dot-1024x32,,118.046,,92.16000139713287,Current,resident,,,1,,warmup,,,930
19.436,,,dot-1024x32,,140.116,,114.68800157308578,Random,resident,,,2,,warmup,,,930
19.491999999999997,,,dot-1024x32,,117.317,,91.13600105047226,Current,resident,,,2,,warmup,,,930
20.237000000000002,,,dot-1024x32,,118.892,,92.86399930715561,Predicted,resident,,,2,,warmup,,,930
19.363,,,dot-1024x32,,139.474,,113.6000007390976,Random,resident,,,3,,warmup,,,930
19.573999999999998,,,dot-1024x32,,117.921,,93.08800101280212,Current,resident,,,3,,warmup,,,930
18.999,,,dot-1024x32,,117.17,,91.48799628019333,Predicted,resident,,,3,,warmup,,,930
18.494999999999997,,,dot-1024x32,,86.807,,61.43999844789505,Predicted,resident,,,4,,warmup,,,930
19.243000000000002,,,dot-1024x32,,140.144,,114.68800157308578,Random,resident,,,4,,warmup,,,930
19.106,,,dot-1024x32,,116.88,,92.16000139713287,Current,resident,,,4,,warmup,,,930
18.709,,,dot-1024x32,,87.047,,62.431998550891876,Current,resident,,,5,,warmup,,,930
18.878999999999998,,,dot-1024x32,,138.194,,112.64000087976456,Random,resident,,,5,,warmup,,,930
23.573999999999998,,,dot-1024x32,,117.437,,92.16000139713287,Predicted,resident,,,5,,warmup,,,930
19.581000000000003,,,dot-1024x32,,117.012,,92.83199906349182,Current,resident,,,0,,measured,,,930
19.28,,,dot-1024x32,,115.613,,91.13600105047226,Predicted,resident,,,0,,measured,,,930
19.337000000000003,,,dot-1024x32,,139.569,,114.56000059843063,Random,resident,,,0,,measured,,,930
18.164,,,dot-1024x32,,110.997,,85.95199882984161,Random,resident,,,1,,measured,,,930
19.231,,,dot-1024x32,,117.302,,92.99200028181076,Current,resident,,,1,,measured,,,930
18.915,,,dot-1024x32,,116.26,,91.13600105047226,Predicted,resident,,,1,,measured,,,930
18.378,,,dot-1024x32,,86.379,,61.43999844789505,Predicted,resident,,,2,,measured,,,930
19.119999999999997,,,dot-1024x32,,140.149,,114.68800157308578,Random,resident,,,2,,measured,,,930
19.966,,,dot-1024x32,,117.054,,92.16000139713287,Current,resident,,,2,,measured,,,930
19.570999999999998,,,dot-1024x32,,88.036,,62.463998794555664,Current,resident,,,3,,measured,,,930
19.34,,,dot-1024x32,,139.696,,113.6000007390976,Random,resident,,,3,,measured,,,930
18.898,,,dot-1024x32,,117.1,,92.16000139713287,Predicted,resident,,,3,,measured,,,930
19.332,,,dot-1024x32,,138.888,,113.66400122642517,Random,resident,,,4,,measured,,,930
19.509,,,dot-1024x32,,116.535,,90.94399958848953,Predicted,resident,,,4,,measured,,,930
19.248,,,dot-1024x32,,117.534,,92.92799979448318,Current,resident,,,4,,measured,,,930
19.393,,,dot-1024x32,,139.63,,113.98400366306305,Random,resident,,,5,,measured,,,930
19.422,,,dot-1024x32,,117.443,,91.839998960495,Predicted,resident,,,5,,measured,,,930
19.393,,,dot-1024x32,,118.11,,92.16000139713287,Current,resident,,,5,,measured,,,930
20.428,,,dot-1024x32,,116.609,,92.03200042247772,Predicted,resident,,,6,,measured,,,930
19.396,,,dot-1024x32,,116.48,,91.13600105047226,Current,resident,,,6,,measured,,,930
19.122999999999998,,,dot-1024x32,,138.804,,112.64000087976456,Random,resident,,,6,,measured,,,930
19.269,,,dot-1024x32,,116.58,,91.13600105047226,Current,resident,,,7,,measured,,,930
18.939999999999998,,,dot-1024x32,,117.037,,92.16000139713287,Predicted,resident,,,7,,measured,,,930
18.942999999999998,,,dot-1024x32,,138.979,,112.64000087976456,Random,resident,,,7,,measured,,,930
19.162,,,dot-1024x32,,116.685,,92.16000139713287,Current,resident,,,8,,measured,,,930
19.384,,,dot-1024x32,,116.169,,91.839998960495,Predicted,resident,,,8,,measured,,,930
19.404,,,dot-1024x32,,140.38,,115.7120019197464,Random,resident,,,8,,measured,,,930
18.962,,,dot-1024x32,,116.434,,91.13600105047226,Predicted,resident,,,9,,measured,,,930
18.975,,,dot-1024x32,,137.149,,112.64000087976456,Random,resident,,,9,,measured,,,930
18.98,,,dot-1024x32,,117.479,,92.8959995508194,Current,resident,,,9,,measured,,,930
19.056,,,dot-1024x32,,117.698,,92.16000139713287,Predicted,resident,,,10,,measured,,,930
19.366999999999997,,,dot-1024x32,,117.119,,91.13600105047226,Current,resident,,,10,,measured,,,930
19.434,,,dot-1024x32,,141.128,,116.73600226640701,Random,resident,,,10,,measured,,,930
19.349,,,dot-1024x32,,116.332,,91.13600105047226,Current,resident,,,11,,measured,,,930
18.729,,,dot-1024x32,,138.909,,113.66400122642517,Random,resident,,,11,,measured,,,930
19.037,,,dot-1024x32,,117.484,,92.16000139713287,Predicted,resident,,,11,,measured,,,930
19.845,,,dot-1024x32,,116.801,,91.96799993515015,Current,resident,,,12,,measured,,,930
19.933999999999997,,,dot-1024x32,,138.482,,112.64000087976456,Random,resident,,,12,,measured,,,930
19.392,,,dot-1024x32,,116.48,,92.12800115346909,Predicted,resident,,,12,,measured,,,930
18.407,,,dot-1024x32,,86.322,,61.43999844789505,Predicted,resident,,,13,,measured,,,930
23.131999999999998,,,dot-1024x32,,117.238,,92.0960009098053,Current,resident,,,13,,measured,,,930
19.07,,,dot-1024x32,,139.32,,113.66400122642517,Random,resident,,,13,,measured,,,930
18.942999999999998,,,dot-1024x32,,112.093,,86.87999844551086,Random,resident,,,14,,measured,,,930
20.266,,,dot-1024x32,,118.848,,93.18400174379349,Predicted,resident,,,14,,measured,,,930
19.378999999999998,,,dot-1024x32,,117.029,,92.16000139713287,Current,resident,,,14,,measured,,,930
19.415,,,dot-1024x32,,141.306,,115.7120019197464,Random,resident,,,15,,measured,,,930
19.659,,,dot-1024x32,,118.462,,92.3520028591156,Predicted,resident,,,15,,measured,,,930
19.192,,,dot-1024x32,,117.123,,91.13600105047226,Current,resident,,,15,,measured,,,930
22.213,552.8199999999999,0.0,dot-1024x32,780273.3340004124,954.296,1246503.316000908,74.75200295448303,Current,one_shot,927290.2850001083,926335.9890001083,0,,warmup,0.0,145428.48800010688,930
22.576,532.9749999999999,0.0,dot-1024x32,639366.2629998289,941.28,1279057.8530011708,123.90399724245071,Random,one_shot,959844.8220003711,958903.542000371,0,157439.40199990902,warmup,0.0,149431.2369995896,930
22.044,542.2810000000001,0.0,dot-1024x32,750809.4899994831,972.734,1236688.1610002867,100.0640019774437,Predicted,one_shot,917475.129999487,916502.3959994869,0,,warmup,25782.480999623658,139909.39399991476,930
21.128,459.2730000000001,0.0,dot-1024x32,648567.6310003328,828.597,1140573.4580005084,70.94399631023407,Predicted,one_shot,821360.4269997088,820531.8299997088,1,,warmup,26834.455000425805,145129.08899996546,930
23.061999999999998,543.499,0.0,dot-1024x32,764644.4820002216,960.1,1406257.8470009866,124.92799758911133,Random,one_shot,1087044.8160001868,1086084.7160001867,1,163730.4639998547,warmup,0.0,144337.89899976546,930
22.275,544.9780000000002,0.0,dot-1024x32,669450.6590001765,939.883,1137016.2650011925,101.15200281143188,Current,one_shot,817803.2340003928,816863.3510003928,1,,warmup,0.0,146621.6250000798,930
23.166,547.587,0.0,dot-1024x32,751233.33800002,962.53,1398916.034000725,124.92799758911133,Random,one_shot,1079703.0029999253,1078740.4729999253,2,171484.43699989002,warmup,0.0,143257.38000025012,930
23.127000000000002,545.1560000000001,0.0,dot-1024x32,761011.9179998946,934.022,1225623.80500094,100.3199964761734,Current,one_shot,906410.7740001405,905476.7520001405,2,,warmup,0.0,143828.30999966245,930
22.027,542.0610000000003,0.0,dot-1024x32,658946.8120000674,932.58,1150850.7080005358,99.32799637317657,Predicted,one_shot,831637.6769997362,830705.0969997363,2,,warmup,27295.85900033271,144461.6489998225,930
40.173,546.9370000000001,0.0,dot-1024x32,759581.0239999992,1014.575,1393876.9160010915,135.16800105571747,Random,one_shot,1074663.8850002917,1073649.3100002918,3,155322.44000041828,warmup,0.0,144925.68300011044,930
23.625999999999998,558.4000000000001,0.0,dot-1024x32,659531.5949998621,955.061,1126069.3420006058,99.32799637317657,Current,one_shot,806856.3109998062,805901.2499998062,3,,warmup,0.0,145683.39600009494,930
22.439999999999998,548.0799999999999,0.0,dot-1024x32,753709.5110001246,939.289,1245222.520000736,99.32799637317657,Predicted,one_shot,926009.4889999364,925070.1999999364,3,,warmup,27400.71199968952,143959.0460004183,930
37.348,457.96899999999994,0.0,dot-1024x32,657683.1100001072,866.272,1145670.5080007093,70.91200351715088,Predicted,one_shot,826457.4769999097,825591.2049999097,4,,warmup,26929.816999654577,140977.13600040152,930
22.945999999999998,543.6620000000001,0.0,dot-1024x32,733974.1280002273,954.666,1370693.9550007905,123.90399724245071,Random,one_shot,1051480.9239999908,1050526.2579999908,4,155361.14999940764,warmup,0.0,148172.3550004972,930
22.143,550.8250000000002,0.0,dot-1024x32,743469.2169999834,945.29,1205627.672000101,100.35199671983719,Current,one_shot,886414.6409993013,885469.3509993013,4,,warmup,0.0,141365.1499997286,930
23.839,577.184,0.0,dot-1024x32,648610.9170000418,978.624,1122408.1080001458,74.75200295448303,Current,one_shot,803195.076999346,802216.4529993461,5,,warmup,0.0,152917.8660002799,930
22.353,582.98,0.0,dot-1024x32,762619.1409999592,995.777,1402489.5520007447,122.8799968957901,Random,one_shot,1083276.520999945,1082280.743999945,5,157248.07999959012,warmup,0.0,148507.47600030445,930
22.22,547.8230000000001,0.0,dot-1024x32,636546.3069996622,935.899,1130732.3530008253,101.02400183677673,Predicted,one_shot,811519.3220000255,810583.4230000256,5,,warmup,28323.159999672498,145712.8250003734,930
22.795,583.0700000000002,0.0,dot-1024x32,744041.1139996286,970.722,1207395.2740004987,100.35199671983719,Current,one_shot,888182.2429996991,887211.5209996991,0,,measured,0.0,142508.24300052045,930
22.246000000000002,549.1030000000001,0.0,dot-1024x32,645036.945999891,946.165,1135318.6280005455,100.35199671983719,Predicted,one_shot,816105.5969997458,815159.4319997458,0,,measured,27355.96999991685,142766.2500000224,930
22.296,539.8120000000001,0.0,dot-1024x32,752604.9280004372,949.755,1386573.6370008,123.90399724245071,Random,one_shot,1067360.6060000004,1066410.8510000005,0,158395.57999970566,measured,0.0,142323.053999462,930
22.682000000000002,454.273,0.0,dot-1024x32,773855.716000071,844.136,1416058.9300012582,96.25600278377533,Random,one_shot,1096845.8990004584,1096001.7630004585,1,161000.20599969866,measured,0.0,147674.3080002052,930
22.941000000000003,563.617,0.0,dot-1024x32,633154.3810001677,958.754,1098181.0090008155,101.6639992594719,Current,one_shot,778967.9780000157,778009.2240000158,1,,measured,0.0,144198.10799972765,930
22.206,549.158,0.0,dot-1024x32,751250.5620006777,946.593,1242492.7470012985,99.58399832248688,Predicted,one_shot,923279.7160004987,922333.1230004987,1,,measured,26442.992999363923,144638.0590004992,930
21.768,460.877,0.0,dot-1024x32,655387.3090006164,825.033,1146176.4500007113,71.68000191450119,Predicted,one_shot,826963.4189999115,826138.3859999115,2,,measured,27780.886000073224,142968.99099917937,930
21.884999999999998,568.562,0.0,dot-1024x32,746118.6979999184,982.16,1390863.3510012226,123.90399724245071,Random,one_shot,1071650.320000423,1070668.160000423,2,159636.46300042456,measured,0.0,151876.2269997751,930
22.631,544.7299999999999,0.0,dot-1024x32,667308.6709997733,939.054,1133964.814000237,100.35199671983719,Current,one_shot,814751.7829994373,813812.7289994373,2,,measured,0.0,145814.28299970867,930
22.073,472.86100000000005,0.0,dot-1024x32,762310.0690007049,840.208,1224086.5920009585,72.7040022611618,Current,one_shot,904873.5610001589,904033.3530001589,3,,measured,0.0,141067.79099984124,930
59.94,557.5640000000001,0.0,dot-1024x32,756128.6710006243,1013.529,1385734.480000418,124.92799758911133,Random,one_shot,1066521.4489996182,1065507.919999618,3,154440.1099999959,measured,0.0,142181.9389997836,930
23.398,536.6679999999999,0.0,dot-1024x32,652328.4089998924,932.965,1144520.639000628,100.35199671983719,Predicted,one_shot,825307.6079998282,824374.6429998282,3,,measured,27354.097999705118,144691.42100006138,930
23.235,604.061,0.0,dot-1024x32,739989.6610004362,1024.957,1393835.1130004507,123.58400225639343,Random,one_shot,1074622.081999651,1073597.124999651,4,176575.48100032727,measured,0.0,144009.79800029745,930
22.916,545.6970000000001,0.0,dot-1024x32,650436.3809999631,947.803,1152894.8340013274,100.35199671983719,Predicted,one_shot,833681.8030005278,832734.0000005278,4,,measured,29268.92300001782,153027.38199989108,930
22.157,543.066,0.0,dot-1024x32,769381.7629997283,938.75,1235986.0940001225,100.22400319576263,Current,one_shot,916773.0629993228,915834.3129993228,4,,measured,0.0,145750.59000071633,930
23.043,541.9359999999999,0.0,dot-1024x32,635788.7369995296,954.366,1274430.6440009987,124.83199685811996,Random,one_shot,955217.6130001991,954263.247000199,5,156198.75799984584,measured,0.0,148906.38899942132,930
22.732,548.691,0.0,dot-1024x32,733978.1319997201,942.595,1226662.183001084,100.60799866914749,Predicted,one_shot,907449.1520002843,906506.5570002843,5,,measured,27183.315999536717,145343.529999991,930
23.006999999999998,547.248,0.0,dot-1024x32,757372.6909995457,940.409,1218346.1050002417,99.32799637317657,Current,one_shot,899133.073999442,898192.6649994421,5,,measured,0.0,140193.55599975825,930
22.592,542.729,0.0,dot-1024x32,643665.7029998968,933.724,1135494.296000737,99.07200187444687,Predicted,one_shot,816281.2649999374,815347.5409999373,6,,measured,27106.48299944296,144575.36499958223,930
24.496000000000002,665.5440000000001,0.0,dot-1024x32,780319.3210002064,1137.928,1253923.4370011142,102.39999741315842,Current,one_shot,934710.4060003146,933572.4780003147,6,,measured,0.0,151965.27499938384,930
22.865000000000002,548.153,0.0,dot-1024x32,648283.8769998124,958.838,1278099.5180011392,125.02400577068329,Random,one_shot,958886.4870003394,957927.6490003394,6,154883.66399949882,measured,0.0,141864.49999942852,930
23.401,555.422,0.0,dot-1024x32,762637.8109998768,946.638,1229014.31700056,100.16000270843506,Current,one_shot,909801.2859997604,908854.6479997603,7,,measured,0.0,145597.29300071922,930
22.371,568.1960000000001,0.0,dot-1024x32,658444.2169996691,957.239,1150897.2830006864,100.35199671983719,Predicted,one_shot,831684.2519998868,830727.0129998869,7,,measured,27117.819000523014,145164.71199931402,930
22.618000000000002,558.0459999999999,0.0,dot-1024x32,766390.3689999643,967.769,1411974.6960009264,124.92799758911133,Random,one_shot,1092761.6650001267,1091793.8960001266,7,160347.69100042467,measured,0.0,151105.37199961982,930
22.619,550.868,0.0,dot-1024x32,784692.5649992045,939.285,1254276.9490003553,99.32799637317657,Current,one_shot,935063.9179995557,934124.6329995557,8,,measured,0.0,148731.70299961203,930
22.896,542.0800000000002,0.0,dot-1024x32,666714.078000041,974.001,1157848.5680010684,99.35999661684036,Predicted,one_shot,838635.5370002688,837661.5360002688,8,,measured,27234.147000854136,143712.48699990247,930
22.927999999999997,545.4670000000001,0.0,dot-1024x32,772047.9720001095,958.622,1406110.9840009904,122.8799968957901,Random,one_shot,1086897.9530001907,1085939.3310001907,8,156914.69099965616,measured,0.0,143760.22899978125,930
22.671,545.895,0.0,dot-1024x32,637028.5940001849,939.446,1131410.292001117,100.35199671983719,Predicted,one_shot,812197.2610003173,811257.8150003173,9,,measured,27876.284999365453,146352.9220000055,930
23.215,542.3559999999999,0.0,dot-1024x32,740225.7859994279,958.145,1384638.1410008648,123.26399981975555,Random,one_shot,1065425.110000065,1064466.965000065,9,168873.22799993854,measured,0.0,142084.2140005334,930
23.822,554.371,0.0,dot-1024x32,649378.4470003447,965.609,1122047.5920012041,100.0640019774437,Current,one_shot,802834.5610004045,801868.9520004045,9,,measured,0.0,151753.40800033155,930
22.313000000000002,553.7139999999998,0.0,dot-1024x32,756657.5259997989,951.61,1252855.8580007555,100.35199671983719,Predicted,one_shot,933642.8269999559,932691.2169999559,10,,measured,28646.712999943702,147386.37099981133,930
22.704,540.7589999999999,0.0,dot-1024x32,750298.2060004796,935.299,1216000.368000957,99.32799637317657,Current,one_shot,896787.3370001573,895852.0380001573,10,,measured,0.0,144867.97300014587,930
22.079,642.374,0.0,dot-1024x32,630108.6399998894,1136.128,1272417.434000674,123.55200201272964,Random,one_shot,953204.4029998742,952068.2749998742,10,161450.04800000606,measured,0.0,144615.37199986196,930
27.602,548.307,0.0,dot-1024x32,748601.51699977,944.102,1212661.1580004524,99.2640033364296,Current,one_shot,893448.1269996527,892504.0249996528,11,,measured,0.0,143226.4209997811,930
23.659,547.3420000000001,0.0,dot-1024x32,646690.6619998554,963.261,1278761.9960009425,123.52000176906586,Random,one_shot,959548.9650001429,958585.7040001429,11,155534.53500069736,measured,0.0,143609.8989997845,930
22.619999999999997,540.5340000000001,0.0,dot-1024x32,770567.1570001869,956.624,1265069.4360003485,101.3759970664978,Predicted,one_shot,945856.4049995489,944899.780999549,11,,measured,27435.59299960907,146895.86300028168,930
23.872,547.4929999999999,0.0,dot-1024x32,644121.0089997185,946.977,1107914.9270005804,101.3759970664978,Current,one_shot,788701.8959997807,787754.9189997808,12,,measured,0.0,142950.98399998096,930
22.369999999999997,549.9290000000001,0.0,dot-1024x32,746402.5789995503,962.881,1379506.3600006548,124.15999919176102,Random,one_shot,1060293.328999855,1059330.447999855,12,155181.6119999785,measured,0.0,144157.36899991316,930
23.021,546.92,0.0,dot-1024x32,764206.5909994927,939.577,1253627.6050001935,100.35199671983719,Predicted,one_shot,934414.5739993937,933474.9969993937,12,,measured,26747.889999569452,142519.36199980264,930
21.707,454.355,0.0,dot-1024x32,657416.0979998851,819.017,1154772.7220011859,71.68000191450119,Predicted,one_shot,835559.6910003861,834740.6740003861,13,,measured,29509.197999686876,147813.68500007375,930
22.467,547.1599999999999,0.0,dot-1024x32,765203.773000394,939.717,1230824.9160008188,99.32799637317657,Current,one_shot,911611.8850000191,910672.1680000192,13,,measured,0.0,144756.27199954033,930
22.666,552.5160000000001,0.0,dot-1024x32,671266.5740005833,961.063,1311739.851000789,122.72000312805176,Random,one_shot,992526.8199999894,991565.7569999894,13,161355.9540001006,measured,0.0,144567.51799934864,930
21.993000000000002,548.988,0.0,dot-1024x32,760624.8109996158,944.978,1396996.3780009425,104.44799810647964,Random,one_shot,1077783.3470001428,1076838.369000143,14,159311.6510002801,measured,0.0,144246.91000021994,930
22.131999999999998,558.101,0.0,dot-1024x32,661691.4890000771,949.886,1154693.3980008012,98.33600372076035,Predicted,one_shot,835480.3670000016,834530.4810000015,14,,measured,27133.327999763424,145704.8880001821,930
22.767000000000003,549.252,0.0,dot-1024x32,752453.8340003346,935.659,1224291.4080008024,100.35199671983719,Current,one_shot,905078.3770000028,904142.7180000028,14,,measured,0.0,150943.9809997275,930
24.231,539.101,0.0,dot-1024x32,768703.8350004514,952.719,1422336.3620008088,125.95200538635254,Random,one_shot,1103123.331000009,1102170.612000009,15,165223.08200001135,measured,0.0,153831.71800021955,930
22.616999999999997,574.4380000000001,0.0,dot-1024x32,677338.6449995087,946.241,1170357.6670008064,100.35199671983719,Predicted,one_shot,851144.6360000068,850198.3950000068,15,,measured,28489.966000051936,144369.13499957882,930
23.378999999999998,550.693,0.0,dot-1024x32,764248.6080003437,927.43,1230823.7770011586,101.1200025677681,Current,one_shot,911610.746000359,910683.3160003589,15,,measured,0.0,145764.0970002103,930
21.22,56.111999999999995,53.813,matmul-16x32x24,,450.692,,68.4799998998642,Current,initialize,,,-1,,initialization,,,
20.14,57.811,55.263,matmul-16x32x24,,433.855,,67.58400052785873,Predicted,initialize,,,-1,,initialization,,,
20.689999999999998,58.707,61.97,matmul-16x32x24,,499.272,,63.26399743556976,Random,initialize,,,-1,,initialization,,,928
21.183999999999997,57.268,64.856,matmul-16x32x24,,444.671,,65.5359998345375,Random,initialize,,,-1,,initialization,,,929
20.094,58.009,71.088,matmul-16x32x24,,450.238,,59.39200147986412,Random,initialize,,,-1,,initialization,,,930
20.034,,,matmul-16x32x24,,81.77,,55.296000093221664,Random,resident,,,0,,warmup,,,928
19.703,,,matmul-16x32x24,,83.924,,58.04799869656563,Predicted,resident,,,0,,warmup,,,928
20.232,,,matmul-16x32x24,,87.798,,61.503998935222626,Current,resident,,,0,,warmup,,,928
17.866999999999997,,,matmul-16x32x24,,77.636,,52.22399905323982,Random,resident,,,1,,warmup,,,928
17.359,,,matmul-16x32x24,,79.001,,55.1999993622303,Predicted,resident,,,1,,warmup,,,928
17.389,,,matmul-16x32x24,,80.216,,54.9440011382103,Current,resident,,,1,,warmup,,,928
18.025,,,matmul-16x32x24,,78.679,,53.05600166320801,Random,resident,,,2,,warmup,,,928
17.391000000000002,,,matmul-16x32x24,,79.981,,55.296000093221664,Current,resident,,,2,,warmup,,,928
17.380000000000003,,,matmul-16x32x24,,79.321,,55.296000093221664,Predicted,resident,,,2,,warmup,,,928
17.83,,,matmul-16x32x24,,106.397,,53.247999399900436,Random,resident,,,3,,warmup,,,928
28.415,,,matmul-16x32x24,,95.718,,59.39200147986412,Current,resident,,,3,,warmup,,,928
17.786,,,matmul-16x32x24,,81.117,,56.15999922156334,Predicted,resident,,,3,,warmup,,,928
17.512,,,matmul-16x32x24,,79.671,,55.48800155520439,Predicted,resident,,,4,,warmup,,,928
17.101,,,matmul-16x32x24,,79.411,,55.10399863123894,Current,resident,,,4,,warmup,,,928
17.186,,,matmul-16x32x24,,76.449,,52.25599929690361,Random,resident,,,4,,warmup,,,928
17.012,,,matmul-16x32x24,,80.057,,55.296000093221664,Predicted,resident,,,5,,warmup,,,928
16.961,,,matmul-16x32x24,,78.866,,55.26399984955788,Current,resident,,,5,,warmup,,,928
16.654,,,matmul-16x32x24,,76.973,,52.928000688552856,Random,resident,,,5,,warmup,,,928
16.959,,,matmul-16x32x24,,79.089,,54.52800169587135,Current,resident,,,0,,measured,,,928
16.825,,,matmul-16x32x24,,78.953,,55.16799911856651,Predicted,resident,,,0,,measured,,,928
19.144,,,matmul-16x32x24,,77.431,,51.90400034189224,Random,resident,,,0,,measured,,,928
16.634999999999998,,,matmul-16x32x24,,77.712,,52.22399905323982,Random,resident,,,1,,measured,,,928
17.005000000000003,,,matmul-16x32x24,,80.043,,54.27199974656105,Predicted,resident,,,1,,measured,,,928
17.416,,,matmul-16x32x24,,80.112,,55.296000093221664,Current,resident,,,1,,measured,,,928
16.927,,,matmul-16x32x24,,80.717,,55.296000093221664,Predicted,resident,,,2,,measured,,,928
17.494999999999997,,,matmul-16x32x24,,79.827,,55.296000093221664,Current,resident,,,2,,measured,,,928
18.09,,,matmul-16x32x24,,77.511,,52.22399905323982,Random,resident,,,2,,measured,,,928
17.139,,,matmul-16x32x24,,80.449,,55.48800155520439,Predicted,resident,,,3,,measured,,,928
16.906,,,matmul-16x32x24,,77.124,,51.96800082921982,Random,resident,,,3,,measured,,,928
17.124,,,matmul-16x32x24,,79.568,,55.296000093221664,Current,resident,,,3,,measured,,,928
17.396,,,matmul-16x32x24,,80.059,,55.26399984955788,Current,resident,,,4,,measured,,,928
17.163,,,matmul-16x32x24,,80.168,,55.296000093221664,Predicted,resident,,,4,,measured,,,928
17.503999999999998,,,matmul-16x32x24,,77.553,,52.44800075888634,Random,resident,,,4,,measured,,,928
16.464,,,matmul-16x32x24,,77.159,,52.22399905323982,Random,resident,,,5,,measured,,,928
16.605,,,matmul-16x32x24,,79.844,,55.296000093221664,Predicted,resident,,,5,,measured,,,928
16.905,,,matmul-16x32x24,,79.881,,55.296000093221664,Current,resident,,,5,,measured,,,928
17.814,,,matmul-16x32x24,,84.955,,60.32000109553337,Current,resident,,,6,,measured,,,928
17.65,,,matmul-16x32x24,,80.233,,55.296000093221664,Predicted,resident,,,6,,measured,,,928
17.409,,,matmul-16x32x24,,76.847,,52.22399905323982,Random,resident,,,6,,measured,,,928
17.735,,,matmul-16x32x24,,80.431,,55.93600124120712,Current,resident,,,7,,measured,,,928
17.106,,,matmul-16x32x24,,77.661,,53.247999399900436,Random,resident,,,7,,measured,,,928
17.081,,,matmul-16x32x24,,79.711,,55.296000093221664,Predicted,resident,,,7,,measured,,,928
17.394,,,matmul-16x32x24,,79.315,,55.296000093221664,Predicted,resident,,,8,,measured,,,928
17.802,,,matmul-16x32x24,,78.374,,55.296000093221664,Current,resident,,,8,,measured,,,928
17.241,,,matmul-16x32x24,,77.025,,52.22399905323982,Random,resident,,,8,,measured,,,928
16.354,,,matmul-16x32x24,,77.592,,52.22399905323982,Random,resident,,,9,,measured,,,928
17.172,,,matmul-16x32x24,,79.398,,55.296000093221664,Predicted,resident,,,9,,measured,,,928
17.436999999999998,,,matmul-16x32x24,,79.219,,55.296000093221664,Current,resident,,,9,,measured,,,928
17.686,,,matmul-16x32x24,,77.387,,52.51200124621391,Random,resident,,,10,,measured,,,928
17.272,,,matmul-16x32x24,,78.35,,55.00800162553787,Current,resident,,,10,,measured,,,928
17.119,,,matmul-16x32x24,,80.123,,54.655998945236206,Predicted,resident,,,10,,measured,,,928
16.355,,,matmul-16x32x24,,79.867,,55.07199838757515,Predicted,resident,,,11,,measured,,,928
17.479,,,matmul-16x32x24,,77.231,,52.22399905323982,Random,resident,,,11,,measured,,,928
17.288,,,matmul-16x32x24,,79.68,,55.296000093221664,Current,resident,,,11,,measured,,,928
17.527,,,matmul-16x32x24,,80.52,,56.28800019621849,Predicted,resident,,,12,,measured,,,928
17.595,,,matmul-16x32x24,,80.239,,55.296000093221664,Current,resident,,,12,,measured,,,928
17.489,,,matmul-16x32x24,,76.355,,53.02400141954422,Random,resident,,,12,,measured,,,928
16.462,,,matmul-16x32x24,,77.128,,51.80799961090088,Random,resident,,,13,,measured,,,928
16.556,,,matmul-16x32x24,,79.897,,55.00800162553787,Current,resident,,,13,,measured,,,928
16.686,,,matmul-16x32x24,,79.638,,54.27199974656105,Predicted,resident,,,13,,measured,,,928
16.451999999999998,,,matmul-16x32x24,,80.28,,55.1999993622303,Predicted,resident,,,14,,measured,,,928
17.301000000000002,,,matmul-16x32x24,,80.255,,55.36000058054924,Current,resident,,,14,,measured,,,928
17.012,,,matmul-16x32x24,,77.815,,52.06400156021118,Random,resident,,,14,,measured,,,928
16.723,,,matmul-16x32x24,,76.445,,52.22399905323982,Random,resident,,,15,,measured,,,928
17.278,,,matmul-16x32x24,,79.979,,55.296000093221664,Predicted,resident,,,15,,measured,,,928
16.97,,,matmul-16x32x24,,79.056,,54.655998945236206,Current,resident,,,15,,measured,,,928
23.836,122.95199999999998,0.0,matmul-16x32x24,13931.48100032704,402.579,28206.395000414373,55.296000093221664,Random,one_shot,20311.702000616093,19909.12300061609,0,2894.5180001755944,warmup,0.0,2931.1719999896013,928
19.004,123.34800000000001,0.0,matmul-16x32x24,13589.725000201724,384.029,25181.566999802442,58.240000158548355,Predicted,one_shot,17286.87400000416,16902.845000004163,0,,warmup,473.7029994430486,2839.2570002324646,928
19.21,122.72999999999999,0.0,matmul-16x32x24,13923.677999628126,383.125,25104.729999285773,58.36800113320351,Current,one_shot,17210.036999487493,16826.911999487493,0,,warmup,0.0,2891.600999646471,928
18.820999999999998,122.33999999999999,0.0,matmul-16x32x24,13653.650999913225,377.825,27925.36799985507,55.00800162553787,Random,one_shot,20030.675000056788,19652.850000056787,1,2961.2810003527557,warmup,0.0,2899.172999605071,928
19.009,121.91799999999999,0.0,matmul-16x32x24,13836.426999660034,378.723,25443.0969991574,57.21599981188774,Predicted,one_shot,17548.403999359118,17169.680999359116,1,,warmup,465.2919997170102,2867.569999580155,928
19.206,122.44699999999997,0.0,matmul-16x32x24,13432.036000267544,379.13,24564.993999264258,57.023998349905014,Current,one_shot,16670.300999465977,16291.170999465976,1,,warmup,0.0,2847.7180003392277,928
18.753999999999998,121.34099999999998,0.0,matmul-16x32x24,13532.698000744858,374.566,27652.67600022484,54.27199974656105,Random,one_shot,19757.98300042656,19383.41700042656,2,2867.9300003204844,warmup,0.0,2848.8830002970644,928
18.957,122.102,0.0,matmul-16x32x24,13469.296000039321,376.461,24566.697999857006,57.34400078654289,Current,one_shot,16672.005000058725,16295.544000058726,2,,warmup,0.0,2815.3639996162383,928
19.061999999999998,121.657,0.0,matmul-16x32x24,13513.398000213783,376.857,25092.520000279164,57.34400078654289,Predicted,one_shot,17197.827000480884,16820.970000480884,2,,warmup,463.381999907142,2843.7099999791826,928
19.168,121.63799999999999,0.0,matmul-16x32x24,13596.509000308288,374.59,27635.9200003286,54.368000477552414,Random,one_shot,19741.227000530318,19366.637000530318,3,2844.401999936963,warmup,0.0,2791.0340004382306,928
19.401,123.34000000000002,0.0,matmul-16x32x24,13526.939999792376,376.933,24614.605999333882,58.30400064587593,Current,one_shot,16719.9129995356,16342.9799995356,3,,warmup,0.0,2804.679999826476,928
19.607,138.30800000000002,0.0,matmul-16x32x24,13343.861999601359,412.312,24904.746999046965,58.36800113320351,Predicted,one_shot,17010.053999248685,16597.741999248683,3,,warmup,491.85199986823136,2761.734999694454,928
18.281,51.77400000000001,0.0,matmul-16x32x24,13192.569000239018,340.124,24646.56600012466,57.34400078654289,Predicted,one_shot,16751.87300032638,16411.74900032638,4,,warmup,457.8320003929548,2761.1529994828743,928
19.381999999999998,121.287,0.0,matmul-16x32x24,13167.512000109127,379.589,24249.893000411124,56.48000165820122,Current,one_shot,16355.200000612844,15975.611000612844,4,,warmup,0.0,2797.021999867866,928
20.329,124.73400000000002,0.0,matmul-16x32x24,13702.033000299707,381.054,27793.50600013509,55.296000093221664,Random,one_shot,19898.81300033681,19517.75900033681,4,2869.9419999611564,warmup,0.0,2813.858999616059,928
19.153,123.081,0.0,matmul-16x32x24,13327.441000001272,377.874,24886.795000233386,57.0559985935688,Predicted,one_shot,16992.102000435105,16614.228000435105,5,,warmup,455.95900064654415,2830.528999766102,928
19.188000000000002,121.475,0.0,matmul-16x32x24,13187.495000238414,372.473,24238.914999416564,57.34400078654289,Current,one_shot,16344.221999618285,15971.748999618285,5,,warmup,0.0,2773.043999695801,928
19.019,120.82300000000001,0.0,matmul-16x32x24,13402.53299986216,369.733,27450.589999418757,54.27199974656105,Random,one_shot,19555.896999620476,19186.163999620476,5,2881.6969997933484,warmup,0.0,2769.2829999068636,928
18.624000000000002,122.18000000000002,0.0,matmul-16x32x24,13508.394999917073,373.543,24583.290999520916,58.30400064587593,Current,one_shot,16688.597999722635,16315.054999722634,0,,measured,0.0,2795.7880001849844,928
18.689,121.73600000000002,0.0,matmul-16x32x24,13310.051999724237,375.344,24861.89899938468,58.36800113320351,Predicted,one_shot,16967.2059995864,16591.8619995864,0,,measured,487.14900003687944,2794.367000205966,928
18.744,120.54,0.0,matmul-16x32x24,13201.591000324697,368.241,27315.358000418077,54.27199974656105,Random,one_shot,19420.665000619796,19052.424000619794,0,2901.0180005570874,measured,0.0,2817.081999637594,928
18.134999999999998,51.483,0.0,matmul-16x32x24,13387.337000494881,299.416,27358.62199964884,54.27199974656105,Random,one_shot,19463.92899985056,19164.512999850558,1,2817.9649998492096,measured,0.0,2827.3089992580935,928
18.101,122.17399999999999,0.0,matmul-16x32x24,13439.01200016262,374.254,24997.84800033165,57.34400078654289,Predicted,one_shot,17103.15500053337,16728.90100053337,1,,measured,453.773999652185,2835.8310000839992,928
19.16,121.781,0.0,matmul-16x32x24,13169.18300017278,373.742,24270.116000287322,57.312000542879105,Current,one_shot,16375.423000489043,16001.681000489043,1,,measured,0.0,2821.3340001457254,928
18.985999999999997,121.112,0.0,matmul-16x32x24,13140.873999873293,389.496,24672.648999487355,57.151999324560165,Predicted,one_shot,16777.955999689075,16388.459999689076,2,,measured,452.1609998846543,2795.153999613831,928
18.555,120.67600000000002,0.0,matmul-16x32x24,13359.194999793544,371.329,24478.796999783695,57.440001517534256,Current,one_shot,16584.103999985415,16212.774999985413,2,,measured,0.0,2842.486000190547,928
19.314999999999998,121.429,0.0,matmul-16x32x24,13483.617000019876,370.129,27658.026999485723,54.62399870157242,Random,one_shot,19763.333999687442,19393.20499968744,2,2898.026999901049,measured,0.0,2878.764000342926,928
18.72,121.432,0.0,matmul-16x32x24,13107.95799963671,372.041,24652.67799971972,58.079998940229416,Predicted,one_shot,16757.98499992144,16385.943999921437,3,,measured,453.66300037130713,2824.0669998922385,928
18.561,121.92800000000001,0.0,matmul-16x32x24,13114.572000631597,370.236,27212.878999326927,54.27199974656105,Random,one_shot,19318.185999528647,18947.949999528646,3,2853.0540002975613,measured,0.0,2846.421000867849,928
18.869999999999997,121.355,0.0,matmul-16x32x24,13113.779999912367,371.679,24152.19700042158,57.72799998521805,Current,one_shot,16257.5040006233,15885.8250006233,3,,measured,0.0,2761.204999842448,928
18.789,50.96,0.0,matmul-16x32x24,13330.60300021316,302.342,24312.24399930675,57.34400078654289,Current,one_shot,16417.55099950847,16115.208999508468,4,,measured,0.0,2773.442000034265,928
18.547,121.67999999999999,0.0,matmul-16x32x24,13171.866000448063,372.546,24643.99200005704,58.111999183893204,Predicted,one_shot,16749.299000258758,16376.75300025876,4,,measured,451.7010002018651,2752.9700000741286,928
19.189,120.566,0.0,matmul-16x32x24,13521.290999960911,369.914,27599.613999224977,55.296000093221664,Random,one_shot,19704.920999426697,19335.006999426696,4,2905.2179997961503,measured,0.0,2776.0409993788926,928
18.311999999999998,65.815,0.0,matmul-16x32x24,13272.525000502355,342.913,27292.891000629927,54.27199974656105,Random,one_shot,19398.198000831646,19055.285000831645,5,2865.9990002779523,measured,0.0,2783.981999527896,928
18.386,121.141,0.0,matmul-16x32x24,13290.675000462215,373.147,24772.580999860777,58.36800113320351,Predicted,one_shot,16877.888000062496,16504.741000062495,5,,measured,454.6119998849463,2759.2460000960273,928
19.52,122.23099999999998,0.0,matmul-16x32x24,13233.206999757385,374.555,24256.887999164646,57.151999324560165,Current,one_shot,16362.194999366366,15987.639999366365,5,,measured,0.0,2743.3069999460713,928
18.219,52.004000000000005,0.0,matmul-16x32x24,13188.234000153898,303.69,24180.752999417833,57.95200169086456,Current,one_shot,16286.05999961955,15982.36999961955,6,,measured,0.0,2783.214999908523,928
39.965,120.837,0.0,matmul-16x32x24,13196.29099998565,393.065,24693.15400046232,57.08799883723259,Predicted,one_shot,16798.46100066404,16405.39600066404,6,,measured,455.9219996735919,2752.9279996088007,928
19.067999999999998,120.599,0.0,matmul-16x32x24,13476.319999426778,370.215,27478.571999633543,54.27199974656105,Random,one_shot,19583.878999835262,19213.663999835262,6,2775.3560007113265,measured,0.0,2828.1529994274024,928
18.468,121.598,0.0,matmul-16x32x24,13165.024000045378,372.351,24226.90699960551,58.33600088953972,Current,one_shot,16332.213999807229,15959.862999807228,7,,measured,0.0,2784.0140000989777,928
18.794,120.01200000000001,0.0,matmul-16x32x24,13247.632999991765,371.536,27177.406000316645,54.27199974656105,Random,one_shot,19282.713000518364,18911.177000518364,7,2792.86799923284,measured,0.0,2737.9169996493147,928
19.062,121.696,0.0,matmul-16x32x24,13269.940000100178,378.039,24904.74599949522,56.32000043988228,Predicted,one_shot,17010.052999696938,16632.013999696937,7,,measured,467.9510002461029,2894.0600004716543,928
18.438000000000002,51.11599999999999,0.0,matmul-16x32x24,13470.270999278,301.329,24906.373999589156,57.023998349905014,Predicted,one_shot,17011.680999790875,16710.351999790873,8,,measured,449.9770002439618,2789.828999993915,928
18.876,120.886,0.0,matmul-16x32x24,13321.444000212068,372.904,24388.12099994191,58.04799869656563,Current,one_shot,16493.42800014363,16120.524000143632,8,,measured,0.0,2788.0730003744247,928
18.848,120.59100000000001,0.0,matmul-16x32x24,13082.27400022588,370.567,27109.78699939921,55.296000093221664,Random,one_shot,19215.09399960093,18844.52699960093,8,2878.7569999622065,measured,0.0,2749.977999883413,928
18.323,52.335,0.0,matmul-16x32x24,13455.63800077798,301.218,27342.539999604407,55.03999814391136,Random,one_shot,19447.846999806126,19146.628999806126,9,2820.7579998706933,measured,0.0,2738.172000135819,928
18.859,121.01599999999999,0.0,matmul-16x32x24,13284.747999932733,374.531,24793.326000201498,57.34400078654289,Predicted,one_shot,16898.633000403217,16524.102000403218,9,,measured,458.7280000123428,2780.44599963323,928
20.683,132.37699999999998,0.0,matmul-16x32x24,30102.33100030746,430.629,41276.875000000975,63.48799914121628,Current,one_shot,33382.182000202694,32951.55300020269,9,,measured,0.0,2826.218999871344,928
21.879,134.64,0.0,matmul-16x32x24,13354.101000004448,450.4,29588.54199928311,62.30400130152702,Random,one_shot,21693.848999484828,21243.448999484826,10,2821.705000314978,measured,0.0,4895.244000181265,928
19.72,126.61299999999999,0.0,matmul-16x32x24,13703.398000870948,392.35,24948.64799987946,59.39200147986412,Current,one_shot,17053.95500008118,16661.60500008118,10,,measured,0.0,2946.732000054908,928
19.852,123.67300000000002,0.0,matmul-16x32x24,13517.655999748968,383.256,25064.9419998944,59.20000001788139,Predicted,one_shot,17170.24900009612,16786.993000096118,10,,measured,458.4179996527382,2810.67699961568,928
18.014,50.599,0.0,matmul-16x32x24,13406.045000010636,331.878,24841.24399962006,56.992001831531525,Predicted,one_shot,16946.55099982178,16614.672999821778,11,,measured,453.0080004769843,2755.413000159024,928
19.187,121.32100000000001,0.0,matmul-16x32x24,13254.46999999258,372.241,27347.89399968119,55.1999993622303,Random,one_shot,19453.20099988291,19080.959999882907,11,2891.458000704006,measured,0.0,2801.9430001222645,928
19.171,122.47899999999998,0.0,matmul-16x32x24,13283.391000186384,379.576,24475.423999888066,58.27200040221214,Current,one_shot,16580.731000089785,16201.155000089784,11,,measured,0.0,2906.64700060006,928
18.857999999999997,120.60400000000001,0.0,matmul-16x32x24,13153.938000868948,373.921,24659.224999931783,58.30400064587593,Predicted,one_shot,16764.532000133502,16390.611000133504,12,,measured,455.088999842701,2781.3639999294537,928
18.981,121.53099999999998,0.0,matmul-16x32x24,13239.231000625296,376.552,24416.515000177522,58.27200040221214,Current,one_shot,16521.82200037924,16145.270000379242,12,,measured,0.0,2894.63499939302,928
18.951999999999998,121.25099999999999,0.0,matmul-16x32x24,13248.328000372567,371.073,27224.589999835847,55.296000093221664,Random,one_shot,19329.897000037567,18958.824000037566,12,2820.630999849527,measured,0.0,2757.625999947777,928
19.285,51.64,0.0,matmul-16x32x24,13240.47799971595,302.354,27252.239000249196,55.296000093221664,Random,one_shot,19357.546000450915,19055.192000450916,13,2868.675000172516,measured,0.0,2813.3420000813203,928
19.296,122.683,0.0,matmul-16x32x24,13236.516999313608,375.082,24319.325999721947,58.27200040221214,Current,one_shot,16424.632999923666,16049.550999923667,13,,measured,0.0,2801.571999953012,928
18.86,121.75600000000001,0.0,matmul-16x32x24,13410.886999736249,389.075,24905.49499959975,66.56000018119812,Predicted,one_shot,17010.801999801468,16621.726999801467,13,,measured,454.88099931390025,2755.7040002648137,928
18.061,51.513999999999996,0.0,matmul-16x32x24,13263.474000268616,300.803,24711.44900043319,57.34400078654289,Predicted,one_shot,16816.75600063491,16515.95300063491,14,,measured,457.166000160214,2795.0429994234582,928
19.238,121.44000000000001,0.0,matmul-16x32x24,13213.13900007226,373.543,24262.45700005377,57.34400078654289,Current,one_shot,16367.764000255493,15994.221000255493,14,,measured,0.0,2769.764999356994,928
20.415,121.605,0.0,matmul-16x32x24,13235.290999546123,371.894,27395.858000363776,54.46400120854378,Random,one_shot,19501.165000565496,19129.271000565495,14,2933.317000497482,measured,0.0,2828.076999321638,928
18.839,55.365,0.0,matmul-16x32x24,13551.032000577834,319.832,27765.569000562075,56.32000043988228,Random,one_shot,19870.876000763794,19551.044000763795,15,3005.5500001253677,measured,0.0,2858.892000404012,928
19.431,123.84800000000001,0.0,matmul-16x32x24,13423.157000033825,384.564,25124.516999880187,58.30400064587593,Predicted,one_shot,17229.824000081906,16845.260000081907,15,,measured,456.40499956789427,2965.5370008185855,928
22.475,157.013,0.0,matmul-16x32x24,15626.780999809853,526.456,27213.767000387124,66.56000018119812,Current,one_shot,19319.074000588844,18792.618000588845,15,,measured,0.0,3143.3939993803506,928
22.229,,,matmul-16x32x24,,83.198,,55.96800148487091,Random,resident,,,0,,warmup,,,929
17.965,,,matmul-16x32x24,,81.207,,56.32000043988228,Current,resident,,,0,,warmup,,,929
20.206,,,matmul-16x32x24,,83.3,,57.34400078654289,Predicted,resident,,,0,,warmup,,,929
16.789,,,matmul-16x32x24,,80.974,,55.296000093221664,Predicted,resident,,,1,,warmup,,,929
18.000999999999998,,,matmul-16x32x24,,79.397,,52.960000932216644,Random,resident,,,1,,warmup,,,929
18.527,,,matmul-16x32x24,,85.488,,56.32000043988228,Current,resident,,,1,,warmup,,,929
19.291,,,matmul-16x32x24,,85.729,,56.15999922156334,Predicted,resident,,,2,,warmup,,,929
19.768,,,matmul-16x32x24,,81.965,,54.27199974656105,Random,resident,,,2,,warmup,,,929
18.5,,,matmul-16x32x24,,80.953,,55.64799904823303,Current,resident,,,2,,warmup,,,929
18.365000000000002,,,matmul-16x32x24,,81.294,,55.296000093221664,Predicted,resident,,,3,,warmup,,,929
18.04,,,matmul-16x32x24,,81.068,,55.00800162553787,Current,resident,,,3,,warmup,,,929
17.781,,,matmul-16x32x24,,82.165,,53.247999399900436,Random,resident,,,3,,warmup,,,929
23.753999999999998,,,matmul-16x32x24,,86.15,,56.32000043988228,Predicted,resident,,,4,,warmup,,,929
18.538,,,matmul-16x32x24,,81.514,,56.32000043988228,Current,resident,,,4,,warmup,,,929
17.335,,,matmul-16x32x24,,78.13,,53.247999399900436,Random,resident,,,4,,warmup,,,929
17.472,,,matmul-16x32x24,,81.107,,55.296000093221664,Predicted,resident,,,5,,warmup,,,929
18.186999999999998,,,matmul-16x32x24,,94.083,,56.32000043988228,Current,resident,,,5,,warmup,,,929
17.064999999999998,,,matmul-16x32x24,,77.752,,52.22399905323982,Random,resident,,,5,,warmup,,,929
17.016,,,matmul-16x32x24,,77.89,,52.639998495578766,Random,resident,,,0,,measured,,,929
19.287,,,matmul-16x32x24,,87.349,,56.2559999525547,Current,resident,,,0,,measured,,,929
18.369,,,matmul-16x32x24,,82.028,,56.15999922156334,Predicted,resident,,,0,,measured,,,929
17.055,,,matmul-16x32x24,,81.092,,56.19199946522713,Predicted,resident,,,1,,measured,,,929
16.859,,,matmul-16x32x24,,78.049,,52.22399905323982,Random,resident,,,1,,measured,,,929
19.289,,,matmul-16x32x24,,80.981,,55.10399863123894,Current,resident,,,1,,measured,,,929
17.0,,,matmul-16x32x24,,80.992,,55.456001311540604,Current,resident,,,2,,measured,,,929
17.343,,,matmul-16x32x24,,80.697,,55.296000093221664,Predicted,resident,,,2,,measured,,,929
19.621000000000002,,,matmul-16x32x24,,96.895,,57.34400078654289,Random,resident,,,2,,measured,,,929
19.261000000000003,,,matmul-16x32x24,,105.236,,62.04799935221672,Predicted,resident,,,3,,measured,,,929
17.488,,,matmul-16x32x24,,81.259,,56.19199946522713,Current,resident,,,3,,measured,,,929
17.16,,,matmul-16x32x24,,78.091,,52.99200117588043,Random,resident,,,3,,measured,,,929
17.442,,,matmul-16x32x24,,81.396,,56.32000043988228,Current,resident,,,4,,measured,,,929
17.989,,,matmul-16x32x24,,78.6,,52.99200117588043,Random,resident,,,4,,measured,,,929
17.205,,,matmul-16x32x24,,80.854,,55.296000093221664,Predicted,resident,,,4,,measured,,,929
16.789,,,matmul-16x32x24,,80.085,,54.27199974656105,Predicted,resident,,,5,,measured,,,929
17.212,,,matmul-16x32x24,,77.892,,52.83199995756149,Random,resident,,,5,,measured,,,929
17.630000000000003,,,matmul-16x32x24,,79.396,,55.32800033688545,Current,resident,,,5,,measured,,,929
17.399,,,matmul-16x32x24,,80.992,,55.96800148487091,Predicted,resident,,,6,,measured,,,929
18.34,,,matmul-16x32x24,,83.268,,57.18399956822395,Current,resident,,,6,,measured,,,929
17.784,,,matmul-16x32x24,,77.56,,53.02400141954422,Random,resident,,,6,,measured,,,929
17.974,,,matmul-16x32x24,,80.96,,56.352000683546066,Predicted,resident,,,7,,measured,,,929
17.406,,,matmul-16x32x24,,80.332,,55.296000093221664,Current,resident,,,7,,measured,,,929
17.118000000000002,,,matmul-16x32x24,,78.504,,53.247999399900436,Random,resident,,,7,,measured,,,929
22.034,,,matmul-16x32x24,,80.442,,55.296000093221664,Current,resident,,,8,,measured,,,929
18.277,,,matmul-16x32x24,,82.18,,56.32000043988228,Predicted,resident,,,8,,measured,,,929
17.385,,,matmul-16x32x24,,78.236,,53.119998425245285,Random,resident,,,8,,measured,,,929
17.153,,,matmul-16x32x24,,85.972,,53.247999399900436,Random,resident,,,9,,measured,,,929
17.341,,,matmul-16x32x24,,81.158,,55.296000093221664,Predicted,resident,,,9,,measured,,,929
25.688000000000002,,,matmul-16x32x24,,82.555,,55.296000093221664,Current,resident,,,9,,measured,,,929
17.116,,,matmul-16x32x24,,80.908,,56.12799897789955,Current,resident,,,10,,measured,,,929
17.393,,,matmul-16x32x24,,80.808,,55.296000093221664,Predicted,resident,,,10,,measured,,,929
17.546,,,matmul-16x32x24,,77.668,,52.99200117588043,Random,resident,,,10,,measured,,,929
17.602,,,matmul-16x32x24,,80.433,,55.296000093221664,Current,resident,,,11,,measured,,,929
17.006999999999998,,,matmul-16x32x24,,77.668,,52.22399905323982,Random,resident,,,11,,measured,,,929
17.603,,,matmul-16x32x24,,80.342,,56.2559999525547,Predicted,resident,,,11,,measured,,,929
17.555999999999997,,,matmul-16x32x24,,77.84,,53.02400141954422,Random,resident,,,12,,measured,,,929
17.34,,,matmul-16x32x24,,79.619,,55.23199960589409,Predicted,resident,,,12,,measured,,,929
17.881,,,matmul-16x32x24,,79.824,,55.456001311540604,Current,resident,,,12,,measured,,,929
16.993000000000002,,,matmul-16x32x24,,80.669,,54.52800169587135,Predicted,resident,,,13,,measured,,,929
17.546,,,matmul-16x32x24,,79.837,,55.296000093221664,Current,resident,,,13,,measured,,,929
16.947,,,matmul-16x32x24,,77.614,,53.247999399900436,Random,resident,,,13,,measured,,,929
18.341,,,matmul-16x32x24,,82.03,,56.0000017285347,Current,resident,,,14,,measured,,,929
17.27,,,matmul-16x32x24,,78.101,,52.22399905323982,Random,resident,,,14,,measured,,,929
17.179000000000002,,,matmul-16x32x24,,80.484,,55.00800162553787,Predicted,resident,,,14,,measured,,,929
17.309,,,matmul-16x32x24,,80.341,,55.48800155520439,Current,resident,,,15,,measured,,,929
16.681,,,matmul-16x32x24,,80.184,,55.296000093221664,Predicted,resident,,,15,,measured,,,929
16.636,,,matmul-16x32x24,,77.297,,52.22399905323982,Random,resident,,,15,,measured,,,929
18.09,51.910000000000004,0.0,matmul-16x32x24,14084.80400004919,332.095,28240.25300017299,55.26399984955788,Random,one_shot,20345.56000037471,20013.46500037471,0,2903.132000028563,warmup,0.0,2873.872000236588,929
19.819,123.829,0.0,matmul-16x32x24,13461.344999996072,385.894,24618.966999777505,58.36800113320351,Current,one_shot,16724.273999979225,16338.379999979225,0,,warmup,0.0,2865.6700005740277,929
18.698,120.81599999999999,0.0,matmul-16x32x24,13434.849999612197,374.532,24952.54099992435,57.34400078654289,Predicted,one_shot,17057.84800012607,16683.31600012607,0,,warmup,461.3089995473274,2786.863999972411,929
18.859,54.672999999999995,0.0,matmul-16x32x24,13578.838000285032,316.766,25175.052999915435,57.28000029921532,Predicted,one_shot,17280.360000117154,16963.594000117155,1,,warmup,472.26500009855954,2912.188000664173,929
18.668,122.936,0.0,matmul-16x32x24,13674.961000106123,376.749,27904.097999683454,55.135998874902725,Random,one_shot,20009.404999885173,19632.655999885174,1,2959.9449999295757,warmup,0.0,2860.1570002138033,929
19.596,123.107,0.0,matmul-16x32x24,13765.062999482325,383.687,24921.32099989839,58.27200040221214,Current,one_shot,17026.62800010011,16642.94100010011,1,,warmup,0.0,2866.3120001510833,929
19.313,123.03800000000001,0.0,matmul-16x32x24,13706.392999665695,384.02,25368.948999401746,58.33600088953972,Predicted,one_shot,17474.255999603465,17090.235999603465,2,,warmup,475.1589995066752,2908.4739999234444,929
19.402,122.172,0.0,matmul-16x32x24,13661.66899970267,381.004,27923.40400012942,55.296000093221664,Random,one_shot,20028.71100033114,19647.70700033114,2,2961.5700004796963,warmup,0.0,2884.871999413008,929
19.272,121.468,0.0,matmul-16x32x24,13533.514999835461,375.651,24735.34600038482,58.36800113320351,Current,one_shot,16840.65300058654,16465.002000586537,2,,warmup,0.0,2920.6509998402908,929
19.113,120.62199999999999,0.0,matmul-16x32x24,13271.008000629081,374.355,24898.844999748766,57.34400078654289,Predicted,one_shot,17004.151999950485,16629.796999950486,3,,warmup,529.2549994919682,2829.381999617908,929
18.244999999999997,122.224,0.0,matmul-16x32x24,13365.159999921161,374.661,24512.22499982958,57.5999990105629,Current,one_shot,16617.5320000313,16242.8710000313,3,,warmup,0.0,2866.5240006375825,929
18.537,120.779,0.0,matmul-16x32x24,13297.163999595796,370.054,27292.742000013295,55.296000093221664,Random,one_shot,19398.049000215015,19027.995000215014,3,2804.837000439875,warmup,0.0,2793.4939998885966,929
18.917,120.85499999999999,0.0,matmul-16x32x24,13249.003000055382,373.034,24785.25800011611,57.312000542879105,Predicted,one_shot,16890.56500031783,16517.53100031783,4,,warmup,467.62100009800633,2800.567999656778,929
18.374000000000002,121.43700000000001,0.0,matmul-16x32x24,13199.508999605314,372.264,24226.675999309376,57.472001761198044,Current,one_shot,16331.982999511096,15959.718999511097,4,,warmup,0.0,2749.020999544882,929
18.256999999999998,121.81700000000001,0.0,matmul-16x32x24,13427.503999992041,372.045,27426.518999669424,55.296000093221664,Random,one_shot,19531.825999871144,19159.780999871145,4,2834.9229996820213,warmup,0.0,2765.524000096775,929
19.218,121.98500000000001,0.0,matmul-16x32x24,13238.817000456038,373.875,24709.608999578224,56.96000158786774,Predicted,one_shot,16814.915999779943,16441.040999779943,5,,warmup,454.5310002868064,2747.4589996927534,929
19.323,123.383,0.0,matmul-16x32x24,13171.818000046187,377.138,24200.150999855563,56.32000043988228,Current,one_shot,16305.458000057284,15928.320000057283,5,,warmup,0.0,2745.3009997771005,929
18.756999999999998,120.545,0.0,matmul-16x32x24,13249.483000436157,371.026,27315.800000185136,55.296000093221664,Random,one_shot,19421.107000386855,19050.081000386854,5,2897.8690006624674,warmup,0.0,2770.2860006684205,929
18.119,51.863000000000014,0.0,matmul-16x32x24,13252.398000076937,306.304,27207.620999101255,54.27199974656105,Random,one_shot,19312.927999302974,19006.623999302974,0,2806.1800003342796,measured,0.0,2816.115000314312,929
18.723,121.14500000000001,0.0,matmul-16x32x24,13279.707999572565,372.006,24425.940999756167,57.34400078654289,Current,one_shot,16531.247999957886,16159.241999957885,0,,measured,0.0,2868.593000130204,929
19.43,120.57900000000002,0.0,matmul-16x32x24,13335.532000382955,373.478,24857.332999743925,58.079998940229416,Predicted,one_shot,16962.639999945644,16589.161999945645,0,,measured,455.307999800425,2797.9920005236636,929
17.594,120.65600000000002,0.0,matmul-16x32x24,13294.057999701181,373.485,24908.990000130798,58.111999183893204,Predicted,one_shot,17014.297000332517,16640.812000332517,1,,measured,458.83999973739265,2887.7179993287427,929
18.805,120.25299999999999,0.0,matmul-16x32x24,13317.307999386685,369.106,27335.823000505014,54.27199974656105,Random,one_shot,19441.130000706733,19072.024000706733,1,2867.393000087759,measured,0.0,2754.737000032037,929
19.0,123.31799999999997,0.0,matmul-16x32x24,13489.622999259154,376.735,24563.68599913748,58.14399942755699,Current,one_shot,16668.9929993392,16292.2579993392,1,,measured,0.0,2791.3329995499225,929
18.464,51.268,0.0,matmul-16x32x24,13228.825999249239,303.112,24202.2049992724,58.36800113320351,Current,one_shot,16307.511999474116,16004.399999474117,2,,measured,0.0,2764.6040007311967,929
19.374,149.13599999999997,0.0,matmul-16x32x24,13875.011999516573,449.764,25623.66499910699,65.5359998345375,Predicted,one_shot,17728.97199930871,17279.20799930871,2,,measured,466.80499963258626,2937.0730007940438,929
19.363,129.16000000000003,0.0,matmul-16x32x24,13267.968999571167,385.749,27263.543000029098,60.416001826524734,Random,one_shot,19368.850000230817,18983.101000230818,2,2823.6999996806844,measured,0.0,2757.346000180405,929
19.43,155.04600000000002,0.0,matmul-16x32x24,13329.305000297609,429.881,24887.202999761917,62.463998794555664,Predicted,one_shot,16992.509999963637,16562.628999963636,3,,measured,452.1279997788952,2780.896999865945,929
19.043,131.325,0.0,matmul-16x32x24,13157.399999727204,391.626,24347.05199970213,62.463998794555664,Current,one_shot,16452.35899990385,16060.732999903848,3,,measured,0.0,2891.657000873238,929
19.067999999999998,129.892,0.0,matmul-16x32x24,13608.202000796155,388.088,27851.66399971816,60.416001826524734,Random,one_shot,19956.97099991988,19568.88299991988,3,2974.392999931297,measured,0.0,2852.41399978986,929
19.555999999999997,128.499,0.0,matmul-16x32x24,13210.850000177743,388.039,24275.730999334493,62.463998794555664,Current,one_shot,16381.037999536213,15992.998999536212,4,,measured,0.0,2770.8779998647515,929
19.252000000000002,129.29100000000003,0.0,matmul-16x32x24,13370.940000640985,387.066,27482.277999039747,61.40799820423126,Random,one_shot,19587.584999241466,19200.518999241467,4,2840.138000465231,measured,0.0,2855.6389997902443,929
20.897,145.871,0.0,matmul-16x32x24,13241.069999821775,408.392,24804.31700013532,64.19199705123901,Predicted,one_shot,16909.62400033704,16501.23200033704,4,,measured,455.7689999273862,2804.103999551444,929
18.213,51.10899999999999,0.0,matmul-16x32x24,13362.656000026618,309.422,24792.54500020916,63.48799914121628,Predicted,one_shot,16897.85200041088,16588.43000041088,5,,measured,457.7069994411431,2767.7669995682663,929
19.631999999999998,134.102,0.0,matmul-16x32x24,13500.739999471989,414.175,28259.54900020781,63.64800035953522,Random,one_shot,20364.85600040953,19950.68100040953,5,3299.3310005622334,measured,0.0,3013.1339999570628,929
20.745,136.96699999999996,0.0,matmul-16x32x24,14279.996999903233,426.791,25484.603000341074,67.71200150251389,Current,one_shot,17589.910000542794,17163.119000542792,5,,measured,0.0,2863.4380005314597,929
21.261,139.06900000000002,0.0,matmul-16x32x24,13663.741000527807,445.193,25390.154000073817,68.60800087451935,Predicted,one_shot,17495.461000275536,17050.268000275537,6,,measured,482.3629997190437,2903.3109994998085,929
20.211,132.45100000000002,0.0,matmul-16x32x24,13988.273999530065,404.141,25218.93599965644,63.551999628543854,Current,one_shot,17324.24299985816,16920.10199985816,6,,measured,0.0,2919.569999903615,929
20.399,133.962,0.0,matmul-16x32x24,13683.750000382133,405.656,27904.712000124255,61.43999844789505,Random,one_shot,20010.019000325974,19604.363000325975,6,2926.735000073677,measured,0.0,2854.7530000651022,929
19.545,132.173,0.0,matmul-16x32x24,13610.766000056174,399.467,25253.122999322655,63.48799914121628,Predicted,one_shot,17358.429999524375,16958.962999524374,7,,measured,474.9409999931231,2873.0450003422447,929
21.102,143.85600000000002,0.0,matmul-16x32x24,14776.037999581604,460.247,26103.240999099417,69.47200000286102,Current,one_shot,18208.547999301136,17748.300999301136,7,,measured,0.0,2951.2309993151575,929
20.539,135.275,0.0,matmul-16x32x24,13841.23199932219,407.995,28214.730999547526,61.40799820423126,Random,one_shot,20320.037999749246,19912.042999749247,7,3019.539999513654,measured,0.0,2910.962999521871,929
20.831,136.56199999999998,0.0,matmul-16x32x24,14270.50100028282,426.821,25532.647999606506,67.58400052785873,Current,one_shot,17637.954999808226,17211.133999808226,8,,measured,0.0,2925.9959992486984,929
23.536,148.063,0.0,matmul-16x32x24,13789.354999971692,489.611,25812.543999188198,70.65600156784058,Predicted,one_shot,17917.850999389917,17428.239999389916,8,,measured,479.52899967640406,3159.840000080294,929
21.735999999999997,142.93200000000002,0.0,matmul-16x32x24,18247.73600037588,466.955,32714.881999843914,66.56000018119812,Random,one_shot,24820.189000045633,24353.23400004563,8,2960.566000183462,measured,0.0,2982.2329997841734,929
20.717,60.169999999999995,0.0,matmul-16x32x24,14078.94300064072,369.646,28438.961999346146,64.51199948787689,Random,one_shot,20544.268999547865,20174.622999547864,9,3006.912000273587,measured,0.0,2945.7769996952266,929
21.567,138.872,0.0,matmul-16x32x24,13814.98999944597,448.854,25626.43099934009,67.58400052785873,Predicted,one_shot,17731.73799954181,17282.88399954181,9,,measured,528.3589998725802,2939.2439992079744,929
21.073,135.449,0.0,matmul-16x32x24,13934.11999924865,413.399,25169.673999163,64.35199826955795,Current,one_shot,17274.980999364718,16861.581999364716,9,,measured,0.0,2915.635000135808,929
19.192,55.36500000000001,0.0,matmul-16x32x24,13623.03600035375,319.554,24723.268000072796,62.752000987529755,Current,one_shot,16828.575000274515,16509.021000274515,10,,measured,0.0,2874.323000469303,929
20.496000000000002,133.696,0.0,matmul-16x32x24,14261.906999308849,417.542,25962.32499953189,66.56000018119812,Predicted,one_shot,18067.63199973361,17650.08999973361,10,,measured,480.759999845759,2906.83299954253,929
20.686,132.226,0.0,matmul-16x32x24,13742.424000156461,402.538,27990.76399935229,61.43999844789505,Random,one_shot,20096.07099955401,19693.53299955401,10,2937.5889998846105,measured,0.0,2872.855999157764,929
19.895,133.851,0.0,matmul-16x32x24,13703.392000024905,402.129,24912.943000677784,64.25599753856659,Current,one_shot,17018.250000879503,16616.121000879502,11,,measured,0.0,2901.261999795679,929
22.333,146.45100000000002,0.0,matmul-16x32x24,13672.30899995775,453.317,28353.658000531625,78.84799689054489,Random,one_shot,20458.965000733344,20005.648000733345,11,3334.9310006087762,measured,0.0,2859.03900021367,929
20.996000000000002,134.196,0.0,matmul-16x32x24,14182.980000441603,407.624,25844.799000661227,64.28799778223038,Predicted,one_shot,17950.106000862947,17542.482000862947,11,,measured,475.3560006065527,2883.857000597345,929
19.372,130.053,0.0,matmul-16x32x24,13580.498999544943,397.637,27808.26199990221,61.43999844789505,Random,one_shot,19913.56900010393,19515.93200010393,12,2912.666000156605,measured,0.0,2883.979000216641,929
19.448,132.69,0.0,matmul-16x32x24,13720.656000259623,400.07,25357.759000075333,64.12799656391144,Predicted,one_shot,17463.066000277053,17062.996000277053,12,,measured,474.29900041606743,2867.788000003202,929
20.85,133.916,0.0,matmul-16x32x24,13676.718000169785,402.143,24858.21599978292,63.77600133419037,Current,one_shot,16963.522999984638,16561.379999984638,12,,measured,0.0,2872.9149998980574,929
19.647,126.53500000000001,0.0,matmul-16x32x24,13505.173999874387,389.409,25065.4590003802,64.35199826955795,Predicted,one_shot,17170.76600058192,16781.35700058192,13,,measured,464.56000018224586,2811.368000038783,929
19.032,126.32900000000001,0.0,matmul-16x32x24,13355.5639995393,388.172,24494.074999508543,63.64800035953522,Current,one_shot,16599.381999710262,16211.209999710263,13,,measured,0.0,2843.9530005925917,929
19.845,131.001,0.0,matmul-16x32x24,13389.173999712511,392.436,27600.50100019535,60.416001826524734,Random,one_shot,19705.808000397068,19313.372000397067,13,2950.7550007110694,measured,0.0,2837.863000422658,929
18.744999999999997,126.81299999999999,0.0,matmul-16x32x24,13424.456999928225,388.538,24568.171999665385,63.1679967045784,Current,one_shot,16673.478999867104,16284.940999867104,14,,measured,0.0,2849.022000191326,929
21.232,141.15699999999998,0.0,matmul-16x32x24,30931.835000046703,445.475,45292.81499925083,67.58400052785873,Random,one_shot,37398.12199945255,36952.646999452554,14,2960.196999993059,measured,0.0,2910.786999564152,929
21.243000000000002,130.62900000000002,0.0,matmul-16x32x24,13743.679000072007,407.491,25395.466999465563,64.51199948787689,Predicted,one_shot,17500.773999667283,17093.28299966728,14,,measured,471.46500037342776,2877.904999877501,929
20.423000000000002,132.44699999999997,0.0,matmul-16x32x24,14559.014999576902,412.677,25778.937999362566,65.5359998345375,Current,one_shot,17884.244999564286,17471.567999564286,15,,measured,0.0,2898.856000683736,929
20.494,143.149,0.0,matmul-16x32x24,13866.608999705932,463.725,25870.95999987507,67.58400052785873,Predicted,one_shot,17976.26700007679,17512.54200007679,15,,measured,506.3540002083755,3139.0270005431375,929
21.406,146.447,0.0,matmul-16x32x24,15323.102000365907,484.766,30476.814000167415,68.60800087451935,Random,one_shot,22582.121000369134,22097.355000369134,15,3336.671000397473,measured,0.0,3243.459000259463,929
20.647,,,matmul-16x32x24,,90.324,,63.48799914121628,Current,resident,,,0,,warmup,,,930
30.6,,,matmul-16x32x24,,109.465,,64.51199948787689,Random,resident,,,0,,warmup,,,930
26.114,,,matmul-16x32x24,,89.503,,62.55999952554703,Predicted,resident,,,0,,warmup,,,930
23.848,,,matmul-16x32x24,,89.649,,63.1679967045784,Predicted,resident,,,1,,warmup,,,930
24.951,,,matmul-16x32x24,,83.738,,57.34400078654289,Random,resident,,,1,,warmup,,,930
18.122999999999998,,,matmul-16x32x24,,87.697,,62.463998794555664,Current,resident,,,1,,warmup,,,930
17.848,,,matmul-16x32x24,,82.438,,56.32000043988228,Random,resident,,,2,,warmup,,,930
19.221,,,matmul-16x32x24,,101.649,,61.43999844789505,Current,resident,,,2,,warmup,,,930
19.134999999999998,,,matmul-16x32x24,,93.066,,61.43999844789505,Predicted,resident,,,2,,warmup,,,930
17.713,,,matmul-16x32x24,,82.4,,56.32000043988228,Random,resident,,,3,,warmup,,,930
17.682000000000002,,,matmul-16x32x24,,85.449,,60.416001826524734,Current,resident,,,3,,warmup,,,930
26.054000000000002,,,matmul-16x32x24,,95.655,,61.43999844789505,Predicted,resident,,,3,,warmup,,,930
18.316,,,matmul-16x32x24,,87.592,,62.07999959588051,Predicted,resident,,,4,,warmup,,,930
20.131,,,matmul-16x32x24,,99.318,,58.36800113320351,Random,resident,,,4,,warmup,,,930
18.041,,,matmul-16x32x24,,86.019,,61.43999844789505,Current,resident,,,4,,warmup,,,930
17.19,,,matmul-16x32x24,,85.544,,60.416001826524734,Current,resident,,,5,,warmup,,,930
17.211000000000002,,,matmul-16x32x24,,81.997,,56.32000043988228,Random,resident,,,5,,warmup,,,930
17.488,,,matmul-16x32x24,,86.389,,61.43999844789505,Predicted,resident,,,5,,warmup,,,930
18.021,,,matmul-16x32x24,,85.931,,60.416001826524734,Current,resident,,,0,,measured,,,930
17.961,,,matmul-16x32x24,,85.355,,61.28000095486641,Predicted,resident,,,0,,measured,,,930
18.136,,,matmul-16x32x24,,80.962,,56.32000043988228,Random,resident,,,0,,measured,,,930
16.282,,,matmul-16x32x24,,81.699,,56.32000043988228,Random,resident,,,1,,measured,,,930
17.509,,,matmul-16x32x24,,85.297,,60.54399907588959,Current,resident,,,1,,measured,,,930
17.944,,,matmul-16x32x24,,84.76,,60.416001826524734,Predicted,resident,,,1,,measured,,,930
17.07,,,matmul-16x32x24,,84.987,,60.416001826524734,Predicted,resident,,,2,,measured,,,930
27.165999999999997,,,matmul-16x32x24,,81.607,,57.151999324560165,Random,resident,,,2,,measured,,,930
17.902,,,matmul-16x32x24,,85.863,,60.416001826524734,Current,resident,,,2,,measured,,,930
17.127000000000002,,,matmul-16x32x24,,85.035,,60.416001826524734,Current,resident,,,3,,measured,,,930
17.421,,,matmul-16x32x24,,81.659,,57.08799883723259,Random,resident,,,3,,measured,,,930
17.522,,,matmul-16x32x24,,85.173,,60.416001826524734,Predicted,resident,,,3,,measured,,,930
17.783,,,matmul-16x32x24,,81.446,,56.32000043988228,Random,resident,,,4,,measured,,,930
17.173,,,matmul-16x32x24,,85.327,,60.416001826524734,Predicted,resident,,,4,,measured,,,930
17.47,,,matmul-16x32x24,,84.241,,60.416001826524734,Current,resident,,,4,,measured,,,930
17.208,,,matmul-16x32x24,,81.026,,56.2559999525547,Random,resident,,,5,,measured,,,930
17.985,,,matmul-16x32x24,,84.842,,60.35200133919716,Predicted,resident,,,5,,measured,,,930
17.465,,,matmul-16x32x24,,85.346,,59.58399921655655,Current,resident,,,5,,measured,,,930
17.262,,,matmul-16x32x24,,86.019,,60.416001826524734,Predicted,resident,,,6,,measured,,,930
17.487000000000002,,,matmul-16x32x24,,84.411,,60.416001826524734,Current,resident,,,6,,measured,,,930
17.176000000000002,,,matmul-16x32x24,,80.823,,56.15999922156334,Random,resident,,,6,,measured,,,930
17.162,,,matmul-16x32x24,,85.278,,60.416001826524734,Current,resident,,,7,,measured,,,930
17.729,,,matmul-16x32x24,,102.806,,61.43999844789505,Predicted,resident,,,7,,measured,,,930
17.253999999999998,,,matmul-16x32x24,,80.719,,56.32000043988228,Random,resident,,,7,,measured,,,930
17.405,,,matmul-16x32x24,,85.309,,61.055999249219894,Current,resident,,,8,,measured,,,930
17.66,,,matmul-16x32x24,,84.087,,60.38400158286095,Predicted,resident,,,8,,measured,,,930
17.167,,,matmul-16x32x24,,81.008,,56.32000043988228,Random,resident,,,8,,measured,,,930
16.742,,,matmul-16x32x24,,83.901,,60.416001826524734,Predicted,resident,,,9,,measured,,,930
17.086,,,matmul-16x32x24,,80.239,,56.32000043988228,Random,resident,,,9,,measured,,,930
17.193,,,matmul-16x32x24,,84.401,,60.416001826524734,Current,resident,,,9,,measured,,,930
17.394,,,matmul-16x32x24,,84.827,,60.54399907588959,Predicted,resident,,,10,,measured,,,930
16.881999999999998,,,matmul-16x32x24,,84.068,,60.38400158286095,Current,resident,,,10,,measured,,,930
17.28,,,matmul-16x32x24,,80.214,,55.296000093221664,Random,resident,,,10,,measured,,,930
17.285,,,matmul-16x32x24,,85.261,,61.43999844789505,Current,resident,,,11,,measured,,,930
17.368,,,matmul-16x32x24,,81.091,,56.32000043988228,Random,resident,,,11,,measured,,,930
17.204,,,matmul-16x32x24,,84.708,,60.416001826524734,Predicted,resident,,,11,,measured,,,930
17.802,,,matmul-16x32x24,,129.53,,61.184000223875046,Current,resident,,,12,,measured,,,930
17.508,,,matmul-16x32x24,,79.748,,56.32000043988228,Random,resident,,,12,,measured,,,930
17.252000000000002,,,matmul-16x32x24,,84.679,,60.416001826524734,Predicted,resident,,,12,,measured,,,930
16.704,,,matmul-16x32x24,,84.511,,60.416001826524734,Predicted,resident,,,13,,measured,,,930
17.947,,,matmul-16x32x24,,84.343,,60.095999389886856,Current,resident,,,13,,measured,,,930
17.048000000000002,,,matmul-16x32x24,,80.158,,56.32000043988228,Random,resident,,,13,,measured,,,930
17.054000000000002,,,matmul-16x32x24,,81.473,,56.223999708890915,Random,resident,,,14,,measured,,,930
17.66,,,matmul-16x32x24,,84.715,,60.416001826524734,Predicted,resident,,,14,,measured,,,930
17.329,,,matmul-16x32x24,,85.338,,60.416001826524734,Current,resident,,,14,,measured,,,930
17.221,,,matmul-16x32x24,,80.899,,56.28800019621849,Random,resident,,,15,,measured,,,930
17.125,,,matmul-16x32x24,,85.476,,60.416001826524734,Predicted,resident,,,15,,measured,,,930
17.180999999999997,,,matmul-16x32x24,,84.414,,60.416001826524734,Current,resident,,,15,,measured,,,930
19.954,53.977999999999994,0.0,matmul-16x32x24,14132.557000266388,353.705,25325.57200020393,65.5359998345375,Current,one_shot,17430.87900040565,17077.17400040565,0,,warmup,0.0,2926.49299990444,930
19.3,131.311,0.0,matmul-16x32x24,13840.00400048535,401.564,28090.760999745034,60.416001826524734,Random,one_shot,20196.067999946754,19794.503999946755,0,2925.116999904276,warmup,0.0,2887.781999561412,930
19.542,127.839,0.0,matmul-16x32x24,13727.09999941435,396.553,25410.842999489847,63.48799914121628,Predicted,one_shot,17516.149999691566,17119.596999691566,0,,warmup,476.9159995703376,2915.4009998819674,930
18.551,50.367,0.0,matmul-16x32x24,13738.768999246531,314.79,25324.347999510435,63.35999816656113,Predicted,one_shot,17429.654999712155,17114.864999712154,1,,warmup,474.30999984499067,2901.511999880313,930
20.676000000000002,130.931,0.0,matmul-16x32x24,13887.50899968727,398.203,28123.636000341583,59.39200147986412,Random,one_shot,20228.943000543302,19830.7400005433,1,2917.0730003897916,warmup,0.0,2885.763000449515,930
20.006999999999998,128.53799999999998,0.0,matmul-16x32x24,13701.021999622753,396.53,24931.63899977118,63.48799914121628,Current,one_shot,17036.9459999729,16640.4159999729,1,,warmup,0.0,2927.530000306433,930
19.5,129.695,0.0,matmul-16x32x24,13523.779999559338,391.966,27766.394000257467,59.39200147986412,Random,one_shot,19871.701000459187,19479.735000459186,2,2966.531999845756,warmup,0.0,2851.0510001069633,930
19.973,126.47400000000002,0.0,matmul-16x32x24,13860.60799995903,392.766,25030.633999445006,63.4239986538887,Current,one_shot,17135.940999646726,16743.174999646726,2,,warmup,0.0,2870.8810004900442,930
19.959,127.53999999999998,0.0,matmul-16x32x24,13480.747000357951,393.262,25126.99300019671,64.4799992442131,Predicted,one_shot,17232.30000039843,16839.038000398432,2,,warmup,474.2660003103083,2883.8289999839617,930
19.977,129.494,0.0,matmul-16x32x24,13668.65699947084,393.802,27946.747999559597,60.416001826524734,Random,one_shot,20052.054999761316,19658.252999761316,3,2914.43599962804,warmup,0.0,2935.3789996093838,930
19.923000000000002,127.504,0.0,matmul-16x32x24,13792.6340003105,390.876,24912.08299945226,63.48799914121628,Current,one_shot,17017.38999965398,16626.51399965398,3,,warmup,0.0,2822.1500006111455,930
19.587,127.83499999999998,0.0,matmul-16x32x24,13546.455000323476,389.709,25119.281999603987,63.10400366783142,Predicted,one_shot,17224.588999805706,16834.879999805707,3,,warmup,468.1270002038218,2820.067999891762,930
18.671,49.672,0.0,matmul-16x32x24,13462.649999382847,315.783,25019.359999854703,64.35199826955795,Predicted,one_shot,17124.667000056423,16808.884000056423,4,,warmup,465.7459994632518,2880.232999814325,930
19.408,129.954,0.0,matmul-16x32x24,13673.536999704083,387.304,27809.91899952292,59.39200147986412,Random,one_shot,19915.22599972464,19527.92199972464,4,2903.9789997113985,warmup,0.0,2814.1140001025633,930
19.9,129.886,0.0,matmul-16x32x24,13541.066000470892,393.373,24667.797999930488,62.463998794555664,Current,one_shot,16773.105000132207,16379.732000132208,4,,warmup,0.0,2827.3319994696067,930
18.57,51.603,0.0,matmul-16x32x24,13572.542000474641,311.843,24674.64199939109,62.463998794555664,Current,one_shot,16779.94899959281,16468.105999592808,5,,warmup,0.0,2884.130999518675,930
20.482,140.85899999999995,0.0,matmul-16x32x24,15060.933999848203,460.218,30074.09100001661,65.47199934720993,Random,one_shot,22179.39800021833,21719.18000021833,5,3265.903999817965,warmup,0.0,3229.8050000463263,930
21.843,136.76,0.0,matmul-16x32x24,14010.625000082655,426.776,25937.14099971815,65.5359998345375,Predicted,one_shot,18042.44799991987,17615.67199991987,5,,warmup,470.69700030988315,3134.213000521413,930
20.967,131.559,0.0,matmul-16x32x24,13874.294000743248,404.614,25028.032000373933,64.25599753856659,Current,one_shot,17133.339000575652,16728.72500057565,0,,measured,0.0,2841.9990003385465,930
19.333,127.07099999999998,0.0,matmul-16x32x24,13856.823000423901,389.152,25501.840000263004,63.48799914121628,Predicted,one_shot,17607.147000464724,17217.995000464725,0,,measured,465.3000005419017,2895.5989992027753,930
19.493000000000002,130.434,0.0,matmul-16x32x24,14038.85900072055,394.082,28301.300000109422,60.416001826524734,Random,one_shot,20406.60700031114,20012.525000311143,0,2941.534999990836,measured,0.0,2894.526000090991,930
21.046,66.403,0.0,matmul-16x32x24,14310.915000351088,384.012,28916.899999972444,66.56000018119812,Random,one_shot,21022.207000174163,20638.195000174164,1,3091.008000410511,measured,0.0,3069.878999667708,930
21.75,132.862,0.0,matmul-16x32x24,14116.600999841467,419.763,25355.75800030541,65.31199812889099,Current,one_shot,17461.06500050713,17041.30200050713,1,,measured,0.0,2908.1319999022526,930
20.424,129.495,0.0,matmul-16x32x24,13812.94099974184,409.348,25476.689999601924,64.51199948787689,Predicted,one_shot,17581.996999803643,17172.64899980364,1,,measured,480.8289995708037,2878.608000173699,930
19.468,49.151,0.0,matmul-16x32x24,13612.889999421895,313.35,25188.122999282867,63.4239986538887,Predicted,one_shot,17293.429999484586,16980.079999484587,2,,measured,477.7590002049692,2889.131000301859,930
20.991,133.215,0.0,matmul-16x32x24,13899.644000048283,406.173,28164.529999584065,60.416001826524734,Random,one_shot,20269.836999785784,19863.663999785786,2,2937.428000223008,measured,0.0,2886.112999476609,930
20.047,128.317,0.0,matmul-16x32x24,13684.102000297571,395.304,24841.478999866344,63.48799914121628,Current,one_shot,16946.786000068063,16551.482000068063,2,,measured,0.0,2855.801999430696,930
18.868000000000002,50.53000000000001,0.0,matmul-16x32x24,13831.985999786411,316.933,24940.89599961256,63.48799914121628,Current,one_shot,17046.20299981428,16729.269999814278,3,,measured,0.0,2885.7159995823167,930
19.083,130.03900000000002,0.0,matmul-16x32x24,13636.821000545751,389.774,27902.97799966062,58.36800113320351,Random,one_shot,20008.28499986234,19618.510999862337,3,2967.428000374639,measured,0.0,2875.1979998560273,930
19.839,128.899,0.0,matmul-16x32x24,13731.065000683884,394.506,25364.422999907583,63.29599767923355,Predicted,one_shot,17469.730000109303,17075.2240001093,3,,measured,474.3810004583793,2869.4960001303116,930
19.314,129.375,0.0,matmul-16x32x24,13685.171999895829,389.273,27968.925999520477,59.39200147986412,Random,one_shot,20074.232999722197,19684.959999722196,4,3020.5900002329145,measured,0.0,2840.339999238495,930
19.395000000000003,127.196,0.0,matmul-16x32x24,13819.083000271348,392.804,25452.3509997279,64.2239972949028,Predicted,one_shot,17557.65799992962,17164.85399992962,4,,measured,472.34399971785024,2873.1120000884403,930
19.363,127.82000000000001,0.0,matmul-16x32x24,13569.355000072392,389.393,24680.726999826747,63.48799914121628,Current,one_shot,16786.034000028467,16396.641000028467,4,,measured,0.0,2815.6909993413137,930
18.947,129.598,0.0,matmul-16x32x24,13354.568000067957,386.523,27544.320999279866,59.39200147986412,Random,one_shot,19649.627999481585,19263.104999481584,5,2861.187000235077,measured,0.0,2911.3029995642137,930
19.522000000000002,126.71800000000002,0.0,matmul-16x32x24,13239.380000413803,389.453,24828.27699984432,63.48799914121628,Predicted,one_shot,16933.584000046038,16544.131000046036,5,,measured,465.8699999708915,2838.7749998728395,930
18.903,128.15699999999998,0.0,matmul-16x32x24,13526.463999369298,391.662,24629.906999651215,63.48799914121628,Current,one_shot,16735.213999852935,16343.551999852934,5,,measured,0.0,2805.398999953468,930
19.722,126.17300000000002,0.0,matmul-16x32x24,13531.865000004473,389.201,25267.138999917777,63.48799914121628,Predicted,one_shot,17372.446000119497,16983.245000119496,6,,measured,570.7790005544666,2880.2330007238197,930
19.733,126.96900000000001,0.0,matmul-16x32x24,13414.303999525146,389.454,24575.1669994969,62.463998794555664,Current,one_shot,16680.47399969862,16291.01999969862,6,,measured,0.0,2865.0269996433053,930
19.486,129.631,0.0,matmul-16x32x24,13627.613000608108,392.093,27897.70099995583,60.416001826524734,Random,one_shot,20003.008000157548,19610.915000157547,6,3024.0440000852686,measured,0.0,2824.0839992577094,930
19.496000000000002,127.40800000000002,0.0,matmul-16x32x24,13560.745999711799,389.832,24657.531999654722,62.463998794555664,Current,one_shot,16762.83899985644,16373.006999856443,7,,measured,0.0,2800.791000481695,930
19.417,126.44099999999997,0.0,matmul-16x32x24,13429.345999611542,388.423,25061.25899980874,63.32799792289734,Predicted,one_shot,17166.566000010458,16778.14300001046,7,,measured,465.6370001612231,2882.9120001319097,930
18.992,128.125,0.0,matmul-16x32x24,13397.779000115406,384.664,27563.49599966309,59.167999774217606,Random,one_shot,19668.80299986481,19284.13899986481,7,2948.6659996109665,measured,0.0,2801.894000185712,930
19.244999999999997,128.095,0.0,matmul-16x32x24,13431.422000394377,388.371,24537.075999788605,63.35999816656113,Current,one_shot,16642.382999990325,16254.011999990325,8,,measured,0.0,2810.99199946766,930
19.021,125.994,0.0,matmul-16x32x24,13438.44400071248,383.253,24944.19400034534,64.38399851322174,Predicted,one_shot,17049.501000547058,16666.248000547057,8,,measured,455.36300058302004,2772.177000224474,930
19.387999999999998,134.92299999999997,0.0,matmul-16x32x24,13485.514000421972,419.086,27523.074999442662,58.43200162053108,Random,one_shot,19628.38199964438,19209.295999644382,8,2792.1239998249803,measured,0.0,2796.9029997620964,930
18.73,125.50500000000001,0.0,matmul-16x32x24,13055.229999736184,382.907,24556.426000214582,63.48799914121628,Predicted,one_shot,16661.7330004163,16278.826000416302,9,,measured,453.5750003924477,2769.757999885769,930
18.853,128.376,0.0,matmul-16x32x24,13400.988000284997,381.616,27479.584999441948,58.36800113320351,Random,one_shot,19584.891999643667,19203.275999643665,9,2881.381999941368,measured,0.0,2786.9929999724263,930
21.477,139.41199999999998,0.0,matmul-16x32x24,30524.63899985014,448.06,41742.873999229516,69.63200122117996,Current,one_shot,33848.180999431235,33400.12099943124,9,,measured,0.0,2856.3400001075934,930
20.655,128.82100000000003,0.0,matmul-16x32x24,13274.927000566095,400.92,24961.52700023954,64.41599875688553,Predicted,one_shot,17066.83400044126,16665.914000441262,10,,measured,461.1469994415529,2929.658000539348,930
20.155,128.93099999999998,0.0,matmul-16x32x24,13705.936999940604,397.474,24914.041999853576,64.57599997520447,Current,one_shot,17019.349000055296,16621.875000055297,10,,measured,0.0,2903.012999922794,930
20.066,129.306,0.0,matmul-16x32x24,13410.831000328471,389.842,27512.04399919102,60.416001826524734,Random,one_shot,19617.35099939274,19227.50899939274,10,2864.6470000239788,measured,0.0,2816.705999975966,930
19.433,126.606,0.0,matmul-16x32x24,13429.210999674979,384.556,24558.718999770488,62.463998794555664,Current,one_shot,16664.025999972208,16279.469999972207,11,,measured,0.0,2839.165999830584,930
18.602,128.293,0.0,matmul-16x32x24,13373.22299968946,382.296,27395.02600002402,59.39200147986412,Random,one_shot,19500.33300022574,19118.03700022574,11,2859.0909996637492,measured,0.0,2750.884999841219,930
21.354,150.40800000000004,0.0,matmul-16x32x24,13414.838999779022,416.928,24949.85500010934,63.48799914121628,Predicted,one_shot,17055.16200031106,16638.23400031106,11,,measured,459.9880003297585,2763.1909997580806,930
19.317999999999998,126.44099999999999,0.0,matmul-16x32x24,13465.624999298598,384.22,24597.451999056007,62.463998794555664,Current,one_shot,16702.758999257727,16318.538999257726,12,,measured,0.0,2841.5509996193578,930
18.656,127.36,0.0,matmul-16x32x24,13510.99199928285,378.767,27561.89999919828,58.36800113320351,Random,one_shot,19667.206999399998,19288.439999399998,12,2802.7539992763195,measured,0.0,2841.5779997885693,930
19.644,127.83800000000002,0.0,matmul-16x32x24,13533.067000025767,388.3,25068.750000232667,63.32799792289734,Predicted,one_shot,17174.057000434386,16785.757000434387,12,,measured,456.39699965249747,2796.0589995927876,930
41.827,47.535000000000004,0.0,matmul-16x32x24,13315.553000211366,341.963,24785.68699986605,62.463998794555664,Predicted,one_shot,16890.99400006777,16549.03100006777,13,,measured,457.854000160296,2775.345999907586,930
19.059,126.952,0.0,matmul-16x32x24,13458.679999530432,385.13,24514.575999278688,63.32799792289734,Current,one_shot,16619.882999480407,16234.752999480406,13,,measured,0.0,2764.478000244708,930
18.64,128.689,0.0,matmul-16x32x24,13390.631999754987,383.09,27588.403999729697,59.167999774217606,Random,one_shot,19693.710999931416,19310.620999931416,13,2998.0050003359793,measured,0.0,2787.917999739875,930
18.347,49.532,0.0,matmul-16x32x24,13432.513999759976,301.224,27424.929000121843,59.13599953055382,Random,one_shot,19530.236000323563,19229.012000323564,14,2881.215000343218,measured,0.0,2781.105999929423,930
19.38,134.407,0.0,matmul-16x32x24,13308.91999987216,435.775,24917.644999362972,62.463998794555664,Predicted,one_shot,17022.95199956469,16587.17699956469,14,,measured,457.2340003505815,2820.704000441765,930
19.732,128.04199999999997,0.0,matmul-16x32x24,13427.902000330505,386.734,24580.40099996317,63.48799914121628,Current,one_shot,16685.70800016489,16298.97400016489,14,,measured,0.0,2859.424000234867,930
18.949,129.60199999999998,0.0,matmul-16x32x24,13997.560000461817,385.537,28076.73000046441,58.36800113320351,Random,one_shot,20182.03700066613,19796.50000066613,15,2803.6580006300937,measured,0.0,2860.364000298432,930
21.816000000000003,142.70799999999997,0.0,matmul-16x32x24,16374.722000364272,485.839,28283.456999567592,72.57600128650665,Predicted,one_shot,20388.76399976931,19902.92499976931,15,,measured,527.021999914723,2999.6519997439464,930
22.002,142.684,0.0,matmul-16x32x24,16112.383999825397,471.973,27621.462999828804,71.3919997215271,Current,one_shot,19726.770000030523,19254.79700003052,15,,measured,0.0,3115.199000603752,930
22.252000000000002,89.112,53.398,matmul-32x64x48,,521.097,,111.61600053310394,Current,initialize,,,-1,,initialization,,,
21.973,89.30799999999999,56.067,matmul-32x64x48,,509.919,,110.55999994277954,Predicted,initialize,,,-1,,initialization,,,
21.221,90.18299999999999,62.648,matmul-32x64x48,,529.855,,116.5120005607605,Random,initialize,,,-1,,initialization,,,928
22.235999999999997,89.18100000000003,62.902,matmul-32x64x48,,563.822,,116.60800129175186,Random,initialize,,,-1,,initialization,,,929
21.512,88.803,69.795,matmul-32x64x48,,526.618,,110.59200018644333,Random,initialize,,,-1,,initialization,,,930
21.425,,,matmul-32x64x48,,134.093,,108.22399705648422,Random,resident,,,0,,warmup,,,928
20.988,,,matmul-32x64x48,,156.261,,131.04000687599182,Predicted,resident,,,0,,warmup,,,928
21.509,,,matmul-32x64x48,,162.43,,136.19199395179749,Current,resident,,,0,,warmup,,,928
19.137999999999998,,,matmul-32x64x48,,131.776,,106.49599879980087,Random,resident,,,1,,warmup,,,928
19.38,,,matmul-32x64x48,,124.884,,100.35199671983719,Predicted,resident,,,1,,warmup,,,928
19.328,,,matmul-32x64x48,,127.801,,104.2879968881607,Current,resident,,,1,,warmup,,,928
18.842,,,matmul-32x64x48,,137.004,,112.5119999051094,Random,resident,,,2,,warmup,,,928
19.054,,,matmul-32x64x48,,124.954,,99.32799637317657,Current,resident,,,2,,warmup,,,928
19.144,,,matmul-32x64x48,,124.152,,100.25600343942642,Predicted,resident,,,2,,warmup,,,928
18.434,,,matmul-32x64x48,,132.914,,107.51999914646149,Random,resident,,,3,,warmup,,,928
19.648,,,matmul-32x64x48,,128.949,,105.12000322341919,Current,resident,,,3,,warmup,,,928
18.918,,,matmul-32x64x48,,129.145,,105.27999699115753,Predicted,resident,,,3,,warmup,,,928
18.624,,,matmul-32x64x48,,124.787,,100.35199671983719,Predicted,resident,,,4,,warmup,,,928
18.869,,,matmul-32x64x48,,123.853,,99.32799637317657,Current,resident,,,4,,warmup,,,928
19.468,,,matmul-32x64x48,,132.664,,107.68000036478043,Random,resident,,,4,,warmup,,,928
32.796,,,matmul-32x64x48,,125.629,,100.35199671983719,Predicted,resident,,,5,,warmup,,,928
19.38,,,matmul-32x64x48,,128.328,,103.84000092744827,Current,resident,,,5,,warmup,,,928
18.314999999999998,,,matmul-32x64x48,,136.161,,112.64000087976456,Random,resident,,,5,,warmup,,,928
19.292,,,matmul-32x64x48,,123.913,,99.32799637317657,Current,resident,,,0,,measured,,,928
18.828,,,matmul-32x64x48,,125.139,,100.38399696350098,Predicted,resident,,,0,,measured,,,928
18.77,,,matmul-32x64x48,,132.404,,108.44799876213074,Random,resident,,,0,,measured,,,928
18.498,,,matmul-32x64x48,,129.663,,105.47199845314026,Random,resident,,,1,,measured,,,928
18.893,,,matmul-32x64x48,,124.678,,100.35199671983719,Predicted,resident,,,1,,measured,,,928
19.240000000000002,,,matmul-32x64x48,,127.354,,103.26399654150009,Current,resident,,,1,,measured,,,928
19.113,,,matmul-32x64x48,,124.435,,100.35199671983719,Predicted,resident,,,2,,measured,,,928
18.814,,,matmul-32x64x48,,124.504,,99.93600100278854,Current,resident,,,2,,measured,,,928
18.816,,,matmul-32x64x48,,136.216,,111.7120012640953,Random,resident,,,2,,measured,,,928
19.096,,,matmul-32x64x48,,124.753,,100.35199671983719,Predicted,resident,,,3,,measured,,,928
18.741,,,matmul-32x64x48,,128.935,,105.47199845314026,Random,resident,,,3,,measured,,,928
19.356,,,matmul-32x64x48,,126.816,,103.55199873447418,Current,resident,,,3,,measured,,,928
18.777,,,matmul-32x64x48,,123.183,,100.19200295209885,Current,resident,,,4,,measured,,,928
18.644,,,matmul-32x64x48,,126.664,,102.39999741315842,Predicted,resident,,,4,,measured,,,928
19.054000000000002,,,matmul-32x64x48,,133.956,,110.17599701881409,Random,resident,,,4,,measured,,,928
18.070999999999998,,,matmul-32x64x48,,129.441,,105.27999699115753,Random,resident,,,5,,measured,,,928
18.942,,,matmul-32x64x48,,125.193,,101.21600329875946,Predicted,resident,,,5,,measured,,,928
19.380000000000003,,,matmul-32x64x48,,128.3,,103.42399775981903,Current,resident,,,5,,measured,,,928
18.682000000000002,,,matmul-32x64x48,,124.093,,98.9760011434555,Current,resident,,,6,,measured,,,928
19.012,,,matmul-32x64x48,,123.726,,100.35199671983719,Predicted,resident,,,6,,measured,,,928
19.387999999999998,,,matmul-32x64x48,,135.734,,112.64000087976456,Random,resident,,,6,,measured,,,928
19.396,,,matmul-32x64x48,,144.579,,104.22399640083313,Current,resident,,,7,,measured,,,928
22.403,,,matmul-32x64x48,,161.194,,106.08000308275223,Random,resident,,,7,,measured,,,928
21.028,,,matmul-32x64x48,,133.197,,105.47199845314026,Predicted,resident,,,7,,measured,,,928
18.553,,,matmul-32x64x48,,125.209,,100.35199671983719,Predicted,resident,,,8,,measured,,,928
19.435000000000002,,,matmul-32x64x48,,127.82,,103.42399775981903,Current,resident,,,8,,measured,,,928
19.198,,,matmul-32x64x48,,137.007,,112.64000087976456,Random,resident,,,8,,measured,,,928
18.224,,,matmul-32x64x48,,129.954,,105.47199845314026,Random,resident,,,9,,measured,,,928
18.991,,,matmul-32x64x48,,124.935,,100.35199671983719,Predicted,resident,,,9,,measured,,,928
19.997,,,matmul-32x64x48,,127.944,,104.09600287675858,Current,resident,,,9,,measured,,,928
19.175,,,matmul-32x64x48,,137.46,,111.61600053310394,Random,resident,,,10,,measured,,,928
19.548000000000002,,,matmul-32x64x48,,123.842,,99.32799637317657,Current,resident,,,10,,measured,,,928
19.263,,,matmul-32x64x48,,124.541,,100.22400319576263,Predicted,resident,,,10,,measured,,,928
18.700000000000003,,,matmul-32x64x48,,124.838,,101.1200025677681,Predicted,resident,,,11,,measured,,,928
18.856,,,matmul-32x64x48,,132.722,,107.51999914646149,Random,resident,,,11,,measured,,,928
19.227,,,matmul-32x64x48,,128.957,,104.51199859380722,Current,resident,,,11,,measured,,,928
19.41,,,matmul-32x64x48,,126.405,,102.39999741315842,Predicted,resident,,,12,,measured,,,928
19.308,,,matmul-32x64x48,,124.46,,100.35199671983719,Current,resident,,,12,,measured,,,928
19.073,,,matmul-32x64x48,,161.196,,108.5439994931221,Random,resident,,,12,,measured,,,928
18.597,,,matmul-32x64x48,,129.593,,105.47199845314026,Random,resident,,,13,,measured,,,928
18.883,,,matmul-32x64x48,,124.122,,100.35199671983719,Current,resident,,,13,,measured,,,928
18.881999999999998,,,matmul-32x64x48,,125.523,,101.3759970664978,Predicted,resident,,,13,,measured,,,928
18.604,,,matmul-32x64x48,,124.302,,99.32799637317657,Predicted,resident,,,14,,measured,,,928
19.358,,,matmul-32x64x48,,123.808,,99.23200309276581,Current,resident,,,14,,measured,,,928
18.717,,,matmul-32x64x48,,132.347,,107.51999914646149,Random,resident,,,14,,measured,,,928
18.154,,,matmul-32x64x48,,130.165,,105.0880029797554,Random,resident,,,15,,measured,,,928
19.179000000000002,,,matmul-32x64x48,,124.112,,100.35199671983719,Predicted,resident,,,15,,measured,,,928
19.408,,,matmul-32x64x48,,128.647,,104.09600287675858,Current,resident,,,15,,measured,,,928
22.134999999999998,152.707,0.0,matmul-32x64x48,55658.41000043292,493.306,111592.25600026881,109.56799983978271,Random,one_shot,79318.592999745,78825.286999745,0,11445.569999523286,warmup,0.0,11172.841000188782,928
21.323999999999998,152.02900000000002,0.0,matmul-32x64x48,54526.489999261685,478.042,100451.71600046642,104.44799810647964,Predicted,one_shot,68178.0529999426,67700.0109999426,0,,warmup,1838.068999859388,11335.066999890842,928
22.651,153.96099999999998,0.0,matmul-32x64x48,54089.86499969615,477.432,98196.35000028243,104.44799810647964,Current,one_shot,65922.68699975862,65445.25499975862,0,,warmup,0.0,11304.831000416016,928
22.488999999999997,152.149,0.0,matmul-32x64x48,54410.12600022077,482.869,110292.626000221,110.17599701881409,Random,one_shot,78018.96299969719,77536.09399969719,1,11498.704000587168,warmup,0.0,11111.873999652744,928
41.346999999999994,167.065,0.0,matmul-32x64x48,55254.38099994062,638.416,104198.57700013221,116.92799627780914,Predicted,one_shot,71924.9139996084,71286.4979996084,1,,warmup,1865.4209998203442,14166.137999382045,928
23.033,162.55,0.0,matmul-32x64x48,83460.47000031831,523.959,128366.25100042319,108.5439994931221,Current,one_shot,96092.58799989938,95568.62899989937,1,,warmup,0.0,12007.758000436297,928
21.985999999999997,153.039,0.0,matmul-32x64x48,55104.39299996506,490.959,112065.79600026205,110.59200018644333,Random,one_shot,79792.13299973824,79301.17399973824,2,11916.771999494813,warmup,0.0,11740.780999389244,928
22.566,160.87400000000002,0.0,matmul-32x64x48,54728.50499972992,545.584,99494.79700019633,107.13600367307663,Current,one_shot,67221.13399967251,66675.54999967251,2,,warmup,0.0,11883.969999871624,928
21.704,157.69100000000003,0.0,matmul-32x64x48,55207.061000146496,494.483,101153.1080005057,106.49599879980087,Predicted,one_shot,68879.44499998189,68384.9619999819,2,,warmup,1797.3050007640268,11379.89699964237,928
21.999000000000002,153.606,0.0,matmul-32x64x48,55433.68600046961,491.545,111711.80900062168,110.59200018644333,Random,one_shot,79438.14600009787,78946.60100009787,3,11407.283999687934,warmup,0.0,11577.977999877476,928
21.721,156.488,0.0,matmul-32x64x48,54786.32199992717,487.992,99120.58900068738,104.44799810647964,Current,one_shot,66846.92600016357,66358.93400016357,3,,warmup,0.0,11522.660000082396,928
21.354999999999997,154.89,0.0,matmul-32x64x48,54115.82100077794,479.655,100103.27000129191,105.47199845314026,Predicted,one_shot,67829.6070007681,67349.9520007681,3,,warmup,1848.3149997337023,11385.063000489026,928
21.060000000000002,82.12400000000001,0.0,matmul-32x64x48,54385.34000040818,407.534,100088.3360008757,104.44799810647964,Predicted,one_shot,67814.67300035189,67407.13900035189,4,,warmup,1896.4470000355504,11124.968999865814,928
21.551000000000002,160.77299999999997,0.0,matmul-32x64x48,55499.97700018139,517.098,99754.8800011825,107.51999914646149,Current,one_shot,67481.21700065868,66964.11900065868,4,,warmup,0.0,11399.230000279204,928
23.201,152.98,0.0,matmul-32x64x48,54863.16899987287,490.128,110878.29000107248,110.59200018644333,Random,one_shot,78604.62700054867,78114.49900054868,4,11453.97900017997,warmup,0.0,11267.479999332863,928
21.679000000000002,154.88000000000002,0.0,matmul-32x64x48,54424.33600001095,481.327,100038.31700056484,106.49599879980087,Predicted,one_shot,67764.65400004103,67283.32700004103,5,,warmup,1794.5039999176515,11064.021000493085,928
22.674,161.63100000000003,0.0,matmul-32x64x48,79719.90399983042,517.457,124444.61200027406,108.44799876213074,Current,one_shot,92170.94899975025,91653.49199975026,5,,warmup,0.0,11836.436000521644,928
22.793,154.928,0.0,matmul-32x64x48,55365.993000123126,493.103,111680.80400074471,111.35999858379364,Random,one_shot,79407.1410002209,78914.0380002209,5,11663.424000289524,warmup,0.0,11358.093999660923,928
21.417,179.74300000000002,0.0,matmul-32x64x48,53419.17399982776,513.008,97639.21400021182,104.44799810647964,Current,one_shot,65365.550999688014,64852.54299968801,0,,measured,0.0,11381.328000425128,928
23.29,153.31400000000005,0.0,matmul-32x64x48,54392.76899960532,483.141,100314.22900042828,105.47199845314026,Predicted,one_shot,68040.56599990447,67557.42499990447,0,,measured,1808.4269995597424,11356.40800021065,928
21.649,153.89,0.0,matmul-32x64x48,54012.170999158116,496.232,110292.18499977519,111.35999858379364,Random,one_shot,78018.52199925137,77522.28999925137,0,11414.43899996375,measured,0.0,11509.637000017392,928
21.225,92.60200000000002,0.0,matmul-32x64x48,61267.44199991663,456.3,118188.89500023414,114.68800157308578,Random,one_shot,85915.23199971033,85458.93199971033,1,11755.880000237084,measured,0.0,11871.532999975898,928
22.28,166.81499999999997,0.0,matmul-32x64x48,56302.06899968471,521.159,102732.08600066947,116.73600226640701,Predicted,one_shot,70458.42300014566,69937.26400014566,1,,measured,1877.7459999910207,11756.822999814176,928
22.067,164.215,0.0,matmul-32x64x48,56001.611999818124,507.29,100299.88600004297,117.76000261306763,Current,one_shot,68026.22299951916,67518.93299951917,1,,measured,0.0,11468.035999314452,928
22.747999999999998,163.31300000000002,0.0,matmul-32x64x48,54229.84999950131,504.609,100348.34900032403,117.76000261306763,Predicted,one_shot,68074.68599980022,67570.07699980022,2,,measured,1812.6149998352048,11527.141999977175,928
21.981,164.48,0.0,matmul-32x64x48,54701.5599995575,507.857,98996.6680006068,116.73600226640701,Current,one_shot,66723.005000083,66215.14800008299,2,,measured,0.0,11463.988000286918,928
22.055,161.003,0.0,matmul-32x64x48,53869.93699994491,501.866,109651.99100026932,121.85599654912949,Random,one_shot,77378.32799974551,76876.46199974552,2,11159.605999637279,measured,0.0,11254.052000367665,928
22.715,174.38000000000002,0.0,matmul-32x64x48,79239.02400034422,548.205,125940.05100063891,121.50400131940842,Predicted,one_shot,93666.3880001151,93118.1830001151,3,,measured,1992.0619997719768,11886.178000168002,928
22.357,165.69000000000003,0.0,matmul-32x64x48,55746.66100073955,526.85,112217.69900029703,125.95200538635254,Random,one_shot,79944.03599977322,79417.18599977321,3,11711.711999851104,measured,0.0,11435.026999606634,928
22.489,200.763,0.0,matmul-32x64x48,55709.258999740996,669.033,100136.28800049069,151.36000514030457,Current,one_shot,67862.62499996688,67193.59199996688,3,,measured,0.0,11417.840000831347,928
23.359,97.984,0.0,matmul-32x64x48,60719.11999970325,485.225,105855.65900017865,120.83200365304947,Current,one_shot,73581.99599965484,73096.77099965484,4,,measured,0.0,12281.119000363105,928
23.903,173.30000000000004,0.0,matmul-32x64x48,58866.16200041317,557.436,105445.62700100955,121.85599654912949,Predicted,one_shot,73171.96400048574,72614.52800048573,4,,measured,1907.2109998887754,11839.863000204787,928
24.106,172.723,0.0,matmul-32x64x48,63624.27700059925,564.532,120693.19300121756,128.00000607967377,Random,one_shot,88419.53000069375,87854.99800069374,4,11852.564000037091,measured,0.0,11811.06500007445,928
21.651,91.771,0.0,matmul-32x64x48,57543.21600034018,473.448,114751.34200022448,127.29600071907043,Random,one_shot,82477.67899970067,82004.23099970067,5,12051.578000864538,measured,0.0,11836.448999929416,928
22.683,170.002,0.0,matmul-32x64x48,58002.769999802695,547.457,104841.84200068499,121.85599654912949,Predicted,one_shot,72568.17900016118,72020.72200016119,5,,measured,1898.7699995705043,12118.525999539997,928
22.729999999999997,172.48600000000002,0.0,matmul-32x64x48,56712.82799994515,540.221,100958.37900013865,119.80800330638885,Current,one_shot,68684.71599961484,68144.49499961484,5,,measured,0.0,11370.027999873855,928
22.246,87.44500000000001,0.0,matmul-32x64x48,55376.32499999745,447.461,99995.49700066952,118.6240017414093,Current,one_shot,67721.83400014571,67274.37300014572,6,,measured,0.0,11837.005999950634,928
23.171,178.53699999999995,0.0,matmul-32x64x48,58194.69600010052,578.267,106672.72100041296,122.5920021533966,Predicted,one_shot,74399.05799988915,73820.79099988914,6,,measured,2007.9690002603456,13618.353999845567,928
25.108,166.34099999999998,0.0,matmul-32x64x48,58288.82700006943,553.645,115461.1170005956,126.78399682044983,Random,one_shot,83187.45400007178,82633.80900007178,6,11829.76099971711,measured,0.0,11957.116999838036,928
22.662,206.02400000000003,0.0,matmul-32x64x48,80161.95300024265,580.673,124850.51900097057,121.72800302505493,Current,one_shot,92576.85600044676,91996.18300044676,7,,measured,0.0,11750.513999686518,928
23.554000000000002,168.40400000000005,0.0,matmul-32x64x48,56105.51800054964,701.338,115628.63400013263,128.00000607967377,Random,one_shot,83354.97099960882,82653.63299960882,7,11999.284000012267,measured,0.0,13835.920000019541,928
23.157,159.649,0.0,matmul-32x64x48,56247.33400054538,528.74,102778.0760005683,119.80800330638885,Predicted,one_shot,70504.41300004449,69975.67300004448,7,,measured,1905.0000000788714,11822.91700024507,928
21.909,85.56100000000002,0.0,matmul-32x64x48,57706.303000486514,469.782,104509.95900057012,122.8799968957901,Predicted,one_shot,72236.2960000463,71766.5140000463,8,,measured,2053.3970000542467,12005.800000224554,928
23.272,161.44400000000005,0.0,matmul-32x64x48,57093.16199954628,534.66,101804.57200013436,118.78400295972824,Current,one_shot,69530.90899961055,68996.24899961054,8,,measured,0.0,11831.80599946354,928
22.512,206.57399999999998,0.0,matmul-32x64x48,57033.81300008914,589.586,113521.72900076215,124.92799758911133,Random,one_shot,81248.06600023834,80658.48000023834,8,11700.699000357417,measured,0.0,11386.015999960364,928
21.058,73.252,0.0,matmul-32x64x48,53622.93899997894,417.6,109503.79900055783,122.8799968957901,Random,one_shot,77230.13600003402,76812.53600003402,9,11621.924000792205,measured,0.0,11040.087000765197,928
22.775,154.02100000000002,0.0,matmul-32x64x48,53612.75999985082,493.766,99506.13400033076,116.73600226640701,Predicted,one_shot,67232.47099980694,66738.70499980694,9,,measured,1941.0099994274788,11184.56799940759,928
23.387999999999998,157.96200000000002,0.0,matmul-32x64x48,55121.2319996921,512.431,99393.35400025164,118.6240017414093,Current,one_shot,67119.69099972783,66607.25999972783,9,,measured,0.0,11420.793000070262,928
22.573,154.84799999999998,0.0,matmul-32x64x48,55072.54100029968,501.777,111097.31899982813,123.90399724245071,Random,one_shot,78823.65599930432,78321.87899930432,10,11389.741999664693,measured,0.0,11325.491000206966,928
23.098,153.418,0.0,matmul-32x64x48,54372.61099996249,495.24,98331.87700000034,117.76000261306763,Current,one_shot,66058.21399947653,65562.97399947653,10,,measured,0.0,11133.463000078336,928
21.957,154.569,0.0,matmul-32x64x48,54067.65399948199,498.155,99778.04000021456,116.73600226640701,Predicted,one_shot,67504.37699969075,67006.22199969075,10,,measured,1813.3760004275246,11124.767999717733,928
21.942999999999998,76.306,0.0,matmul-32x64x48,54174.79200059461,425.534,100074.41200106226,116.73600226640701,Predicted,one_shot,67800.74900053845,67375.21500053845,11,,measured,1805.0639991997741,11394.998000469059,928
22.299,154.75799999999998,0.0,matmul-32x64x48,54208.97399926616,504.359,110513.36400130228,123.90399724245071,Random,one_shot,78239.70100077847,77735.34200077847,11,11767.327999223198,measured,0.0,11231.982000026619,928
23.177,157.112,0.0,matmul-32x64x48,54432.616999292804,509.083,98798.61300032925,118.78400295972824,Current,one_shot,66524.94999980544,66015.86699980544,11,,measured,0.0,11525.39800023078,928
23.076999999999998,161.06900000000005,0.0,matmul-32x64x48,58741.34700025024,540.017,105584.74200088014,121.85599654912949,Predicted,one_shot,73311.07900035633,72771.06200035632,12,,measured,2109.8369998071576,11918.627000341075,928
23.271,157.113,0.0,matmul-32x64x48,56336.92700030224,511.004,101007.47700093056,116.73600226640701,Current,one_shot,68733.81400040675,68222.81000040675,12,,measured,0.0,11827.519999314973,928
23.114,156.38300000000004,0.0,matmul-32x64x48,55788.4660001946,511.259,112471.42400070983,123.58400225639343,Random,one_shot,80197.76100018602,79686.50200018601,12,11699.764000695723,measured,0.0,11663.395000141463,928
21.031,73.474,0.0,matmul-32x64x48,54807.22899937973,417.677,110965.94000096465,122.6240023970604,Random,one_shot,78692.27700044084,78274.60000044084,13,11429.939999288763,measured,0.0,11508.091999530734,928
21.634999999999998,157.338,0.0,matmul-32x64x48,54557.14999970951,498.803,98963.06900051927,117.44000017642975,Current,one_shot,66689.40599999546,66190.60299999546,13,,measured,0.0,11543.495000296389,928
22.403,156.31100000000004,0.0,matmul-32x64x48,53970.95799980889,495.722,100081.95700006069,116.73600226640701,Predicted,one_shot,67808.29399953688,67312.57199953689,13,,measured,1891.6930002887966,11449.43700001022,928
22.0,75.347,0.0,matmul-32x64x48,54354.87700015074,421.501,100242.68000108279,117.76000261306763,Predicted,one_shot,67969.01700055898,67547.51600055897,14,,measured,1807.5050002153148,11384.911000277498,928
21.948,161.231,0.0,matmul-32x64x48,78753.87999956729,536.774,123474.93700007166,120.54400146007538,Current,one_shot,91201.27399954785,90664.49999954784,14,,measured,0.0,11814.744999355753,928
22.993000000000002,155.595,0.0,matmul-32x64x48,54434.04300058319,527.948,111045.32600062256,145.24799585342407,Random,one_shot,78771.66300009875,78243.71500009875,14,11668.971000290185,measured,0.0,11608.326999521523,928
20.863,75.41600000000001,0.0,matmul-32x64x48,54457.65599961305,423.635,110661.01600084301,123.90399724245071,Random,one_shot,78387.3530003192,77963.7180003192,15,11598.316000345221,measured,0.0,11376.523999388155,928
21.832,156.31300000000002,0.0,matmul-32x64x48,54862.55699997855,502.893,101142.98800001702,117.76000261306763,Predicted,one_shot,68869.32499949321,68366.43199949322,15,,measured,1865.326999904937,11638.177999884647,928
22.204,154.066,0.0,matmul-32x64x48,54031.86300009111,492.814,98536.0600009979,116.60800129175186,Current,one_shot,66262.39700047408,65769.58300047409,15,,measured,0.0,11688.00600044051,928
22.371000000000002,,,matmul-32x64x48,,144.659,,118.78400295972824,Random,resident,,,0,,warmup,,,929
20.785,,,matmul-32x64x48,,137.229,,111.61600053310394,Current,resident,,,0,,warmup,,,929
20.356,,,matmul-32x64x48,,137.277,,113.43999952077866,Predicted,resident,,,0,,warmup,,,929
18.656,,,matmul-32x64x48,,136.734,,111.61600053310394,Predicted,resident,,,1,,warmup,,,929
19.147,,,matmul-32x64x48,,141.557,,118.56000125408173,Random,resident,,,1,,warmup,,,929
19.29,,,matmul-32x64x48,,136.166,,111.61600053310394,Current,resident,,,1,,warmup,,,929
19.515,,,matmul-32x64x48,,137.464,,112.64000087976456,Predicted,resident,,,2,,warmup,,,929
19.423000000000002,,,matmul-32x64x48,,142.891,,118.59200149774551,Random,resident,,,2,,warmup,,,929
19.239,,,matmul-32x64x48,,136.035,,111.61600053310394,Current,resident,,,2,,warmup,,,929
20.158,,,matmul-32x64x48,,137.524,,113.43999952077866,Predicted,resident,,,3,,warmup,,,929
19.183999999999997,,,matmul-32x64x48,,135.419,,111.51999980211258,Current,resident,,,3,,warmup,,,929
19.732,,,matmul-32x64x48,,142.925,,117.76000261306763,Random,resident,,,3,,warmup,,,929
20.000999999999998,,,matmul-32x64x48,,137.119,,113.34399878978729,Predicted,resident,,,4,,warmup,,,929
19.426000000000002,,,matmul-32x64x48,,134.894,,111.51999980211258,Current,resident,,,4,,warmup,,,929
19.393,,,matmul-32x64x48,,141.699,,117.76000261306763,Random,resident,,,4,,warmup,,,929
19.148000000000003,,,matmul-32x64x48,,137.082,,112.64000087976456,Predicted,resident,,,5,,warmup,,,929
19.4,,,matmul-32x64x48,,135.17,,111.61600053310394,Current,resident,,,5,,warmup,,,929
19.726,,,matmul-32x64x48,,141.609,,117.76000261306763,Random,resident,,,5,,warmup,,,929
19.023,,,matmul-32x64x48,,142.009,,117.50400066375732,Random,resident,,,0,,measured,,,929
19.264,,,matmul-32x64x48,,135.307,,111.61600053310394,Current,resident,,,0,,measured,,,929
19.874000000000002,,,matmul-32x64x48,,135.687,,110.59200018644333,Predicted,resident,,,0,,measured,,,929
18.636000000000003,,,matmul-32x64x48,,136.49,,112.57600039243698,Predicted,resident,,,1,,measured,,,929
19.126,,,matmul-32x64x48,,141.285,,117.76000261306763,Random,resident,,,1,,measured,,,929
19.672,,,matmul-32x64x48,,134.767,,111.61600053310394,Current,resident,,,1,,measured,,,929
18.894,,,matmul-32x64x48,,135.571,,111.68000102043152,Current,resident,,,2,,measured,,,929
19.52,,,matmul-32x64x48,,136.136,,112.5440001487732,Predicted,resident,,,2,,measured,,,929
19.831,,,matmul-32x64x48,,141.759,,117.76000261306763,Random,resident,,,2,,measured,,,929
19.098999999999997,,,matmul-32x64x48,,137.137,,112.64000087976456,Predicted,resident,,,3,,measured,,,929
20.885,,,matmul-32x64x48,,136.569,,112.57600039243698,Current,resident,,,3,,measured,,,929
19.27,,,matmul-32x64x48,,142.085,,117.76000261306763,Random,resident,,,3,,measured,,,929
19.334,,,matmul-32x64x48,,135.103,,111.61600053310394,Current,resident,,,4,,measured,,,929
19.591,,,matmul-32x64x48,,142.202,,118.46400052309036,Random,resident,,,4,,measured,,,929
19.857999999999997,,,matmul-32x64x48,,136.467,,112.64000087976456,Predicted,resident,,,4,,measured,,,929
19.366,,,matmul-32x64x48,,136.712,,111.61600053310394,Predicted,resident,,,5,,measured,,,929
19.314,,,matmul-32x64x48,,141.369,,117.76000261306763,Random,resident,,,5,,measured,,,929
19.241,,,matmul-32x64x48,,135.776,,111.61600053310394,Current,resident,,,5,,measured,,,929
20.064,,,matmul-32x64x48,,137.105,,112.64000087976456,Predicted,resident,,,6,,measured,,,929
20.157,,,matmul-32x64x48,,135.802,,112.41599917411804,Current,resident,,,6,,measured,,,929
19.451,,,matmul-32x64x48,,141.844,,117.76000261306763,Random,resident,,,6,,measured,,,929
19.906,,,matmul-32x64x48,,135.365,,111.61600053310394,Predicted,resident,,,7,,measured,,,929
19.845,,,matmul-32x64x48,,135.65,,111.51999980211258,Current,resident,,,7,,measured,,,929
18.945999999999998,,,matmul-32x64x48,,141.518,,117.72800236940384,Random,resident,,,7,,measured,,,929
19.988,,,matmul-32x64x48,,136.281,,111.58400028944016,Current,resident,,,8,,measured,,,929
19.771,,,matmul-32x64x48,,136.252,,111.51999980211258,Predicted,resident,,,8,,measured,,,929
19.468,,,matmul-32x64x48,,145.157,,117.76000261306763,Random,resident,,,8,,measured,,,929
19.07,,,matmul-32x64x48,,141.861,,116.73600226640701,Random,resident,,,9,,measured,,,929
19.317999999999998,,,matmul-32x64x48,,136.398,,112.38399893045425,Predicted,resident,,,9,,measured,,,929
19.412,,,matmul-32x64x48,,135.089,,111.58400028944016,Current,resident,,,9,,measured,,,929
18.567,,,matmul-32x64x48,,135.895,,111.84000223875046,Current,resident,,,10,,measured,,,929
19.683,,,matmul-32x64x48,,136.638,,112.64000087976456,Predicted,resident,,,10,,measured,,,929
19.738,,,matmul-32x64x48,,141.39,,117.76000261306763,Random,resident,,,10,,measured,,,929
19.487,,,matmul-32x64x48,,136.616,,112.64000087976456,Current,resident,,,11,,measured,,,929
19.154,,,matmul-32x64x48,,168.323,,143.36000382900238,Random,resident,,,11,,measured,,,929
19.575,,,matmul-32x64x48,,136.851,,112.64000087976456,Predicted,resident,,,11,,measured,,,929
19.028,,,matmul-32x64x48,,142.994,,117.76000261306763,Random,resident,,,12,,measured,,,929
19.988999999999997,,,matmul-32x64x48,,136.359,,111.61600053310394,Predicted,resident,,,12,,measured,,,929
20.034,,,matmul-32x64x48,,135.509,,111.55200004577637,Current,resident,,,12,,measured,,,929
19.122,,,matmul-32x64x48,,136.803,,112.64000087976456,Predicted,resident,,,13,,measured,,,929
19.506999999999998,,,matmul-32x64x48,,136.652,,111.61600053310394,Current,resident,,,13,,measured,,,929
19.467,,,matmul-32x64x48,,141.592,,117.76000261306763,Random,resident,,,13,,measured,,,929
19.374000000000002,,,matmul-32x64x48,,136.631,,111.61600053310394,Current,resident,,,14,,measured,,,929
19.17,,,matmul-32x64x48,,141.996,,117.76000261306763,Random,resident,,,14,,measured,,,929
19.792,,,matmul-32x64x48,,137.014,,112.64000087976456,Predicted,resident,,,14,,measured,,,929
19.413,,,matmul-32x64x48,,136.331,,111.61600053310394,Current,resident,,,15,,measured,,,929
19.353,,,matmul-32x64x48,,136.877,,111.61600053310394,Predicted,resident,,,15,,measured,,,929
19.112000000000002,,,matmul-32x64x48,,140.902,,117.76000261306763,Random,resident,,,15,,measured,,,929
20.92,80.964,0.0,matmul-32x64x48,54012.71499977156,423.997,110164.42900076267,121.88799679279327,Random,one_shot,77890.76600023886,77466.76900023886,0,11307.988000226032,warmup,0.0,11617.938000199501,929
22.515,153.62400000000002,0.0,matmul-32x64x48,54250.37700024404,494.161,98404.19600049555,117.76000261306763,Current,one_shot,66130.53299997174,65636.37199997174,0,,warmup,0.0,11333.953999383084,929
22.426000000000002,156.13000000000002,0.0,matmul-32x64x48,53732.32800047845,503.468,99914.54200118198,118.59200149774551,Predicted,one_shot,67640.87900065817,67137.41100065818,0,,warmup,1919.2320005458896,11485.197999718366,929
20.924,77.52000000000001,0.0,matmul-32x64x48,54248.27600018034,427.41,100283.32400072736,118.46400052309036,Predicted,one_shot,68009.66100020354,67582.25100020354,1,,warmup,1810.3559996234253,11523.361999934423,929
22.561,169.223,0.0,matmul-32x64x48,58030.96799991181,550.474,115495.43300024049,126.97599828243256,Random,one_shot,83221.76999971668,82671.29599971668,1,11835.60600020428,warmup,0.0,12192.901000162237,929
22.941,158.53900000000004,0.0,matmul-32x64x48,56157.02799968858,512.318,100776.03100045866,117.76000261306763,Current,one_shot,68502.36799993485,67990.04999993485,1,,warmup,0.0,11776.772000303026,929
22.765,155.29299999999998,0.0,matmul-32x64x48,55388.92000004125,509.016,101430.97500051593,117.76000261306763,Predicted,one_shot,69157.31199999212,68648.29599999211,2,,warmup,1853.3869997554575,11405.203000322217,929
22.883000000000003,168.86,0.0,matmul-32x64x48,79635.40599939734,550.538,136508.29600058618,125.95200538635254,Random,one_shot,104234.63300006237,103684.09500006237,2,11481.35200037359,warmup,0.0,11977.58999933285,929
22.805999999999997,155.721,0.0,matmul-32x64x48,55060.04299968481,499.462,99564.83100052743,117.11999773979187,Current,one_shot,67291.16800000361,66791.70600000361,2,,warmup,0.0,11676.408000312222,929
23.145,156.055,0.0,matmul-32x64x48,53947.05799972144,502.044,99772.59100074222,116.92799627780914,Predicted,one_shot,67498.92800021841,66996.88400021842,3,,warmup,1828.8020000909455,11220.659999708005,929
22.333,154.05800000000005,0.0,matmul-32x64x48,54587.95899994584,501.83,98914.40100015355,116.86400324106216,Current,one_shot,66640.73799962974,66138.90799962974,3,,warmup,0.0,11495.931999888853,929
22.271,163.795,0.0,matmul-32x64x48,54552.82500042813,509.393,110819.50300068247,122.78400361537933,Random,one_shot,78545.84000015866,78036.44700015866,3,11481.171999548678,warmup,0.0,11473.638999632385,929
22.368000000000002,152.57200000000003,0.0,matmul-32x64x48,53810.704999705194,489.794,100032.77600045741,117.76000261306763,Predicted,one_shot,67759.1129999336,67269.3189999336,4,,warmup,1803.3890000879182,11654.828000246198,929
22.782,156.64499999999998,0.0,matmul-32x64x48,53795.54699993605,501.008,98079.51000094254,116.70400202274323,Current,one_shot,65805.84700041873,65304.839000418724,4,,warmup,0.0,11460.203999376972,929
21.977,163.86,0.0,matmul-32x64x48,53895.381999609526,511.35,110119.43100026043,122.8799968957901,Random,one_shot,77845.76799973662,77334.41799973662,4,11438.292000093497,warmup,0.0,11468.628000329772,929
21.968,153.66100000000003,0.0,matmul-32x64x48,54422.5630001165,490.042,100331.27700089481,117.60000139474869,Predicted,one_shot,68057.614000371,67567.572000371,5,,warmup,1802.9749999186606,11341.74399976473,929
21.528,155.439,0.0,matmul-32x64x48,54110.87300035433,494.504,98212.81500078998,117.76000261306763,Current,one_shot,65939.15200026617,65444.64800026617,5,,warmup,0.0,11282.077000032587,929
21.965,169.70700000000002,0.0,matmul-32x64x48,56916.877999356075,547.725,113831.80000059257,126.78399682044983,Random,one_shot,81558.13700006876,81010.41200006875,5,11515.183000483376,warmup,0.0,11999.50499994884,929
21.617,91.64999999999999,0.0,matmul-32x64x48,79909.86699951463,467.336,136704.34900093672,126.97599828243256,Random,one_shot,104430.6860004129,103963.3500004129,0,11792.432999754965,measured,0.0,11639.780000223254,929
22.353,153.43099999999995,0.0,matmul-32x64x48,54430.87900039245,494.674,98603.35500066727,116.73600226640701,Current,one_shot,66329.69200014346,65835.01800014346,0,,measured,0.0,11355.303000527783,929
22.904,169.46099999999998,0.0,matmul-32x64x48,54797.0150000765,603.45,103307.68900055902,121.85599654912949,Predicted,one_shot,71034.02600003521,70430.57600003522,0,,measured,1852.4090000937576,13781.153000309132,929
21.811,83.551,0.0,matmul-32x64x48,59588.90399961092,463.401,106120.59800025511,120.83200365304947,Predicted,one_shot,73846.9349997313,73383.5339997313,1,,measured,2002.649999667483,11790.949999522127,929
22.306,167.07799999999997,0.0,matmul-32x64x48,56254.59599923488,531.941,113149.10600121111,124.89599734544754,Random,one_shot,80875.4430006873,80343.5020006873,1,11759.279000216338,measured,0.0,11777.888999858988,929
23.09,155.93300000000002,0.0,matmul-32x64x48,55169.7310002055,503.606,99530.55700117853,117.5680011510849,Current,one_shot,67256.89400065472,66753.28800065472,1,,measured,0.0,11531.846999787376,929
21.447,72.839,0.0,matmul-32x64x48,53840.73200002604,410.749,98024.82599988922,116.48000031709671,Current,one_shot,65751.1629993654,65340.41399936541,2,,measured,0.0,11444.367999501992,929
22.249,152.838,0.0,matmul-32x64x48,54203.18899996346,493.72,100075.17400105423,116.73600226640701,Predicted,one_shot,67801.51100053042,67307.79100053041,2,,measured,1876.204999462061,11228.028999539674,929
21.84,163.004,0.0,matmul-32x64x48,54110.72499919101,508.584,110357.44100054292,123.90399724245071,Random,one_shot,78083.77800001911,77575.19400001911,2,11505.530000249564,measured,0.0,11426.604999542178,929
21.399,155.246,0.0,matmul-32x64x48,54698.97700004367,499.898,100534.32300055826,117.69600212574005,Predicted,one_shot,68260.66000003445,67760.76200003445,3,,measured,1803.3369997283444,11257.81900009315,929
23.28,161.40499999999997,0.0,matmul-32x64x48,55127.173000073526,521.325,99691.24900030722,119.80800330638885,Current,one_shot,67417.5859997834,66896.26099978341,3,,measured,0.0,11714.863000634068,929
22.318,192.84499999999997,0.0,matmul-32x64x48,79687.66999965737,628.357,137682.6200011187,141.53599739074707,Random,one_shot,105408.95700059486,104780.60000059486,3,12790.151999979571,measured,0.0,11712.142999385833,929
23.776,161.69899999999998,0.0,matmul-32x64x48,57743.831999687245,541.045,102751.69900037332,120.57600170373917,Current,one_shot,70478.03599984951,69936.99099984951,4,,measured,0.0,12092.396999833,929
22.396,171.32899999999998,0.0,matmul-32x64x48,58142.001000305754,556.504,115701.82600089889,126.75200402736664,Random,one_shot,83428.16300037508,82871.65900037508,4,11594.108999815944,measured,0.0,12399.392000588705,929
24.042,162.07700000000003,0.0,matmul-32x64x48,61943.44999948953,550.16,108759.10100015721,122.01599776744843,Predicted,one_shot,76485.4379996334,75935.2779996334,4,,measured,1995.8729999416391,11994.752000646258,929
22.53,86.846,0.0,matmul-32x64x48,57850.043999678746,470.271,104960.3570006237,120.83200365304947,Predicted,one_shot,72686.69400009989,72216.4230000999,5,,measured,2019.2619995214045,12346.073999651708,929
26.306,193.565,0.0,matmul-32x64x48,59230.43500024505,621.298,116448.18400083201,127.6479959487915,Random,one_shot,84174.5210003082,83553.22300030821,5,11836.58199988713,measured,0.0,11902.676000318024,929
22.928,157.77100000000002,0.0,matmul-32x64x48,55555.1679999553,514.098,100091.17900046147,118.78400295972824,Current,one_shot,67817.51599993766,67303.41799993766,5,,measured,0.0,11688.15200071549,929
23.8,160.278,0.0,matmul-32x64x48,55436.39400002576,535.415,101654.3170009624,120.83200365304947,Predicted,one_shot,69380.65400043859,68845.2390004386,6,,measured,1906.9429999944987,11501.070000122127,929
22.65,162.274,0.0,matmul-32x64x48,61447.62100029766,547.731,107102.38100036202,121.85599654912949,Current,one_shot,74828.7179998382,74280.9869998382,6,,measured,0.0,12733.573000332399,929
22.545,164.029,0.0,matmul-32x64x48,56118.05499938782,536.826,113245.9040000799,125.2799928188324,Random,one_shot,80972.24099955609,80435.41499955609,6,11773.960000027728,measured,0.0,11971.688999437902,929
22.997,158.577,0.0,matmul-32x64x48,55633.39899981656,524.043,102559.88900003524,119.80800330638885,Predicted,one_shot,70286.22599951143,69762.18299951142,7,,measured,1859.4359999042354,12268.757000128971,929
22.5,161.33700000000002,0.0,matmul-32x64x48,80246.83799976629,541.755,125267.77000030578,121.63200229406357,Current,one_shot,92994.10699978197,92452.35199978197,7,,measured,0.0,12107.039000511577,929
22.368000000000002,162.858,0.0,matmul-32x64x48,57343.41700008372,550.115,115302.54500040792,126.97599828243256,Random,one_shot,83028.8819998841,82478.7669998841,7,12002.275999293488,measured,0.0,12507.447999269061,929
22.822000000000003,176.32400000000004,0.0,matmul-32x64x48,56738.21100026544,575.258,102288.08100052553,121.85599654912949,Current,one_shot,70014.41800000172,69439.16000000172,8,,measured,0.0,12641.769999390817,929
23.028,161.71599999999998,0.0,matmul-32x64x48,57628.32699929277,539.516,104112.39399979531,121.85599654912949,Predicted,one_shot,71838.7309992715,71299.2149992715,8,,measured,1855.5560000095284,11813.881999842124,929
22.838,155.84499999999997,0.0,matmul-32x64x48,56397.4690003306,522.027,113290.18500101758,125.05599856376648,Random,one_shot,81016.52200049377,80494.49500049377,8,11770.30399958312,measured,0.0,11772.980000387179,929
21.195,77.132,0.0,matmul-32x64x48,55620.73799956124,434.045,111874.96299997113,124.64000284671783,Random,one_shot,79601.29999944732,79167.25499944732,9,11641.668999800459,measured,0.0,11367.248000169639,929
22.377,158.642,0.0,matmul-32x64x48,54834.509000102116,527.265,101184.09900080161,120.70400267839432,Predicted,one_shot,68910.4360002778,68383.1710002778,9,,measured,1918.2200003342587,11629.64099967212,929
23.164,158.08399999999997,0.0,matmul-32x64x48,54853.00000054849,510.261,99020.99400069402,118.56000125408173,Current,one_shot,66747.3310001702,66237.0700001702,9,,measured,0.0,11331.171000165341,929
20.944000000000003,76.04600000000002,0.0,matmul-32x64x48,55119.865000051504,419.491,99039.91500072823,117.60000139474869,Current,one_shot,66766.25200020442,66346.76100020442,10,,measured,0.0,11172.148000696325,929
21.583,154.518,0.0,matmul-32x64x48,54923.972000324284,499.845,100897.17700119372,117.76000261306763,Predicted,one_shot,68623.51400066991,68123.6690006699,10,,measured,1813.568000216037,11385.572999643045,929
22.627000000000002,154.51,0.0,matmul-32x64x48,55239.33099993883,507.201,111315.05700097443,123.90399724245071,Random,one_shot,79041.39400045061,78534.19300045061,10,11629.27200039121,measured,0.0,11141.138000311912,929
22.059,163.22299999999998,0.0,matmul-32x64x48,78469.15299978718,533.702,122876.03200071982,121.18399888277054,Current,one_shot,90602.369000196,90068.667000196,11,,measured,0.0,11515.225000039209,929
21.53,202.49999999999997,0.0,matmul-32x64x48,54759.62599939521,575.06,112170.45599975687,126.62400305271149,Random,one_shot,79896.79299923306,79321.73299923306,11,12201.075999655586,measured,0.0,11824.646000604844,929
22.704,162.02400000000003,0.0,matmul-32x64x48,59887.44699970994,542.8,107667.73700066262,121.85599654912949,Predicted,one_shot,75394.0740001388,74851.2740001388,11,,measured,2343.0989995176787,12619.805999747769,929
22.472,160.455,0.0,matmul-32x64x48,56541.68400087656,524.727,113448.01500118412,124.92799758911133,Random,one_shot,81174.3520006603,80649.62500066031,12,11681.367000164755,measured,0.0,11878.92699999793,929
21.975,154.212,0.0,matmul-32x64x48,56050.311000035435,499.553,102546.13200067104,117.69600212574005,Predicted,one_shot,70272.46900014723,69772.91600014723,12,,measured,1903.950999803783,11818.441000286839,929
22.734,156.21699999999998,0.0,matmul-32x64x48,54462.30300003663,493.663,98645.30000113772,116.7680025100708,Current,one_shot,66371.6370006139,65877.9740006139,12,,measured,0.0,11364.658000275085,929
22.075,153.926,0.0,matmul-32x64x48,54309.34099967999,493.319,100261.13400063226,118.6240017414093,Predicted,one_shot,67987.47100010845,67494.15200010844,13,,measured,1822.6809997941018,11361.787999703665,929
21.338,153.041,0.0,matmul-32x64x48,54820.28300048114,495.443,99031.59600107776,118.78400295972824,Current,one_shot,66757.93300055395,66262.49000055395,13,,measured,0.0,11393.136000151571,929
21.688,151.94100000000003,0.0,matmul-32x64x48,54199.82900002651,503.538,110682.5940005611,123.90399724245071,Random,one_shot,78408.9310000373,77905.3930000373,13,11726.4200007412,measured,0.0,11447.564999798487,929
21.514,154.80399999999997,0.0,matmul-32x64x48,54987.747999803105,503.325,99258.29400076541,118.78400295972824,Current,one_shot,66984.6310002416,66481.3060002416,14,,measured,0.0,11439.090999374457,929
23.147,152.63499999999996,0.0,matmul-32x64x48,54663.93599999719,501.754,110892.03300005749,122.8799968957901,Random,one_shot,78618.36999953368,78116.61599953368,14,11417.920999519993,measured,0.0,11269.569999967644,929
22.49,161.345,0.0,matmul-32x64x48,79622.10200003028,530.374,126133.11200045251,121.85599654912949,Predicted,one_shot,93859.4489999287,93329.0749999287,14,,measured,1959.027999873797,11746.954999580339,929
23.029,156.67499999999998,0.0,matmul-32x64x48,54839.23399970081,501.125,99222.38500027492,118.52800101041794,Current,one_shot,66948.72199975111,66447.59699975111,15,,measured,0.0,11556.450000171026,929
22.961,155.442,0.0,matmul-32x64x48,54781.61800056114,501.235,100646.72600105796,117.76000261306763,Predicted,one_shot,68373.06300053415,67871.82800053415,15,,measured,1815.66399987787,11274.018000221986,929
22.311,153.19900000000004,0.0,matmul-32x64x48,54475.771999932476,502.874,111093.90600113895,123.58400225639343,Random,one_shot,78820.24300061514,78317.36900061514,15,11706.500999935088,measured,0.0,11556.364000171016,929
21.213,,,matmul-32x64x48,,138.863,,112.64000087976456,Current,resident,,,0,,warmup,,,930
21.197000000000003,,,matmul-32x64x48,,149.975,,124.7360035777092,Random,resident,,,0,,warmup,,,930
21.999000000000002,,,matmul-32x64x48,,139.066,,113.66400122642517,Predicted,resident,,,0,,warmup,,,930
19.372,,,matmul-32x64x48,,137.445,,113.3119985461235,Predicted,resident,,,1,,warmup,,,930
19.719,,,matmul-32x64x48,,142.843,,118.75200271606445,Random,resident,,,1,,warmup,,,930
19.82,,,matmul-32x64x48,,136.935,,112.38399893045425,Current,resident,,,1,,warmup,,,930
19.566,,,matmul-32x64x48,,142.645,,117.76000261306763,Random,resident,,,2,,warmup,,,930
19.609,,,matmul-32x64x48,,135.762,,111.61600053310394,Current,resident,,,2,,warmup,,,930
19.124000000000002,,,matmul-32x64x48,,136.633,,112.5440001487732,Predicted,resident,,,2,,warmup,,,930
19.769,,,matmul-32x64x48,,141.47,,117.5680011510849,Random,resident,,,3,,warmup,,,930
19.543,,,matmul-32x64x48,,136.218,,112.38399893045425,Current,resident,,,3,,warmup,,,930
18.944,,,matmul-32x64x48,,137.809,,112.64000087976456,Predicted,resident,,,3,,warmup,,,930
18.863,,,matmul-32x64x48,,136.628,,112.64000087976456,Predicted,resident,,,4,,warmup,,,930
19.492,,,matmul-32x64x48,,141.597,,117.60000139474869,Random,resident,,,4,,warmup,,,930
19.704,,,matmul-32x64x48,,135.538,,111.61600053310394,Current,resident,,,4,,warmup,,,930
19.017,,,matmul-32x64x48,,135.973,,111.61600053310394,Current,resident,,,5,,warmup,,,930
19.349,,,matmul-32x64x48,,142.758,,118.75200271606445,Random,resident,,,5,,warmup,,,930
19.809,,,matmul-32x64x48,,137.207,,112.64000087976456,Predicted,resident,,,5,,warmup,,,930
19.752000000000002,,,matmul-32x64x48,,136.291,,111.61600053310394,Current,resident,,,0,,measured,,,930
18.923000000000002,,,matmul-32x64x48,,136.631,,113.27999830245972,Predicted,resident,,,0,,measured,,,930
19.831,,,matmul-32x64x48,,143.157,,117.53600090742111,Random,resident,,,0,,measured,,,930
18.975,,,matmul-32x64x48,,141.421,,117.76000261306763,Random,resident,,,1,,measured,,,930
19.436999999999998,,,matmul-32x64x48,,136.03,,111.61600053310394,Current,resident,,,1,,measured,,,930
19.096,,,matmul-32x64x48,,137.236,,112.64000087976456,Predicted,resident,,,1,,measured,,,930
18.576999999999998,,,matmul-32x64x48,,136.495,,112.64000087976456,Predicted,resident,,,2,,measured,,,930
19.277,,,matmul-32x64x48,,141.682,,117.76000261306763,Random,resident,,,2,,measured,,,930
19.464,,,matmul-32x64x48,,135.716,,111.61600053310394,Current,resident,,,2,,measured,,,930
19.004,,,matmul-32x64x48,,135.804,,112.5119999051094,Current,resident,,,3,,measured,,,930
19.333,,,matmul-32x64x48,,141.676,,117.76000261306763,Random,resident,,,3,,measured,,,930
19.115000000000002,,,matmul-32x64x48,,136.987,,111.61600053310394,Predicted,resident,,,3,,measured,,,930
19.476,,,matmul-32x64x48,,141.703,,117.76000261306763,Random,resident,,,4,,measured,,,930
19.201999999999998,,,matmul-32x64x48,,136.329,,112.28799819946289,Predicted,resident,,,4,,measured,,,930
19.635,,,matmul-32x64x48,,135.501,,111.26399785280228,Current,resident,,,4,,measured,,,930
19.956,,,matmul-32x64x48,,141.53,,117.76000261306763,Random,resident,,,5,,measured,,,930
19.293999999999997,,,matmul-32x64x48,,137.137,,112.38399893045425,Predicted,resident,,,5,,measured,,,930
19.656,,,matmul-32x64x48,,136.93,,111.61600053310394,Current,resident,,,5,,measured,,,930
19.125,,,matmul-32x64x48,,136.579,,112.64000087976456,Predicted,resident,,,6,,measured,,,930
19.17,,,matmul-32x64x48,,136.063,,112.2559979557991,Current,resident,,,6,,measured,,,930
20.781,,,matmul-32x64x48,,174.731,,131.84000551700592,Random,resident,,,6,,measured,,,930
19.642,,,matmul-32x64x48,,135.992,,111.96800321340561,Current,resident,,,7,,measured,,,930
19.525,,,matmul-32x64x48,,137.185,,112.64000087976456,Predicted,resident,,,7,,measured,,,930
19.362000000000002,,,matmul-32x64x48,,142.266,,117.76000261306763,Random,resident,,,7,,measured,,,930
19.631,,,matmul-32x64x48,,136.409,,111.84000223875046,Current,resident,,,8,,measured,,,930
19.461,,,matmul-32x64x48,,136.324,,111.93600296974182,Predicted,resident,,,8,,measured,,,930
20.721,,,matmul-32x64x48,,155.043,,116.5120005607605,Random,resident,,,8,,measured,,,930
19.853,,,matmul-32x64x48,,137.334,,113.43999952077866,Predicted,resident,,,9,,measured,,,930
19.216,,,matmul-32x64x48,,141.685,,117.76000261306763,Random,resident,,,9,,measured,,,930
19.136,,,matmul-32x64x48,,134.956,,111.61600053310394,Current,resident,,,9,,measured,,,930
19.599,,,matmul-32x64x48,,136.778,,112.67200112342834,Predicted,resident,,,10,,measured,,,930
19.323999999999998,,,matmul-32x64x48,,135.937,,111.42399907112122,Current,resident,,,10,,measured,,,930
19.474,,,matmul-32x64x48,,142.013,,117.76000261306763,Random,resident,,,10,,measured,,,930
19.127000000000002,,,matmul-32x64x48,,135.707,,111.61600053310394,Current,resident,,,11,,measured,,,930
19.277,,,matmul-32x64x48,,169.867,,117.85600334405899,Random,resident,,,11,,measured,,,930
19.238,,,matmul-32x64x48,,135.704,,111.87200248241425,Predicted,resident,,,11,,measured,,,930
20.209000000000003,,,matmul-32x64x48,,137.689,,111.61600053310394,Current,resident,,,12,,measured,,,930
20.105,,,matmul-32x64x48,,141.393,,116.73600226640701,Random,resident,,,12,,measured,,,930
19.91,,,matmul-32x64x48,,136.462,,112.64000087976456,Predicted,resident,,,12,,measured,,,930
18.250999999999998,,,matmul-32x64x48,,136.332,,112.57600039243698,Predicted,resident,,,13,,measured,,,930
19.476,,,matmul-32x64x48,,135.87,,111.61600053310394,Current,resident,,,13,,measured,,,930
19.285,,,matmul-32x64x48,,156.692,,131.9040060043335,Random,resident,,,13,,measured,,,930
19.457,,,matmul-32x64x48,,146.968,,119.4240003824234,Random,resident,,,14,,measured,,,930
19.341,,,matmul-32x64x48,,136.278,,112.2559979557991,Predicted,resident,,,14,,measured,,,930
19.253999999999998,,,matmul-32x64x48,,135.519,,111.455999314785,Current,resident,,,14,,measured,,,930
19.429,,,matmul-32x64x48,,141.888,,117.72800236940384,Random,resident,,,15,,measured,,,930
19.442,,,matmul-32x64x48,,136.464,,112.64000087976456,Predicted,resident,,,15,,measured,,,930
19.349,,,matmul-32x64x48,,135.765,,111.61600053310394,Current,resident,,,15,,measured,,,930
21.272,73.778,0.0,matmul-32x64x48,54894.80999949592,417.901,99438.38200047977,115.7120019197464,Current,one_shot,67164.71899995596,66746.81799995597,0,,warmup,0.0,11794.427000495489,930
21.992,162.87800000000001,0.0,matmul-32x64x48,54693.74299991614,506.141,110714.26700054342,121.69600278139114,Random,one_shot,78440.60400001961,77934.4630000196,0,11325.786999805132,warmup,0.0,11383.258999558166,930
21.974,153.489,0.0,matmul-32x64x48,54715.743999622646,532.027,100593.07000009611,117.76000261306763,Predicted,one_shot,68319.4069995723,67787.3799995723,0,,warmup,1813.992999814218,11257.45200079109,930
24.076999999999998,96.795,0.0,matmul-32x64x48,58912.88600014377,501.852,107317.06100106989,121.85599654912949,Predicted,one_shot,75043.39800054608,74541.54600054608,1,,warmup,2390.0050000520423,13237.770000159799,930
22.323,166.31,0.0,matmul-32x64x48,57047.07899985806,536.139,113959.17400077832,125.95200538635254,Random,one_shot,81685.51100025451,81149.37200025452,1,11757.514999771956,warmup,0.0,11784.270999669388,930
22.314999999999998,154.253,0.0,matmul-32x64x48,56018.82900009514,501.543,100407.01000100822,117.76000261306763,Current,one_shot,68133.34700048441,67631.80400048441,1,,warmup,0.0,11519.411000335822,930
22.144,163.017,0.0,matmul-32x64x48,54780.54600007454,528.587,110889.28600001166,124.92799758911133,Random,one_shot,78615.62299948785,78087.03599948785,2,11507.998999150004,warmup,0.0,11230.494999836083,930
23.21,163.963,0.0,matmul-32x64x48,81609.46299994976,535.894,126089.88400120815,120.83200365304947,Current,one_shot,93816.22100068434,93280.32700068434,2,,warmup,0.0,11589.993000598042,930
22.567,153.87199999999999,0.0,matmul-32x64x48,54444.39200073248,501.554,100484.05800076359,118.78400295972824,Predicted,one_shot,68210.39500023978,67708.84100023977,2,,warmup,1817.0789999203407,11446.974000136834,930
21.987000000000002,162.90200000000004,0.0,matmul-32x64x48,54678.86699989322,507.574,111453.45900054669,122.8799968957901,Random,one_shot,79179.79600002288,78672.22200002288,3,11824.576999970304,warmup,0.0,11640.145999990636,930
22.508000000000003,153.48299999999998,0.0,matmul-32x64x48,54393.33199956309,493.229,98803.13199997212,117.69600212574005,Current,one_shot,66529.4689994483,66036.2399994483,3,,warmup,0.0,11591.587000111758,930
22.398,155.298,0.0,matmul-32x64x48,55040.81800063432,504.98,101167.98700054853,117.76000261306763,Predicted,one_shot,68894.32400002472,68389.34400002472,3,,warmup,1812.3230001947377,11535.843000274326,930
21.322,75.492,0.0,matmul-32x64x48,54691.380999429384,426.535,100791.4670000477,117.76000261306763,Predicted,one_shot,68517.8039995239,68091.26899952389,4,,warmup,1804.4170001303428,11594.776000492857,930
21.981,163.06600000000003,0.0,matmul-32x64x48,54777.1580004337,507.515,111108.6620010344,121.85599654912949,Random,one_shot,78834.9990005106,78327.4840005106,4,11699.862000568828,warmup,0.0,11313.668000184407,930
22.296999999999997,155.211,0.0,matmul-32x64x48,54773.58000007371,497.355,99208.20300033713,117.76000261306763,Current,one_shot,66934.53999981332,66437.18499981333,4,,warmup,0.0,11610.34100005054,930
20.959,75.796,0.0,matmul-32x64x48,54474.88000027079,420.296,98661.0030005138,116.73600226640701,Current,one_shot,66387.33999998998,65967.04399998998,5,,warmup,0.0,11433.534999923722,930
22.138,162.161,0.0,matmul-32x64x48,54477.102999953786,509.021,110674.03000041137,123.87199699878693,Random,one_shot,78400.36699988756,77891.34599988756,5,11504.18700035516,warmup,0.0,11376.897999980429,930
22.346,156.265,0.0,matmul-32x64x48,54804.833000162034,504.667,100771.0140007974,117.76000261306763,Predicted,one_shot,68497.35100027359,67992.68400027358,5,,warmup,1806.023999961326,11381.479000192485,930
22.718,161.05599999999998,0.0,matmul-32x64x48,79504.24699993164,537.468,124348.46499996411,121.8239963054657,Current,one_shot,92074.8019994403,91537.3339994403,0,,measured,0.0,11940.175999370695,930
22.176000000000002,155.75900000000001,0.0,matmul-32x64x48,55732.31200014561,516.575,102155.67400074941,119.80800330638885,Predicted,one_shot,69882.0110002256,69365.4360002256,0,,measured,1961.605999895255,11670.842000057746,930
22.703,168.921,0.0,matmul-32x64x48,65380.99499994132,549.376,122232.01900089504,126.97599828243256,Random,one_shot,89958.35600037123,89408.98000037123,0,11791.093999818258,measured,0.0,11657.910000394622,930
21.445,87.18399999999998,0.0,matmul-32x64x48,58068.79200008552,450.176,115306.58099995498,123.90399724245071,Random,one_shot,83032.91799943117,82582.74199943116,1,11893.03600040148,measured,0.0,12063.262000083341,930
22.656,156.76700000000002,0.0,matmul-32x64x48,55461.53300019796,501.647,99573.05900073965,116.73600226640701,Current,one_shot,67299.39600021584,66797.74900021584,1,,measured,0.0,11280.990000159363,930
22.814999999999998,155.586,0.0,matmul-32x64x48,55699.97300062823,507.1,101583.79400076703,119.48800086975098,Predicted,one_shot,69310.13100024321,68803.03100024321,1,,measured,1855.5800006652134,11247.008000282221,930
20.811,74.50200000000001,0.0,matmul-32x64x48,54519.66500004346,412.839,100300.13800032923,117.60000139474869,Predicted,one_shot,68026.47499980542,67613.63599980541,2,,measured,1808.3570003000204,11285.09899990604,930
22.607,165.40200000000004,0.0,matmul-32x64x48,54154.99299942894,549.464,110090.7220007178,122.8799968957901,Random,one_shot,77817.05900019399,77267.59500019398,2,11343.07499978604,measured,0.0,11241.97599983745,930
22.961,156.122,0.0,matmul-32x64x48,54624.10699965403,517.671,98712.61000067755,116.73600226640701,Current,one_shot,66438.94700015374,65921.27600015374,2,,measured,0.0,11243.375000049127,930
21.203,82.13299999999998,0.0,matmul-32x64x48,55528.21999935986,443.037,99934.45200055702,119.74400281906128,Current,one_shot,67660.78900003321,67217.75200003322,3,,measured,0.0,11619.290999988152,930
22.53,163.195,0.0,matmul-32x64x48,55291.474999648926,516.798,111523.73600108274,123.64800274372101,Random,one_shot,79250.07300055893,78733.27500055893,3,11524.230000759417,measured,0.0,11368.626000148652,930
22.503999999999998,162.278,0.0,matmul-32x64x48,88431.74899993755,563.704,135754.2869997122,122.78400361537933,Predicted,one_shot,103480.62399918839,102916.9199991884,3,,measured,2020.3579997541965,12464.34600034263,930
23.856,173.094,0.0,matmul-32x64x48,58373.57499967766,577.796,121974.91800041686,126.97599828243256,Random,one_shot,89701.25499989305,89123.45899989305,4,14525.189999403665,measured,0.0,14580.770000065968,930
22.536,163.614,0.0,matmul-32x64x48,57308.168000417936,547.901,104340.49100092133,121.72800302505493,Predicted,one_shot,72066.82800039752,71518.92700039753,4,,measured,1965.6600006783265,12243.788999512617,930
23.853,161.14399999999998,0.0,matmul-32x64x48,57079.34500060219,548.023,102153.846000682,120.67200243473053,Current,one_shot,69880.18300015818,69332.16000015818,4,,measured,0.0,12195.772000268335,930
22.493000000000002,170.104,0.0,matmul-32x64x48,56965.441000102146,544.762,114103.37500035031,125.95200538635254,Random,one_shot,81829.7119998265,81284.9499998265,5,11891.0990004224,measured,0.0,11857.294999572332,930
22.698,158.377,0.0,matmul-32x64x48,55652.49100072833,523.112,102059.7970006103,120.83200365304947,Predicted,one_shot,69786.13400008649,69263.0220000865,5,,measured,1887.8929995480576,11721.4480005714,930
23.475,165.26100000000002,0.0,matmul-32x64x48,57399.832999180944,549.864,102563.6549999903,120.83200365304947,Current,one_shot,70289.9919994665,69740.1279994665,5,,measured,0.0,12272.340999516018,930
22.676000000000002,178.659,0.0,matmul-32x64x48,58315.66100005148,593.475,106228.27400065432,122.8799968957901,Predicted,one_shot,73954.6110001305,73361.1360001305,6,,measured,2285.223000399128,12758.66599917208,930
22.139000000000003,163.347,0.0,matmul-32x64x48,58408.778999364586,538.392,103023.36199975033,120.7360029220581,Current,one_shot,70749.69899922652,70211.30699922651,6,,measured,0.0,11744.722000003094,930
22.625999999999998,164.57300000000004,0.0,matmul-32x64x48,56526.5620007267,548.095,113411.9000004156,124.92799758911133,Random,one_shot,81138.23699989179,80590.14199989178,6,11788.17500021978,measured,0.0,11706.61400010431,930
22.908,164.34,0.0,matmul-32x64x48,58448.761999898124,546.89,103167.61400018951,121.85599654912949,Current,one_shot,70893.9509996657,70347.0609996657,7,,measured,0.0,11803.97999996785,930
22.765,163.934,0.0,matmul-32x64x48,83106.53400076262,548.719,130108.11900119881,122.6240023970604,Predicted,one_shot,97834.456000675,97285.737000675,7,,measured,2090.3100003124564,12088.045000382408,930
22.539,157.98300000000003,0.0,matmul-32x64x48,56865.96499981533,530.909,113642.51700050857,126.97599828243256,Random,one_shot,81368.85399998476,80837.94499998476,7,11850.367999613809,measured,0.0,11581.05299964518,930
22.236,157.536,0.0,matmul-32x64x48,55410.13099991687,512.071,99899.58600067155,117.76000261306763,Current,one_shot,67625.92300014774,67113.85200014774,8,,measured,0.0,11647.897000329976,930
23.195,155.54499999999996,0.0,matmul-32x64x48,55262.948999370565,506.362,101150.77299984833,120.57600170373917,Predicted,one_shot,68877.10999932452,68370.74799932452,8,,measured,1815.4310000682017,11292.09400005493,930
21.936999999999998,152.939,0.0,matmul-32x64x48,54583.90900002996,496.751,110853.21600113217,122.65600264072418,Random,one_shot,78579.55300060836,78082.80200060835,8,11560.243000531045,measured,0.0,11414.433000027202,930
23.007,156.47,0.0,matmul-32x64x48,54341.232999831846,511.068,100540.01199985962,119.99999731779099,Predicted,one_shot,68266.34899933581,67755.28099933581,9,,measured,1977.8169998971862,11435.780999818235,930
21.595,158.969,0.0,matmul-32x64x48,55083.376999391476,558.593,112882.52500043588,125.95200538635254,Random,one_shot,80608.86199991207,80050.26899991208,9,11840.268999549153,measured,0.0,12550.750000627886,930
22.414,154.39800000000002,0.0,matmul-32x64x48,55526.036000628665,498.611,99787.39300116742,115.7120019197464,Current,one_shot,67513.73000064361,67015.11900064361,9,,measured,0.0,11425.435000091966,930
22.149,155.76999999999998,0.0,matmul-32x64x48,54896.11600023636,500.698,100801.50500016697,118.14399808645248,Predicted,one_shot,68527.84199964316,68027.14399964316,10,,measured,1795.4230006580474,11335.236000377336,930
21.393,155.215,0.0,matmul-32x64x48,54520.97000033973,495.6,98997.85600075647,116.38399958610535,Current,one_shot,66724.19300023266,66228.59300023265,10,,measured,0.0,11660.699000458408,930
22.101,153.01199999999997,0.0,matmul-32x64x48,54898.75500006747,500.24,110903.55800086279,122.8799968957901,Random,one_shot,78629.89500033898,78129.65500033897,10,11494.252999909804,measured,0.0,11204.594000446377,930
22.232,154.42100000000002,0.0,matmul-32x64x48,54456.88600048015,493.658,98520.01300091128,115.77600240707397,Current,one_shot,66246.35000038747,65752.69200038747,11,,measured,0.0,11239.986999498797,930
22.546,160.862,0.0,matmul-32x64x48,83246.883999891,548.721,141494.31600063044,126.91199779510498,Random,one_shot,109220.65300010661,108671.93200010661,11,11733.77199938841,measured,0.0,13012.376000006043,930
22.878,159.89100000000002,0.0,matmul-32x64x48,55778.079999981856,540.266,102571.78500077501,121.56800180673599,Predicted,one_shot,70298.1220002512,69757.8560002512,11,,measured,1929.2119995952817,12049.920000208658,930
22.092,157.247,0.0,matmul-32x64x48,55760.32700082578,508.4,100308.61800129179,117.47200042009354,Current,one_shot,68034.95500076798,67526.55500076798,12,,measured,0.0,11705.139000696363,930
22.608,153.22400000000005,0.0,matmul-32x64x48,54588.65299988247,502.272,110712.89600050141,121.56800180673599,Random,one_shot,78439.2329999776,77936.9609999776,12,11397.889999898325,measured,0.0,11419.514000408526,930
22.451999999999998,165.75499999999997,0.0,matmul-32x64x48,54261.61599916668,512.333,100379.94000030572,117.76000261306763,Predicted,one_shot,68106.27699978191,67593.94399978191,12,,measured,1838.7449999863748,11492.567999994208,930
21.583,74.386,0.0,matmul-32x64x48,54768.084999523126,415.113,100817.48000024252,117.76000261306763,Predicted,one_shot,68543.8169997187,68128.70399971871,13,,measured,1833.367000472208,11526.864000188652,930
22.501,156.781,0.0,matmul-32x64x48,54408.85699954379,505.131,98692.49500029592,117.76000261306763,Current,one_shot,66418.83199977211,65913.70099977212,13,,measured,0.0,11448.367000411963,930
22.03,155.955,0.0,matmul-32x64x48,54527.99399972719,510.772,110656.43700034561,124.92799758911133,Random,one_shot,78382.7739998218,77872.0019998218,13,11337.23499970074,measured,0.0,11460.683999757748,930
20.713,70.124,0.0,matmul-32x64x48,54403.92599939514,416.872,110398.32300074908,120.83200365304947,Random,one_shot,78124.66000022527,77707.78800022526,14,11345.631000040157,measured,0.0,11425.712000345811,930
21.820999999999998,153.18599999999998,0.0,matmul-32x64x48,53698.38200022059,494.07,99482.56000092014,117.79200285673141,Predicted,one_shot,67208.89700039633,66714.82700039633,14,,measured,1822.8259996249108,11193.207000360417,930
22.305,157.097,0.0,matmul-32x64x48,54248.86599939782,501.805,98209.74899992155,117.69600212574005,Current,one_shot,65936.08599939774,65434.28099939774,14,,measured,0.0,11128.793000352744,930
22.018,151.44200000000004,0.0,matmul-32x64x48,54667.749000145704,492.168,110445.16700059763,121.66400253772736,Random,one_shot,78171.50400007382,77679.33600007382,15,11386.309000045003,measured,0.0,11092.50300032727,930
22.744,152.194,0.0,matmul-32x64x48,53593.719000673445,488.629,99455.97900074841,116.73600226640701,Predicted,one_shot,67182.3160002246,66693.6870002246,15,,measured,1821.0540001746267,11278.489000687841,930
21.441,154.27899999999997,0.0,matmul-32x64x48,54080.83199927205,496.665,98402.59200028355,116.73600226640701,Current,one_shot,66128.92899975974,65632.26399975974,15,,measured,0.0,11499.609999191307,930
27.587,178.81300000000002,52.091,matmul-64x128x64,,708.115,,199.8080015182495,Current,initialize,,,-1,,initialization,,,
26.967,181.25,53.556,matmul-64x128x64,,699.173,,200.47999918460846,Predicted,initialize,,,-1,,initialization,,,
28.124000000000002,180.16899999999998,62.529,matmul-64x128x64,,735.992,,225.50399601459503,Random,initialize,,,-1,,initialization,,,928
27.176,181.545,65.628,matmul-64x128x64,,741.136,,227.35999524593353,Random,initialize,,,-1,,initialization,,,929
26.737,180.38600000000002,71.031,matmul-64x128x64,,757.005,,241.88800156116486,Random,initialize,,,-1,,initialization,,,930
27.928,,,matmul-64x128x64,,276.607,,250.84799528121948,Random,resident,,,0,,warmup,,,928
27.143,,,matmul-64x128x64,,324.911,,301.05599761009216,Predicted,resident,,,0,,warmup,,,928
28.220999999999997,,,matmul-64x128x64,,313.573,,289.44000601768494,Current,resident,,,0,,warmup,,,928
25.873,,,matmul-64x128x64,,264.062,,239.84000086784363,Random,resident,,,1,,warmup,,,928
25.149,,,matmul-64x128x64,,276.405,,251.90401077270508,Predicted,resident,,,1,,warmup,,,928
25.987000000000002,,,matmul-64x128x64,,268.014,,242.68800020217896,Current,resident,,,1,,warmup,,,928
25.508,,,matmul-64x128x64,,265.098,,240.63999950885773,Random,resident,,,2,,warmup,,,928
24.164,,,matmul-64x128x64,,214.793,,191.48799777030945,Current,resident,,,2,,warmup,,,928
24.815,,,matmul-64x128x64,,281.712,,257.4400007724762,Predicted,resident,,,2,,warmup,,,928
24.895,,,matmul-64x128x64,,270.298,,245.7599937915802,Random,resident,,,3,,warmup,,,928
24.718,,,matmul-64x128x64,,252.075,,227.32800245285034,Current,resident,,,3,,warmup,,,928
24.586,,,matmul-64x128x64,,278.91,,255.16799092292786,Predicted,resident,,,3,,warmup,,,928
23.598999999999997,,,matmul-64x128x64,,218.858,,194.4960057735443,Predicted,resident,,,4,,warmup,,,928
24.248,,,matmul-64x128x64,,215.707,,191.48799777030945,Current,resident,,,4,,warmup,,,928
24.643,,,matmul-64x128x64,,268.387,,244.4159984588623,Random,resident,,,4,,warmup,,,928
24.272,,,matmul-64x128x64,,281.757,,256.00001215934753,Predicted,resident,,,5,,warmup,,,928
24.191000000000003,,,matmul-64x128x64,,269.016,,244.73600089550018,Current,resident,,,5,,warmup,,,928
24.292,,,matmul-64x128x64,,264.782,,240.63999950885773,Random,resident,,,5,,warmup,,,928
25.53,,,matmul-64x128x64,,216.442,,192.19200313091278,Current,resident,,,0,,measured,,,928
24.023,,,matmul-64x128x64,,280.439,,255.74401021003723,Predicted,resident,,,0,,measured,,,928
24.815,,,matmul-64x128x64,,268.336,,243.71199309825897,Random,resident,,,0,,measured,,,928
23.948,,,matmul-64x128x64,,231.226,,206.84799551963806,Random,resident,,,1,,measured,,,928
24.42,,,matmul-64x128x64,,217.425,,193.53599846363068,Predicted,resident,,,1,,measured,,,928
24.204,,,matmul-64x128x64,,260.241,,235.52000522613525,Current,resident,,,1,,measured,,,928
24.179000000000002,,,matmul-64x128x64,,218.341,,193.53599846363068,Predicted,resident,,,2,,measured,,,928
24.354,,,matmul-64x128x64,,215.676,,192.19200313091278,Current,resident,,,2,,measured,,,928
24.549,,,matmul-64x128x64,,267.804,,244.54399943351746,Random,resident,,,2,,measured,,,928
27.139000000000003,,,matmul-64x128x64,,280.041,,255.36000728607178,Predicted,resident,,,3,,measured,,,928
24.145,,,matmul-64x128x64,,231.461,,206.84799551963806,Random,resident,,,3,,measured,,,928
23.972,,,matmul-64x128x64,,272.682,,247.80799448490143,Current,resident,,,3,,measured,,,928
23.695999999999998,,,matmul-64x128x64,,216.154,,191.55199825763702,Current,resident,,,4,,measured,,,928
25.637999999999998,,,matmul-64x128x64,,282.146,,258.87998938560486,Predicted,resident,,,4,,measured,,,928
24.281,,,matmul-64x128x64,,269.733,,245.7599937915802,Random,resident,,,4,,measured,,,928
23.939,,,matmul-64x128x64,,230.978,,207.68000185489655,Random,resident,,,5,,measured,,,928
24.834,,,matmul-64x128x64,,217.216,,193.95199418067932,Predicted,resident,,,5,,measured,,,928
24.509999999999998,,,matmul-64x128x64,,259.667,,235.52000522613525,Current,resident,,,5,,measured,,,928
24.211,,,matmul-64x128x64,,216.384,,191.48799777030945,Current,resident,,,6,,measured,,,928
24.921999999999997,,,matmul-64x128x64,,218.176,,194.5600062608719,Predicted,resident,,,6,,measured,,,928
24.559,,,matmul-64x128x64,,266.601,,242.2720044851303,Random,resident,,,6,,measured,,,928
24.417,,,matmul-64x128x64,,252.898,,227.32800245285034,Current,resident,,,7,,measured,,,928
24.674,,,matmul-64x128x64,,231.407,,207.48800039291382,Random,resident,,,7,,measured,,,928
24.110999999999997,,,matmul-64x128x64,,282.203,,257.9199969768524,Predicted,resident,,,7,,measured,,,928
23.267,,,matmul-64x128x64,,218.214,,194.30400431156158,Predicted,resident,,,8,,measured,,,928
24.47,,,matmul-64x128x64,,269.275,,244.47999894618988,Current,resident,,,8,,measured,,,928
24.365000000000002,,,matmul-64x128x64,,266.621,,241.66400730609894,Random,resident,,,8,,measured,,,928
23.878999999999998,,,matmul-64x128x64,,231.299,,207.7759951353073,Random,resident,,,9,,measured,,,928
24.837,,,matmul-64x128x64,,278.656,,254.97600436210632,Predicted,resident,,,9,,measured,,,928
25.243000000000002,,,matmul-64x128x64,,269.199,,244.73600089550018,Current,resident,,,9,,measured,,,928
24.955,,,matmul-64x128x64,,265.425,,241.66400730609894,Random,resident,,,10,,measured,,,928
24.369,,,matmul-64x128x64,,216.154,,192.32000410556793,Current,resident,,,10,,measured,,,928
24.740000000000002,,,matmul-64x128x64,,280.301,,256.6719949245453,Predicted,resident,,,10,,measured,,,928
23.572000000000003,,,matmul-64x128x64,,218.035,,193.53599846363068,Predicted,resident,,,11,,measured,,,928
24.723,,,matmul-64x128x64,,282.572,,243.74400079250336,Random,resident,,,11,,measured,,,928
24.489,,,matmul-64x128x64,,253.402,,228.35199534893036,Current,resident,,,11,,measured,,,928
24.598,,,matmul-64x128x64,,279.604,,254.97600436210632,Predicted,resident,,,12,,measured,,,928
31.423000000000002,,,matmul-64x128x64,,234.403,,195.42400538921356,Current,resident,,,12,,measured,,,928
25.596,,,matmul-64x128x64,,270.309,,244.73600089550018,Random,resident,,,12,,measured,,,928
23.63,,,matmul-64x128x64,,231.959,,206.84799551963806,Random,resident,,,13,,measured,,,928
24.378,,,matmul-64x128x64,,216.282,,191.48799777030945,Current,resident,,,13,,measured,,,928
24.292,,,matmul-64x128x64,,280.818,,256.8640112876892,Predicted,resident,,,13,,measured,,,928
24.192999999999998,,,matmul-64x128x64,,219.11,,194.5600062608719,Predicted,resident,,,14,,measured,,,928
24.96,,,matmul-64x128x64,,215.948,,192.22399592399597,Current,resident,,,14,,measured,,,928
25.075,,,matmul-64x128x64,,268.124,,243.55199933052063,Random,resident,,,14,,measured,,,928
24.244999999999997,,,matmul-64x128x64,,231.407,,206.68800175189972,Random,resident,,,15,,measured,,,928
24.675,,,matmul-64x128x64,,282.1,,256.76798820495605,Predicted,resident,,,15,,measured,,,928
24.732,,,matmul-64x128x64,,270.837,,245.7599937915802,Current,resident,,,15,,measured,,,928
28.189999999999998,229.21800000000002,0.0,matmul-64x128x64,186734.93299957045,752.522,370136.36800034624,253.02401185035706,Random,one_shot,266038.46200046723,265285.94000046724,0,38068.13899973349,warmup,0.0,38414.7220001978,928
28.206,240.602,0.0,matmul-64x128x64,230166.81199987943,772.697,378814.67699957977,264.92801308631897,Predicted,one_shot,274716.77099970076,273944.0739997008,0,,warmup,6979.523000154586,36796.809999941615,928
32.054,272.6929999999999,0.0,matmul-64x128x64,171922.55800000567,850.863,316658.8679997807,278.59199047088623,Current,one_shot,212560.9619999017,211710.09899990167,0,,warmup,0.0,39472.98999992199,928
27.901000000000003,246.549,0.0,matmul-64x128x64,188979.616999859,805.703,375438.5439997659,277.1199941635132,Random,one_shot,271340.6379998869,270534.9349998869,1,37865.03899937088,warmup,0.0,40575.625999736076,928
29.131,283.259,0.0,matmul-64x128x64,175898.4469997813,862.064,324913.02700044535,286.9440019130707,Predicted,one_shot,220815.12100056635,219953.05700056633,1,,warmup,6425.606999982847,37628.275000315625,928
29.714,254.352,0.0,matmul-64x128x64,238616.7779995958,821.229,383613.7109997861,284.12801027297974,Current,one_shot,279515.8049999071,278694.5759999071,1,,warmup,0.0,39777.783999852545,928
29.274,242.84000000000003,0.0,matmul-64x128x64,181488.2589997069,798.189,366330.0959994221,276.63999795913696,Random,one_shot,262232.1899995431,261434.00099954306,2,38071.253999987675,warmup,0.0,39445.70300063788,928
28.22,261.767,0.0,matmul-64x128x64,175937.87299938413,779.641,318516.78699967207,242.65600740909576,Current,one_shot,214418.88099979307,213639.23999979306,2,,warmup,0.0,37383.049000709434,928
27.887,248.10999999999999,0.0,matmul-64x128x64,234195.26199995744,812.213,383287.6289995791,292.09598898887634,Predicted,one_shot,279189.7229997001,278377.5099997001,2,,warmup,6676.537000203098,37504.96399970871,928
28.207,284.53700000000003,0.0,matmul-64x128x64,175548.68400020496,869.063,360407.809999533,281.15200996398926,Random,one_shot,256309.90399965402,255440.84099965403,3,38837.09100045962,warmup,0.0,38828.00600058545,928
28.475,259.552,0.0,matmul-64x128x64,177715.98000035738,814.934,321402.4759998847,276.1920094490051,Current,one_shot,217304.5700000057,216489.6360000057,3,,warmup,0.0,38517.401000717655,928
28.596,259.222,0.0,matmul-64x128x64,172921.277999194,818.192,320327.58599939675,286.1439883708954,Predicted,one_shot,216229.6799995177,215411.4879995177,3,,warmup,6060.2800003835,36429.120000320836,928
27.067999999999998,170.596,0.0,matmul-64x128x64,230492.9269994318,670.651,379414.54899981146,228.5439968109131,Predicted,one_shot,275316.64299993246,274645.99199993245,4,,warmup,6415.559000743087,37736.622000011266,928
28.279999999999998,259.07900000000006,0.0,matmul-64x128x64,172254.97999970685,774.634,315988.5429997945,244.9920028448105,Current,one_shot,211890.6369999155,211116.0029999155,4,,warmup,0.0,38576.21899987862,928
59.043,311.86500000000007,0.0,matmul-64x128x64,172493.53700026404,904.119,354502.97100068675,279.9679934978485,Random,one_shot,250405.06500080775,249500.94600080774,4,37193.51000017923,warmup,0.0,37532.75700000813,928
27.845,260.88199999999995,0.0,matmul-64x128x64,239947.59900051577,826.45,389467.1340001655,287.6800000667572,Predicted,one_shot,285369.2280002865,284542.7780002865,5,,warmup,6618.763000005856,37976.02699978597,928
29.366,250.408,0.0,matmul-64x128x64,173495.07200015069,801.598,316087.21200045873,276.89599990844727,Current,one_shot,211989.30600057973,211187.70800057973,5,,warmup,0.0,37403.60099982354,928
27.646,241.35500000000002,0.0,matmul-64x128x64,173189.48899992392,784.334,355462.4380004135,276.8000066280365,Random,one_shot,251364.53200053444,250580.19800053444,5,36800.36599962477,warmup,0.0,38382.5999997498,928
29.107,256.968,0.0,matmul-64x128x64,172582.54799980932,778.83,315019.8109997844,246.24000489711761,Current,one_shot,210921.90499990535,210143.07499990537,0,,measured,0.0,37270.00299932115,928
29.031,257.455,0.0,matmul-64x128x64,235954.15499949013,820.969,384367.86699962214,288.8000011444092,Predicted,one_shot,280269.96099974314,279448.99199974316,0,,measured,6478.692000200681,37014.70899977721,928
28.813000000000002,243.10699999999997,0.0,matmul-64x128x64,181249.30399972072,798.645,363633.0770004544,277.40800380706787,Random,one_shot,259535.17100057538,258736.5260005754,0,37244.62299942388,measured,0.0,38029.85000038461,928
26.506999999999998,162.143,0.0,matmul-64x128x64,172395.2870006542,707.712,354978.5910000688,242.3039972782135,Random,one_shot,250880.6850001898,250172.9730001898,1,37987.611000062316,measured,0.0,37650.20300033939,928
29.625999999999998,309.20599999999996,0.0,matmul-64x128x64,237710.76100001665,913.448,389117.4340000077,265.9200131893158,Predicted,one_shot,285019.5280001287,284106.0800001287,1,,measured,6944.241000383045,39450.647000194294,928
29.505000000000003,259.207,0.0,matmul-64x128x64,183487.9699999874,824.587,329882.11699977267,280.2880108356476,Current,one_shot,225784.21099989366,224959.62399989367,1,,measured,0.0,41173.61700082256,928
29.385,268.75,0.0,matmul-64x128x64,178907.7929997802,841.55,329141.41099932283,239.51999843120575,Predicted,one_shot,225043.50499944383,224201.95499944384,2,,measured,6786.510999518214,38506.89999944734,928
30.515,259.466,0.0,matmul-64x128x64,181461.76099980948,772.329,326189.9220005658,234.592005610466,Current,one_shot,222092.01600068682,221319.68700068683,2,,measured,0.0,39566.630000081204,928
28.572000000000003,242.05300000000005,0.0,matmul-64x128x64,239783.0560003058,791.856,424625.10499947186,277.75999903678894,Random,one_shot,320527.19899959286,319735.34299959283,2,38681.75599927781,measured,0.0,39117.56900015462,928
28.283,254.625,0.0,matmul-64x128x64,172939.5320007825,815.305,321497.9880000864,287.48801350593567,Predicted,one_shot,217400.0820002074,216584.7770002074,3,,measured,6104.5209995427285,37540.10400007246,928
28.610999999999997,239.14399999999998,0.0,matmul-64x128x64,172496.71899935493,776.085,356882.8379999491,267.4559950828552,Random,one_shot,252784.93200007008,252008.8470000701,3,37641.29200044408,measured,0.0,39167.33700043551,928
28.697000000000003,280.18799999999993,0.0,matmul-64x128x64,234624.98299977597,850.528,381981.43199929205,277.1199941635132,Current,one_shot,277883.52599941305,277032.99799941306,3,,measured,0.0,42059.96499968023,928
27.256,169.563,0.0,matmul-64x128x64,175164.43800013803,668.232,317539.41899937857,224.7679978609085,Current,one_shot,213441.51299949954,212773.28099949955,4,,measured,0.0,37358.620000304654,928
28.325000000000003,259.10799999999995,0.0,matmul-64x128x64,172884.96600031067,827.039,320691.6050004331,285.8240008354187,Predicted,one_shot,216593.6990005541,215766.6600005541,4,,measured,6195.361000209232,36685.55500007642,928
28.174,281.401,0.0,matmul-64x128x64,172313.8369998196,861.507,356050.2289991841,277.98399329185486,Random,one_shot,251952.32299930506,251090.81599930505,4,38726.42799979076,measured,0.0,37764.403000437596,928
27.522,156.99499999999998,0.0,matmul-64x128x64,234032.27800008608,673.976,417253.6000004056,242.62399971485138,Random,one_shot,313155.6940005266,312481.7180005266,5,37306.96000002354,measured,0.0,38940.46100049309,928
30.226,254.14199999999997,0.0,matmul-64x128x64,174002.50199989387,785.924,327957.64899997105,243.6159998178482,Predicted,one_shot,223859.74300009204,223073.81900009204,5,,measured,6330.516999696556,42739.74699935934,928
29.535000000000004,257.075,0.0,matmul-64x128x64,175765.5009996597,810.282,318904.4919997992,278.9759933948517,Current,one_shot,214806.5859999202,213996.3039999202,5,,measured,0.0,37933.40500033082,928
28.118000000000002,278.957,0.0,matmul-64x128x64,232793.87000002316,845.441,376003.08800037834,240.38399755954742,Current,one_shot,271905.18200049934,271059.74100049934,6,,measured,0.0,38008.49700019171,928
28.817999999999998,243.78299999999996,0.0,matmul-64x128x64,174625.03500064486,756.389,323249.2550001751,239.29600417613983,Predicted,one_shot,219151.34900029612,218394.96000029612,6,,measured,6440.351000492228,37328.899999920395,928
28.516999999999996,233.25799999999998,0.0,matmul-64x128x64,174027.68800002377,784.504,359878.2389999876,278.4000039100647,Random,one_shot,255780.33300010863,254995.82900010864,6,37304.03499957902,measured,0.0,41299.71900056262,928
28.088,254.38,0.0,matmul-64x128x64,173270.4759997432,812.375,316567.80099966866,278.7199914455414,Current,one_shot,212469.89499978966,211657.51999978966,7,,measured,0.0,38134.205999995174,928
28.139,245.583,0.0,matmul-64x128x64,235407.71499938273,795.043,421345.0439993557,265.5999958515167,Random,one_shot,317247.1379994767,316452.0949994767,7,40457.42299967969,measured,0.0,38273.199000286695,928
28.809,243.93399999999997,0.0,matmul-64x128x64,179433.723999864,807.344,328294.6699997549,286.3360047340393,Predicted,one_shot,224196.76399987584,223389.41999987583,7,,measured,6563.09100031649,37391.98699986446,928
27.79,167.706,0.0,matmul-64x128x64,176946.53800026572,678.585,330534.46299976204,228.5120040178299,Predicted,one_shot,226436.556999883,225757.971999883,8,,measured,7406.35999954975,41404.546999729064,928
28.847,253.086,0.0,matmul-64x128x64,249944.4320001203,818.883,395183.07499955705,278.9120078086853,Current,one_shot,291085.16899967805,290266.2859996781,8,,measured,0.0,40015.91100040969,928
28.923000000000002,241.433,0.0,matmul-64x128x64,178215.09599980345,800.124,366639.93799962796,278.01600098609924,Random,one_shot,262542.03199974896,261741.90799974895,8,38434.15100072889,measured,0.0,42616.41499942925,928
28.11,157.223,0.0,matmul-64x128x64,176359.69299954013,681.833,363891.941000203,243.20000410079956,Random,one_shot,259794.03500032405,259112.20200032403,9,39095.63999968668,measured,0.0,39704.8149998227,928
28.448,245.13600000000002,0.0,matmul-64x128x64,180064.19299945264,804.256,328614.25899928564,285.2480113506317,Predicted,one_shot,224516.35299940663,223712.09699940664,9,,measured,6567.866999830585,37078.9299995522,928
28.346000000000004,246.474,0.0,matmul-64x128x64,230088.79300050467,816.637,373527.95100029843,287.29599714279175,Current,one_shot,269430.0450004194,268613.40800041944,9,,measured,0.0,38235.93099969003,928
29.076999999999998,233.94800000000004,0.0,matmul-64x128x64,172748.0760000617,778.998,354245.5739998461,276.16000175476074,Random,one_shot,250147.6679999671,249368.6699999671,10,36855.32899999089,measured,0.0,37502.60200013145,928
30.071,246.73000000000005,0.0,matmul-64x128x64,178724.8760001603,767.542,323558.22499976645,246.59200012683868,Current,one_shot,219460.31899988741,218692.77699988743,10,,measured,0.0,39684.69999927038,928
28.512,250.308,0.0,matmul-64x128x64,236896.7980000889,805.955,386763.14999971894,287.6160144805908,Predicted,one_shot,282665.24399983993,281859.2889998399,10,,measured,6770.476000383496,38191.061000361515,928
27.349000000000004,154.792,0.0,matmul-64x128x64,172439.8470005326,651.683,321495.98100033833,227.7120053768158,Predicted,one_shot,217398.0750004593,216746.3920004593,11,,measured,6752.364000021771,37553.410999862535,928
36.831,234.42999999999998,0.0,matmul-64x128x64,173371.13299981866,799.283,355740.38299945067,279.4879972934723,Random,one_shot,251642.47699957166,250843.19399957167,11,37356.18899918336,measured,0.0,37928.388999716844,928
28.157,242.66699999999997,0.0,matmul-64x128x64,173416.08599963365,791.21,315443.4289999814,276.70401334762573,Current,one_shot,211345.5230001024,210554.3130001024,11,,measured,0.0,36887.5489994025,928
29.528,250.89899999999997,0.0,matmul-64x128x64,243052.64800022996,819.436,394210.10199950455,284.4800055027008,Predicted,one_shot,290112.19599962555,289292.75999962556,12,,measured,7050.63399982464,39188.72400026885,928
28.739,245.705,0.0,matmul-64x128x64,175385.47300046048,759.297,319209.0489996512,241.2479966878891,Current,one_shot,215111.1429997722,214351.8459997722,12,,measured,0.0,38671.92300003808,928
28.48,228.76000000000002,0.0,matmul-64x128x64,178826.63100044738,778.239,361843.6299991015,277.7920067310333,Random,one_shot,257745.7239992225,256967.4849992225,12,36902.482000186865,measured,0.0,38966.95900039049,928
27.272999999999996,151.522,0.0,matmul-64x128x64,241355.56600049313,663.363,424040.9310004328,243.52000653743744,Random,one_shot,319943.0250005538,319279.6620005538,13,37384.85000030778,measured,0.0,38488.35999997391,928
28.982,247.10399999999998,0.0,matmul-64x128x64,176468.1799995742,763.502,319416.42999921006,241.56799912452698,Current,one_shot,215318.52399933108,214555.02199933107,13,,measured,0.0,37829.339999916556,928
29.749,248.091,0.0,matmul-64x128x64,177600.98700000526,822.067,328210.80399963737,289.11998867988586,Predicted,one_shot,224112.89799975834,223290.83099975833,13,,measured,7159.5569997953135,38528.91000042291,928
28.907999999999998,160.90399999999997,0.0,matmul-64x128x64,174995.60200030828,662.679,322610.21600059664,228.2239943742752,Predicted,one_shot,218512.31000071764,217849.63100071764,14,,measured,6313.726999906066,36539.589000312844,928
28.622999999999998,247.122,0.0,matmul-64x128x64,231096.2829997152,761.99,375179.1070001209,240.83200097084045,Current,one_shot,271081.2010002419,270319.2110002419,14,,measured,0.0,38932.15900006908,928
28.565,234.72600000000003,0.0,matmul-64x128x64,178293.01799974928,792.358,366308.3490003931,278.3679962158203,Random,one_shot,262210.4430005141,261418.0850005141,14,38395.34899998398,measured,0.0,40816.428000653104,928
28.516,150.10899999999998,0.0,matmul-64x128x64,186671.7430002609,670.318,372137.3230003406,243.74400079250336,Random,one_shot,268039.4170004616,267369.0990004616,15,38130.37400050234,measured,0.0,39998.9010002173,928
28.393,247.528,0.0,matmul-64x128x64,248002.68499984668,824.39,398670.66099925275,292.6720082759857,Predicted,one_shot,294572.75499937375,293748.36499937373,15,,measured,6965.283999306848,38779.80499964906,928
29.811,271.685,0.0,matmul-64x128x64,177526.04100041935,882.482,324280.06800028286,277.98399329185486,Current,one_shot,220182.16200040389,219299.6800004039,15,,measured,0.0,41484.458999548224,928
27.989,,,matmul-64x128x64,,307.422,,279.55201268196106,Random,resident,,,0,,warmup,,,929
25.21,,,matmul-64x128x64,,241.56,,216.76799654960632,Current,resident,,,0,,warmup,,,929
27.032000000000004,,,matmul-64x128x64,,288.685,,263.8719975948334,Predicted,resident,,,0,,warmup,,,929
24.311,,,matmul-64x128x64,,242.839,,218.04800629615784,Predicted,resident,,,1,,warmup,,,929
24.557,,,matmul-64x128x64,,286.023,,261.1199915409088,Random,resident,,,1,,warmup,,,929
24.402,,,matmul-64x128x64,,293.146,,268.2879865169525,Current,resident,,,1,,warmup,,,929
25.22,,,matmul-64x128x64,,308.349,,284.67199206352234,Predicted,resident,,,2,,warmup,,,929
24.801000000000002,,,matmul-64x128x64,,292.759,,268.2879865169525,Random,resident,,,2,,warmup,,,929
24.561999999999998,,,matmul-64x128x64,,295.229,,271.36000990867615,Current,resident,,,2,,warmup,,,929
24.669,,,matmul-64x128x64,,309.849,,285.69599986076355,Predicted,resident,,,3,,warmup,,,929
39.724,,,matmul-64x128x64,,259.477,,216.06400609016418,Current,resident,,,3,,warmup,,,929
25.067,,,matmul-64x128x64,,294.78,,270.1759934425354,Random,resident,,,3,,warmup,,,929
25.513,,,matmul-64x128x64,,310.935,,287.3600125312805,Predicted,resident,,,4,,warmup,,,929
24.8,,,matmul-64x128x64,,298.564,,273.4079957008362,Current,resident,,,4,,warmup,,,929
24.825000000000003,,,matmul-64x128x64,,294.868,,270.01601457595825,Random,resident,,,4,,warmup,,,929
26.097,,,matmul-64x128x64,,309.904,,284.67199206352234,Predicted,resident,,,5,,warmup,,,929
24.798000000000002,,,matmul-64x128x64,,294.937,,271.13598585128784,Current,resident,,,5,,warmup,,,929
25.181,,,matmul-64x128x64,,313.61,,285.69599986076355,Random,resident,,,5,,warmup,,,929
23.796,,,matmul-64x128x64,,258.536,,234.49599742889404,Random,resident,,,0,,measured,,,929
24.381999999999998,,,matmul-64x128x64,,240.69,,216.06400609016418,Current,resident,,,0,,measured,,,929
25.165,,,matmul-64x128x64,,309.16,,285.63201427459717,Predicted,resident,,,0,,measured,,,929
39.592,,,matmul-64x128x64,,260.103,,233.21600258350372,Predicted,resident,,,1,,measured,,,929
24.27,,,matmul-64x128x64,,293.308,,268.2879865169525,Random,resident,,,1,,measured,,,929
24.286,,,matmul-64x128x64,,296.786,,272.38398790359497,Current,resident,,,1,,measured,,,929
24.479,,,matmul-64x128x64,,239.798,,215.80800414085388,Current,resident,,,2,,measured,,,929
26.500999999999998,,,matmul-64x128x64,,310.349,,285.69599986076355,Predicted,resident,,,2,,measured,,,929
24.823999999999998,,,matmul-64x128x64,,294.517,,269.3119943141937,Random,resident,,,2,,measured,,,929
25.351,,,matmul-64x128x64,,243.728,,217.98400580883026,Predicted,resident,,,3,,measured,,,929
24.677,,,matmul-64x128x64,,300.574,,275.4560112953186,Current,resident,,,3,,measured,,,929
24.313000000000002,,,matmul-64x128x64,,293.589,,268.2879865169525,Random,resident,,,3,,measured,,,929
24.564,,,matmul-64x128x64,,240.333,,216.06400609016418,Current,resident,,,4,,measured,,,929
24.624000000000002,,,matmul-64x128x64,,258.466,,234.3360036611557,Random,resident,,,4,,measured,,,929
25.189,,,matmul-64x128x64,,313.79,,288.92800211906433,Predicted,resident,,,4,,measured,,,929
24.729,,,matmul-64x128x64,,242.772,,218.1120067834854,Predicted,resident,,,5,,measured,,,929
24.67,,,matmul-64x128x64,,257.308,,233.34400355815887,Random,resident,,,5,,measured,,,929
24.854,,,matmul-64x128x64,,304.126,,279.55201268196106,Current,resident,,,5,,measured,,,929
25.61,,,matmul-64x128x64,,310.507,,285.69599986076355,Predicted,resident,,,6,,measured,,,929
25.451,,,matmul-64x128x64,,241.512,,216.06400609016418,Current,resident,,,6,,measured,,,929
24.963,,,matmul-64x128x64,,295.307,,270.33600211143494,Random,resident,,,6,,measured,,,929
25.476,,,matmul-64x128x64,,309.431,,284.35200452804565,Predicted,resident,,,7,,measured,,,929
25.017,,,matmul-64x128x64,,300.765,,271.36000990867615,Current,resident,,,7,,measured,,,929
24.753,,,matmul-64x128x64,,293.748,,269.3119943141937,Random,resident,,,7,,measured,,,929
25.081000000000003,,,matmul-64x128x64,,240.412,,215.03999829292297,Current,resident,,,8,,measured,,,929
25.454,,,matmul-64x128x64,,309.542,,285.69599986076355,Predicted,resident,,,8,,measured,,,929
24.868000000000002,,,matmul-64x128x64,,294.119,,269.21600103378296,Random,resident,,,8,,measured,,,929
24.681,,,matmul-64x128x64,,257.733,,232.44799673557281,Random,resident,,,9,,measured,,,929
24.567,,,matmul-64x128x64,,243.171,,218.9439982175827,Predicted,resident,,,9,,measured,,,929
24.658,,,matmul-64x128x64,,299.448,,275.4560112953186,Current,resident,,,9,,measured,,,929
24.695,,,matmul-64x128x64,,240.607,,215.03999829292297,Current,resident,,,10,,measured,,,929
24.68,,,matmul-64x128x64,,244.046,,219.04000639915466,Predicted,resident,,,10,,measured,,,929
25.399,,,matmul-64x128x64,,294.314,,269.3119943141937,Random,resident,,,10,,measured,,,929
25.319,,,matmul-64x128x64,,302.011,,276.4799892902374,Current,resident,,,11,,measured,,,929
24.692999999999998,,,matmul-64x128x64,,258.731,,233.47200453281403,Random,resident,,,11,,measured,,,929
25.043,,,matmul-64x128x64,,310.781,,286.72000765800476,Predicted,resident,,,11,,measured,,,929
24.816,,,matmul-64x128x64,,258.763,,233.47200453281403,Random,resident,,,12,,measured,,,929
25.917,,,matmul-64x128x64,,243.374,,218.1120067834854,Predicted,resident,,,12,,measured,,,929
30.774,,,matmul-64x128x64,,304.34,,278.52800488471985,Current,resident,,,12,,measured,,,929
26.067,,,matmul-64x128x64,,245.031,,220.15999257564545,Predicted,resident,,,13,,measured,,,929
28.720999999999997,,,matmul-64x128x64,,243.777,,217.0879989862442,Current,resident,,,13,,measured,,,929
29.981,,,matmul-64x128x64,,307.535,,273.4079957008362,Random,resident,,,13,,measured,,,929
26.278,,,matmul-64x128x64,,244.229,,217.0879989862442,Current,resident,,,14,,measured,,,929
25.27,,,matmul-64x128x64,,260.667,,235.52000522613525,Random,resident,,,14,,measured,,,929
26.107,,,matmul-64x128x64,,313.846,,288.4800136089325,Predicted,resident,,,14,,measured,,,929
25.455,,,matmul-64x128x64,,298.807,,273.4079957008362,Current,resident,,,15,,measured,,,929
27.311999999999998,,,matmul-64x128x64,,243.696,,218.1120067834854,Predicted,resident,,,15,,measured,,,929
34.662,,,matmul-64x128x64,,294.363,,270.1759934425354,Random,resident,,,15,,measured,,,929
28.944,160.416,0.0,matmul-64x128x64,181192.47800041194,679.528,367794.49800032977,243.23199689388275,Random,one_shot,263696.59200045076,263017.0640004508,0,38876.472000083595,warmup,0.0,40392.67000007385,929
29.839,250.81299999999996,0.0,matmul-64x128x64,174182.2759995557,811.612,318721.8770001369,279.55201268196106,Current,one_shot,214623.97100025785,213812.35900025786,0,,warmup,0.0,39341.392000096675,929
28.1,249.28699999999998,0.0,matmul-64x128x64,231893.20599976782,818.381,381771.94399982085,290.43200612068176,Predicted,one_shot,277674.03799994185,276855.65699994186,0,,warmup,6491.043000096397,38470.81599997182,929
27.523,159.368,0.0,matmul-64x128x64,181559.19299988454,667.788,331887.7279997553,227.4239957332611,Predicted,one_shot,227789.8219998763,227122.0339998763,1,,warmup,6695.866999507416,38865.10499978613,929
28.512,245.423,0.0,matmul-64x128x64,173719.1480006004,796.59,356105.3600001924,276.8000066280365,Random,one_shot,252007.45400031345,251210.86400031345,1,37064.69000007928,warmup,0.0,38236.47100034577,929
28.501,254.39399999999998,0.0,matmul-64x128x64,238091.44200004084,816.004,382287.1389996287,275.7759988307953,Current,one_shot,278189.2329997497,277373.2289997497,1,,warmup,0.0,39028.38799967867,929
28.602,248.45499999999996,0.0,matmul-64x128x64,176511.44200044655,814.38,325741.77699955564,290.2719974517822,Predicted,one_shot,221643.87099967664,220829.49099967664,2,,warmup,6441.563999942446,37875.727999562514,929
29.653999999999996,276.33700000000005,0.0,matmul-64x128x64,173230.40700011916,863.623,360820.34599941364,276.63999795913696,Random,one_shot,256722.4399995346,255858.8169995346,2,41454.564999185095,warmup,0.0,38717.03500044532,929
29.621,261.62899999999996,0.0,matmul-64x128x64,179004.83199991868,829.369,326141.96399955923,276.3519883155823,Current,one_shot,222044.05799968023,221214.68899968022,2,,warmup,0.0,41959.53599992208,929
29.399,243.75999999999996,0.0,matmul-64x128x64,234548.83100021107,805.422,384187.7309998987,286.01598739624023,Predicted,one_shot,280089.8250000197,279284.40300001967,3,,warmup,6498.068999462703,38236.66199969011,929
29.258000000000003,260.34100000000007,0.0,matmul-64x128x64,175915.72499986796,806.539,319824.7500001842,239.04000222682953,Current,one_shot,215726.84400030522,214920.30500030523,3,,warmup,0.0,38720.8180000016,929
28.51,250.341,0.0,matmul-64x128x64,176407.35900022264,802.091,360075.9559995226,279.4559895992279,Random,one_shot,255978.0499996436,255175.95899964363,3,37436.05299951014,warmup,0.0,38992.507999864756,929
29.511000000000003,249.108,0.0,matmul-64x128x64,239447.56999935635,819.241,392974.3869998227,283.6480140686035,Predicted,one_shot,288876.4809999437,288057.2399999437,4,,warmup,7758.696999189851,40849.797999726434,929
28.887,251.326,0.0,matmul-64x128x64,177990.44700041122,806.204,321379.3250000522,278.4000039100647,Current,one_shot,217281.4190001732,216475.2150001732,4,,warmup,0.0,38207.823000448116,929
28.921,248.976,0.0,matmul-64x128x64,175466.6280003221,797.908,358136.8139993133,276.2880027294159,Random,one_shot,254038.90799943428,253240.99999943428,4,37348.271000155364,warmup,0.0,38244.97099958535,929
29.969,269.755,0.0,matmul-64x128x64,175436.1430002973,891.356,330324.5500005577,283.7759852409363,Predicted,one_shot,226226.6440006787,225335.2880006787,5,,warmup,8665.907000249717,41232.29600008926,929
29.247,253.894,0.0,matmul-64x128x64,249280.81599955476,819.724,394984.21799959673,282.1440100669861,Current,one_shot,290886.3119997177,290066.58799971774,5,,warmup,0.0,40483.37500080379,929
27.929,257.545,0.0,matmul-64x128x64,179391.32299943594,820.335,370738.0130000926,278.59199047088623,Random,one_shot,266640.1070002136,265819.77200021356,5,41404.057999898214,warmup,0.0,40698.18399966607,929
27.788000000000004,189.223,0.0,matmul-64x128x64,178486.4400005972,722.11,365389.9409996787,242.14400351047516,Random,one_shot,261292.03499979968,260569.9249997997,0,39099.68000061781,measured,0.0,40099.05800012348,929
28.812,247.97,0.0,matmul-64x128x64,241476.91999951348,769.499,385945.25499962585,238.5600060224533,Current,one_shot,281847.34899974684,281077.84999974683,0,,measured,0.0,39331.68599996861,929
28.450000000000003,250.85400000000004,0.0,matmul-64x128x64,174934.06100038555,820.5,324393.82600076916,288.4159982204437,Predicted,one_shot,220295.92000089015,219475.42000089015,0,,measured,6482.008000602946,38058.81399966893,929
26.685000000000002,169.27800000000002,0.0,matmul-64x128x64,174336.4890007797,674.512,324054.35500011157,228.57600450515747,Predicted,one_shot,219956.44900023256,219281.93700023257,1,,measured,6349.926999973832,38594.219000515295,929
28.225,244.173,0.0,matmul-64x128x64,176831.9650000194,796.376,364677.01299996563,274.3679881095886,Random,one_shot,260579.10700008663,259782.73100008664,1,39274.880999983,measured,0.0,41337.755999848014,929
29.374,256.324,0.0,matmul-64x128x64,233608.54299971834,811.789,377985.2039995609,275.84001421928406,Current,one_shot,273887.2979996819,273075.5089996819,1,,measured,0.0,39202.0750005031,929
27.988,161.966,0.0,matmul-64x128x64,176266.76700001553,665.602,319503.0700003108,224.7679978609085,Current,one_shot,215405.16400043177,214739.56200043176,2,,measured,0.0,38196.38500044675,929
28.853,253.50099999999998,0.0,matmul-64x128x64,172213.96199965966,822.655,322536.53500006115,286.4319980144501,Predicted,one_shot,218438.62900018218,217615.97400018218,2,,measured,6309.034999503638,39092.164999601664,929
29.43,274.87699999999995,0.0,matmul-64x128x64,236456.26300003642,846.087,420074.98599979054,279.10399436950684,Random,one_shot,315977.07999991154,315130.99299991154,2,37637.170999914815,measured,0.0,38658.200000099896,929
30.191000000000003,253.29800000000003,0.0,matmul-64x128x64,182324.68199948926,790.304,333340.60199965996,250.62400102615356,Predicted,one_shot,229242.69599978096,228452.39199978096,3,,measured,7084.701000167115,39042.03399997641,929
28.667,247.39999999999998,0.0,matmul-64x128x64,177760.0949999396,805.091,321415.1620003738,282.6879918575287,Current,one_shot,217317.25600049485,216512.16500049486,3,,measured,0.0,38446.14000081492,929
28.840000000000003,242.532,0.0,matmul-64x128x64,172039.08400006185,792.712,354475.6399992162,278.59199047088623,Random,one_shot,250377.7339993372,249585.0219993372,3,36834.784999882686,measured,0.0,38349.80700048618,929
27.918999999999997,250.77800000000002,0.0,matmul-64x128x64,235156.56500057958,770.793,378735.788000184,244.03199553489685,Current,one_shot,274637.882000305,273867.089000305,4,,measured,0.0,38413.606000176514,929
30.073,237.728,0.0,matmul-64x128x64,175491.17900034616,772.966,357620.34400056605,263.90400528907776,Random,one_shot,253522.43800068708,252749.4720006871,4,37551.80899952393,measured,0.0,37342.90299962595,929
28.867,257.863,0.0,matmul-64x128x64,177169.11199931928,824.891,327253.549999248,283.03998708724976,Predicted,one_shot,223155.643999369,222330.752999369,4,,measured,6692.545000078098,38467.6120002041,929
26.983000000000004,162.78,0.0,matmul-64x128x64,235352.97499984154,664.21,385513.63299965044,228.86399924755096,Predicted,one_shot,281415.72699977143,280751.5169997714,5,,measured,6875.760999719205,38521.74399980868,929
27.657999999999998,248.206,0.0,matmul-64x128x64,174123.54499992944,796.399,357881.98699979077,262.56000995635986,Random,one_shot,253784.08099991173,252987.68199991173,5,37603.56600014347,measured,0.0,38790.92999977729,929
30.624000000000002,252.229,0.0,matmul-64x128x64,184250.4080004801,827.962,330357.73600054806,284.5120131969452,Current,one_shot,226259.83000066906,225431.86800066906,5,,measured,0.0,40916.992999882495,929
29.317999999999998,248.583,0.0,matmul-64x128x64,184015.46200038865,823.202,334793.72600050597,287.4560058116913,Predicted,one_shot,230695.82000062696,229872.61800062697,6,,measured,6694.081999739865,39162.30499999074,929
29.304000000000002,261.467,0.0,matmul-64x128x64,241152.83500032092,779.631,387102.35800033354,237.69600689411163,Current,one_shot,283004.45200045453,282224.82100045454,6,,measured,0.0,40771.38999946328,929
28.043,267.11999999999995,0.0,matmul-64x128x64,179896.38000017294,862.155,369090.15499936254,278.78400683403015,Random,one_shot,264992.24899948353,264130.0939994835,6,40441.42400016426,measured,0.0,40450.254999996105,929
28.295,250.11700000000002,0.0,matmul-64x128x64,181739.05000003288,808.66,332664.93900002143,285.8240008354187,Predicted,one_shot,228567.03300014246,227758.37300014246,7,,measured,6884.356000227854,39134.49199990282,929
28.889000000000003,253.45000000000002,0.0,matmul-64x128x64,239778.51299969188,807.243,385976.16999954043,279.35999631881714,Current,one_shot,281878.26399966143,281071.0209996614,7,,measured,0.0,40998.471999955655,929
29.579,242.48600000000002,0.0,matmul-64x128x64,175753.5890001236,801.01,361358.9179994641,278.81601452827454,Random,one_shot,257261.01199958508,256460.00199958507,7,37672.87799928454,measured,0.0,39820.8770002384,929
28.704,247.57100000000005,0.0,matmul-64x128x64,182602.22500066448,767.203,326945.98500017007,239.99999463558197,Current,one_shot,222848.07900029104,222080.87600029103,8,,measured,0.0,39184.459000352945,929
28.503,280.11499999999995,0.0,matmul-64x128x64,176207.17599947966,849.913,326912.89199928904,287.29599714279175,Predicted,one_shot,222814.98599941004,221965.07299941004,8,,measured,7079.148999764584,38678.13600027148,929
28.054,239.72499999999997,0.0,matmul-64x128x64,238005.13799960754,784.054,423451.9099998618,276.095986366272,Random,one_shot,319354.0039999828,318569.9499999828,8,38158.24800039991,measured,0.0,39643.21300009033,929
27.752,163.526,0.0,matmul-64x128x64,177057.98000042705,671.34,366902.1229999918,242.08000302314758,Random,one_shot,262804.2170001128,262132.87700011279,9,39247.64299972594,measured,0.0,41929.77200000314,929
28.264000000000003,268.892,0.0,matmul-64x128x64,179369.93100011023,808.975,331438.27200008684,247.0719963312149,Predicted,one_shot,227340.3660002078,226531.3910002078,9,,measured,6930.608000402572,40231.140999821946,929
42.686,265.097,0.0,matmul-64x128x64,250441.87500043336,839.889,395482.66000069014,284.5759987831116,Current,one_shot,291384.75400081114,290544.8650008111,9,,measured,0.0,39794.822000658314,929
27.64,177.12500000000003,0.0,matmul-64x128x64,177075.27700076753,670.992,320964.24700025155,226.04799270629883,Current,one_shot,216866.34100037251,216195.34900037252,10,,measured,0.0,38856.907000081264,929
29.438,255.29199999999994,0.0,matmul-64x128x64,180583.0960001913,767.189,332024.04499952705,236.76800727844238,Predicted,one_shot,227926.13899964804,227158.94999964803,10,,measured,7124.269999621902,39450.55299936939,929
28.644999999999996,248.24300000000002,0.0,matmul-64x128x64,178552.81199990714,796.131,364161.6080001158,277.1199941635132,Random,one_shot,260063.70200023678,259267.57100023679,10,37811.58099991444,measured,0.0,39903.643999423366,929
28.828,263.857,0.0,matmul-64x128x64,241062.0430000563,818.382,389022.0940001769,280.2239954471588,Current,one_shot,284924.1880002979,284105.8060002979,11,,measured,0.0,42780.65500056982,929
27.516,238.118,0.0,matmul-64x128x64,178795.03399944952,780.295,364341.5019992931,266.30398631095886,Random,one_shot,260243.59599941407,259463.30099941406,11,38051.76399964694,measured,0.0,40187.769000112894,929
27.523000000000003,243.436,0.0,matmul-64x128x64,175639.52599994082,808.288,324895.1960000266,286.17599606513977,Predicted,one_shot,220797.2900001476,219989.0020001476,11,,measured,6578.847999662685,37769.70199942298,929
28.320999999999998,242.389,0.0,matmul-64x128x64,238903.60899986263,792.293,427243.7810005663,266.2400007247925,Random,one_shot,323145.8750006873,322353.5820006873,12,39857.14099962934,measured,0.0,40569.82700058143,929
28.270000000000003,246.323,0.0,matmul-64x128x64,186860.3829998392,770.088,337663.10599950043,238.81599307060242,Predicted,one_shot,233565.19999962143,232795.11199962144,12,,measured,7045.828000627807,38887.91899953503,929
30.066000000000003,256.51599999999996,0.0,matmul-64x128x64,179197.52299985703,827.365,332817.53299972013,283.4239900112152,Current,one_shot,228719.62699984113,227892.26199984114,12,,measured,0.0,48387.88199958799,929
31.250999999999998,255.90300000000002,0.0,matmul-64x128x64,177508.52200060763,786.622,327129.8750002319,236.4480048418045,Predicted,one_shot,223031.96900035292,222245.34700035292,13,,measured,6691.0539999298635,38045.05599964614,929
28.699,247.467,0.0,matmul-64x128x64,238678.4970003646,760.229,382597.94299963006,232.38399624824524,Current,one_shot,278500.03699975106,277739.80799975106,13,,measured,0.0,38759.11300019652,929
28.262999999999998,235.10900000000004,0.0,matmul-64x128x64,175694.63400013774,784.044,358551.3720005911,278.27200293540955,Random,one_shot,254453.46600071207,253669.42200071207,13,37559.06800051889,measured,0.0,38104.81999971671,929
28.308999999999997,249.79600000000002,0.0,matmul-64x128x64,173297.88000006374,764.022,316185.4059998192,242.78399348258972,Current,one_shot,212087.49999994022,211323.47799994022,14,,measured,0.0,37742.79699973704,929
28.244999999999997,234.47699999999998,0.0,matmul-64x128x64,240065.32299972605,778.244,424528.06000005413,262.1760070323944,Random,one_shot,320430.1540001751,319651.9100001751,14,38145.91900027153,measured,0.0,39038.46999946836,929
28.694000000000003,246.421,0.0,matmul-64x128x64,175328.06000053824,806.217,323756.23300050455,286.655992269516,Predicted,one_shot,219658.32700062555,218852.11000062554,14,,measured,6206.367999766371,37316.92600013048,929
28.171,249.962,0.0,matmul-64x128x64,173676.23500012996,807.838,316692.2409994725,281.1200022697449,Current,one_shot,212594.3349995935,211786.4969995935,15,,measured,0.0,37814.379000337794,929
27.22,265.01,0.0,matmul-64x128x64,174175.21300012595,808.168,322980.3850001158,244.00000274181366,Predicted,one_shot,218882.47900023678,218074.31100023678,15,,measured,6205.592999322107,37692.94399990031,929
28.18,238.19099999999997,0.0,matmul-64x128x64,225776.09200016013,788.014,408754.5669998238,276.16000175476074,Random,one_shot,304656.6609999448,303868.64699994476,15,37322.85299975047,measured,0.0,38308.752000375534,929
28.127,,,matmul-64x128x64,,266.451,,240.63999950885773,Current,resident,,,0,,warmup,,,930
27.856,,,matmul-64x128x64,,305.383,,279.55201268196106,Random,resident,,,0,,warmup,,,930
27.287,,,matmul-64x128x64,,336.735,,311.2959861755371,Predicted,resident,,,0,,warmup,,,930
24.113999999999997,,,matmul-64x128x64,,243.82,,219.13599967956543,Predicted,resident,,,1,,warmup,,,930
24.433999999999997,,,matmul-64x128x64,,257.437,,233.21600258350372,Random,resident,,,1,,warmup,,,930
25.811999999999998,,,matmul-64x128x64,,279.771,,254.97600436210632,Current,resident,,,1,,warmup,,,930
24.849,,,matmul-64x128x64,,257.613,,233.47200453281403,Random,resident,,,2,,warmup,,,930
25.444000000000003,,,matmul-64x128x64,,240.212,,216.0319983959198,Current,resident,,,2,,warmup,,,930
25.267,,,matmul-64x128x64,,297.212,,273.4079957008362,Predicted,resident,,,2,,warmup,,,930
24.766,,,matmul-64x128x64,,296.659,,272.38398790359497,Random,resident,,,3,,warmup,,,930
25.17,,,matmul-64x128x64,,270.137,,246.0159957408905,Current,resident,,,3,,warmup,,,930
24.653,,,matmul-64x128x64,,295.458,,271.36000990867615,Predicted,resident,,,3,,warmup,,,930
24.192,,,matmul-64x128x64,,242.968,,218.1120067834854,Predicted,resident,,,4,,warmup,,,930
24.367,,,matmul-64x128x64,,295.909,,271.07200026512146,Random,resident,,,4,,warmup,,,930
28.490000000000002,,,matmul-64x128x64,,270.577,,245.7599937915802,Current,resident,,,4,,warmup,,,930
24.060000000000002,,,matmul-64x128x64,,239.274,,215.39199352264404,Current,resident,,,5,,warmup,,,930
24.162,,,matmul-64x128x64,,257.511,,233.43999683856964,Random,resident,,,5,,warmup,,,930
24.568,,,matmul-64x128x64,,296.609,,272.2559869289398,Predicted,resident,,,5,,warmup,,,930
26.14,,,matmul-64x128x64,,282.006,,257.82400369644165,Current,resident,,,0,,measured,,,930
24.914,,,matmul-64x128x64,,242.599,,218.9760059118271,Predicted,resident,,,0,,measured,,,930
25.371,,,matmul-64x128x64,,294.612,,271.1679935455322,Random,resident,,,0,,measured,,,930
23.416,,,matmul-64x128x64,,256.583,,233.2479953765869,Random,resident,,,1,,measured,,,930
25.250999999999998,,,matmul-64x128x64,,297.819,,247.80799448490143,Current,resident,,,1,,measured,,,930
24.451,,,matmul-64x128x64,,295.739,,272.38398790359497,Predicted,resident,,,1,,measured,,,930
23.938,,,matmul-64x128x64,,244.085,,218.1120067834854,Predicted,resident,,,2,,measured,,,930
24.605,,,matmul-64x128x64,,295.091,,271.36000990867615,Random,resident,,,2,,measured,,,930
25.796,,,matmul-64x128x64,,272.542,,248.79999458789825,Current,resident,,,2,,measured,,,930
24.121000000000002,,,matmul-64x128x64,,239.628,,215.03999829292297,Current,resident,,,3,,measured,,,930
24.264,,,matmul-64x128x64,,255.729,,232.28800296783447,Random,resident,,,3,,measured,,,930
24.615000000000002,,,matmul-64x128x64,,297.021,,272.38398790359497,Predicted,resident,,,3,,measured,,,930
25.063,,,matmul-64x128x64,,258.5,,233.47200453281403,Random,resident,,,4,,measured,,,930
24.989,,,matmul-64x128x64,,242.581,,218.1120067834854,Predicted,resident,,,4,,measured,,,930
24.738,,,matmul-64x128x64,,286.823,,262.14399933815,Current,resident,,,4,,measured,,,930
24.002,,,matmul-64x128x64,,293.627,,269.24800872802734,Random,resident,,,5,,measured,,,930
24.111,,,matmul-64x128x64,,293.266,,269.3119943141937,Predicted,resident,,,5,,measured,,,930
25.259,,,matmul-64x128x64,,281.823,,257.02399015426636,Current,resident,,,5,,measured,,,930
23.717,,,matmul-64x128x64,,242.227,,218.1120067834854,Predicted,resident,,,6,,measured,,,930
24.597,,,matmul-64x128x64,,239.717,,215.03999829292297,Current,resident,,,6,,measured,,,930
24.537999999999997,,,matmul-64x128x64,,294.794,,271.36000990867615,Random,resident,,,6,,measured,,,930
24.572,,,matmul-64x128x64,,239.69,,215.03999829292297,Current,resident,,,7,,measured,,,930
24.811,,,matmul-64x128x64,,294.11,,269.50401067733765,Predicted,resident,,,7,,measured,,,930
24.203,,,matmul-64x128x64,,295.103,,271.36000990867615,Random,resident,,,7,,measured,,,930
25.076999999999998,,,matmul-64x128x64,,269.817,,245.82399427890778,Current,resident,,,8,,measured,,,930
24.701,,,matmul-64x128x64,,294.653,,270.33600211143494,Predicted,resident,,,8,,measured,,,930
24.566000000000003,,,matmul-64x128x64,,294.202,,270.33600211143494,Random,resident,,,8,,measured,,,930
38.992,,,matmul-64x128x64,,242.755,,218.1120067834854,Predicted,resident,,,9,,measured,,,930
23.838,,,matmul-64x128x64,,256.32,,232.44799673557281,Random,resident,,,9,,measured,,,930
24.557000000000002,,,matmul-64x128x64,,286.985,,262.9440128803253,Current,resident,,,9,,measured,,,930
24.302,,,matmul-64x128x64,,296.228,,272.09600806236267,Predicted,resident,,,10,,measured,,,930
25.332,,,matmul-64x128x64,,240.117,,215.03999829292297,Current,resident,,,10,,measured,,,930
24.554000000000002,,,matmul-64x128x64,,295.569,,271.36000990867615,Random,resident,,,10,,measured,,,930
24.572000000000003,,,matmul-64x128x64,,239.567,,215.32799303531647,Current,resident,,,11,,measured,,,930
23.755000000000003,,,matmul-64x128x64,,257.007,,232.44799673557281,Random,resident,,,11,,measured,,,930
25.458,,,matmul-64x128x64,,311.045,,275.4560112953186,Predicted,resident,,,11,,measured,,,930
25.128,,,matmul-64x128x64,,281.943,,257.85601139068604,Current,resident,,,12,,measured,,,930
24.433999999999997,,,matmul-64x128x64,,292.665,,268.2879865169525,Random,resident,,,12,,measured,,,930
24.28,,,matmul-64x128x64,,291.888,,268.2879865169525,Predicted,resident,,,12,,measured,,,930
24.405,,,matmul-64x128x64,,241.451,,217.0879989862442,Predicted,resident,,,13,,measured,,,930
24.703,,,matmul-64x128x64,,282.265,,258.04799795150757,Current,resident,,,13,,measured,,,930
24.069000000000003,,,matmul-64x128x64,,292.136,,268.3199942111969,Random,resident,,,13,,measured,,,930
23.766,,,matmul-64x128x64,,257.311,,232.44799673557281,Random,resident,,,14,,measured,,,930
24.833,,,matmul-64x128x64,,293.656,,269.3119943141937,Predicted,resident,,,14,,measured,,,930
25.134,,,matmul-64x128x64,,281.066,,257.02399015426636,Current,resident,,,14,,measured,,,930
24.426,,,matmul-64x128x64,,293.941,,269.3119943141937,Random,resident,,,15,,measured,,,930
24.741999999999997,,,matmul-64x128x64,,292.95,,268.2879865169525,Predicted,resident,,,15,,measured,,,930
24.432000000000002,,,matmul-64x128x64,,288.276,,263.839989900589,Current,resident,,,15,,measured,,,930
27.476999999999997,169.298,0.0,matmul-64x128x64,179640.9139997195,674.195,324295.58499997115,224.86400604248047,Current,one_shot,220197.67900009215,219523.48400009214,0,,warmup,0.0,39621.77599987626,930
29.092,239.96599999999998,0.0,matmul-64x128x64,174212.8280002362,797.656,358269.15300000587,284.2240035533905,Random,one_shot,254171.2470001269,253373.5910001269,0,37353.51100021944,warmup,0.0,39623.976000257244,930
29.147,252.08800000000002,0.0,matmul-64x128x64,229961.1240005106,820.997,379769.45100023766,288.83200883865356,Predicted,one_shot,275671.54500035866,274850.5480003587,0,,warmup,6602.223999834678,38286.40499978064,930
26.377000000000002,162.35,0.0,matmul-64x128x64,173640.49600018916,738.977,322368.29399986076,227.61599719524384,Predicted,one_shot,218270.38799998176,217531.41099998174,1,,warmup,6414.608000341104,37475.494999853254,930
28.653999999999996,239.47299999999998,0.0,matmul-64x128x64,175938.72800080135,785.426,359578.18200018443,270.6559896469116,Random,one_shot,255480.27600030546,254694.85000030545,1,37518.65199956228,warmup,0.0,38773.25999928871,930
28.778,252.038,0.0,matmul-64x128x64,179734.81100034405,804.956,323799.19000036176,272.0000147819519,Current,one_shot,219701.28400048276,218896.32800048275,1,,warmup,0.0,38902.37399991747,930
28.677999999999997,240.603,0.0,matmul-64x128x64,227399.86899978248,781.44,410118.27700041,268.7680125236511,Random,one_shot,306020.371000531,305238.931000531,2,37346.93400019751,warmup,0.0,37971.97999938362,930
29.847,249.721,0.0,matmul-64x128x64,174406.93599928636,773.421,318354.5349999496,240.4160052537918,Current,one_shot,214256.6290000706,213483.2080000706,2,,warmup,0.0,38818.74999933643,930
29.48,256.914,0.0,matmul-64x128x64,179559.47799964633,831.865,330495.68899899884,286.655992269516,Predicted,one_shot,226397.78299911984,225565.91799911985,2,,warmup,6788.8659996242495,39216.80700022989,930
28.183999999999997,248.879,0.0,matmul-64x128x64,245257.5870001965,811.729,430540.4789994127,285.15198826789856,Random,one_shot,326442.5729995337,325630.8439995337,3,38352.124999619264,warmup,0.0,39493.27800000901,930
29.938,252.31199999999998,0.0,matmul-64x128x64,182492.9799995516,807.364,327074.3399997152,270.08000016212463,Current,one_shot,222976.4339998362,222169.0699998362,3,,warmup,0.0,39407.49199955462,930
27.574,247.084,0.0,matmul-64x128x64,178723.63399965252,810.97,329520.0649997946,288.09601068496704,Predicted,one_shot,225422.1589999156,224611.1889999156,3,,warmup,7400.27700067003,38486.246999127616,930
28.518,166.236,0.0,matmul-64x128x64,181530.57800009265,674.39,331473.61100023397,228.28799486160278,Predicted,one_shot,227375.70500035497,226701.31500035495,4,,warmup,6705.6469997623935,38463.50299954793,930
28.658,240.85699999999997,0.0,matmul-64x128x64,226296.58400001063,801.755,410257.1409995358,286.3999903202057,Random,one_shot,306159.2349996568,305357.4799996568,4,38287.53099969617,warmup,0.0,38331.50199989177,930
29.084000000000003,256.002,0.0,matmul-64x128x64,174367.57500036038,805.538,317148.8869999079,270.33600211143494,Current,one_shot,213050.9810000289,212245.4430000289,4,,warmup,0.0,37580.132999210036,930
27.949999999999996,174.86099999999996,0.0,matmul-64x128x64,179630.0149999297,690.025,323511.4950002354,225.8239984512329,Current,one_shot,219413.5890003564,218723.56400035642,5,,warmup,0.0,38779.98099960678,930
28.073,252.504,0.0,matmul-64x128x64,230480.73799964186,799.92,415298.9909992271,269.1839933395386,Random,one_shot,311201.0849993481,310401.1649993481,5,38080.9339994812,warmup,0.0,39204.26599961502,930
28.688000000000002,251.694,0.0,matmul-64x128x64,173055.02900035208,816.49,322170.99199984915,291.0720109939575,Predicted,one_shot,218073.08599997015,217256.59599997016,5,,warmup,6485.867999799666,37714.598999627924,930
28.963,246.83700000000002,0.0,matmul-64x128x64,174415.30999985844,804.265,318402.915999571,279.32798862457275,Current,one_shot,214305.00999969197,213500.74499969196,0,,measured,0.0,38777.84399992379,930
28.101999999999997,254.365,0.0,matmul-64x128x64,173905.1409995227,781.096,322018.96999996214,247.29600548744202,Predicted,one_shot,217921.06400008316,217139.96800008317,0,,measured,6346.389999634994,36888.313999952516,930
28.881,242.53,0.0,matmul-64x128x64,243116.8160001107,801.587,426450.7440004073,283.9680016040802,Random,one_shot,322352.8380005283,321551.2510005283,0,37227.359999633336,measured,0.0,38842.39999933925,930
26.775,156.03800000000004,0.0,matmul-64x128x64,173222.45499963174,669.761,355032.78300014324,242.68800020217896,Random,one_shot,250934.87700026424,250265.11600026424,1,36812.766999901214,measured,0.0,37695.10099937179,930
28.368000000000002,249.67499999999995,0.0,matmul-64x128x64,173067.93599982484,800.079,317132.2919994412,269.98400688171387,Current,one_shot,213034.38599956225,212234.30699956225,1,,measured,0.0,38843.28900039691,930
28.235,251.85899999999998,0.0,matmul-64x128x64,228211.16599970992,863.46,377517.17599905486,285.504013299942,Predicted,one_shot,273419.26999917586,272555.80999917584,1,,measured,6573.040999683144,37770.76899950771,930
28.614,168.92000000000002,0.0,matmul-64x128x64,176818.4789998486,679.028,326800.1729998882,228.5120040178299,Predicted,one_shot,222702.2670000092,222023.2390000092,2,,measured,6681.15900043631,38522.730999829946,930
28.418,241.52300000000002,0.0,matmul-64x128x64,179244.26700028562,796.966,362873.17399996216,284.7360074520111,Random,one_shot,258775.2680000832,257978.3020000832,2,37403.85299988702,measured,0.0,38995.8680007112,930
29.458,256.101,0.0,matmul-64x128x64,174129.7319995283,809.355,318142.0369996873,268.0639922618866,Current,one_shot,214044.13099980835,213234.77599980833,2,,measured,0.0,38832.975000332226,930
28.228,175.369,0.0,matmul-64x128x64,229095.2629991807,682.465,375783.1489993352,226.0800004005432,Current,one_shot,271685.2429994562,271002.77799945616,3,,measured,0.0,41639.939000560844,930
29.546999999999997,246.91600000000003,0.0,matmul-64x128x64,181225.55100035243,805.598,374140.7310001824,270.27198672294617,Random,one_shot,270042.8250003034,269237.2270003034,3,46176.842999557266,measured,0.0,39234.14699966088,930
28.485999999999997,252.385,0.0,matmul-64x128x64,180247.16400032048,826.081,330534.9969996176,288.8000011444092,Predicted,one_shot,226437.0909997386,225611.0099997386,3,,measured,6774.436999876343,38588.15700004925,930
28.837000000000003,244.45700000000002,0.0,matmul-64x128x64,238789.02999967977,792.098,424861.57499964803,269.79199051856995,Random,one_shot,320763.668999769,319971.570999769,4,38095.183999757865,measured,0.0,40353.65500021726,930
28.72,253.848,0.0,matmul-64x128x64,177858.26300041663,776.492,330114.42600025027,237.44000494480133,Predicted,one_shot,226016.52000037124,225240.02800037124,4,,measured,6781.727000088722,40599.81000045809,930
28.726999999999997,255.54999999999998,0.0,matmul-64x128x64,180638.14399920375,825.666,326651.09399991645,281.47199749946594,Current,one_shot,222553.18800003742,221727.52200003742,4,,measured,0.0,40779.71999959118,930
28.9,237.35999999999996,0.0,matmul-64x128x64,176625.23299986788,797.04,359915.5709996945,286.24001145362854,Random,one_shot,255817.6649998155,255020.62499981548,5,37496.526999348134,measured,0.0,38260.7530000314,930
30.014,251.47799999999998,0.0,matmul-64x128x64,231743.57800053258,818.48,387631.1400000323,284.7679853439331,Predicted,one_shot,283533.2340001533,282714.75400015333,5,,measured,7653.56800002337,43316.944999787665,930
28.541999999999998,248.511,0.0,matmul-64x128x64,177102.93999971327,810.283,320399.3870004426,280.5120050907135,Current,one_shot,216301.4810005636,215491.1980005636,5,,measured,0.0,38075.25600041117,930
28.694,243.75700000000003,0.0,matmul-64x128x64,174083.18599973427,767.765,322770.6970000322,246.49600684642792,Predicted,one_shot,218672.79100015317,217905.02600015316,6,,measured,6560.425000316172,37261.25699995464,930
30.044,256.62,0.0,matmul-64x128x64,230232.2900004583,775.881,373764.84400035266,235.3920042514801,Current,one_shot,269666.93800047366,268891.05700047367,6,,measured,0.0,38361.64600033953,930
28.118000000000002,234.40599999999998,0.0,matmul-64x128x64,172087.44100025797,787.75,355144.2429996137,284.09600257873535,Random,one_shot,251046.3369997347,250258.5869997347,6,37363.07700000907,measured,0.0,38235.973000155354,930
29.156,252.68,0.0,matmul-64x128x64,174204.24700048898,779.267,318273.911999897,247.0400035381317,Current,one_shot,214176.00600001798,213396.739000018,7,,measured,0.0,38881.69999936508,930
28.363,245.66100000000006,0.0,matmul-64x128x64,181275.51900033723,812.316,330117.31400022516,285.43999791145325,Predicted,one_shot,226019.40800034616,225207.09200034617,7,,measured,6484.1120001801755,37446.755999553716,930
27.609,235.109,0.0,matmul-64x128x64,226518.50800048123,791.38,409707.4970004445,285.2799892425537,Random,one_shot,305609.5910005655,304818.2110005655,7,37591.20399990934,measured,0.0,38344.73699953378,930
28.369999999999997,249.495,0.0,matmul-64x128x64,188537.92599929875,803.793,332402.6069993351,269.4079875946045,Current,one_shot,228304.7009994561,227500.9079994561,8,,measured,0.0,38686.7480001456,930
29.535,247.13000000000002,0.0,matmul-64x128x64,175120.7429997521,811.494,324347.4029994745,286.01598739624023,Predicted,one_shot,220249.4969995955,219438.00299959548,8,,measured,6347.687000015867,37968.52100003889,930
28.607999999999997,242.563,0.0,matmul-64x128x64,231187.59099997988,870.883,422760.4410006574,284.7679853439331,Random,one_shot,318662.5350007784,317791.6520007784,8,40756.25599944033,measured,0.0,41652.95300026628,930
29.266,269.786,0.0,matmul-64x128x64,177941.73600032082,818.007,326969.9610001246,253.4720003604889,Predicted,one_shot,222872.05500024554,222054.04800024553,9,,measured,6387.897999957204,37724.1709993541,930
27.527,235.48199999999997,0.0,matmul-64x128x64,174804.11299948173,771.651,357867.08900021494,265.0560140609741,Random,one_shot,253769.18300033594,252997.53200033592,9,36981.72700023861,measured,0.0,38613.22400007339,930
29.643,266.522,0.0,matmul-64x128x64,177357.79099984939,827.263,323438.3619999143,271.84000611305237,Current,one_shot,219340.45600003525,218513.19300003524,9,,measured,0.0,40876.506000131485,930
30.631,252.38500000000002,0.0,matmul-64x128x64,241680.72599968582,828.259,393018.9480000173,288.1599962711334,Predicted,one_shot,288921.0420001383,288092.7830001383,10,,measured,6925.842999407905,39485.52500060032,930
29.297000000000004,265.661,0.0,matmul-64x128x64,180922.2880001471,804.605,329653.94299959985,247.3600059747696,Current,one_shot,225556.03699972082,224751.4319997208,10,,measured,0.0,43509.355000423966,930
28.269,234.70999999999998,0.0,matmul-64x128x64,178316.28100066155,792.815,362503.6429995591,285.0239872932434,Random,one_shot,258405.7369996801,257612.9219996801,10,37638.785999661195,measured,0.0,39145.40100049635,930
28.851,252.14700000000002,0.0,matmul-64x128x64,235436.42799995723,785.58,381294.0489993237,247.8400021791458,Current,one_shot,277196.1429994447,276410.56299944466,11,,measured,0.0,40700.24299926445,930
27.326,236.524,0.0,matmul-64x128x64,176828.54000031512,777.407,360102.3100000152,267.1999931335449,Random,one_shot,256004.4040001362,255226.99700013618,11,37331.114999688,measured,0.0,38728.7120001929,930
28.393,248.05200000000005,0.0,matmul-64x128x64,173990.0749998924,807.058,322863.18199957313,286.6879999637604,Predicted,one_shot,218765.27599969416,217958.21799969417,11,,measured,6162.29499973997,37805.1180005059,930
28.611000000000004,251.946,0.0,matmul-64x128x64,177139.4079996753,895.356,324857.8269995041,279.04000878334045,Current,one_shot,220759.92099962514,219864.56499962514,12,,measured,0.0,42370.80300026719,930
27.631,236.799,0.0,matmul-64x128x64,227989.1089992816,791.522,410532.40599980246,285.37601232528687,Random,one_shot,306434.49999992346,305642.97799992346,12,37182.67000022024,measured,0.0,38176.96199985221,930
29.208,251.053,0.0,matmul-64x128x64,175059.6100000621,814.402,323316.228000007,285.7919931411743,Predicted,one_shot,219218.32200012798,218403.92000012798,12,,measured,6371.870999828388,36971.62499975093,930
26.652,165.476,0.0,matmul-64x128x64,174472.43600054207,669.571,323748.90800030844,228.38400304317474,Predicted,one_shot,219651.00200042943,218981.43100042944,13,,measured,6224.304999705055,38283.81200037256,930
28.847,251.684,0.0,matmul-64x128x64,229623.46499934938,809.752,373475.6929994681,279.5200049877167,Current,one_shot,269377.7869995891,268568.03499958914,13,,measured,0.0,38650.75299927412,930
29.269,241.762,0.0,matmul-64x128x64,173068.7980007133,807.297,370935.6779996312,284.35200452804565,Random,one_shot,266837.7719997522,266030.4749997522,13,38552.89400053152,measured,0.0,50835.074999667995,930
28.646,155.74199999999996,0.0,matmul-64x128x64,176463.20899984858,678.692,358629.98200052837,242.20800399780273,Random,one_shot,254532.0760006494,253853.38400064938,14,37149.89299987792,measured,0.0,37957.427999572246,930
28.153,250.839,0.0,matmul-64x128x64,173165.42499975185,810.285,322114.6950002662,286.20800375938416,Predicted,one_shot,218016.78900038722,217206.5040003872,14,,measured,6354.7019999532495,37685.993000195595,930
28.581,254.026,0.0,matmul-64x128x64,226112.37999990408,812.95,369542.5639996761,279.58399057388306,Current,one_shot,265444.6579997971,264631.7079997971,14,,measured,0.0,38201.8699992841,930
28.999,234.33,0.0,matmul-64x128x64,173162.56100002647,790.056,355817.5310004974,285.18399596214294,Random,one_shot,251719.62500061837,250929.56900061836,15,37162.20499973133,measured,0.0,38234.768000620534,930
29.601,250.67399999999998,0.0,matmul-64x128x64,177433.3809999007,819.163,328658.3909999025,284.2560112476349,Predicted,one_shot,224560.4850000235,223741.3220000235,15,,measured,7010.662000539014,39296.15000015474,930
29.522,251.10799999999998,0.0,matmul-64x128x64,232238.33199972432,808.087,376050.0930000077,280.92798590660095,Current,one_shot,271952.1870001287,271144.1000001287,15,,measured,0.0,38604.89099952247,930
