D2H_us,H2D_us,allocation_us,case,collect_us,execute_wall_us,graph_through_D2H_us,kernel_event_us,layout,mode,pack_through_D2H_us,pack_us,pair,permutation_us,phase,predict_us,remap_soa_us,seed
22.709,476.1179999999999,58.494,dot-1024x32,,929.646,,73.72800260782242,Current,initialize,,,-1,,initialization,,,
21.785,468.32300000000004,58.217,dot-1024x32,,907.197,,93.88799965381622,Predicted,initialize,,,-1,,initialization,,,
23.146,537.05,68.669,dot-1024x32,,996.287,,118.78400295972824,Random,initialize,,,-1,,initialization,,,928
22.142,473.66999999999996,65.669,dot-1024x32,,928.996,,119.80800330638885,Random,initialize,,,-1,,initialization,,,929
24.738999999999997,962.8989999999999,188.607,dot-1024x32,,1673.51,,121.85599654912949,Random,initialize,,,-1,,initialization,,,930
22.786,,,dot-1024x32,,145.649,,117.76000261306763,Random,resident,,,0,,warmup,,,928
24.657,,,dot-1024x32,,122.941,,94.24000233411789,Predicted,resident,,,0,,warmup,,,928
22.982,,,dot-1024x32,,121.232,,94.2080020904541,Current,resident,,,0,,warmup,,,928
20.783,,,dot-1024x32,,143.368,,116.73600226640701,Random,resident,,,1,,warmup,,,928
22.721,,,dot-1024x32,,119.734,,92.16000139713287,Predicted,resident,,,1,,warmup,,,928
21.901,,,dot-1024x32,,120.525,,93.85599941015244,Current,resident,,,1,,warmup,,,928
19.868000000000002,,,dot-1024x32,,143.008,,115.77600240707397,Random,resident,,,2,,warmup,,,928
20.67,,,dot-1024x32,,134.696,,91.13600105047226,Current,resident,,,2,,warmup,,,928
19.229,,,dot-1024x32,,117.629,,92.16000139713287,Predicted,resident,,,2,,warmup,,,928
19.211,,,dot-1024x32,,140.098,,113.66400122642517,Random,resident,,,3,,warmup,,,928
20.282,,,dot-1024x32,,117.643,,92.16000139713287,Current,resident,,,3,,warmup,,,928
19.087,,,dot-1024x32,,117.852,,92.79999881982803,Predicted,resident,,,3,,warmup,,,928
20.436,,,dot-1024x32,,88.339,,62.463998794555664,Predicted,resident,,,4,,warmup,,,928
19.518,,,dot-1024x32,,117.341,,92.16000139713287,Current,resident,,,4,,warmup,,,928
19.222,,,dot-1024x32,,139.206,,112.64000087976456,Random,resident,,,4,,warmup,,,928
19.057,,,dot-1024x32,,117.836,,92.16000139713287,Predicted,resident,,,5,,warmup,,,928
64.08200000000001,,,dot-1024x32,,117.743,,92.06400066614151,Current,resident,,,5,,warmup,,,928
19.025,,,dot-1024x32,,140.419,,113.66400122642517,Random,resident,,,5,,warmup,,,928
18.984,,,dot-1024x32,,111.748,,85.75999736785889,Random,resident,,,6,,warmup,,,928
18.895,,,dot-1024x32,,117.4,,92.19200164079666,Predicted,resident,,,6,,warmup,,,928
19.869999999999997,,,dot-1024x32,,117.251,,92.16000139713287,Current,resident,,,6,,warmup,,,928
18.921,,,dot-1024x32,,116.571,,91.13600105047226,Predicted,resident,,,7,,warmup,,,928
19.192,,,dot-1024x32,,139.363,,113.66400122642517,Random,resident,,,7,,warmup,,,928
19.606,,,dot-1024x32,,117.579,,92.16000139713287,Current,resident,,,7,,warmup,,,928
18.728,,,dot-1024x32,,87.404,,62.463998794555664,Current,resident,,,8,,warmup,,,928
18.817,,,dot-1024x32,,116.993,,91.80799871683121,Predicted,resident,,,8,,warmup,,,928
19.537,,,dot-1024x32,,140.446,,114.68800157308578,Random,resident,,,8,,warmup,,,928
19.633,,,dot-1024x32,,117.594,,92.92799979448318,Current,resident,,,9,,warmup,,,928
19.106,,,dot-1024x32,,117.936,,93.18400174379349,Predicted,resident,,,9,,warmup,,,928
19.653,,,dot-1024x32,,138.253,,113.66400122642517,Random,resident,,,9,,warmup,,,928
19.231,,,dot-1024x32,,116.596,,91.13600105047226,Predicted,resident,,,10,,warmup,,,928
19.365000000000002,,,dot-1024x32,,116.313,,91.839998960495,Current,resident,,,10,,warmup,,,928
18.954,,,dot-1024x32,,139.531,,114.68800157308578,Random,resident,,,10,,warmup,,,928
18.451,,,dot-1024x32,,110.913,,85.95199882984161,Random,resident,,,11,,warmup,,,928
19.836,,,dot-1024x32,,116.731,,92.12800115346909,Current,resident,,,11,,warmup,,,928
20.858,,,dot-1024x32,,133.781,,96.25600278377533,Predicted,resident,,,11,,warmup,,,928
19.947,,,dot-1024x32,,142.014,,115.7120019197464,Random,resident,,,12,,warmup,,,928
19.037,,,dot-1024x32,,116.839,,92.16000139713287,Predicted,resident,,,12,,warmup,,,928
20.147,,,dot-1024x32,,117.853,,92.25600212812424,Current,resident,,,12,,warmup,,,928
19.343,,,dot-1024x32,,139.613,,114.68800157308578,Random,resident,,,13,,warmup,,,928
19.377000000000002,,,dot-1024x32,,116.971,,92.16000139713287,Current,resident,,,13,,warmup,,,928
19.643,,,dot-1024x32,,117.595,,92.19200164079666,Predicted,resident,,,13,,warmup,,,928
19.593,,,dot-1024x32,,139.095,,114.30399864912033,Random,resident,,,14,,warmup,,,928
19.275,,,dot-1024x32,,117.36,,92.16000139713287,Current,resident,,,14,,warmup,,,928
19.92,,,dot-1024x32,,125.395,,92.16000139713287,Predicted,resident,,,14,,warmup,,,928
18.342,,,dot-1024x32,,86.969,,61.43999844789505,Predicted,resident,,,15,,warmup,,,928
19.406,,,dot-1024x32,,139.136,,113.56800049543381,Random,resident,,,15,,warmup,,,928
19.496000000000002,,,dot-1024x32,,117.25,,91.80799871683121,Current,resident,,,15,,warmup,,,928
18.902,,,dot-1024x32,,87.155,,61.43999844789505,Current,resident,,,0,,measured,,,928
19.525,,,dot-1024x32,,117.864,,92.16000139713287,Predicted,resident,,,0,,measured,,,928
19.167,,,dot-1024x32,,137.68,,112.70400136709213,Random,resident,,,0,,measured,,,928
18.541,,,dot-1024x32,,113.76,,89.02399986982346,Random,resident,,,1,,measured,,,928
18.928,,,dot-1024x32,,117.043,,91.13600105047226,Predicted,resident,,,1,,measured,,,928
19.219,,,dot-1024x32,,118.408,,92.25600212812424,Current,resident,,,1,,measured,,,928
19.332,,,dot-1024x32,,134.096,,92.3520028591156,Predicted,resident,,,2,,measured,,,928
19.826999999999998,,,dot-1024x32,,116.645,,91.13600105047226,Current,resident,,,2,,measured,,,928
19.287,,,dot-1024x32,,140.13,,114.3999993801117,Random,resident,,,2,,measured,,,928
19.387,,,dot-1024x32,,118.343,,92.16000139713287,Predicted,resident,,,3,,measured,,,928
19.018,,,dot-1024x32,,138.836,,113.43999952077866,Random,resident,,,3,,measured,,,928
19.009999999999998,,,dot-1024x32,,117.097,,92.22400188446045,Current,resident,,,3,,measured,,,928
18.496000000000002,,,dot-1024x32,,86.929,,62.39999830722809,Current,resident,,,4,,measured,,,928
19.298000000000002,,,dot-1024x32,,117.692,,92.16000139713287,Predicted,resident,,,4,,measured,,,928
19.052999999999997,,,dot-1024x32,,138.947,,113.66400122642517,Random,resident,,,4,,measured,,,928
18.82,,,dot-1024x32,,111.827,,87.0399996638298,Random,resident,,,5,,measured,,,928
20.279,,,dot-1024x32,,116.852,,91.839998960495,Predicted,resident,,,5,,measured,,,928
19.709000000000003,,,dot-1024x32,,118.007,,92.92799979448318,Current,resident,,,5,,measured,,,928
19.032,,,dot-1024x32,,86.794,,60.416001826524734,Current,resident,,,6,,measured,,,928
18.874000000000002,,,dot-1024x32,,116.488,,91.80799871683121,Predicted,resident,,,6,,measured,,,928
19.122,,,dot-1024x32,,139.06,,113.66400122642517,Random,resident,,,6,,measured,,,928
20.192,,,dot-1024x32,,117.35,,92.16000139713287,Current,resident,,,7,,measured,,,928
18.956000000000003,,,dot-1024x32,,137.747,,112.64000087976456,Random,resident,,,7,,measured,,,928
19.205,,,dot-1024x32,,117.733,,93.18400174379349,Predicted,resident,,,7,,measured,,,928
18.741,,,dot-1024x32,,86.639,,62.30400130152702,Predicted,resident,,,8,,measured,,,928
19.746000000000002,,,dot-1024x32,,135.803,,92.16000139713287,Current,resident,,,8,,measured,,,928
19.372,,,dot-1024x32,,139.144,,113.6000007390976,Random,resident,,,8,,measured,,,928
18.418,,,dot-1024x32,,109.873,,84.927998483181,Random,resident,,,9,,measured,,,928
19.639000000000003,,,dot-1024x32,,117.838,,92.28800237178802,Predicted,resident,,,9,,measured,,,928
19.683,,,dot-1024x32,,117.271,,92.03200042247772,Current,resident,,,9,,measured,,,928
19.602,,,dot-1024x32,,140.318,,114.52800035476685,Random,resident,,,10,,measured,,,928
19.588,,,dot-1024x32,,115.726,,91.00800007581711,Current,resident,,,10,,measured,,,928
19.823999999999998,,,dot-1024x32,,117.051,,91.13600105047226,Predicted,resident,,,10,,measured,,,928
18.434,,,dot-1024x32,,86.586,,61.43999844789505,Predicted,resident,,,11,,measured,,,928
23.543,,,dot-1024x32,,138.659,,113.40799927711487,Random,resident,,,11,,measured,,,928
21.132,,,dot-1024x32,,121.591,,96.00000083446503,Current,resident,,,11,,measured,,,928
20.157,,,dot-1024x32,,120.037,,93.37600320577621,Predicted,resident,,,12,,measured,,,928
19.46,,,dot-1024x32,,116.749,,92.16000139713287,Current,resident,,,12,,measured,,,928
18.996,,,dot-1024x32,,139.235,,113.66400122642517,Random,resident,,,12,,measured,,,928
18.428,,,dot-1024x32,,111.458,,87.0399996638298,Random,resident,,,13,,measured,,,928
18.915999999999997,,,dot-1024x32,,117.101,,92.00000017881393,Current,resident,,,13,,measured,,,928
18.788,,,dot-1024x32,,117.73,,92.16000139713287,Predicted,resident,,,13,,measured,,,928
18.519,,,dot-1024x32,,86.663,,61.43999844789505,Predicted,resident,,,14,,measured,,,928
19.345,,,dot-1024x32,,116.837,,91.13600105047226,Current,resident,,,14,,measured,,,928
20.252000000000002,,,dot-1024x32,,141.483,,114.68800157308578,Random,resident,,,14,,measured,,,928
18.546,,,dot-1024x32,,112.652,,87.0399996638298,Random,resident,,,15,,measured,,,928
18.892,,,dot-1024x32,,118.051,,93.12000125646591,Predicted,resident,,,15,,measured,,,928
19.597,,,dot-1024x32,,117.565,,93.18400174379349,Current,resident,,,15,,measured,,,928
19.849,,,dot-1024x32,,140.395,,115.58400094509125,Random,resident,,,16,,measured,,,928
19.579,,,dot-1024x32,,117.369,,92.16000139713287,Predicted,resident,,,16,,measured,,,928
19.545,,,dot-1024x32,,117.762,,92.16000139713287,Current,resident,,,16,,measured,,,928
22.514,,,dot-1024x32,,139.476,,113.63200098276138,Random,resident,,,17,,measured,,,928
19.418,,,dot-1024x32,,117.859,,92.16000139713287,Current,resident,,,17,,measured,,,928
24.607,,,dot-1024x32,,179.781,,108.5439994931221,Predicted,resident,,,17,,measured,,,928
19.820999999999998,,,dot-1024x32,,141.19,,114.68800157308578,Random,resident,,,18,,measured,,,928
19.988,,,dot-1024x32,,118.633,,93.02400052547455,Current,resident,,,18,,measured,,,928
19.705,,,dot-1024x32,,118.474,,93.18400174379349,Predicted,resident,,,18,,measured,,,928
19.838,,,dot-1024x32,,117.097,,92.16000139713287,Current,resident,,,19,,measured,,,928
19.206,,,dot-1024x32,,117.14,,92.16000139713287,Predicted,resident,,,19,,measured,,,928
19.226,,,dot-1024x32,,138.331,,113.66400122642517,Random,resident,,,19,,measured,,,928
18.634,,,dot-1024x32,,112.008,,86.01599931716919,Random,resident,,,20,,measured,,,928
19.476,,,dot-1024x32,,116.581,,92.06400066614151,Predicted,resident,,,20,,measured,,,928
20.466,,,dot-1024x32,,161.501,,92.16000139713287,Current,resident,,,20,,measured,,,928
19.43,,,dot-1024x32,,116.949,,92.16000139713287,Predicted,resident,,,21,,measured,,,928
19.450000000000003,,,dot-1024x32,,140.277,,114.68800157308578,Random,resident,,,21,,measured,,,928
20.782,,,dot-1024x32,,120.533,,92.41600334644318,Current,resident,,,21,,measured,,,928
18.97,,,dot-1024x32,,87.023,,61.43999844789505,Current,resident,,,22,,measured,,,928
19.012,,,dot-1024x32,,140.438,,113.66400122642517,Random,resident,,,22,,measured,,,928
19.514,,,dot-1024x32,,118.158,,92.16000139713287,Predicted,resident,,,22,,measured,,,928
19.561,,,dot-1024x32,,139.151,,113.66400122642517,Random,resident,,,23,,measured,,,928
19.939,,,dot-1024x32,,117.396,,92.16000139713287,Current,resident,,,23,,measured,,,928
20.822,,,dot-1024x32,,135.549,,108.5439994931221,Predicted,resident,,,23,,measured,,,928
19.756,,,dot-1024x32,,117.855,,92.16000139713287,Current,resident,,,24,,measured,,,928
19.835,,,dot-1024x32,,117.598,,91.13600105047226,Predicted,resident,,,24,,measured,,,928
21.244,,,dot-1024x32,,138.585,,112.64000087976456,Random,resident,,,24,,measured,,,928
19.198999999999998,,,dot-1024x32,,111.049,,86.01599931716919,Random,resident,,,25,,measured,,,928
19.273,,,dot-1024x32,,116.666,,92.0960009098053,Predicted,resident,,,25,,measured,,,928
20.204,,,dot-1024x32,,116.736,,91.13600105047226,Current,resident,,,25,,measured,,,928
19.269,,,dot-1024x32,,116.741,,90.97599983215332,Predicted,resident,,,26,,measured,,,928
18.689,,,dot-1024x32,,139.412,,113.66400122642517,Random,resident,,,26,,measured,,,928
20.387999999999998,,,dot-1024x32,,117.573,,92.86399930715561,Current,resident,,,26,,measured,,,928
19.222,,,dot-1024x32,,139.491,,113.34399878978729,Random,resident,,,27,,measured,,,928
19.558999999999997,,,dot-1024x32,,117.287,,92.16000139713287,Current,resident,,,27,,measured,,,928
19.668,,,dot-1024x32,,117.713,,92.16000139713287,Predicted,resident,,,27,,measured,,,928
19.955,,,dot-1024x32,,117.926,,92.16000139713287,Current,resident,,,28,,measured,,,928
19.421,,,dot-1024x32,,139.692,,114.68800157308578,Random,resident,,,28,,measured,,,928
21.844,,,dot-1024x32,,127.25,,96.54399752616882,Predicted,resident,,,28,,measured,,,928
18.736,,,dot-1024x32,,87.154,,61.72800064086914,Predicted,resident,,,29,,measured,,,928
19.866,,,dot-1024x32,,117.486,,92.0960009098053,Current,resident,,,29,,measured,,,928
19.668,,,dot-1024x32,,138.3,,112.64000087976456,Random,resident,,,29,,measured,,,928
19.807000000000002,,,dot-1024x32,,118.889,,92.19200164079666,Predicted,resident,,,30,,measured,,,928
19.896,,,dot-1024x32,,117.703,,92.16000139713287,Current,resident,,,30,,measured,,,928
19.243000000000002,,,dot-1024x32,,139.666,,113.66400122642517,Random,resident,,,30,,measured,,,928
24.799999999999997,,,dot-1024x32,,111.316,,86.17600053548813,Random,resident,,,31,,measured,,,928
19.762999999999998,,,dot-1024x32,,118.202,,92.19200164079666,Predicted,resident,,,31,,measured,,,928
19.68,,,dot-1024x32,,117.27,,91.87199920415878,Current,resident,,,31,,measured,,,928
19.268,,,dot-1024x32,,87.232,,61.43999844789505,Current,resident,,,32,,measured,,,928
18.861,,,dot-1024x32,,116.618,,91.90399944782257,Predicted,resident,,,32,,measured,,,928
19.571,,,dot-1024x32,,139.946,,113.66400122642517,Random,resident,,,32,,measured,,,928
19.598,,,dot-1024x32,,123.855,,98.30400347709656,Random,resident,,,33,,measured,,,928
18.918999999999997,,,dot-1024x32,,116.984,,91.13600105047226,Predicted,resident,,,33,,measured,,,928
20.189,,,dot-1024x32,,120.176,,92.79999881982803,Current,resident,,,33,,measured,,,928
19.393,,,dot-1024x32,,116.825,,91.13600105047226,Predicted,resident,,,34,,measured,,,928
22.546,,,dot-1024x32,,117.918,,91.13600105047226,Current,resident,,,34,,measured,,,928
19.326,,,dot-1024x32,,139.722,,113.66400122642517,Random,resident,,,34,,measured,,,928
19.642,,,dot-1024x32,,117.133,,91.13600105047226,Current,resident,,,35,,measured,,,928
18.848,,,dot-1024x32,,138.114,,113.43999952077866,Random,resident,,,35,,measured,,,928
18.964,,,dot-1024x32,,117.32,,92.16000139713287,Predicted,resident,,,35,,measured,,,928
35.341,,,dot-1024x32,,138.641,,113.56800049543381,Random,resident,,,36,,measured,,,928
19.613,,,dot-1024x32,,117.811,,92.16000139713287,Current,resident,,,36,,measured,,,928
21.796,,,dot-1024x32,,118.384,,92.16000139713287,Predicted,resident,,,36,,measured,,,928
19.601,,,dot-1024x32,,117.685,,92.92799979448318,Current,resident,,,37,,measured,,,928
19.13,,,dot-1024x32,,138.969,,113.66400122642517,Random,resident,,,37,,measured,,,928
21.380000000000003,,,dot-1024x32,,118.889,,92.32000261545181,Predicted,resident,,,37,,measured,,,928
19.523,,,dot-1024x32,,139.295,,113.66400122642517,Random,resident,,,38,,measured,,,928
19.185000000000002,,,dot-1024x32,,117.76,,92.16000139713287,Predicted,resident,,,38,,measured,,,928
19.973,,,dot-1024x32,,117.048,,91.839998960495,Current,resident,,,38,,measured,,,928
33.565,,,dot-1024x32,,145.918,,118.65600198507309,Random,resident,,,39,,measured,,,928
19.594,,,dot-1024x32,,116.684,,91.13600105047226,Current,resident,,,39,,measured,,,928
19.176000000000002,,,dot-1024x32,,117.019,,91.48799628019333,Predicted,resident,,,39,,measured,,,928
19.098,,,dot-1024x32,,140.876,,114.68800157308578,Random,resident,,,40,,measured,,,928
19.456,,,dot-1024x32,,116.795,,91.13600105047226,Predicted,resident,,,40,,measured,,,928
19.766,,,dot-1024x32,,118.882,,93.05600076913834,Current,resident,,,40,,measured,,,928
18.853,,,dot-1024x32,,139.281,,114.59200084209442,Random,resident,,,41,,measured,,,928
19.279,,,dot-1024x32,,116.728,,92.00000017881393,Current,resident,,,41,,measured,,,928
19.165,,,dot-1024x32,,117.73,,91.93599969148636,Predicted,resident,,,41,,measured,,,928
18.173000000000002,,,dot-1024x32,,86.617,,61.11999973654747,Predicted,resident,,,42,,measured,,,928
20.409,,,dot-1024x32,,117.982,,92.16000139713287,Current,resident,,,42,,measured,,,928
19.406,,,dot-1024x32,,140.969,,115.52000045776367,Random,resident,,,42,,measured,,,928
20.169,,,dot-1024x32,,119.125,,92.28800237178802,Current,resident,,,43,,measured,,,928
19.412,,,dot-1024x32,,138.684,,113.34399878978729,Random,resident,,,43,,measured,,,928
18.956000000000003,,,dot-1024x32,,117.301,,91.96799993515015,Predicted,resident,,,43,,measured,,,928
19.262999999999998,,,dot-1024x32,,138.597,,112.64000087976456,Random,resident,,,44,,measured,,,928
19.215,,,dot-1024x32,,116.915,,91.13600105047226,Predicted,resident,,,44,,measured,,,928
19.36,,,dot-1024x32,,116.367,,92.16000139713287,Current,resident,,,44,,measured,,,928
19.492,,,dot-1024x32,,117.063,,91.13600105047226,Predicted,resident,,,45,,measured,,,928
19.575,,,dot-1024x32,,139.715,,113.66400122642517,Random,resident,,,45,,measured,,,928
20.59,,,dot-1024x32,,117.07,,92.16000139713287,Current,resident,,,45,,measured,,,928
20.421,,,dot-1024x32,,128.009,,93.18400174379349,Predicted,resident,,,46,,measured,,,928
19.708,,,dot-1024x32,,116.418,,91.13600105047226,Current,resident,,,46,,measured,,,928
19.259999999999998,,,dot-1024x32,,139.227,,113.66400122642517,Random,resident,,,46,,measured,,,928
18.865000000000002,,,dot-1024x32,,111.547,,86.68799698352814,Random,resident,,,47,,measured,,,928
19.811,,,dot-1024x32,,117.267,,91.839998960495,Current,resident,,,47,,measured,,,928
19.805,,,dot-1024x32,,116.95,,91.839998960495,Predicted,resident,,,47,,measured,,,928
18.851,,,dot-1024x32,,138.983,,113.66400122642517,Random,resident,,,48,,measured,,,928
19.695,,,dot-1024x32,,117.546,,92.16000139713287,Current,resident,,,48,,measured,,,928
19.378,,,dot-1024x32,,117.433,,92.99200028181076,Predicted,resident,,,48,,measured,,,928
20.098,,,dot-1024x32,,118.111,,92.16000139713287,Current,resident,,,49,,measured,,,928
18.843,,,dot-1024x32,,116.229,,91.13600105047226,Predicted,resident,,,49,,measured,,,928
18.861,,,dot-1024x32,,138.86,,113.66400122642517,Random,resident,,,49,,measured,,,928
19.826,,,dot-1024x32,,117.631,,92.16000139713287,Current,resident,,,50,,measured,,,928
19.198999999999998,,,dot-1024x32,,116.895,,92.0960009098053,Predicted,resident,,,50,,measured,,,928
19.561,,,dot-1024x32,,139.07,,114.56000059843063,Random,resident,,,50,,measured,,,928
20.042,,,dot-1024x32,,117.187,,92.8959995508194,Current,resident,,,51,,measured,,,928
19.766,,,dot-1024x32,,138.209,,112.64000087976456,Random,resident,,,51,,measured,,,928
19.387,,,dot-1024x32,,117.31,,92.16000139713287,Predicted,resident,,,51,,measured,,,928
19.341,,,dot-1024x32,,138.737,,112.64000087976456,Random,resident,,,52,,measured,,,928
19.166,,,dot-1024x32,,116.447,,91.51999652385712,Predicted,resident,,,52,,measured,,,928
19.919,,,dot-1024x32,,117.635,,92.16000139713287,Current,resident,,,52,,measured,,,928
19.144,,,dot-1024x32,,116.825,,92.16000139713287,Predicted,resident,,,53,,measured,,,928
19.183999999999997,,,dot-1024x32,,138.596,,114.3679991364479,Random,resident,,,53,,measured,,,928
19.281,,,dot-1024x32,,116.62,,92.16000139713287,Current,resident,,,53,,measured,,,928
19.328000000000003,,,dot-1024x32,,117.75,,92.16000139713287,Predicted,resident,,,54,,measured,,,928
19.630000000000003,,,dot-1024x32,,140.904,,115.39199948310852,Random,resident,,,54,,measured,,,928
19.71,,,dot-1024x32,,117.742,,92.06400066614151,Current,resident,,,54,,measured,,,928
19.061,,,dot-1024x32,,117.25,,92.16000139713287,Predicted,resident,,,55,,measured,,,928
19.518,,,dot-1024x32,,139.956,,113.66400122642517,Random,resident,,,55,,measured,,,928
19.796,,,dot-1024x32,,117.414,,92.16000139713287,Current,resident,,,55,,measured,,,928
18.592,,,dot-1024x32,,86.968,,61.72800064086914,Current,resident,,,56,,measured,,,928
19.179000000000002,,,dot-1024x32,,117.988,,93.02400052547455,Predicted,resident,,,56,,measured,,,928
19.041,,,dot-1024x32,,139.312,,114.68800157308578,Random,resident,,,56,,measured,,,928
19.020000000000003,,,dot-1024x32,,117.714,,92.16000139713287,Current,resident,,,57,,measured,,,928
20.805,,,dot-1024x32,,146.655,,119.80800330638885,Random,resident,,,57,,measured,,,928
19.28,,,dot-1024x32,,117.93,,92.16000139713287,Predicted,resident,,,57,,measured,,,928
19.356,,,dot-1024x32,,86.45,,61.503998935222626,Predicted,resident,,,58,,measured,,,928
19.317,,,dot-1024x32,,138.828,,113.27999830245972,Random,resident,,,58,,measured,,,928
19.346,,,dot-1024x32,,117.15,,91.839998960495,Current,resident,,,58,,measured,,,928
19.384,,,dot-1024x32,,88.15,,61.43999844789505,Current,resident,,,59,,measured,,,928
19.003,,,dot-1024x32,,137.968,,113.3119985461235,Random,resident,,,59,,measured,,,928
20.052,,,dot-1024x32,,117.02,,91.13600105047226,Predicted,resident,,,59,,measured,,,928
19.293,,,dot-1024x32,,117.214,,91.96799993515015,Current,resident,,,60,,measured,,,928
19.305999999999997,,,dot-1024x32,,116.348,,91.13600105047226,Predicted,resident,,,60,,measured,,,928
19.347,,,dot-1024x32,,138.858,,113.66400122642517,Random,resident,,,60,,measured,,,928
19.976,,,dot-1024x32,,118.069,,92.16000139713287,Current,resident,,,61,,measured,,,928
18.983,,,dot-1024x32,,117.365,,93.18400174379349,Predicted,resident,,,61,,measured,,,928
19.011,,,dot-1024x32,,139.573,,114.68800157308578,Random,resident,,,61,,measured,,,928
19.458,,,dot-1024x32,,117.146,,91.13600105047226,Predicted,resident,,,62,,measured,,,928
19.191,,,dot-1024x32,,138.896,,113.6000007390976,Random,resident,,,62,,measured,,,928
19.873,,,dot-1024x32,,117.474,,92.12800115346909,Current,resident,,,62,,measured,,,928
19.183,,,dot-1024x32,,117.655,,92.16000139713287,Predicted,resident,,,63,,measured,,,928
20.645,,,dot-1024x32,,139.993,,113.66400122642517,Random,resident,,,63,,measured,,,928
19.799,,,dot-1024x32,,118.078,,93.12000125646591,Current,resident,,,63,,measured,,,928
20.647,528.927,0.0,dot-1024x32,731825.3729999925,863.296,1356445.088000521,113.56800049543381,Random,one_shot,1037232.0569997214,1036368.7609997215,0,160158.32299945032,warmup,0.0,143345.3350000491,928
20.834,524.161,0.0,dot-1024x32,647744.1850001924,809.617,1142133.5270011197,91.90399944782257,Predicted,one_shot,822920.49600032,822110.87900032,0,,warmup,23593.693999828247,150772.5430001301,928
20.936999999999998,527.03,0.0,dot-1024x32,731825.3729999925,800.842,1196224.3110010708,91.13600105047226,Current,one_shot,877011.280000271,876210.4380002711,0,,warmup,0.0,143345.3350000491,928
20.586,514.197,0.0,dot-1024x32,731825.3729999925,811.603,1356393.395000521,113.56800049543381,Random,one_shot,1037180.3639997215,1036368.7609997215,1,160158.32299945032,warmup,0.0,143345.3350000491,928
21.323999999999998,527.852,0.0,dot-1024x32,647744.1850001924,800.901,1142124.8110011197,91.13600105047226,Predicted,one_shot,822911.7800003199,822110.87900032,1,,warmup,23593.693999828247,150772.5430001301,928
20.911,530.697,0.0,dot-1024x32,731825.3729999925,801.834,1196225.3030010709,91.13600105047226,Current,one_shot,877012.2720002711,876210.4380002711,1,,warmup,0.0,143345.3350000491,928
21.009,482.738,0.0,dot-1024x32,731825.3729999925,780.8,1356362.5920005213,114.68800157308578,Random,one_shot,1037149.5609997215,1036368.7609997215,2,160158.32299945032,warmup,0.0,143345.3350000491,928
20.694,450.32,0.0,dot-1024x32,731825.3729999925,720.084,1196143.5530010709,89.08800035715103,Current,one_shot,876930.5220002711,876210.4380002711,2,,warmup,0.0,143345.3350000491,928
20.566000000000003,473.15000000000003,0.0,dot-1024x32,647744.1850001924,742.946,1142066.8560011196,92.16000139713287,Predicted,one_shot,822853.82500032,822110.87900032,2,,warmup,23593.693999828247,150772.5430001301,928
20.941000000000003,446.141,0.0,dot-1024x32,731825.3729999925,738.0,1356319.7920005212,114.46399986743927,Random,one_shot,1037106.7609997215,1036368.7609997215,3,160158.32299945032,warmup,0.0,143345.3350000491,928
20.87,449.99199999999996,0.0,dot-1024x32,731825.3729999925,720.505,1196143.9740010707,91.13600105047226,Current,one_shot,876930.9430002711,876210.4380002711,3,,warmup,0.0,143345.3350000491,928
20.769,435.541,0.0,dot-1024x32,647744.1850001924,704.737,1142028.6470011196,91.13600105047226,Predicted,one_shot,822815.61600032,822110.87900032,3,,warmup,23593.693999828247,150772.5430001301,928
21.784,347.185,0.0,dot-1024x32,647744.1850001924,788.955,1142112.8650011197,64.51199948787689,Predicted,one_shot,822899.8340003199,822110.87900032,4,,warmup,23593.693999828247,150772.5430001301,928
21.003,446.453,0.0,dot-1024x32,731825.3729999925,718.141,1196141.6100010707,89.08800035715103,Current,one_shot,876928.579000271,876210.4380002711,4,,warmup,0.0,143345.3350000491,928
20.307,440.659,0.0,dot-1024x32,731825.3729999925,733.689,1356315.4810005212,114.9120032787323,Random,one_shot,1037102.4499997215,1036368.7609997215,4,160158.32299945032,warmup,0.0,143345.3350000491,928
21.93,435.757,0.0,dot-1024x32,647744.1850001924,706.621,1142030.5310011196,91.13600105047226,Predicted,one_shot,822817.50000032,822110.87900032,5,,warmup,23593.693999828247,150772.5430001301,928
21.039,434.43,0.0,dot-1024x32,731825.3729999925,707.843,1196131.3120010707,92.03200042247772,Current,one_shot,876918.2810002711,876210.4380002711,5,,warmup,0.0,143345.3350000491,928
20.277,437.41200000000003,0.0,dot-1024x32,731825.3729999925,727.903,1356309.6950005211,112.64000087976456,Random,one_shot,1037096.6639997215,1036368.7609997215,5,160158.32299945032,warmup,0.0,143345.3350000491,928
20.314999999999998,351.007,0.0,dot-1024x32,731825.3729999925,615.9,1356197.692000521,88.06400001049042,Random,one_shot,1036984.6609997215,1036368.7609997215,6,160158.32299945032,warmup,0.0,143345.3350000491,928
20.323,456.455,0.0,dot-1024x32,647744.1850001924,725.732,1142049.6420011197,92.16000139713287,Predicted,one_shot,822836.61100032,822110.87900032,6,,warmup,23593.693999828247,150772.5430001301,928
21.221,458.163,0.0,dot-1024x32,731825.3729999925,729.758,1196153.2270010707,91.13600105047226,Current,one_shot,876940.1960002711,876210.4380002711,6,,warmup,0.0,143345.3350000491,928
21.014,463.4699999999999,0.0,dot-1024x32,647744.1850001924,736.407,1142060.3170011197,90.11200070381165,Predicted,one_shot,822847.28600032,822110.87900032,7,,warmup,23593.693999828247,150772.5430001301,928
20.619,456.008,0.0,dot-1024x32,731825.3729999925,748.598,1356330.3900005212,113.66400122642517,Random,one_shot,1037117.3589997215,1036368.7609997215,7,160158.32299945032,warmup,0.0,143345.3350000491,928
21.398000000000003,453.5570000000001,0.0,dot-1024x32,731825.3729999925,723.68,1196147.1490010708,91.39200299978256,Current,one_shot,876934.1180002711,876210.4380002711,7,,warmup,0.0,143345.3350000491,928
19.962,346.58500000000004,0.0,dot-1024x32,731825.3729999925,589.204,1196012.6730010707,63.48799914121628,Current,one_shot,876799.6420002711,876210.4380002711,8,,warmup,0.0,143345.3350000491,928
20.251,439.6419999999999,0.0,dot-1024x32,647744.1850001924,709.854,1142033.7640011196,91.26400202512741,Predicted,one_shot,822820.73300032,822110.87900032,8,,warmup,23593.693999828247,150772.5430001301,928
20.584000000000003,454.40400000000005,0.0,dot-1024x32,731825.3729999925,746.408,1356328.2000005213,113.66400122642517,Random,one_shot,1037115.1689997215,1036368.7609997215,8,160158.32299945032,warmup,0.0,143345.3350000491,928
21.366,437.43699999999995,0.0,dot-1024x32,731825.3729999925,710.001,1196133.4700010708,92.0960009098053,Current,one_shot,876920.4390002711,876210.4380002711,9,,warmup,0.0,143345.3350000491,928
20.664,439.918,0.0,dot-1024x32,647744.1850001924,709.995,1142033.9050011197,91.13600105047226,Predicted,one_shot,822820.87400032,822110.87900032,9,,warmup,23593.693999828247,150772.5430001301,928
21.973,436.01400000000007,0.0,dot-1024x32,731825.3729999925,732.488,1356314.280000521,113.66400122642517,Random,one_shot,1037101.2489997215,1036368.7609997215,9,160158.32299945032,warmup,0.0,143345.3350000491,928
21.372999999999998,430.01700000000005,0.0,dot-1024x32,647744.1850001924,699.488,1142023.3980011197,90.11200070381165,Predicted,one_shot,822810.36700032,822110.87900032,10,,warmup,23593.693999828247,150772.5430001301,928
20.771,431.87399999999997,0.0,dot-1024x32,731825.3729999925,699.909,1196123.3780010708,91.0400003194809,Current,one_shot,876910.3470002711,876210.4380002711,10,,warmup,0.0,143345.3350000491,928
20.889000000000003,433.1070000000001,0.0,dot-1024x32,731825.3729999925,724.412,1356306.2040005212,114.68800157308578,Random,one_shot,1037093.1729997215,1036368.7609997215,10,160158.32299945032,warmup,0.0,143345.3350000491,928
19.881999999999998,344.418,0.0,dot-1024x32,731825.3729999925,610.447,1356192.2390005211,87.87199854850769,Random,one_shot,1036979.2079997215,1036368.7609997215,11,160158.32299945032,warmup,0.0,143345.3350000491,928
22.648000000000003,469.84499999999997,0.0,dot-1024x32,731825.3729999925,743.123,1196166.5920010707,90.01599997282028,Current,one_shot,876953.5610002711,876210.4380002711,11,,warmup,0.0,143345.3350000491,928
20.606,445.519,0.0,dot-1024x32,647744.1850001924,715.765,1142039.6750011197,92.16000139713287,Predicted,one_shot,822826.64400032,822110.87900032,11,,warmup,23593.693999828247,150772.5430001301,928
20.342,446.85699999999997,0.0,dot-1024x32,731825.3729999925,741.157,1356322.949000521,114.52800035476685,Random,one_shot,1037109.9179997215,1036368.7609997215,12,160158.32299945032,warmup,0.0,143345.3350000491,928
21.256,444.848,0.0,dot-1024x32,647744.1850001924,713.728,1142037.6380011197,89.9839997291565,Predicted,one_shot,822824.60700032,822110.87900032,12,,warmup,23593.693999828247,150772.5430001301,928
21.771,447.103,0.0,dot-1024x32,731825.3729999925,718.856,1196142.3250010707,91.13600105047226,Current,one_shot,876929.2940002711,876210.4380002711,12,,warmup,0.0,143345.3350000491,928
20.67,439.552,0.0,dot-1024x32,731825.3729999925,732.726,1356314.5180005212,113.66400122642517,Random,one_shot,1037101.4869997215,1036368.7609997215,13,160158.32299945032,warmup,0.0,143345.3350000491,928
20.37,443.8639999999999,0.0,dot-1024x32,731825.3729999925,709.92,1196133.3890010708,89.05600011348724,Current,one_shot,876920.3580002711,876210.4380002711,13,,warmup,0.0,143345.3350000491,928
20.448,433.6740000000001,0.0,dot-1024x32,647744.1850001924,701.556,1142025.4660011197,91.13600105047226,Predicted,one_shot,822812.43500032,822110.87900032,13,,warmup,23593.693999828247,150772.5430001301,928
20.579,437.106,0.0,dot-1024x32,731825.3729999925,727.855,1356309.6470005212,114.33599889278412,Random,one_shot,1037096.6159997215,1036368.7609997215,14,160158.32299945032,warmup,0.0,143345.3350000491,928
21.039,440.8689999999999,0.0,dot-1024x32,731825.3729999925,709.762,1196133.2310010707,91.13600105047226,Current,one_shot,876920.2000002711,876210.4380002711,14,,warmup,0.0,143345.3350000491,928
20.253,434.47200000000004,0.0,dot-1024x32,647744.1850001924,702.81,1142026.7200011197,91.13600105047226,Predicted,one_shot,822813.68900032,822110.87900032,14,,warmup,23593.693999828247,150772.5430001301,928
19.703,346.1449999999999,0.0,dot-1024x32,647744.1850001924,587.527,1141911.4370011196,63.32799792289734,Predicted,one_shot,822698.40600032,822110.87900032,15,,warmup,23593.693999828247,150772.5430001301,928
20.349,432.151,0.0,dot-1024x32,731825.3729999925,723.722,1356305.514000521,113.66400122642517,Random,one_shot,1037092.4829997214,1036368.7609997215,15,160158.32299945032,warmup,0.0,143345.3350000491,928
21.371000000000002,438.279,0.0,dot-1024x32,731825.3729999925,708.534,1196132.0030010708,92.00000017881393,Current,one_shot,876918.9720002711,876210.4380002711,15,,warmup,0.0,143345.3350000491,928
19.979999999999997,346.921,0.0,dot-1024x32,731825.3729999925,587.646,1196011.1150010708,63.26399743556976,Current,one_shot,876798.084000271,876210.4380002711,0,,measured,0.0,143345.3350000491,928
20.347,429.00500000000005,0.0,dot-1024x32,647744.1850001924,699.744,1142023.6540011195,91.77599847316742,Predicted,one_shot,822810.6230003199,822110.87900032,0,,measured,23593.693999828247,150772.5430001301,928
20.177,435.082,0.0,dot-1024x32,731825.3729999925,725.319,1356307.111000521,114.56000059843063,Random,one_shot,1037094.0799997215,1036368.7609997215,0,160158.32299945032,measured,0.0,143345.3350000491,928
19.701,347.721,0.0,dot-1024x32,731825.3729999925,612.028,1356193.8200005211,88.03199976682663,Random,one_shot,1036980.7889997215,1036368.7609997215,1,160158.32299945032,measured,0.0,143345.3350000491,928
21.038,433.288,0.0,dot-1024x32,647744.1850001924,706.511,1142030.4210011198,89.08800035715103,Predicted,one_shot,822817.39000032,822110.87900032,1,,measured,23593.693999828247,150772.5430001301,928
21.143,439.476,0.0,dot-1024x32,731825.3729999925,710.67,1196134.1390010708,91.87199920415878,Current,one_shot,876921.1080002711,876210.4380002711,1,,measured,0.0,143345.3350000491,928
20.545,437.027,0.0,dot-1024x32,647744.1850001924,707.051,1142030.9610011196,89.08800035715103,Predicted,one_shot,822817.93000032,822110.87900032,2,,measured,23593.693999828247,150772.5430001301,928
21.177999999999997,432.66599999999994,0.0,dot-1024x32,731825.3729999925,699.735,1196123.2040010707,89.82399851083755,Current,one_shot,876910.1730002711,876210.4380002711,2,,measured,0.0,143345.3350000491,928
20.683,435.892,0.0,dot-1024x32,731825.3729999925,727.998,1356309.790000521,113.66400122642517,Random,one_shot,1037096.7589997215,1036368.7609997215,2,160158.32299945032,measured,0.0,143345.3350000491,928
21.933,449.5660000000001,0.0,dot-1024x32,647744.1850001924,980.672,1142304.5820011196,92.83199906349182,Predicted,one_shot,823091.55100032,822110.87900032,3,,measured,23593.693999828247,150772.5430001301,928
20.951,448.43399999999997,0.0,dot-1024x32,731825.3729999925,742.047,1356323.8390005212,113.66400122642517,Random,one_shot,1037110.8079997215,1036368.7609997215,3,160158.32299945032,measured,0.0,143345.3350000491,928
21.171,478.28600000000006,0.0,dot-1024x32,731825.3729999925,747.753,1196171.2220010709,91.87199920415878,Current,one_shot,876958.1910002711,876210.4380002711,3,,measured,0.0,143345.3350000491,928
19.596,393.896,0.0,dot-1024x32,731825.3729999925,634.585,1196058.0540010708,62.65600025653839,Current,one_shot,876845.0230002711,876210.4380002711,4,,measured,0.0,143345.3350000491,928
20.858,476.109,0.0,dot-1024x32,647744.1850001924,753.219,1142077.1290011196,91.93599969148636,Predicted,one_shot,822864.09800032,822110.87900032,4,,measured,23593.693999828247,150772.5430001301,928
20.607,477.828,0.0,dot-1024x32,731825.3729999925,771.723,1356353.5150005212,115.87200313806534,Random,one_shot,1037140.4839997215,1036368.7609997215,4,160158.32299945032,measured,0.0,143345.3350000491,928
19.789,384.832,0.0,dot-1024x32,731825.3729999925,649.441,1356231.233000521,88.06400001049042,Random,one_shot,1037018.2019997215,1036368.7609997215,5,160158.32299945032,measured,0.0,143345.3350000491,928
20.945999999999998,471.567,0.0,dot-1024x32,647744.1850001924,738.866,1142062.7760011198,89.85599875450134,Predicted,one_shot,822849.74500032,822110.87900032,5,,measured,23593.693999828247,150772.5430001301,928
21.006,469.244,0.0,dot-1024x32,731825.3729999925,738.706,1196162.1750010708,91.13600105047226,Current,one_shot,876949.1440002711,876210.4380002711,5,,measured,0.0,143345.3350000491,928
20.083,348.30499999999995,0.0,dot-1024x32,731825.3729999925,590.217,1196013.6860010708,64.51199948787689,Current,one_shot,876800.655000271,876210.4380002711,6,,measured,0.0,143345.3350000491,928
20.305,442.8079999999999,0.0,dot-1024x32,647744.1850001924,709.973,1142033.8830011196,90.11200070381165,Predicted,one_shot,822820.85200032,822110.87900032,6,,measured,23593.693999828247,150772.5430001301,928
20.607,453.8710000000001,0.0,dot-1024x32,731825.3729999925,745.078,1356326.8700005212,113.66400122642517,Random,one_shot,1037113.8389997215,1036368.7609997215,6,160158.32299945032,measured,0.0,143345.3350000491,928
21.19,436.179,0.0,dot-1024x32,731825.3729999925,705.853,1196129.3220010707,92.03200042247772,Current,one_shot,876916.2910002711,876210.4380002711,7,,measured,0.0,143345.3350000491,928
20.479,446.81600000000003,0.0,dot-1024x32,731825.3729999925,737.641,1356319.433000521,113.66400122642517,Random,one_shot,1037106.4019997214,1036368.7609997215,7,160158.32299945032,measured,0.0,143345.3350000491,928
21.448999999999998,434.88400000000007,0.0,dot-1024x32,647744.1850001924,713.799,1142037.7090011197,95.10400146245956,Predicted,one_shot,822824.67800032,822110.87900032,7,,measured,23593.693999828247,150772.5430001301,928
20.125999999999998,361.80300000000005,0.0,dot-1024x32,647744.1850001924,614.302,1141938.2120011197,64.38399851322174,Predicted,one_shot,822725.18100032,822110.87900032,8,,measured,23593.693999828247,150772.5430001301,928
20.839,451.40700000000004,0.0,dot-1024x32,731825.3729999925,722.06,1196145.529001071,91.87199920415878,Current,one_shot,876932.4980002712,876210.4380002711,8,,measured,0.0,143345.3350000491,928
20.451999999999998,453.118,0.0,dot-1024x32,731825.3729999925,746.969,1356328.7610005212,114.68800157308578,Random,one_shot,1037115.7299997215,1036368.7609997215,8,160158.32299945032,measured,0.0,143345.3350000491,928
19.733,359.9800000000001,0.0,dot-1024x32,731825.3729999925,624.283,1356206.0750005213,87.0399996638298,Random,one_shot,1036993.0439997215,1036368.7609997215,9,160158.32299945032,measured,0.0,143345.3350000491,928
20.643,443.01,0.0,dot-1024x32,647744.1850001924,710.967,1142034.8770011195,92.0960009098053,Predicted,one_shot,822821.8460003199,822110.87900032,9,,measured,23593.693999828247,150772.5430001301,928
21.243,450.34999999999997,0.0,dot-1024x32,731825.3729999925,720.124,1196143.5930010707,91.13600105047226,Current,one_shot,876930.562000271,876210.4380002711,9,,measured,0.0,143345.3350000491,928
20.731,505.564,0.0,dot-1024x32,731825.3729999925,797.88,1356379.672000521,113.66400122642517,Random,one_shot,1037166.6409997215,1036368.7609997215,10,160158.32299945032,measured,0.0,143345.3350000491,928
20.652,476.63100000000003,0.0,dot-1024x32,731825.3729999925,744.365,1196167.8340010708,89.08800035715103,Current,one_shot,876954.8030002711,876210.4380002711,10,,measured,0.0,143345.3350000491,928
20.432000000000002,561.8499999999999,0.0,dot-1024x32,647744.1850001924,914.908,1142238.8180011197,129.02399897575378,Predicted,one_shot,823025.78700032,822110.87900032,10,,measured,23593.693999828247,150772.5430001301,928
20.386000000000003,390.837,0.0,dot-1024x32,647744.1850001924,632.689,1141956.5990011196,63.48799914121628,Predicted,one_shot,822743.56800032,822110.87900032,11,,measured,23593.693999828247,150772.5430001301,928
21.188,481.93100000000004,0.0,dot-1024x32,731825.3729999925,774.308,1356356.1000005212,113.66400122642517,Random,one_shot,1037143.0689997214,1036368.7609997215,11,160158.32299945032,measured,0.0,143345.3350000491,928
21.245,484.45399999999995,0.0,dot-1024x32,731825.3729999925,801.15,1196224.6190010707,91.93599969148636,Current,one_shot,877011.5880002711,876210.4380002711,11,,measured,0.0,143345.3350000491,928
20.967,450.50399999999996,0.0,dot-1024x32,647744.1850001924,723.194,1142047.1040011197,92.16000139713287,Predicted,one_shot,822834.07300032,822110.87900032,12,,measured,23593.693999828247,150772.5430001301,928
20.777,456.3469999999999,0.0,dot-1024x32,731825.3729999925,723.612,1196147.0810010708,89.08800035715103,Current,one_shot,876934.0500002711,876210.4380002711,12,,measured,0.0,143345.3350000491,928
20.770000000000003,473.937,0.0,dot-1024x32,731825.3729999925,766.472,1356348.264000521,114.68800157308578,Random,one_shot,1037135.2329997214,1036368.7609997215,12,160158.32299945032,measured,0.0,143345.3350000491,928
20.605,387.95899999999995,0.0,dot-1024x32,731825.3729999925,665.316,1356247.108000521,94.04800087213516,Random,one_shot,1037034.0769997215,1036368.7609997215,13,160158.32299945032,measured,0.0,143345.3350000491,928
20.881,446.30899999999997,0.0,dot-1024x32,731825.3729999925,716.057,1196139.5260010709,89.9839997291565,Current,one_shot,876926.4950002711,876210.4380002711,13,,measured,0.0,143345.3350000491,928
20.805,454.49399999999997,0.0,dot-1024x32,647744.1850001924,726.953,1142050.8630011196,92.16000139713287,Predicted,one_shot,822837.83200032,822110.87900032,13,,measured,23593.693999828247,150772.5430001301,928
19.349,344.741,0.0,dot-1024x32,647744.1850001924,582.744,1141906.6540011195,63.26399743556976,Predicted,one_shot,822693.6230003199,822110.87900032,14,,measured,23593.693999828247,150772.5430001301,928
20.692,444.987,0.0,dot-1024x32,731825.3729999925,710.451,1196133.9200010707,89.08800035715103,Current,one_shot,876920.8890002711,876210.4380002711,14,,measured,0.0,143345.3350000491,928
20.646,471.97300000000007,0.0,dot-1024x32,731825.3729999925,784.238,1356366.030000521,113.66400122642517,Random,one_shot,1037152.9989997215,1036368.7609997215,14,160158.32299945032,measured,0.0,143345.3350000491,928
19.573,369.54700000000014,0.0,dot-1024x32,731825.3729999925,633.29,1356215.0820005212,88.8959988951683,Random,one_shot,1037002.0509997215,1036368.7609997215,15,160158.32299945032,measured,0.0,143345.3350000491,928
20.735999999999997,453.398,0.0,dot-1024x32,647744.1850001924,721.902,1142045.8120011196,92.16000139713287,Predicted,one_shot,822832.78100032,822110.87900032,15,,measured,23593.693999828247,150772.5430001301,928
20.968,452.19899999999996,0.0,dot-1024x32,731825.3729999925,720.041,1196143.5100010708,90.97599983215332,Current,one_shot,876930.4790002711,876210.4380002711,15,,measured,0.0,143345.3350000491,928
20.672,481.61299999999994,0.0,dot-1024x32,731825.3729999925,811.194,1356392.986000521,113.66400122642517,Random,one_shot,1037179.9549997215,1036368.7609997215,16,160158.32299945032,measured,0.0,143345.3350000491,928
20.879,456.028,0.0,dot-1024x32,647744.1850001924,725.678,1142049.5880011197,92.0960009098053,Predicted,one_shot,822836.5570003199,822110.87900032,16,,measured,23593.693999828247,150772.5430001301,928
21.038,459.52299999999997,0.0,dot-1024x32,731825.3729999925,729.181,1196152.6500010707,91.839998960495,Current,one_shot,876939.6190002711,876210.4380002711,16,,measured,0.0,143345.3350000491,928
20.899,442.17499999999995,0.0,dot-1024x32,731825.3729999925,734.867,1356316.659000521,114.68800157308578,Random,one_shot,1037103.6279997214,1036368.7609997215,17,160158.32299945032,measured,0.0,143345.3350000491,928
21.986,431.82899999999995,0.0,dot-1024x32,731825.3729999925,713.5,1196136.9690010708,89.08800035715103,Current,one_shot,876923.9380002711,876210.4380002711,17,,measured,0.0,143345.3350000491,928
22.054000000000002,596.602,0.0,dot-1024x32,647744.1850001924,20452.175,1161776.0850011196,99.07200187444687,Predicted,one_shot,842563.05400032,822110.87900032,17,,measured,23593.693999828247,150772.5430001301,928
21.079,515.4530000000001,0.0,dot-1024x32,731825.3729999925,838.134,1356419.926000521,115.42399972677231,Random,one_shot,1037206.8949997214,1036368.7609997215,18,160158.32299945032,measured,0.0,143345.3350000491,928
21.500999999999998,511.2800000000001,0.0,dot-1024x32,731825.3729999925,791.442,1196214.9110010709,91.87199920415878,Current,one_shot,877001.8800002711,876210.4380002711,18,,measured,0.0,143345.3350000491,928
20.869,505.17400000000004,0.0,dot-1024x32,647744.1850001924,776.385,1142100.2950011196,91.13600105047226,Predicted,one_shot,822887.26400032,822110.87900032,18,,measured,23593.693999828247,150772.5430001301,928
20.968,531.973,0.0,dot-1024x32,731825.3729999925,840.468,1196263.9370010707,89.85599875450134,Current,one_shot,877050.9060002711,876210.4380002711,19,,measured,0.0,143345.3350000491,928
20.848,464.50600000000003,0.0,dot-1024x32,647744.1850001924,732.788,1142056.6980011195,89.08800035715103,Predicted,one_shot,822843.6670003199,822110.87900032,19,,measured,23593.693999828247,150772.5430001301,928
20.851,537.745,0.0,dot-1024x32,731825.3729999925,832.156,1356413.9480005212,115.58400094509125,Random,one_shot,1037200.9169997214,1036368.7609997215,19,160158.32299945032,measured,0.0,143345.3350000491,928
19.494,361.053,0.0,dot-1024x32,731825.3729999925,631.663,1356213.4550005211,92.16000139713287,Random,one_shot,1037000.4239997214,1036368.7609997215,20,160158.32299945032,measured,0.0,143345.3350000491,928
20.223,530.599,0.0,dot-1024x32,647744.1850001924,800.044,1142123.9540011196,90.11200070381165,Predicted,one_shot,822910.92300032,822110.87900032,20,,measured,23593.693999828247,150772.5430001301,928
21.326,511.7250000000001,0.0,dot-1024x32,731825.3729999925,783.447,1196206.9160010708,91.839998960495,Current,one_shot,876993.8850002711,876210.4380002711,20,,measured,0.0,143345.3350000491,928
20.656,478.5399999999999,0.0,dot-1024x32,647744.1850001924,747.539,1142071.4490011197,90.11200070381165,Predicted,one_shot,822858.41800032,822110.87900032,21,,measured,23593.693999828247,150772.5430001301,928
19.964,456.50500000000005,0.0,dot-1024x32,731825.3729999925,746.061,1356327.8530005212,112.96000331640244,Random,one_shot,1037114.8219997215,1036368.7609997215,21,160158.32299945032,measured,0.0,143345.3350000491,928
20.985,529.81,0.0,dot-1024x32,731825.3729999925,800.504,1196223.9730010708,91.00800007581711,Current,one_shot,877010.942000271,876210.4380002711,21,,measured,0.0,143345.3350000491,928
20.331000000000003,343.161,0.0,dot-1024x32,731825.3729999925,585.143,1196008.6120010708,63.48799914121628,Current,one_shot,876795.5810002711,876210.4380002711,22,,measured,0.0,143345.3350000491,928
20.950000000000003,441.74100000000004,0.0,dot-1024x32,731825.3729999925,739.703,1356321.4950005212,113.63200098276138,Random,one_shot,1037108.4639997215,1036368.7609997215,22,160158.32299945032,measured,0.0,143345.3350000491,928
20.502000000000002,447.8500000000001,0.0,dot-1024x32,647744.1850001924,717.733,1142041.6430011196,91.13600105047226,Predicted,one_shot,822828.61200032,822110.87900032,22,,measured,23593.693999828247,150772.5430001301,928
21.025,431.448,0.0,dot-1024x32,731825.3729999925,724.107,1356305.899000521,114.52800035476685,Random,one_shot,1037092.8679997214,1036368.7609997215,23,160158.32299945032,measured,0.0,143345.3350000491,928
20.674,438.665,0.0,dot-1024x32,731825.3729999925,708.753,1196132.2220010709,91.13600105047226,Current,one_shot,876919.1910002711,876210.4380002711,23,,measured,0.0,143345.3350000491,928
20.593,428.033,0.0,dot-1024x32,647744.1850001924,695.019,1142018.9290011197,91.36000275611877,Predicted,one_shot,822805.89800032,822110.87900032,23,,measured,23593.693999828247,150772.5430001301,928
21.104,436.866,0.0,dot-1024x32,731825.3729999925,705.134,1196128.6030010707,89.15200084447861,Current,one_shot,876915.5720002711,876210.4380002711,24,,measured,0.0,143345.3350000491,928
20.310000000000002,430.495,0.0,dot-1024x32,647744.1850001924,698.051,1142021.9610011196,88.83199840784073,Predicted,one_shot,822808.93000032,822110.87900032,24,,measured,23593.693999828247,150772.5430001301,928
21.017,451.651,0.0,dot-1024x32,731825.3729999925,746.323,1356328.115000521,114.68800157308578,Random,one_shot,1037115.0839997214,1036368.7609997215,24,160158.32299945032,measured,0.0,143345.3350000491,928
23.768,345.282,0.0,dot-1024x32,731825.3729999925,620.51,1356202.3020005212,87.96799927949905,Random,one_shot,1036989.2709997215,1036368.7609997215,25,160158.32299945032,measured,0.0,143345.3350000491,928
20.955,438.6689999999999,0.0,dot-1024x32,647744.1850001924,710.451,1142034.3610011197,90.11200070381165,Predicted,one_shot,822821.33000032,822110.87900032,25,,measured,23593.693999828247,150772.5430001301,928
20.808999999999997,446.548,0.0,dot-1024x32,731825.3729999925,716.513,1196139.9820010709,91.51999652385712,Current,one_shot,876926.9510002711,876210.4380002711,25,,measured,0.0,143345.3350000491,928
20.581,440.2459999999999,0.0,dot-1024x32,647744.1850001924,707.301,1142031.2110011196,89.75999802350998,Predicted,one_shot,822818.18000032,822110.87900032,26,,measured,23593.693999828247,150772.5430001301,928
20.628,440.94100000000003,0.0,dot-1024x32,731825.3729999925,733.885,1356315.6770005212,114.68800157308578,Random,one_shot,1037102.6459997215,1036368.7609997215,26,160158.32299945032,measured,0.0,143345.3350000491,928
20.659,433.1409999999999,0.0,dot-1024x32,731825.3729999925,700.773,1196124.2420010709,91.77599847316742,Current,one_shot,876911.2110002711,876210.4380002711,26,,measured,0.0,143345.3350000491,928
20.625999999999998,433.04900000000004,0.0,dot-1024x32,731825.3729999925,724.051,1356305.8430005212,113.66400122642517,Random,one_shot,1037092.8119997215,1036368.7609997215,27,160158.32299945032,measured,0.0,143345.3350000491,928
20.78,428.821,0.0,dot-1024x32,731825.3729999925,694.853,1196118.3220010707,89.08800035715103,Current,one_shot,876905.2910002711,876210.4380002711,27,,measured,0.0,143345.3350000491,928
20.728,431.24399999999997,0.0,dot-1024x32,647744.1850001924,699.645,1142023.5550011196,91.13600105047226,Predicted,one_shot,822810.52400032,822110.87900032,27,,measured,23593.693999828247,150772.5430001301,928
20.775,430.821,0.0,dot-1024x32,731825.3729999925,699.18,1196122.6490010708,89.05600011348724,Current,one_shot,876909.6180002711,876210.4380002711,28,,measured,0.0,143345.3350000491,928
20.938,429.732,0.0,dot-1024x32,731825.3729999925,722.385,1356304.1770005212,114.30399864912033,Random,one_shot,1037091.1459997215,1036368.7609997215,28,160158.32299945032,measured,0.0,143345.3350000491,928
20.6,437.921,0.0,dot-1024x32,647744.1850001924,706.977,1142030.8870011196,92.16000139713287,Predicted,one_shot,822817.8560003199,822110.87900032,28,,measured,23593.693999828247,150772.5430001301,928
19.422,342.176,0.0,dot-1024x32,647744.1850001924,582.456,1141906.3660011196,63.35999816656113,Predicted,one_shot,822693.33500032,822110.87900032,29,,measured,23593.693999828247,150772.5430001301,928
21.073999999999998,434.71899999999994,0.0,dot-1024x32,731825.3729999925,703.952,1196127.4210010709,90.91199934482574,Current,one_shot,876914.3900002711,876210.4380002711,29,,measured,0.0,143345.3350000491,928
20.93,436.64900000000006,0.0,dot-1024x32,731825.3729999925,728.723,1356310.5150005212,113.66400122642517,Random,one_shot,1037097.4839997215,1036368.7609997215,29,160158.32299945032,measured,0.0,143345.3350000491,928
20.683999999999997,430.447,0.0,dot-1024x32,647744.1850001924,702.546,1142026.4560011197,91.13600105047226,Predicted,one_shot,822813.42500032,822110.87900032,30,,measured,23593.693999828247,150772.5430001301,928
21.231,434.45099999999996,0.0,dot-1024x32,731825.3729999925,704.692,1196128.1610010709,91.13600105047226,Current,one_shot,876915.1300002711,876210.4380002711,30,,measured,0.0,143345.3350000491,928
20.131999999999998,428.18799999999993,0.0,dot-1024x32,731825.3729999925,721.736,1356303.5280005212,114.52800035476685,Random,one_shot,1037090.4969997215,1036368.7609997215,30,160158.32299945032,measured,0.0,143345.3350000491,928
19.517,342.44100000000003,0.0,dot-1024x32,731825.3729999925,606.893,1356188.6850005211,87.80799806118011,Random,one_shot,1036975.6539997215,1036368.7609997215,31,160158.32299945032,measured,0.0,143345.3350000491,928
20.990000000000002,427.024,0.0,dot-1024x32,647744.1850001924,697.192,1142021.1020011196,90.87999910116196,Predicted,one_shot,822808.07100032,822110.87900032,31,,measured,23593.693999828247,150772.5430001301,928
21.246000000000002,443.03600000000006,0.0,dot-1024x32,731825.3729999925,711.127,1196134.5960010707,91.13600105047226,Current,one_shot,876921.5650002711,876210.4380002711,31,,measured,0.0,143345.3350000491,928
20.148,345.2389999999999,0.0,dot-1024x32,731825.3729999925,588.503,1196011.9720010709,63.48799914121628,Current,one_shot,876798.9410002711,876210.4380002711,32,,measured,0.0,143345.3350000491,928
21.336,496.051,0.0,dot-1024x32,647744.1850001924,764.241,1142088.1510011198,89.08800035715103,Predicted,one_shot,822875.12000032,822110.87900032,32,,measured,23593.693999828247,150772.5430001301,928
21.41,457.29699999999997,0.0,dot-1024x32,731825.3729999925,1027.989,1356609.781000521,113.66400122642517,Random,one_shot,1037396.7499997214,1036368.7609997215,32,160158.32299945032,measured,0.0,143345.3350000491,928
20.062,356.98999999999995,0.0,dot-1024x32,731825.3729999925,625.698,1356207.490000521,89.91999924182892,Random,one_shot,1036994.4589997214,1036368.7609997215,33,160158.32299945032,measured,0.0,143345.3350000491,928
21.363999999999997,450.49699999999996,0.0,dot-1024x32,647744.1850001924,720.81,1142044.7200011197,90.87999910116196,Predicted,one_shot,822831.68900032,822110.87900032,33,,measured,23593.693999828247,150772.5430001301,928
20.638,466.2989999999999,0.0,dot-1024x32,731825.3729999925,736.433,1196159.9020010708,91.39200299978256,Current,one_shot,876946.871000271,876210.4380002711,33,,measured,0.0,143345.3350000491,928
20.326999999999998,436.0559999999999,0.0,dot-1024x32,647744.1850001924,705.993,1142029.9030011196,89.72799777984619,Predicted,one_shot,822816.87200032,822110.87900032,34,,measured,23593.693999828247,150772.5430001301,928
20.636,451.364,0.0,dot-1024x32,731825.3729999925,717.353,1196140.8220010707,89.08800035715103,Current,one_shot,876927.7910002711,876210.4380002711,34,,measured,0.0,143345.3350000491,928
20.317,447.96799999999996,0.0,dot-1024x32,731825.3729999925,741.111,1356322.9030005212,115.52000045776367,Random,one_shot,1037109.8719997215,1036368.7609997215,34,160158.32299945032,measured,0.0,143345.3350000491,928
21.531,434.235,0.0,dot-1024x32,731825.3729999925,708.523,1196131.9920010709,90.11200070381165,Current,one_shot,876918.9610002711,876210.4380002711,35,,measured,0.0,143345.3350000491,928
20.508000000000003,439.18,0.0,dot-1024x32,731825.3729999925,728.776,1356310.568000521,112.64000087976456,Random,one_shot,1037097.5369997214,1036368.7609997215,35,160158.32299945032,measured,0.0,143345.3350000491,928
20.57,438.494,0.0,dot-1024x32,647744.1850001924,706.485,1142030.3950011197,92.16000139713287,Predicted,one_shot,822817.36400032,822110.87900032,35,,measured,23593.693999828247,150772.5430001301,928
20.582,430.289,0.0,dot-1024x32,731825.3729999925,722.233,1356304.0250005212,113.66400122642517,Random,one_shot,1037090.9939997215,1036368.7609997215,36,160158.32299945032,measured,0.0,143345.3350000491,928
20.609,426.68199999999996,0.0,dot-1024x32,731825.3729999925,694.751,1196118.2200010708,91.13600105047226,Current,one_shot,876905.1890002711,876210.4380002711,36,,measured,0.0,143345.3350000491,928
20.795,435.768,0.0,dot-1024x32,647744.1850001924,705.491,1142029.4010011198,92.00000017881393,Predicted,one_shot,822816.37000032,822110.87900032,36,,measured,23593.693999828247,150772.5430001301,928
21.088,431.56200000000007,0.0,dot-1024x32,731825.3729999925,697.175,1196120.6440010709,89.08800035715103,Current,one_shot,876907.6130002711,876210.4380002711,37,,measured,0.0,143345.3350000491,928
26.273,429.02699999999993,0.0,dot-1024x32,731825.3729999925,728.235,1356310.027000521,114.81600254774094,Random,one_shot,1037096.9959997215,1036368.7609997215,37,160158.32299945032,measured,0.0,143345.3350000491,928
21.109,436.84,0.0,dot-1024x32,647744.1850001924,707.12,1142031.0300011197,91.87199920415878,Predicted,one_shot,822817.99900032,822110.87900032,37,,measured,23593.693999828247,150772.5430001301,928
20.311,437.173,0.0,dot-1024x32,731825.3729999925,730.376,1356312.1680005211,114.68800157308578,Random,one_shot,1037099.1369997215,1036368.7609997215,38,160158.32299945032,measured,0.0,143345.3350000491,928
20.46,433.35799999999995,0.0,dot-1024x32,647744.1850001924,698.979,1142022.8890011196,90.11200070381165,Predicted,one_shot,822809.85800032,822110.87900032,38,,measured,23593.693999828247,150772.5430001301,928
20.796,445.772,0.0,dot-1024x32,731825.3729999925,713.76,1196137.2290010708,91.13600105047226,Current,one_shot,876924.1980002711,876210.4380002711,38,,measured,0.0,143345.3350000491,928
20.423000000000002,431.22499999999997,0.0,dot-1024x32,731825.3729999925,723.17,1356304.9620005211,112.64000087976456,Random,one_shot,1037091.9309997215,1036368.7609997215,39,160158.32299945032,measured,0.0,143345.3350000491,928
21.185000000000002,438.587,0.0,dot-1024x32,731825.3729999925,704.901,1196128.3700010707,89.08800035715103,Current,one_shot,876915.339000271,876210.4380002711,39,,measured,0.0,143345.3350000491,928
20.866999999999997,430.803,0.0,dot-1024x32,647744.1850001924,702.783,1142026.6930011197,91.13600105047226,Predicted,one_shot,822813.66200032,822110.87900032,39,,measured,23593.693999828247,150772.5430001301,928
21.320999999999998,431.236,0.0,dot-1024x32,731825.3729999925,724.608,1356306.4000005212,115.32799899578094,Random,one_shot,1037093.3689997215,1036368.7609997215,40,160158.32299945032,measured,0.0,143345.3350000491,928
20.463,428.02700000000004,0.0,dot-1024x32,647744.1850001924,694.942,1142018.8520011196,91.13600105047226,Predicted,one_shot,822805.82100032,822110.87900032,40,,measured,23593.693999828247,150772.5430001301,928
21.003,428.9069999999999,0.0,dot-1024x32,731825.3729999925,695.634,1196119.1030010707,91.0400003194809,Current,one_shot,876906.0720002711,876210.4380002711,40,,measured,0.0,143345.3350000491,928
20.616,433.506,0.0,dot-1024x32,731825.3729999925,726.31,1356308.1020005213,114.68800157308578,Random,one_shot,1037095.0709997215,1036368.7609997215,41,160158.32299945032,measured,0.0,143345.3350000491,928
20.939,445.522,0.0,dot-1024x32,731825.3729999925,711.711,1196135.1800010707,89.08800035715103,Current,one_shot,876922.1490002711,876210.4380002711,41,,measured,0.0,143345.3350000491,928
21.663,440.477,0.0,dot-1024x32,647744.1850001924,706.759,1142030.6690011197,90.84799885749817,Predicted,one_shot,822817.63800032,822110.87900032,41,,measured,23593.693999828247,150772.5430001301,928
20.153,352.892,0.0,dot-1024x32,647744.1850001924,592.891,1141916.8010011197,63.48799914121628,Predicted,one_shot,822703.7700003199,822110.87900032,42,,measured,23593.693999828247,150772.5430001301,928
20.997,434.59000000000003,0.0,dot-1024x32,731825.3729999925,701.783,1196125.2520010709,90.04800021648407,Current,one_shot,876912.2210002712,876210.4380002711,42,,measured,0.0,143345.3350000491,928
20.438000000000002,490.15200000000004,0.0,dot-1024x32,731825.3729999925,781.063,1356362.855000521,114.68800157308578,Random,one_shot,1037149.8239997214,1036368.7609997215,42,160158.32299945032,measured,0.0,143345.3350000491,928
20.924,428.802,0.0,dot-1024x32,731825.3729999925,693.361,1196116.8300010709,88.06400001049042,Current,one_shot,876903.7990002711,876210.4380002711,43,,measured,0.0,143345.3350000491,928
21.083,433.63900000000007,0.0,dot-1024x32,731825.3729999925,723.532,1356305.324000521,113.63200098276138,Random,one_shot,1037092.2929997215,1036368.7609997215,43,160158.32299945032,measured,0.0,143345.3350000491,928
20.532,435.04600000000005,0.0,dot-1024x32,647744.1850001924,700.605,1142024.5150011196,91.13600105047226,Predicted,one_shot,822811.48400032,822110.87900032,43,,measured,23593.693999828247,150772.5430001301,928
20.538,444.309,0.0,dot-1024x32,731825.3729999925,766.962,1356348.7540005213,113.53600025177002,Random,one_shot,1037135.7229997215,1036368.7609997215,44,160158.32299945032,measured,0.0,143345.3350000491,928
37.376,438.89199999999994,0.0,dot-1024x32,647744.1850001924,723.586,1142047.4960011197,91.13600105047226,Predicted,one_shot,822834.46500032,822110.87900032,44,,measured,23593.693999828247,150772.5430001301,928
20.32,516.66,0.0,dot-1024x32,731825.3729999925,783.027,1196206.4960010708,91.13600105047226,Current,one_shot,876993.4650002711,876210.4380002711,44,,measured,0.0,143345.3350000491,928
21.323999999999998,523.952,0.0,dot-1024x32,647744.1850001924,791.818,1142115.7280011196,89.08800035715103,Predicted,one_shot,822902.69700032,822110.87900032,45,,measured,23593.693999828247,150772.5430001301,928
20.97,535.811,0.0,dot-1024x32,731825.3729999925,842.305,1356424.0970005211,113.56800049543381,Random,one_shot,1037211.0659997215,1036368.7609997215,45,160158.32299945032,measured,0.0,143345.3350000491,928
20.628999999999998,573.083,0.0,dot-1024x32,731825.3729999925,842.014,1196265.4830010708,91.45600348711014,Current,one_shot,877052.4520002711,876210.4380002711,45,,measured,0.0,143345.3350000491,928
20.579,520.5089999999999,0.0,dot-1024x32,647744.1850001924,789.201,1142113.1110011197,92.03200042247772,Predicted,one_shot,822900.08000032,822110.87900032,46,,measured,23593.693999828247,150772.5430001301,928
20.770000000000003,468.029,0.0,dot-1024x32,731825.3729999925,732.43,1196155.8990010708,89.1840010881424,Current,one_shot,876942.8680002711,876210.4380002711,46,,measured,0.0,143345.3350000491,928
32.915,470.22299999999996,0.0,dot-1024x32,731825.3729999925,773.556,1356355.348000521,113.66400122642517,Random,one_shot,1037142.3169997215,1036368.7609997215,46,160158.32299945032,measured,0.0,143345.3350000491,928
19.545,355.15700000000004,0.0,dot-1024x32,731825.3729999925,618.659,1356200.4510005212,87.93599903583527,Random,one_shot,1036987.4199997215,1036368.7609997215,47,160158.32299945032,measured,0.0,143345.3350000491,928
22.245,447.72700000000003,0.0,dot-1024x32,731825.3729999925,1009.65,1196433.1190010707,90.11200070381165,Current,one_shot,877220.0880002711,876210.4380002711,47,,measured,0.0,143345.3350000491,928
21.091,468.259,0.0,dot-1024x32,647744.1850001924,737.799,1142061.7090011197,91.13600105047226,Predicted,one_shot,822848.67800032,822110.87900032,47,,measured,23593.693999828247,150772.5430001301,928
20.407,448.8039999999999,0.0,dot-1024x32,731825.3729999925,737.659,1356319.4510005212,113.66400122642517,Random,one_shot,1037106.4199997215,1036368.7609997215,48,160158.32299945032,measured,0.0,143345.3350000491,928
21.008000000000003,451.409,0.0,dot-1024x32,731825.3729999925,720.403,1196143.8720010708,91.93599969148636,Current,one_shot,876930.8410002711,876210.4380002711,48,,measured,0.0,143345.3350000491,928
20.403,432.384,0.0,dot-1024x32,647744.1850001924,698.87,1142022.7800011197,92.12800115346909,Predicted,one_shot,822809.74900032,822110.87900032,48,,measured,23593.693999828247,150772.5430001301,928
20.470999999999997,429.618,0.0,dot-1024x32,731825.3729999925,693.901,1196117.3700010707,89.08800035715103,Current,one_shot,876904.339000271,876210.4380002711,49,,measured,0.0,143345.3350000491,928
20.731,428.467,0.0,dot-1024x32,647744.1850001924,692.365,1142016.2750011196,89.08800035715103,Predicted,one_shot,822803.24400032,822110.87900032,49,,measured,23593.693999828247,150772.5430001301,928
22.037,472.76400000000007,0.0,dot-1024x32,731825.3729999925,768.967,1356350.7590005212,115.39199948310852,Random,one_shot,1037137.7279997214,1036368.7609997215,49,160158.32299945032,measured,0.0,143345.3350000491,928
21.18,448.34900000000005,0.0,dot-1024x32,731825.3729999925,719.402,1196142.8710010708,91.13600105047226,Current,one_shot,876929.8400002711,876210.4380002711,50,,measured,0.0,143345.3350000491,928
20.348,444.674,0.0,dot-1024x32,647744.1850001924,710.757,1142034.6670011196,91.13600105047226,Predicted,one_shot,822821.63600032,822110.87900032,50,,measured,23593.693999828247,150772.5430001301,928
20.310000000000002,445.259,0.0,dot-1024x32,731825.3729999925,736.01,1356317.8020005212,114.46399986743927,Random,one_shot,1037104.7709997215,1036368.7609997215,50,160158.32299945032,measured,0.0,143345.3350000491,928
21.173000000000002,444.58299999999997,0.0,dot-1024x32,731825.3729999925,717.429,1196140.8980010708,91.96799993515015,Current,one_shot,876927.8670002711,876210.4380002711,51,,measured,0.0,143345.3350000491,928
20.301000000000002,432.8929999999999,0.0,dot-1024x32,731825.3729999925,721.862,1356303.6540005212,113.56800049543381,Random,one_shot,1037090.6229997214,1036368.7609997215,51,160158.32299945032,measured,0.0,143345.3350000491,928
20.838,440.71600000000007,0.0,dot-1024x32,647744.1850001924,707.101,1142031.0110011196,91.87199920415878,Predicted,one_shot,822817.98000032,822110.87900032,51,,measured,23593.693999828247,150772.5430001301,928
20.554000000000002,428.2459999999999,0.0,dot-1024x32,731825.3729999925,720.104,1356301.8960005213,115.39199948310852,Random,one_shot,1037088.8649997215,1036368.7609997215,52,160158.32299945032,measured,0.0,143345.3350000491,928
20.489,426.76099999999997,0.0,dot-1024x32,647744.1850001924,692.338,1142016.2480011196,90.11200070381165,Predicted,one_shot,822803.21700032,822110.87900032,52,,measured,23593.693999828247,150772.5430001301,928
20.527,440.88199999999995,0.0,dot-1024x32,731825.3729999925,706.636,1196130.1050010708,91.00800007581711,Current,one_shot,876917.0740002712,876210.4380002711,52,,measured,0.0,143345.3350000491,928
20.5,428.47700000000003,0.0,dot-1024x32,647744.1850001924,693.115,1142017.0250011196,89.75999802350998,Predicted,one_shot,822803.99400032,822110.87900032,53,,measured,23593.693999828247,150772.5430001301,928
20.856,429.581,0.0,dot-1024x32,731825.3729999925,717.4,1356299.192000521,112.64000087976456,Random,one_shot,1037086.1609997215,1036368.7609997215,53,160158.32299945032,measured,0.0,143345.3350000491,928
20.857,424.145,0.0,dot-1024x32,731825.3729999925,691.349,1196114.8180010708,91.96799993515015,Current,one_shot,876901.7870002711,876210.4380002711,53,,measured,0.0,143345.3350000491,928
40.132,420.62199999999996,0.0,dot-1024x32,647744.1850001924,742.321,1142066.2310011196,92.12800115346909,Predicted,one_shot,822853.20000032,822110.87900032,54,,measured,23593.693999828247,150772.5430001301,928
21.091,431.157,0.0,dot-1024x32,731825.3729999925,722.924,1356304.716000521,113.66400122642517,Random,one_shot,1037091.6849997215,1036368.7609997215,54,160158.32299945032,measured,0.0,143345.3350000491,928
20.915,432.017,0.0,dot-1024x32,731825.3729999925,699.46,1196122.9290010708,91.13600105047226,Current,one_shot,876909.8980002711,876210.4380002711,54,,measured,0.0,143345.3350000491,928
20.412999999999997,426.041,0.0,dot-1024x32,647744.1850001924,691.663,1142015.5730011195,90.11200070381165,Predicted,one_shot,822802.5420003199,822110.87900032,55,,measured,23593.693999828247,150772.5430001301,928
20.604,429.107,0.0,dot-1024x32,731825.3729999925,718.57,1356300.362000521,113.50400000810623,Random,one_shot,1037087.3309997214,1036368.7609997215,55,160158.32299945032,measured,0.0,143345.3350000491,928
20.988,447.082,0.0,dot-1024x32,731825.3729999925,740.831,1196164.3000010708,91.13600105047226,Current,one_shot,876951.2690002711,876210.4380002711,55,,measured,0.0,143345.3350000491,928
20.329,340.137,0.0,dot-1024x32,731825.3729999925,578.624,1196002.0930010707,62.463998794555664,Current,one_shot,876789.062000271,876210.4380002711,56,,measured,0.0,143345.3350000491,928
21.039,427.94300000000004,0.0,dot-1024x32,647744.1850001924,696.258,1142020.1680011197,91.87199920415878,Predicted,one_shot,822807.13700032,822110.87900032,56,,measured,23593.693999828247,150772.5430001301,928
20.164,440.174,0.0,dot-1024x32,731825.3729999925,743.353,1356325.145000521,114.62400108575821,Random,one_shot,1037112.1139997215,1036368.7609997215,56,160158.32299945032,measured,0.0,143345.3350000491,928
21.268,478.657,0.0,dot-1024x32,731825.3729999925,762.678,1196186.1470010707,91.13600105047226,Current,one_shot,876973.116000271,876210.4380002711,57,,measured,0.0,143345.3350000491,928
20.197000000000003,446.0930000000001,0.0,dot-1024x32,731825.3729999925,733.675,1356315.4670005213,113.66400122642517,Random,one_shot,1037102.4359997215,1036368.7609997215,57,160158.32299945032,measured,0.0,143345.3350000491,928
20.92,454.58900000000006,0.0,dot-1024x32,647744.1850001924,721.572,1142045.4820011198,91.13600105047226,Predicted,one_shot,822832.45100032,822110.87900032,57,,measured,23593.693999828247,150772.5430001301,928
20.391,443.29999999999995,0.0,dot-1024x32,647744.1850001924,684.948,1142008.8580011197,63.48799914121628,Predicted,one_shot,822795.82700032,822110.87900032,58,,measured,23593.693999828247,150772.5430001301,928
20.383000000000003,449.66800000000006,0.0,dot-1024x32,731825.3729999925,739.844,1356321.6360005212,113.8560026884079,Random,one_shot,1037108.6049997215,1036368.7609997215,58,160158.32299945032,measured,0.0,143345.3350000491,928
21.037,461.01200000000006,0.0,dot-1024x32,731825.3729999925,729.71,1196153.1790010708,91.77599847316742,Current,one_shot,876940.1480002711,876210.4380002711,58,,measured,0.0,143345.3350000491,928
20.154,355.008,0.0,dot-1024x32,731825.3729999925,595.16,1196018.6290010707,63.48799914121628,Current,one_shot,876805.5980002711,876210.4380002711,59,,measured,0.0,143345.3350000491,928
20.535,435.89599999999996,0.0,dot-1024x32,731825.3729999925,723.954,1356305.7460005211,112.41599917411804,Random,one_shot,1037092.7149997215,1036368.7609997215,59,160158.32299945032,measured,0.0,143345.3350000491,928
20.435,443.33799999999997,0.0,dot-1024x32,647744.1850001924,711.07,1142034.9800011197,92.16000139713287,Predicted,one_shot,822821.9490003199,822110.87900032,59,,measured,23593.693999828247,150772.5430001301,928
21.703,425.962,0.0,dot-1024x32,731825.3729999925,723.683,1196147.1520010708,91.13600105047226,Current,one_shot,876934.121000271,876210.4380002711,60,,measured,0.0,143345.3350000491,928
20.619,441.893,0.0,dot-1024x32,647744.1850001924,709.119,1142033.0290011195,89.08800035715103,Predicted,one_shot,822819.9980003199,822110.87900032,60,,measured,23593.693999828247,150772.5430001301,928
20.436999999999998,430.536,0.0,dot-1024x32,731825.3729999925,721.76,1356303.5520005212,114.56000059843063,Random,one_shot,1037090.5209997215,1036368.7609997215,60,160158.32299945032,measured,0.0,143345.3350000491,928
20.615000000000002,436.149,0.0,dot-1024x32,731825.3729999925,702.9,1196126.3690010707,91.07200056314468,Current,one_shot,876913.3380002711,876210.4380002711,61,,measured,0.0,143345.3350000491,928
20.336,428.928,0.0,dot-1024x32,647744.1850001924,697.339,1142021.2490011198,91.13600105047226,Predicted,one_shot,822808.21800032,822110.87900032,61,,measured,23593.693999828247,150772.5430001301,928
20.743000000000002,428.259,0.0,dot-1024x32,731825.3729999925,733.88,1356315.672000521,114.49600011110306,Random,one_shot,1037102.6409997215,1036368.7609997215,61,160158.32299945032,measured,0.0,143345.3350000491,928
20.894,428.425,0.0,dot-1024x32,647744.1850001924,707.681,1142031.5910011197,91.93599969148636,Predicted,one_shot,822818.56000032,822110.87900032,62,,measured,23593.693999828247,150772.5430001301,928
21.142,442.942,0.0,dot-1024x32,731825.3729999925,1072.465,1356654.257000521,114.68800157308578,Random,one_shot,1037441.2259997214,1036368.7609997215,62,160158.32299945032,measured,0.0,143345.3350000491,928
20.853,448.128,0.0,dot-1024x32,731825.3729999925,718.772,1196142.2410010707,91.13600105047226,Current,one_shot,876929.2100002711,876210.4380002711,62,,measured,0.0,143345.3350000491,928
20.985999999999997,441.846,0.0,dot-1024x32,647744.1850001924,711.632,1142035.5420011196,91.80799871683121,Predicted,one_shot,822822.51100032,822110.87900032,63,,measured,23593.693999828247,150772.5430001301,928
20.887,430.95900000000006,0.0,dot-1024x32,731825.3729999925,720.124,1356301.916000521,112.64000087976456,Random,one_shot,1037088.8849997214,1036368.7609997215,63,160158.32299945032,measured,0.0,143345.3350000491,928
20.744999999999997,447.353,0.0,dot-1024x32,731825.3729999925,713.525,1196136.9940010707,91.839998960495,Current,one_shot,876923.9630002711,876210.4380002711,63,,measured,0.0,143345.3350000491,928
22.783,,,dot-1024x32,,142.98,,115.7120019197464,Random,resident,,,0,,warmup,,,929
20.219,,,dot-1024x32,,116.887,,91.839998960495,Current,resident,,,0,,warmup,,,929
19.73,,,dot-1024x32,,117.379,,93.18400174379349,Predicted,resident,,,0,,warmup,,,929
18.44,,,dot-1024x32,,87.076,,62.39999830722809,Predicted,resident,,,1,,warmup,,,929
19.266,,,dot-1024x32,,138.625,,113.63200098276138,Random,resident,,,1,,warmup,,,929
19.268,,,dot-1024x32,,116.829,,91.77599847316742,Current,resident,,,1,,warmup,,,929
19.608,,,dot-1024x32,,117.028,,91.839998960495,Predicted,resident,,,2,,warmup,,,929
19.369,,,dot-1024x32,,138.85,,113.66400122642517,Random,resident,,,2,,warmup,,,929
20.083,,,dot-1024x32,,116.92,,91.16800129413605,Current,resident,,,2,,warmup,,,929
18.804000000000002,,,dot-1024x32,,116.552,,92.06400066614151,Predicted,resident,,,3,,warmup,,,929
19.775,,,dot-1024x32,,134.467,,91.13600105047226,Current,resident,,,3,,warmup,,,929
18.723999999999997,,,dot-1024x32,,140.356,,115.7120019197464,Random,resident,,,3,,warmup,,,929
19.060000000000002,,,dot-1024x32,,136.192,,100.16000270843506,Predicted,resident,,,4,,warmup,,,929
19.098,,,dot-1024x32,,116.581,,91.23200178146362,Current,resident,,,4,,warmup,,,929
19.308,,,dot-1024x32,,139.268,,114.68800157308578,Random,resident,,,4,,warmup,,,929
19.252000000000002,,,dot-1024x32,,117.134,,92.16000139713287,Predicted,resident,,,5,,warmup,,,929
19.222,,,dot-1024x32,,117.862,,92.16000139713287,Current,resident,,,5,,warmup,,,929
19.226999999999997,,,dot-1024x32,,139.4,,113.66400122642517,Random,resident,,,5,,warmup,,,929
18.458,,,dot-1024x32,,110.929,,85.9839990735054,Random,resident,,,6,,warmup,,,929
19.634,,,dot-1024x32,,120.628,,94.97600048780441,Current,resident,,,6,,warmup,,,929
19.752,,,dot-1024x32,,118.714,,93.08800101280212,Predicted,resident,,,6,,warmup,,,929
26.112000000000002,,,dot-1024x32,,108.323,,65.63200056552887,Predicted,resident,,,7,,warmup,,,929
20.555,,,dot-1024x32,,167.348,,116.73600226640701,Random,resident,,,7,,warmup,,,929
19.653,,,dot-1024x32,,118.838,,93.18400174379349,Current,resident,,,7,,warmup,,,929
20.137,,,dot-1024x32,,118.117,,93.18400174379349,Predicted,resident,,,8,,warmup,,,929
19.025,,,dot-1024x32,,138.616,,113.66400122642517,Random,resident,,,8,,warmup,,,929
20.364,,,dot-1024x32,,116.54,,91.13600105047226,Current,resident,,,8,,warmup,,,929
19.027,,,dot-1024x32,,138.618,,113.66400122642517,Random,resident,,,9,,warmup,,,929
19.616999999999997,,,dot-1024x32,,116.439,,91.96799993515015,Predicted,resident,,,9,,warmup,,,929
19.848,,,dot-1024x32,,116.433,,91.87199920415878,Current,resident,,,9,,warmup,,,929
18.855,,,dot-1024x32,,86.869,,61.43999844789505,Current,resident,,,10,,warmup,,,929
18.988,,,dot-1024x32,,137.948,,113.3119985461235,Random,resident,,,10,,warmup,,,929
19.339,,,dot-1024x32,,117.195,,92.16000139713287,Predicted,resident,,,10,,warmup,,,929
19.04,,,dot-1024x32,,138.952,,114.33599889278412,Random,resident,,,11,,warmup,,,929
19.591,,,dot-1024x32,,117.17,,92.3520028591156,Current,resident,,,11,,warmup,,,929
19.484,,,dot-1024x32,,116.75,,92.16000139713287,Predicted,resident,,,11,,warmup,,,929
19.042,,,dot-1024x32,,139.356,,113.66400122642517,Random,resident,,,12,,warmup,,,929
19.438000000000002,,,dot-1024x32,,117.141,,92.47999638319016,Current,resident,,,12,,warmup,,,929
19.298000000000002,,,dot-1024x32,,116.707,,92.28800237178802,Predicted,resident,,,12,,warmup,,,929
18.984,,,dot-1024x32,,104.454,,61.43999844789505,Predicted,resident,,,13,,warmup,,,929
19.628999999999998,,,dot-1024x32,,116.448,,92.16000139713287,Current,resident,,,13,,warmup,,,929
18.872,,,dot-1024x32,,138.872,,113.66400122642517,Random,resident,,,13,,warmup,,,929
19.206,,,dot-1024x32,,116.746,,92.22400188446045,Predicted,resident,,,14,,warmup,,,929
19.522,,,dot-1024x32,,115.839,,91.13600105047226,Current,resident,,,14,,warmup,,,929
19.021,,,dot-1024x32,,137.871,,113.66400122642517,Random,resident,,,14,,warmup,,,929
18.359,,,dot-1024x32,,110.498,,85.7279971241951,Random,resident,,,15,,warmup,,,929
19.474,,,dot-1024x32,,116.699,,92.12800115346909,Current,resident,,,15,,warmup,,,929
19.107,,,dot-1024x32,,116.076,,92.16000139713287,Predicted,resident,,,15,,warmup,,,929
19.676000000000002,,,dot-1024x32,,139.928,,114.68800157308578,Random,resident,,,0,,measured,,,929
19.438,,,dot-1024x32,,117.624,,92.16000139713287,Current,resident,,,0,,measured,,,929
19.243,,,dot-1024x32,,116.571,,91.13600105047226,Predicted,resident,,,0,,measured,,,929
18.359,,,dot-1024x32,,86.469,,62.272001057863235,Predicted,resident,,,1,,measured,,,929
18.959,,,dot-1024x32,,139.031,,113.66400122642517,Random,resident,,,1,,measured,,,929
19.194,,,dot-1024x32,,116.174,,91.96799993515015,Current,resident,,,1,,measured,,,929
19.16,,,dot-1024x32,,85.471,,61.3120011985302,Current,resident,,,2,,measured,,,929
18.862000000000002,,,dot-1024x32,,116.471,,91.13600105047226,Predicted,resident,,,2,,measured,,,929
18.924,,,dot-1024x32,,137.888,,112.64000087976456,Random,resident,,,2,,measured,,,929
19.238,,,dot-1024x32,,116.302,,91.87199920415878,Predicted,resident,,,3,,measured,,,929
19.947,,,dot-1024x32,,117.365,,92.16000139713287,Current,resident,,,3,,measured,,,929
19.253999999999998,,,dot-1024x32,,138.574,,113.66400122642517,Random,resident,,,3,,measured,,,929
19.46,,,dot-1024x32,,117.259,,91.13600105047226,Current,resident,,,4,,measured,,,929
19.278,,,dot-1024x32,,138.085,,113.66400122642517,Random,resident,,,4,,measured,,,929
19.012999999999998,,,dot-1024x32,,116.609,,91.13600105047226,Predicted,resident,,,4,,measured,,,929
18.189,,,dot-1024x32,,86.185,,62.463998794555664,Predicted,resident,,,5,,measured,,,929
19.076999999999998,,,dot-1024x32,,140.719,,116.41599982976913,Random,resident,,,5,,measured,,,929
20.389,,,dot-1024x32,,116.731,,92.16000139713287,Current,resident,,,5,,measured,,,929
22.018,,,dot-1024x32,,118.444,,92.16000139713287,Predicted,resident,,,6,,measured,,,929
20.375,,,dot-1024x32,,116.807,,90.91199934482574,Current,resident,,,6,,measured,,,929
19.376,,,dot-1024x32,,138.182,,113.43999952077866,Random,resident,,,6,,measured,,,929
19.310000000000002,,,dot-1024x32,,117.381,,91.93599969148636,Predicted,resident,,,7,,measured,,,929
20.226,,,dot-1024x32,,116.814,,92.16000139713287,Current,resident,,,7,,measured,,,929
19.619,,,dot-1024x32,,138.064,,113.66400122642517,Random,resident,,,7,,measured,,,929
19.435000000000002,,,dot-1024x32,,116.228,,91.13600105047226,Current,resident,,,8,,measured,,,929
19.461,,,dot-1024x32,,116.334,,91.13600105047226,Predicted,resident,,,8,,measured,,,929
19.081,,,dot-1024x32,,138.715,,113.66400122642517,Random,resident,,,8,,measured,,,929
18.025,,,dot-1024x32,,108.822,,84.99199897050858,Random,resident,,,9,,measured,,,929
19.091,,,dot-1024x32,,116.129,,92.06400066614151,Predicted,resident,,,9,,measured,,,929
19.742,,,dot-1024x32,,116.975,,92.16000139713287,Current,resident,,,9,,measured,,,929
19.264,,,dot-1024x32,,86.856,,62.30400130152702,Current,resident,,,10,,measured,,,929
19.052,,,dot-1024x32,,116.079,,91.13600105047226,Predicted,resident,,,10,,measured,,,929
18.985,,,dot-1024x32,,138.548,,113.66400122642517,Random,resident,,,10,,measured,,,929
19.25,,,dot-1024x32,,116.867,,92.12800115346909,Current,resident,,,11,,measured,,,929
18.698,,,dot-1024x32,,138.235,,113.66400122642517,Random,resident,,,11,,measured,,,929
19.103,,,dot-1024x32,,116.601,,92.16000139713287,Predicted,resident,,,11,,measured,,,929
18.838,,,dot-1024x32,,138.584,,113.66400122642517,Random,resident,,,12,,measured,,,929
19.22,,,dot-1024x32,,115.902,,91.96799993515015,Predicted,resident,,,12,,measured,,,929
19.839,,,dot-1024x32,,117.691,,92.3520028591156,Current,resident,,,12,,measured,,,929
19.058999999999997,,,dot-1024x32,,115.811,,91.42400324344635,Predicted,resident,,,13,,measured,,,929
19.622,,,dot-1024x32,,115.956,,91.13600105047226,Current,resident,,,13,,measured,,,929
18.953,,,dot-1024x32,,139.706,,114.68800157308578,Random,resident,,,13,,measured,,,929
19.698999999999998,,,dot-1024x32,,116.046,,91.13600105047226,Current,resident,,,14,,measured,,,929
18.921,,,dot-1024x32,,137.319,,112.64000087976456,Random,resident,,,14,,measured,,,929
19.434,,,dot-1024x32,,116.57,,91.2960022687912,Predicted,resident,,,14,,measured,,,929
19.82,,,dot-1024x32,,116.492,,92.00000017881393,Current,resident,,,15,,measured,,,929
18.916,,,dot-1024x32,,116.515,,92.16000139713287,Predicted,resident,,,15,,measured,,,929
20.296,,,dot-1024x32,,139.344,,113.50400000810623,Random,resident,,,15,,measured,,,929
19.109,,,dot-1024x32,,117.721,,92.32000261545181,Predicted,resident,,,16,,measured,,,929
19.603,,,dot-1024x32,,138.752,,113.50400000810623,Random,resident,,,16,,measured,,,929
18.982,,,dot-1024x32,,117.351,,92.16000139713287,Current,resident,,,16,,measured,,,929
19.192999999999998,,,dot-1024x32,,117.686,,92.16000139713287,Predicted,resident,,,17,,measured,,,929
19.666,,,dot-1024x32,,116.98,,92.16000139713287,Current,resident,,,17,,measured,,,929
18.927999999999997,,,dot-1024x32,,138.86,,114.56000059843063,Random,resident,,,17,,measured,,,929
19.604,,,dot-1024x32,,116.728,,91.13600105047226,Current,resident,,,18,,measured,,,929
19.12,,,dot-1024x32,,116.164,,91.13600105047226,Predicted,resident,,,18,,measured,,,929
19.088,,,dot-1024x32,,138.473,,113.66400122642517,Random,resident,,,18,,measured,,,929
19.451999999999998,,,dot-1024x32,,117.945,,93.12000125646591,Current,resident,,,19,,measured,,,929
19.891,,,dot-1024x32,,116.834,,92.12800115346909,Predicted,resident,,,19,,measured,,,929
18.676,,,dot-1024x32,,139.973,,114.68800157308578,Random,resident,,,19,,measured,,,929
18.356,,,dot-1024x32,,111.087,,86.71999722719193,Random,resident,,,20,,measured,,,929
19.442999999999998,,,dot-1024x32,,117.051,,92.16000139713287,Current,resident,,,20,,measured,,,929
19.079,,,dot-1024x32,,117.233,,91.93599969148636,Predicted,resident,,,20,,measured,,,929
19.181,,,dot-1024x32,,87.137,,62.33600154519081,Predicted,resident,,,21,,measured,,,929
19.472,,,dot-1024x32,,117.279,,92.16000139713287,Current,resident,,,21,,measured,,,929
20.576,,,dot-1024x32,,139.502,,114.52800035476685,Random,resident,,,21,,measured,,,929
19.637,,,dot-1024x32,,118.546,,92.16000139713287,Predicted,resident,,,22,,measured,,,929
19.924,,,dot-1024x32,,117.514,,92.16000139713287,Current,resident,,,22,,measured,,,929
19.152,,,dot-1024x32,,138.915,,113.66400122642517,Random,resident,,,22,,measured,,,929
19.155,,,dot-1024x32,,117.639,,92.3520028591156,Predicted,resident,,,23,,measured,,,929
19.209000000000003,,,dot-1024x32,,116.974,,91.96799993515015,Current,resident,,,23,,measured,,,929
19.424,,,dot-1024x32,,138.686,,113.66400122642517,Random,resident,,,23,,measured,,,929
19.234,,,dot-1024x32,,117.598,,92.16000139713287,Predicted,resident,,,24,,measured,,,929
20.245,,,dot-1024x32,,116.595,,91.48799628019333,Current,resident,,,24,,measured,,,929
19.633,,,dot-1024x32,,139.787,,114.3999993801117,Random,resident,,,24,,measured,,,929
19.787,,,dot-1024x32,,117.949,,92.32000261545181,Predicted,resident,,,25,,measured,,,929
19.785,,,dot-1024x32,,116.942,,91.42400324344635,Current,resident,,,25,,measured,,,929
19.756,,,dot-1024x32,,138.864,,113.66400122642517,Random,resident,,,25,,measured,,,929
19.397,,,dot-1024x32,,117.256,,92.8959995508194,Predicted,resident,,,26,,measured,,,929
19.466,,,dot-1024x32,,139.615,,112.64000087976456,Random,resident,,,26,,measured,,,929
19.546999999999997,,,dot-1024x32,,117.135,,91.13600105047226,Current,resident,,,26,,measured,,,929
19.176000000000002,,,dot-1024x32,,86.67,,61.43999844789505,Current,resident,,,27,,measured,,,929
19.368000000000002,,,dot-1024x32,,138.427,,112.41599917411804,Random,resident,,,27,,measured,,,929
19.528,,,dot-1024x32,,117.955,,92.41600334644318,Predicted,resident,,,27,,measured,,,929
18.255,,,dot-1024x32,,87.042,,61.43999844789505,Predicted,resident,,,28,,measured,,,929
19.433999999999997,,,dot-1024x32,,139.021,,112.99200356006622,Random,resident,,,28,,measured,,,929
20.323999999999998,,,dot-1024x32,,117.207,,92.16000139713287,Current,resident,,,28,,measured,,,929
20.025,,,dot-1024x32,,140.136,,114.68800157308578,Random,resident,,,29,,measured,,,929
19.384,,,dot-1024x32,,116.222,,91.13600105047226,Current,resident,,,29,,measured,,,929
20.060000000000002,,,dot-1024x32,,125.541,,92.92799979448318,Predicted,resident,,,29,,measured,,,929
19.893,,,dot-1024x32,,117.485,,91.13600105047226,Current,resident,,,30,,measured,,,929
19.23,,,dot-1024x32,,138.966,,113.6000007390976,Random,resident,,,30,,measured,,,929
20.095,,,dot-1024x32,,117.022,,92.16000139713287,Predicted,resident,,,30,,measured,,,929
19.076,,,dot-1024x32,,139.361,,114.68800157308578,Random,resident,,,31,,measured,,,929
19.715,,,dot-1024x32,,118.094,,92.16000139713287,Predicted,resident,,,31,,measured,,,929
19.578,,,dot-1024x32,,116.737,,92.16000139713287,Current,resident,,,31,,measured,,,929
19.465,,,dot-1024x32,,138.213,,113.43999952077866,Random,resident,,,32,,measured,,,929
19.706,,,dot-1024x32,,117.244,,92.0960009098053,Predicted,resident,,,32,,measured,,,929
19.39,,,dot-1024x32,,116.982,,92.16000139713287,Current,resident,,,32,,measured,,,929
18.933999999999997,,,dot-1024x32,,116.801,,91.839998960495,Predicted,resident,,,33,,measured,,,929
19.34,,,dot-1024x32,,116.739,,91.839998960495,Current,resident,,,33,,measured,,,929
18.969,,,dot-1024x32,,139.308,,113.66400122642517,Random,resident,,,33,,measured,,,929
18.482,,,dot-1024x32,,110.542,,84.99199897050858,Random,resident,,,34,,measured,,,929
19.976,,,dot-1024x32,,116.807,,91.13600105047226,Predicted,resident,,,34,,measured,,,929
19.429000000000002,,,dot-1024x32,,116.326,,92.12800115346909,Current,resident,,,34,,measured,,,929
18.87,,,dot-1024x32,,116.226,,91.13600105047226,Predicted,resident,,,35,,measured,,,929
19.325000000000003,,,dot-1024x32,,115.916,,91.13600105047226,Current,resident,,,35,,measured,,,929
18.951,,,dot-1024x32,,138.253,,113.66400122642517,Random,resident,,,35,,measured,,,929
19.456000000000003,,,dot-1024x32,,116.254,,92.03200042247772,Current,resident,,,36,,measured,,,929
19.153,,,dot-1024x32,,138.128,,113.40799927711487,Random,resident,,,36,,measured,,,929
19.841,,,dot-1024x32,,116.671,,91.13600105047226,Predicted,resident,,,36,,measured,,,929
20.042,,,dot-1024x32,,116.547,,92.16000139713287,Current,resident,,,37,,measured,,,929
23.759999999999998,,,dot-1024x32,,116.479,,91.80799871683121,Predicted,resident,,,37,,measured,,,929
19.171,,,dot-1024x32,,138.745,,113.66400122642517,Random,resident,,,37,,measured,,,929
19.887999999999998,,,dot-1024x32,,117.519,,91.80799871683121,Current,resident,,,38,,measured,,,929
19.141,,,dot-1024x32,,116.876,,91.77599847316742,Predicted,resident,,,38,,measured,,,929
19.495,,,dot-1024x32,,139.041,,113.63200098276138,Random,resident,,,38,,measured,,,929
19.719,,,dot-1024x32,,117.404,,92.16000139713287,Current,resident,,,39,,measured,,,929
18.927,,,dot-1024x32,,138.923,,114.56000059843063,Random,resident,,,39,,measured,,,929
19.141,,,dot-1024x32,,116.976,,92.79999881982803,Predicted,resident,,,39,,measured,,,929
18.599,,,dot-1024x32,,86.671,,61.43999844789505,Predicted,resident,,,40,,measured,,,929
19.703000000000003,,,dot-1024x32,,116.655,,92.16000139713287,Current,resident,,,40,,measured,,,929
21.112000000000002,,,dot-1024x32,,147.679,,117.37599968910217,Random,resident,,,40,,measured,,,929
18.238,,,dot-1024x32,,111.775,,86.14400029182434,Random,resident,,,41,,measured,,,929
19.571,,,dot-1024x32,,116.662,,91.16800129413605,Current,resident,,,41,,measured,,,929
19.317999999999998,,,dot-1024x32,,116.548,,92.03200042247772,Predicted,resident,,,41,,measured,,,929
18.576999999999998,,,dot-1024x32,,86.743,,61.184000223875046,Predicted,resident,,,42,,measured,,,929
19.77,,,dot-1024x32,,138.141,,113.50400000810623,Random,resident,,,42,,measured,,,929
20.247,,,dot-1024x32,,116.638,,91.42400324344635,Current,resident,,,42,,measured,,,929
19.387999999999998,,,dot-1024x32,,117.57,,92.92799979448318,Predicted,resident,,,43,,measured,,,929
19.381,,,dot-1024x32,,138.117,,113.50400000810623,Random,resident,,,43,,measured,,,929
21.622999999999998,,,dot-1024x32,,118.215,,92.16000139713287,Current,resident,,,43,,measured,,,929
19.023,,,dot-1024x32,,87.864,,62.463998794555664,Current,resident,,,44,,measured,,,929
19.427,,,dot-1024x32,,117.266,,92.16000139713287,Predicted,resident,,,44,,measured,,,929
19.447000000000003,,,dot-1024x32,,140.246,,113.66400122642517,Random,resident,,,44,,measured,,,929
18.323999999999998,,,dot-1024x32,,110.439,,86.01599931716919,Random,resident,,,45,,measured,,,929
19.442,,,dot-1024x32,,116.808,,92.06400066614151,Predicted,resident,,,45,,measured,,,929
19.527,,,dot-1024x32,,117.795,,92.86399930715561,Current,resident,,,45,,measured,,,929
19.137,,,dot-1024x32,,116.483,,91.42400324344635,Predicted,resident,,,46,,measured,,,929
19.198,,,dot-1024x32,,138.266,,112.60800063610077,Random,resident,,,46,,measured,,,929
19.489,,,dot-1024x32,,117.109,,92.0960009098053,Current,resident,,,46,,measured,,,929
19.228,,,dot-1024x32,,140.023,,114.68800157308578,Random,resident,,,47,,measured,,,929
20.021,,,dot-1024x32,,116.631,,91.13600105047226,Current,resident,,,47,,measured,,,929
19.676000000000002,,,dot-1024x32,,117.294,,92.16000139713287,Predicted,resident,,,47,,measured,,,929
19.144,,,dot-1024x32,,139.769,,113.66400122642517,Random,resident,,,48,,measured,,,929
19.610999999999997,,,dot-1024x32,,116.819,,92.16000139713287,Current,resident,,,48,,measured,,,929
19.499,,,dot-1024x32,,116.825,,91.77599847316742,Predicted,resident,,,48,,measured,,,929
19.494,,,dot-1024x32,,139.26,,114.68800157308578,Random,resident,,,49,,measured,,,929
18.936,,,dot-1024x32,,116.733,,92.16000139713287,Predicted,resident,,,49,,measured,,,929
20.301000000000002,,,dot-1024x32,,116.915,,92.0960009098053,Current,resident,,,49,,measured,,,929
20.238999999999997,,,dot-1024x32,,87.357,,62.144000083208084,Current,resident,,,50,,measured,,,929
18.932000000000002,,,dot-1024x32,,117.027,,92.16000139713287,Predicted,resident,,,50,,measured,,,929
19.025,,,dot-1024x32,,138.171,,112.64000087976456,Random,resident,,,50,,measured,,,929
19.735999999999997,,,dot-1024x32,,117.577,,92.06400066614151,Predicted,resident,,,51,,measured,,,929
19.271,,,dot-1024x32,,139.122,,113.66400122642517,Random,resident,,,51,,measured,,,929
19.088,,,dot-1024x32,,117.04,,91.93599969148636,Current,resident,,,51,,measured,,,929
19.019,,,dot-1024x32,,117.591,,92.16000139713287,Predicted,resident,,,52,,measured,,,929
19.323999999999998,,,dot-1024x32,,115.723,,90.94399958848953,Current,resident,,,52,,measured,,,929
19.442999999999998,,,dot-1024x32,,139.287,,113.66400122642517,Random,resident,,,52,,measured,,,929
22.243000000000002,,,dot-1024x32,,116.514,,91.13600105047226,Current,resident,,,53,,measured,,,929
19.227,,,dot-1024x32,,117.927,,92.16000139713287,Predicted,resident,,,53,,measured,,,929
18.986,,,dot-1024x32,,139.244,,114.68800157308578,Random,resident,,,53,,measured,,,929
19.249,,,dot-1024x32,,117.164,,92.16000139713287,Predicted,resident,,,54,,measured,,,929
20.109,,,dot-1024x32,,116.8,,91.13600105047226,Current,resident,,,54,,measured,,,929
19.102,,,dot-1024x32,,138.981,,114.46399986743927,Random,resident,,,54,,measured,,,929
19.424,,,dot-1024x32,,116.896,,92.16000139713287,Current,resident,,,55,,measured,,,929
19.014,,,dot-1024x32,,136.648,,112.64000087976456,Random,resident,,,55,,measured,,,929
19.377000000000002,,,dot-1024x32,,116.888,,92.16000139713287,Predicted,resident,,,55,,measured,,,929
19.387,,,dot-1024x32,,137.39,,112.64000087976456,Random,resident,,,56,,measured,,,929
19.028,,,dot-1024x32,,116.626,,91.13600105047226,Predicted,resident,,,56,,measured,,,929
19.773000000000003,,,dot-1024x32,,117.51,,92.16000139713287,Current,resident,,,56,,measured,,,929
18.990000000000002,,,dot-1024x32,,116.51,,92.12800115346909,Predicted,resident,,,57,,measured,,,929
19.35,,,dot-1024x32,,116.719,,92.06400066614151,Current,resident,,,57,,measured,,,929
19.223,,,dot-1024x32,,138.985,,113.66400122642517,Random,resident,,,57,,measured,,,929
19.736,,,dot-1024x32,,117.068,,92.16000139713287,Predicted,resident,,,58,,measured,,,929
19.2,,,dot-1024x32,,138.823,,113.66400122642517,Random,resident,,,58,,measured,,,929
19.55,,,dot-1024x32,,117.613,,92.83199906349182,Current,resident,,,58,,measured,,,929
18.868,,,dot-1024x32,,138.76,,113.66400122642517,Random,resident,,,59,,measured,,,929
19.295,,,dot-1024x32,,117.037,,92.16000139713287,Predicted,resident,,,59,,measured,,,929
19.064999999999998,,,dot-1024x32,,116.783,,92.16000139713287,Current,resident,,,59,,measured,,,929
18.913,,,dot-1024x32,,139.054,,113.66400122642517,Random,resident,,,60,,measured,,,929
20.064,,,dot-1024x32,,117.046,,91.80799871683121,Current,resident,,,60,,measured,,,929
18.84,,,dot-1024x32,,116.732,,92.16000139713287,Predicted,resident,,,60,,measured,,,929
19.7,,,dot-1024x32,,116.744,,92.25600212812424,Current,resident,,,61,,measured,,,929
19.622,,,dot-1024x32,,138.853,,113.66400122642517,Random,resident,,,61,,measured,,,929
19.652,,,dot-1024x32,,117.197,,92.16000139713287,Predicted,resident,,,61,,measured,,,929
19.744,,,dot-1024x32,,117.607,,92.16000139713287,Current,resident,,,62,,measured,,,929
19.708,,,dot-1024x32,,138.582,,113.37599903345108,Random,resident,,,62,,measured,,,929
19.116999999999997,,,dot-1024x32,,117.092,,91.80799871683121,Predicted,resident,,,62,,measured,,,929
18.956000000000003,,,dot-1024x32,,138.024,,113.66400122642517,Random,resident,,,63,,measured,,,929
19.774,,,dot-1024x32,,117.752,,92.16000139713287,Current,resident,,,63,,measured,,,929
19.089,,,dot-1024x32,,116.967,,92.25600212812424,Predicted,resident,,,63,,measured,,,929
20.76,522.947,0.0,dot-1024x32,731825.3729999925,854.616,1358442.5840010985,115.39199948310852,Random,one_shot,1039229.5530002989,1038374.9370002989,0,162164.49900002772,warmup,0.0,143345.3350000491,929
21.29,503.04600000000005,0.0,dot-1024x32,731825.3729999925,783.493,1196206.9620010708,92.0960009098053,Current,one_shot,876993.9310002711,876210.4380002711,0,,warmup,0.0,143345.3350000491,929
20.492,559.8359999999999,0.0,dot-1024x32,647744.1850001924,869.43,1142193.3400011198,92.16000139713287,Predicted,one_shot,822980.30900032,822110.87900032,0,,warmup,23593.693999828247,150772.5430001301,929
20.241999999999997,407.67699999999996,0.0,dot-1024x32,647744.1850001924,654.542,1141978.4520011197,63.391998410224915,Predicted,one_shot,822765.42100032,822110.87900032,1,,warmup,23593.693999828247,150772.5430001301,929
21.557000000000002,548.9229999999999,0.0,dot-1024x32,731825.3729999925,864.454,1358452.4220010985,114.97599631547928,Random,one_shot,1039239.3910002989,1038374.9370002989,1,162164.49900002772,warmup,0.0,143345.3350000491,929
21.075,509.73999999999995,0.0,dot-1024x32,731825.3729999925,825.515,1196248.9840010707,92.16000139713287,Current,one_shot,877035.9530002711,876210.4380002711,1,,warmup,0.0,143345.3350000491,929
20.849,484.65100000000007,0.0,dot-1024x32,647744.1850001924,763.138,1142087.0480011196,91.13600105047226,Predicted,one_shot,822874.01700032,822110.87900032,2,,warmup,23593.693999828247,150772.5430001301,929
20.716,485.22599999999994,0.0,dot-1024x32,731825.3729999925,787.381,1358375.3490010987,113.66400122642517,Random,one_shot,1039162.3180002989,1038374.9370002989,2,162164.49900002772,warmup,0.0,143345.3350000491,929
21.295,461.195,0.0,dot-1024x32,731825.3729999925,735.315,1196158.7840010708,92.03200042247772,Current,one_shot,876945.753000271,876210.4380002711,2,,warmup,0.0,143345.3350000491,929
37.513,484.41700000000003,0.0,dot-1024x32,647744.1850001924,793.505,1142117.4150011197,101.3759970664978,Predicted,one_shot,822904.38400032,822110.87900032,3,,warmup,23593.693999828247,150772.5430001301,929
20.92,446.853,0.0,dot-1024x32,731825.3729999925,718.371,1196141.8400010709,88.06400001049042,Current,one_shot,876928.8090002711,876210.4380002711,3,,warmup,0.0,143345.3350000491,929
21.151,541.112,0.0,dot-1024x32,731825.3729999925,1036.064,1358624.0320010986,114.68800157308578,Random,one_shot,1039411.0010002989,1038374.9370002989,3,162164.49900002772,warmup,0.0,143345.3350000491,929
21.729999999999997,589.6030000000001,0.0,dot-1024x32,647744.1850001924,928.998,1142252.9080011197,110.27199774980545,Predicted,one_shot,823039.87700032,822110.87900032,4,,warmup,23593.693999828247,150772.5430001301,929
21.401,535.511,0.0,dot-1024x32,731825.3729999925,840.89,1196264.3590010707,92.86399930715561,Current,one_shot,877051.3280002711,876210.4380002711,4,,warmup,0.0,143345.3350000491,929
20.601,500.60900000000004,0.0,dot-1024x32,731825.3729999925,850.971,1358438.9390010985,114.46399986743927,Random,one_shot,1039225.9080002989,1038374.9370002989,4,162164.49900002772,warmup,0.0,143345.3350000491,929
21.221,489.21700000000004,0.0,dot-1024x32,647744.1850001924,764.937,1142088.8470011197,91.13600105047226,Predicted,one_shot,822875.81600032,822110.87900032,5,,warmup,23593.693999828247,150772.5430001301,929
20.915999999999997,496.36400000000003,0.0,dot-1024x32,731825.3729999925,768.256,1196191.7250010709,92.16000139713287,Current,one_shot,876978.6940002711,876210.4380002711,5,,warmup,0.0,143345.3350000491,929
37.757999999999996,617.9789999999999,0.0,dot-1024x32,731825.3729999925,1001.03,1358588.9980010986,120.7360029220581,Random,one_shot,1039375.9670002989,1038374.9370002989,5,162164.49900002772,warmup,0.0,143345.3350000491,929
20.707,407.38300000000004,0.0,dot-1024x32,731825.3729999925,740.398,1358328.3660010986,90.11200070381165,Random,one_shot,1039115.3350002989,1038374.9370002989,6,162164.49900002772,warmup,0.0,143345.3350000491,929
31.941,579.788,0.0,dot-1024x32,731825.3729999925,934.196,1196357.6650010708,94.2080020904541,Current,one_shot,877144.6340002711,876210.4380002711,6,,warmup,0.0,143345.3350000491,929
21.448999999999998,540.9599999999999,0.0,dot-1024x32,647744.1850001924,882.069,1142205.9790011197,93.02400052547455,Predicted,one_shot,822992.94800032,822110.87900032,6,,warmup,23593.693999828247,150772.5430001301,929
20.589,497.57900000000006,0.0,dot-1024x32,647744.1850001924,783.899,1142107.8090011196,64.31999802589417,Predicted,one_shot,822894.77800032,822110.87900032,7,,warmup,23593.693999828247,150772.5430001301,929
21.752,503.761,0.0,dot-1024x32,731825.3729999925,806.486,1358394.4540010986,114.68800157308578,Random,one_shot,1039181.4230002989,1038374.9370002989,7,162164.49900002772,warmup,0.0,143345.3350000491,929
21.382,495.69000000000005,0.0,dot-1024x32,731825.3729999925,771.864,1196195.3330010707,92.16000139713287,Current,one_shot,876982.302000271,876210.4380002711,7,,warmup,0.0,143345.3350000491,929
20.918,494.35499999999996,0.0,dot-1024x32,647744.1850001924,787.322,1142111.2320011198,92.16000139713287,Predicted,one_shot,822898.20100032,822110.87900032,8,,warmup,23593.693999828247,150772.5430001301,929
20.329,503.079,0.0,dot-1024x32,731825.3729999925,799.059,1358387.0270010985,114.68800157308578,Random,one_shot,1039173.9960002989,1038374.9370002989,8,162164.49900002772,warmup,0.0,143345.3350000491,929
21.340000000000003,491.676,0.0,dot-1024x32,731825.3729999925,763.384,1196186.8530010707,91.77599847316742,Current,one_shot,876973.8220002711,876210.4380002711,8,,warmup,0.0,143345.3350000491,929
20.662,456.315,0.0,dot-1024x32,731825.3729999925,748.708,1358336.6760010985,113.50400000810623,Random,one_shot,1039123.6450002989,1038374.9370002989,9,162164.49900002772,warmup,0.0,143345.3350000491,929
24.483,478.38500000000005,0.0,dot-1024x32,647744.1850001924,987.007,1142310.9170011196,98.24000298976898,Predicted,one_shot,823097.88600032,822110.87900032,9,,warmup,23593.693999828247,150772.5430001301,929
21.436999999999998,466.124,0.0,dot-1024x32,731825.3729999925,739.863,1196163.3320010707,91.13600105047226,Current,one_shot,876950.3010002711,876210.4380002711,9,,warmup,0.0,143345.3350000491,929
19.816,340.9669999999999,0.0,dot-1024x32,731825.3729999925,583.016,1196006.4850010707,63.48799914121628,Current,one_shot,876793.454000271,876210.4380002711,10,,warmup,0.0,143345.3350000491,929
20.188000000000002,455.10100000000006,0.0,dot-1024x32,731825.3729999925,746.714,1358334.6820010985,113.95200341939926,Random,one_shot,1039121.6510002989,1038374.9370002989,10,162164.49900002772,warmup,0.0,143345.3350000491,929
20.412,442.889,0.0,dot-1024x32,647744.1850001924,709.873,1142033.7830011197,91.36000275611877,Predicted,one_shot,822820.75200032,822110.87900032,10,,warmup,23593.693999828247,150772.5430001301,929
21.342,442.39300000000003,0.0,dot-1024x32,731825.3729999925,734.044,1358322.0120010986,114.30399864912033,Random,one_shot,1039108.9810002989,1038374.9370002989,11,162164.49900002772,warmup,0.0,143345.3350000491,929
20.990000000000002,435.74899999999997,0.0,dot-1024x32,731825.3729999925,704.237,1196127.7060010708,92.00000017881393,Current,one_shot,876914.6750002711,876210.4380002711,11,,warmup,0.0,143345.3350000491,929
20.543,436.47800000000007,0.0,dot-1024x32,647744.1850001924,704.39,1142028.3000011197,91.13600105047226,Predicted,one_shot,822815.26900032,822110.87900032,11,,warmup,23593.693999828247,150772.5430001301,929
20.857,440.759,0.0,dot-1024x32,731825.3729999925,746.082,1358334.0500010985,112.64000087976456,Random,one_shot,1039121.0190002989,1038374.9370002989,12,162164.49900002772,warmup,0.0,143345.3350000491,929
21.609,435.55600000000004,0.0,dot-1024x32,731825.3729999925,710.033,1196133.5020010709,92.16000139713287,Current,one_shot,876920.4710002712,876210.4380002711,12,,warmup,0.0,143345.3350000491,929
20.714,428.2799999999999,0.0,dot-1024x32,647744.1850001924,698.866,1142022.7760011198,91.13600105047226,Predicted,one_shot,822809.74500032,822110.87900032,12,,warmup,23593.693999828247,150772.5430001301,929
20.354,340.60600000000005,0.0,dot-1024x32,647744.1850001924,582.802,1141906.7120011197,62.463998794555664,Predicted,one_shot,822693.68100032,822110.87900032,13,,warmup,23593.693999828247,150772.5430001301,929
20.874000000000002,430.80800000000005,0.0,dot-1024x32,731825.3729999925,699.226,1196122.6950010709,89.08800035715103,Current,one_shot,876909.6640002711,876210.4380002711,13,,warmup,0.0,143345.3350000491,929
21.092,435.363,0.0,dot-1024x32,731825.3729999925,730.934,1358318.9020010985,114.68800157308578,Random,one_shot,1039105.8710002989,1038374.9370002989,13,162164.49900002772,warmup,0.0,143345.3350000491,929
21.169,431.6930000000001,0.0,dot-1024x32,647744.1850001924,706.034,1142029.9440011196,91.13600105047226,Predicted,one_shot,822816.91300032,822110.87900032,14,,warmup,23593.693999828247,150772.5430001301,929
21.673000000000002,427.65199999999993,0.0,dot-1024x32,731825.3729999925,700.591,1196124.0600010708,91.93599969148636,Current,one_shot,876911.0290002711,876210.4380002711,14,,warmup,0.0,143345.3350000491,929
20.994,440.4479999999999,0.0,dot-1024x32,731825.3729999925,733.961,1358321.9290010985,113.66400122642517,Random,one_shot,1039108.8980002989,1038374.9370002989,14,162164.49900002772,warmup,0.0,143345.3350000491,929
19.526,354.5490000000001,0.0,dot-1024x32,731825.3729999925,619.7,1358207.6680010986,87.0399996638298,Random,one_shot,1038994.6370002988,1038374.9370002989,15,162164.49900002772,warmup,0.0,143345.3350000491,929
21.092,446.097,0.0,dot-1024x32,731825.3729999925,714.431,1196137.9000010707,88.06400001049042,Current,one_shot,876924.8690002711,876210.4380002711,15,,warmup,0.0,143345.3350000491,929
20.391,447.65999999999997,0.0,dot-1024x32,647744.1850001924,720.064,1142043.9740011196,91.96799993515015,Predicted,one_shot,822830.94300032,822110.87900032,15,,warmup,23593.693999828247,150772.5430001301,929
20.616999999999997,445.87700000000007,0.0,dot-1024x32,731825.3729999925,743.193,1358331.1610010986,114.59200084209442,Random,one_shot,1039118.1300002988,1038374.9370002989,0,162164.49900002772,measured,0.0,143345.3350000491,929
20.747,453.816,0.0,dot-1024x32,731825.3729999925,727.26,1196150.7290010708,92.16000139713287,Current,one_shot,876937.6980002711,876210.4380002711,0,,measured,0.0,143345.3350000491,929
22.716,480.289,0.0,dot-1024x32,647744.1850001924,796.772,1142120.6820011197,96.99200093746185,Predicted,one_shot,822907.65100032,822110.87900032,0,,measured,23593.693999828247,150772.5430001301,929
20.156,361.75100000000003,0.0,dot-1024x32,647744.1850001924,612.315,1141936.2250011195,63.48799914121628,Predicted,one_shot,822723.1940003199,822110.87900032,1,,measured,23593.693999828247,150772.5430001301,929
21.261000000000003,462.238,0.0,dot-1024x32,731825.3729999925,759.714,1358347.6820010985,114.81600254774094,Random,one_shot,1039134.6510002989,1038374.9370002989,1,162164.49900002772,measured,0.0,143345.3350000491,929
21.387999999999998,455.57699999999994,0.0,dot-1024x32,731825.3729999925,731.461,1196154.9300010707,92.16000139713287,Current,one_shot,876941.8990002711,876210.4380002711,1,,measured,0.0,143345.3350000491,929
20.78,345.36100000000005,0.0,dot-1024x32,731825.3729999925,592.217,1196015.6860010708,63.48799914121628,Current,one_shot,876802.655000271,876210.4380002711,2,,measured,0.0,143345.3350000491,929
29.287,480.1040000000001,0.0,dot-1024x32,647744.1850001924,816.999,1142140.9090011197,97.21600264310837,Predicted,one_shot,822927.8780003199,822110.87900032,2,,measured,23593.693999828247,150772.5430001301,929
21.236,485.3190000000001,0.0,dot-1024x32,731825.3729999925,804.708,1358392.6760010985,115.55200070142746,Random,one_shot,1039179.6450002989,1038374.9370002989,2,162164.49900002772,measured,0.0,143345.3350000491,929
21.051000000000002,478.176,0.0,dot-1024x32,647744.1850001924,752.59,1142076.5000011197,90.81599861383438,Predicted,one_shot,822863.46900032,822110.87900032,3,,measured,23593.693999828247,150772.5430001301,929
21.176000000000002,486.851,0.0,dot-1024x32,731825.3729999925,761.139,1196184.6080010708,91.13600105047226,Current,one_shot,876971.5770002711,876210.4380002711,3,,measured,0.0,143345.3350000491,929
20.71,478.5570000000001,0.0,dot-1024x32,731825.3729999925,780.411,1358368.3790010985,115.7120019197464,Random,one_shot,1039155.3480002988,1038374.9370002989,3,162164.49900002772,measured,0.0,143345.3350000491,929
20.881,475.89300000000003,0.0,dot-1024x32,731825.3729999925,746.957,1196170.4260010708,89.08800035715103,Current,one_shot,876957.3950002711,876210.4380002711,4,,measured,0.0,143345.3350000491,929
20.738,480.69399999999996,0.0,dot-1024x32,731825.3729999925,779.281,1358367.2490010986,114.59200084209442,Random,one_shot,1039154.2180002988,1038374.9370002989,4,162164.49900002772,measured,0.0,143345.3350000491,929
21.393,482.445,0.0,dot-1024x32,647744.1850001924,758.027,1142081.9370011196,92.16000139713287,Predicted,one_shot,822868.90600032,822110.87900032,4,,measured,23593.693999828247,150772.5430001301,929
20.201999999999998,372.8309999999999,0.0,dot-1024x32,647744.1850001924,619.275,1141943.1850011197,63.680000603199005,Predicted,one_shot,822730.15400032,822110.87900032,5,,measured,23593.693999828247,150772.5430001301,929
20.892,453.35600000000005,0.0,dot-1024x32,731825.3729999925,749.46,1358337.4280010986,114.62400108575821,Random,one_shot,1039124.3970002988,1038374.9370002989,5,162164.49900002772,measured,0.0,143345.3350000491,929
21.503,471.139,0.0,dot-1024x32,731825.3729999925,745.457,1196168.9260010708,92.16000139713287,Current,one_shot,876955.8950002711,876210.4380002711,5,,measured,0.0,143345.3350000491,929
20.933,437.897,0.0,dot-1024x32,647744.1850001924,710.01,1142033.9200011196,92.16000139713287,Predicted,one_shot,822820.88900032,822110.87900032,6,,measured,23593.693999828247,150772.5430001301,929
21.116,454.45900000000006,0.0,dot-1024x32,731825.3729999925,725.335,1196148.8040010708,89.08800035715103,Current,one_shot,876935.7730002711,876210.4380002711,6,,measured,0.0,143345.3350000491,929
20.743000000000002,445.64799999999997,0.0,dot-1024x32,731825.3729999925,741.777,1358329.7450010986,113.6000007390976,Random,one_shot,1039116.7140002989,1038374.9370002989,6,162164.49900002772,measured,0.0,143345.3350000491,929
21.151,438.3320000000001,0.0,dot-1024x32,647744.1850001924,710.914,1142034.8240011197,90.11200070381165,Predicted,one_shot,822821.79300032,822110.87900032,7,,measured,23593.693999828247,150772.5430001301,929
20.851,437.62899999999996,0.0,dot-1024x32,731825.3729999925,710.385,1196133.8540010708,91.0400003194809,Current,one_shot,876920.8230002711,876210.4380002711,7,,measured,0.0,143345.3350000491,929
21.148,430.28000000000003,0.0,dot-1024x32,731825.3729999925,726.602,1358314.5700010986,113.66400122642517,Random,one_shot,1039101.5390002988,1038374.9370002989,7,162164.49900002772,measured,0.0,143345.3350000491,929
28.613,447.39399999999995,0.0,dot-1024x32,731825.3729999925,1160.459,1196583.9280010709,93.18400174379349,Current,one_shot,877370.8970002711,876210.4380002711,8,,measured,0.0,143345.3350000491,929
20.669,464.771,0.0,dot-1024x32,647744.1850001924,743.89,1142067.8000011197,91.13600105047226,Predicted,one_shot,822854.76900032,822110.87900032,8,,measured,23593.693999828247,150772.5430001301,929
20.857,468.44800000000004,0.0,dot-1024x32,731825.3729999925,765.492,1358353.4600010985,114.33599889278412,Random,one_shot,1039140.4290002988,1038374.9370002989,8,162164.49900002772,measured,0.0,143345.3350000491,929
20.143,368.792,0.0,dot-1024x32,731825.3729999925,636.476,1358224.4440010986,85.82399785518646,Random,one_shot,1039011.4130002989,1038374.9370002989,9,162164.49900002772,measured,0.0,143345.3350000491,929
21.201,457.164,0.0,dot-1024x32,647744.1850001924,729.087,1142052.9970011197,90.11200070381165,Predicted,one_shot,822839.96600032,822110.87900032,9,,measured,23593.693999828247,150772.5430001301,929
20.866,464.7660000000001,0.0,dot-1024x32,731825.3729999925,735.294,1196158.7630010708,90.94399958848953,Current,one_shot,876945.7320002711,876210.4380002711,9,,measured,0.0,143345.3350000491,929
20.546,372.735,0.0,dot-1024x32,731825.3729999925,615.177,1196038.6460010707,62.431998550891876,Current,one_shot,876825.6150002711,876210.4380002711,10,,measured,0.0,143345.3350000491,929
20.779,443.4969999999999,0.0,dot-1024x32,647744.1850001924,712.274,1142036.1840011196,88.22400122880936,Predicted,one_shot,822823.15300032,822110.87900032,10,,measured,23593.693999828247,150772.5430001301,929
21.493000000000002,464.7780000000001,0.0,dot-1024x32,731825.3729999925,770.216,1358358.1840010986,117.5680011510849,Random,one_shot,1039145.1530002989,1038374.9370002989,10,162164.49900002772,measured,0.0,143345.3350000491,929
21.227,464.91999999999996,0.0,dot-1024x32,731825.3729999925,738.885,1196162.3540010708,91.87199920415878,Current,one_shot,876949.3230002711,876210.4380002711,11,,measured,0.0,143345.3350000491,929
20.765,461.86999999999995,0.0,dot-1024x32,731825.3729999925,754.521,1358342.4890010986,112.64000087976456,Random,one_shot,1039129.4580002988,1038374.9370002989,11,162164.49900002772,measured,0.0,143345.3350000491,929
20.692999999999998,468.994,0.0,dot-1024x32,647744.1850001924,738.145,1142062.0550011196,90.84799885749817,Predicted,one_shot,822849.02400032,822110.87900032,11,,measured,23593.693999828247,150772.5430001301,929
20.646,448.31800000000004,0.0,dot-1024x32,731825.3729999925,742.043,1358330.0110010984,113.66400122642517,Random,one_shot,1039116.9800002988,1038374.9370002989,12,162164.49900002772,measured,0.0,143345.3350000491,929
21.127000000000002,472.34800000000007,0.0,dot-1024x32,647744.1850001924,743.175,1142067.0850011196,89.08800035715103,Predicted,one_shot,822854.05400032,822110.87900032,12,,measured,23593.693999828247,150772.5430001301,929
21.695999999999998,474.575,0.0,dot-1024x32,731825.3729999925,747.74,1196171.2090010708,91.13600105047226,Current,one_shot,876958.1780002711,876210.4380002711,12,,measured,0.0,143345.3350000491,929
21.278,441.801,0.0,dot-1024x32,647744.1850001924,712.387,1142036.2970011197,88.83199840784073,Predicted,one_shot,822823.26600032,822110.87900032,13,,measured,23593.693999828247,150772.5430001301,929
21.106,449.48500000000007,0.0,dot-1024x32,731825.3729999925,718.52,1196141.9890010708,89.08800035715103,Current,one_shot,876928.9580002711,876210.4380002711,13,,measured,0.0,143345.3350000491,929
21.848,472.00499999999994,0.0,dot-1024x32,731825.3729999925,782.531,1358370.4990010986,113.66400122642517,Random,one_shot,1039157.4680002988,1038374.9370002989,13,162164.49900002772,measured,0.0,143345.3350000491,929
21.235,469.517,0.0,dot-1024x32,731825.3729999925,746.553,1196170.0220010707,87.87199854850769,Current,one_shot,876956.991000271,876210.4380002711,14,,measured,0.0,143345.3350000491,929
20.314,468.89900000000006,0.0,dot-1024x32,731825.3729999925,763.699,1358351.6670010986,112.47999966144562,Random,one_shot,1039138.6360002989,1038374.9370002989,14,162164.49900002772,measured,0.0,143345.3350000491,929
20.565,480.03700000000003,0.0,dot-1024x32,647744.1850001924,754.987,1142078.8970011196,90.84799885749817,Predicted,one_shot,822865.86600032,822110.87900032,14,,measured,23593.693999828247,150772.5430001301,929
21.595,477.163,0.0,dot-1024x32,731825.3729999925,753.513,1196176.9820010709,91.13600105047226,Current,one_shot,876963.9510002711,876210.4380002711,15,,measured,0.0,143345.3350000491,929
20.868000000000002,481.81500000000005,0.0,dot-1024x32,647744.1850001924,751.906,1142075.8160011196,88.79999816417694,Predicted,one_shot,822862.78500032,822110.87900032,15,,measured,23593.693999828247,150772.5430001301,929
20.845,482.625,0.0,dot-1024x32,731825.3729999925,776.356,1358364.3240010985,111.61600053310394,Random,one_shot,1039151.2930002989,1038374.9370002989,15,162164.49900002772,measured,0.0,143345.3350000491,929
21.067,458.511,0.0,dot-1024x32,647744.1850001924,730.229,1142054.1390011196,89.08800035715103,Predicted,one_shot,822841.10800032,822110.87900032,16,,measured,23593.693999828247,150772.5430001301,929
30.347,473.83599999999996,0.0,dot-1024x32,731825.3729999925,794.721,1358382.6890010985,113.66400122642517,Random,one_shot,1039169.6580002989,1038374.9370002989,16,162164.49900002772,measured,0.0,143345.3350000491,929
21.136000000000003,500.43399999999997,0.0,dot-1024x32,731825.3729999925,783.484,1196206.9530010708,91.13600105047226,Current,one_shot,876993.9220002712,876210.4380002711,16,,measured,0.0,143345.3350000491,929
20.766,489.343,0.0,dot-1024x32,647744.1850001924,766.295,1142090.2050011198,91.13600105047226,Predicted,one_shot,822877.17400032,822110.87900032,17,,measured,23593.693999828247,150772.5430001301,929
21.736,498.284,0.0,dot-1024x32,731825.3729999925,774.68,1196198.1490010708,89.08800035715103,Current,one_shot,876985.1180002711,876210.4380002711,17,,measured,0.0,143345.3350000491,929
21.712,496.148,0.0,dot-1024x32,731825.3729999925,797.055,1358385.0230010985,113.66400122642517,Random,one_shot,1039171.9920002989,1038374.9370002989,17,162164.49900002772,measured,0.0,143345.3350000491,929
21.04,464.248,0.0,dot-1024x32,731825.3729999925,736.655,1196160.1240010709,87.0399996638298,Current,one_shot,876947.0930002711,876210.4380002711,18,,measured,0.0,143345.3350000491,929
21.594,515.8639999999999,0.0,dot-1024x32,647744.1850001924,799.501,1142123.4110011198,92.16000139713287,Predicted,one_shot,822910.38000032,822110.87900032,18,,measured,23593.693999828247,150772.5430001301,929
20.563000000000002,506.022,0.0,dot-1024x32,731825.3729999925,804.49,1358392.4580010986,112.64000087976456,Random,one_shot,1039179.4270002989,1038374.9370002989,18,162164.49900002772,measured,0.0,143345.3350000491,929
28.094,500.86899999999997,0.0,dot-1024x32,731825.3729999925,787.494,1196210.9630010708,91.13600105047226,Current,one_shot,876997.932000271,876210.4380002711,19,,measured,0.0,143345.3350000491,929
20.817,510.902,0.0,dot-1024x32,647744.1850001924,789.324,1142113.2340011196,92.16000139713287,Predicted,one_shot,822900.20300032,822110.87900032,19,,measured,23593.693999828247,150772.5430001301,929
20.938000000000002,516.615,0.0,dot-1024x32,731825.3729999925,815.304,1358403.2720010986,113.66400122642517,Random,one_shot,1039190.2410002989,1038374.9370002989,19,162164.49900002772,measured,0.0,143345.3350000491,929
20.473,422.97799999999995,0.0,dot-1024x32,731825.3729999925,692.885,1358280.8530010986,86.01599931716919,Random,one_shot,1039067.8220002989,1038374.9370002989,20,162164.49900002772,measured,0.0,143345.3350000491,929
22.534,534.3580000000001,0.0,dot-1024x32,731825.3729999925,829.341,1196252.8100010708,93.85599941015244,Current,one_shot,877039.7790002711,876210.4380002711,20,,measured,0.0,143345.3350000491,929
22.019,526.3980000000001,0.0,dot-1024x32,647744.1850001924,807.525,1142131.4350011197,92.16000139713287,Predicted,one_shot,822918.40400032,822110.87900032,20,,measured,23593.693999828247,150772.5430001301,929
20.249000000000002,440.63,0.0,dot-1024x32,647744.1850001924,711.188,1142035.0980011197,63.48799914121628,Predicted,one_shot,822822.06700032,822110.87900032,21,,measured,23593.693999828247,150772.5430001301,929
21.399,521.553,0.0,dot-1024x32,731825.3729999925,798.352,1196221.8210010708,89.75999802350998,Current,one_shot,877008.790000271,876210.4380002711,21,,measured,0.0,143345.3350000491,929
21.273,554.189,0.0,dot-1024x32,731825.3729999925,854.902,1358442.8700010986,114.68800157308578,Random,one_shot,1039229.8390002989,1038374.9370002989,21,162164.49900002772,measured,0.0,143345.3350000491,929
21.075,546.5580000000001,0.0,dot-1024x32,647744.1850001924,832.95,1142156.8600011196,92.16000139713287,Predicted,one_shot,822943.8290003199,822110.87900032,22,,measured,23593.693999828247,150772.5430001301,929
23.761,626.011,0.0,dot-1024x32,731825.3729999925,925.985,1196349.4540010707,94.2080020904541,Current,one_shot,877136.4230002711,876210.4380002711,22,,measured,0.0,143345.3350000491,929
24.061999999999998,667.2320000000001,0.0,dot-1024x32,731825.3729999925,1004.932,1358592.9000010986,117.76000261306763,Random,one_shot,1039379.8690002989,1038374.9370002989,22,162164.49900002772,measured,0.0,143345.3350000491,929
26.816,577.056,0.0,dot-1024x32,647744.1850001924,1409.355,1142733.2650011196,95.36000341176987,Predicted,one_shot,823520.23400032,822110.87900032,23,,measured,23593.693999828247,150772.5430001301,929
24.198,573.4110000000001,0.0,dot-1024x32,731825.3729999925,888.838,1196312.3070010708,94.01600062847137,Current,one_shot,877099.2760002711,876210.4380002711,23,,measured,0.0,143345.3350000491,929
21.98,557.051,0.0,dot-1024x32,731825.3729999925,874.671,1358462.6390010985,114.04799669981003,Random,one_shot,1039249.6080002988,1038374.9370002989,23,162164.49900002772,measured,0.0,143345.3350000491,929
21.691,589.437,0.0,dot-1024x32,647744.1850001924,889.889,1142213.7990011196,93.18400174379349,Predicted,one_shot,823000.76800032,822110.87900032,24,,measured,23593.693999828247,150772.5430001301,929
28.508,578.2279999999998,0.0,dot-1024x32,731825.3729999925,931.208,1196354.6770010707,97.28000313043594,Current,one_shot,877141.6460002711,876210.4380002711,24,,measured,0.0,143345.3350000491,929
22.04,530.879,0.0,dot-1024x32,731825.3729999925,842.132,1358430.1000010986,115.7120019197464,Random,one_shot,1039217.0690002989,1038374.9370002989,24,162164.49900002772,measured,0.0,143345.3350000491,929
21.064,534.6560000000001,0.0,dot-1024x32,647744.1850001924,814.619,1142138.5290011195,92.0960009098053,Predicted,one_shot,822925.4980003199,822110.87900032,25,,measured,23593.693999828247,150772.5430001301,929
21.586,534.532,0.0,dot-1024x32,731825.3729999925,815.967,1196239.4360010708,92.16000139713287,Current,one_shot,877026.405000271,876210.4380002711,25,,measured,0.0,143345.3350000491,929
21.046,518.8969999999999,0.0,dot-1024x32,731825.3729999925,822.209,1358410.1770010986,115.7120019197464,Random,one_shot,1039197.1460002989,1038374.9370002989,25,162164.49900002772,measured,0.0,143345.3350000491,929
20.47,519.17,0.0,dot-1024x32,647744.1850001924,798.366,1142122.2760011198,92.16000139713287,Predicted,one_shot,822909.24500032,822110.87900032,26,,measured,23593.693999828247,150772.5430001301,929
20.674,528.481,0.0,dot-1024x32,731825.3729999925,833.059,1358421.0270010985,114.56000059843063,Random,one_shot,1039207.9960002989,1038374.9370002989,26,162164.49900002772,measured,0.0,143345.3350000491,929
21.878,546.5649999999999,0.0,dot-1024x32,731825.3729999925,829.995,1196253.4640010707,91.13600105047226,Current,one_shot,877040.4330002711,876210.4380002711,26,,measured,0.0,143345.3350000491,929
20.880000000000003,435.476,0.0,dot-1024x32,731825.3729999925,684.408,1196107.8770010709,62.463998794555664,Current,one_shot,876894.8460002712,876210.4380002711,27,,measured,0.0,143345.3350000491,929
20.52,498.561,0.0,dot-1024x32,731825.3729999925,793.078,1358381.0460010986,112.41599917411804,Random,one_shot,1039168.0150002989,1038374.9370002989,27,162164.49900002772,measured,0.0,143345.3350000491,929
21.765,503.7670000000001,0.0,dot-1024x32,647744.1850001924,782.207,1142106.1170011198,92.16000139713287,Predicted,one_shot,822893.08600032,822110.87900032,27,,measured,23593.693999828247,150772.5430001301,929
21.094,414.219,0.0,dot-1024x32,647744.1850001924,675.169,1141999.0790011196,72.7040022611618,Predicted,one_shot,822786.04800032,822110.87900032,28,,measured,23593.693999828247,150772.5430001301,929
20.948999999999998,487.6800000000001,0.0,dot-1024x32,731825.3729999925,785.111,1358373.0790010986,113.66400122642517,Random,one_shot,1039160.0480002989,1038374.9370002989,28,162164.49900002772,measured,0.0,143345.3350000491,929
21.561,483.073,0.0,dot-1024x32,731825.3729999925,757.832,1196181.3010010708,91.13600105047226,Current,one_shot,876968.2700002711,876210.4380002711,28,,measured,0.0,143345.3350000491,929
20.576,432.44699999999995,0.0,dot-1024x32,731825.3729999925,728.071,1358316.0390010986,112.28799819946289,Random,one_shot,1039103.0080002989,1038374.9370002989,29,162164.49900002772,measured,0.0,143345.3350000491,929
21.217,463.37899999999996,0.0,dot-1024x32,731825.3729999925,732.042,1196155.5110010707,87.0399996638298,Current,one_shot,876942.4800002711,876210.4380002711,29,,measured,0.0,143345.3350000491,929
20.868000000000002,463.70300000000003,0.0,dot-1024x32,647744.1850001924,737.006,1142060.9160011197,91.23200178146362,Predicted,one_shot,822847.88500032,822110.87900032,29,,measured,23593.693999828247,150772.5430001301,929
21.185,435.037,0.0,dot-1024x32,731825.3729999925,707.051,1196130.5200010708,88.83199840784073,Current,one_shot,876917.4890002711,876210.4380002711,30,,measured,0.0,143345.3350000491,929
20.716,436.454,0.0,dot-1024x32,731825.3729999925,732.792,1358320.7600010985,112.5119999051094,Random,one_shot,1039107.7290002989,1038374.9370002989,30,162164.49900002772,measured,0.0,143345.3350000491,929
20.971,454.483,0.0,dot-1024x32,647744.1850001924,728.02,1142051.9300011196,91.90399944782257,Predicted,one_shot,822838.89900032,822110.87900032,30,,measured,23593.693999828247,150772.5430001301,929
20.105,436.627,0.0,dot-1024x32,731825.3729999925,733.725,1358321.6930010985,112.64000087976456,Random,one_shot,1039108.6620002988,1038374.9370002989,31,162164.49900002772,measured,0.0,143345.3350000491,929
21.47,431.269,0.0,dot-1024x32,647744.1850001924,703.764,1142027.6740011196,89.08800035715103,Predicted,one_shot,822814.64300032,822110.87900032,31,,measured,23593.693999828247,150772.5430001301,929
21.144,434.3780000000001,0.0,dot-1024x32,731825.3729999925,708.378,1196131.8470010709,90.11200070381165,Current,one_shot,876918.8160002711,876210.4380002711,31,,measured,0.0,143345.3350000491,929
20.862000000000002,429.38599999999997,0.0,dot-1024x32,731825.3729999925,724.199,1358312.1670010986,113.50400000810623,Random,one_shot,1039099.1360002989,1038374.9370002989,32,162164.49900002772,measured,0.0,143345.3350000491,929
22.109,424.427,0.0,dot-1024x32,647744.1850001924,701.341,1142025.2510011196,91.13600105047226,Predicted,one_shot,822812.22000032,822110.87900032,32,,measured,23593.693999828247,150772.5430001301,929
22.11,432.309,0.0,dot-1024x32,731825.3729999925,708.861,1196132.3300010709,90.7839983701706,Current,one_shot,876919.2990002711,876210.4380002711,32,,measured,0.0,143345.3350000491,929
20.639,426.97800000000007,0.0,dot-1024x32,647744.1850001924,698.463,1142022.3730011196,89.08800035715103,Predicted,one_shot,822809.34200032,822110.87900032,33,,measured,23593.693999828247,150772.5430001301,929
21.1,428.763,0.0,dot-1024x32,731825.3729999925,699.115,1196122.5840010708,87.80799806118011,Current,one_shot,876909.5530002711,876210.4380002711,33,,measured,0.0,143345.3350000491,929
20.656,432.56600000000003,0.0,dot-1024x32,731825.3729999925,726.339,1358314.3070010985,113.53600025177002,Random,one_shot,1039101.2760002989,1038374.9370002989,33,162164.49900002772,measured,0.0,143345.3350000491,929
19.815,374.086,0.0,dot-1024x32,731825.3729999925,644.737,1358232.7050010986,87.0399996638298,Random,one_shot,1039019.6740002988,1038374.9370002989,34,162164.49900002772,measured,0.0,143345.3350000491,929
20.584,448.553,0.0,dot-1024x32,647744.1850001924,724.024,1142047.9340011196,91.13600105047226,Predicted,one_shot,822834.90300032,822110.87900032,34,,measured,23593.693999828247,150772.5430001301,929
20.991,446.73,0.0,dot-1024x32,731825.3729999925,720.291,1196143.7600010708,91.13600105047226,Current,one_shot,876930.7290002711,876210.4380002711,34,,measured,0.0,143345.3350000491,929
20.988,450.624,0.0,dot-1024x32,647744.1850001924,724.385,1142048.2950011196,89.08800035715103,Predicted,one_shot,822835.26400032,822110.87900032,35,,measured,23593.693999828247,150772.5430001301,929
22.038,454.03700000000003,0.0,dot-1024x32,731825.3729999925,732.364,1196155.8330010707,93.18400174379349,Current,one_shot,876942.802000271,876210.4380002711,35,,measured,0.0,143345.3350000491,929
20.706,454.712,0.0,dot-1024x32,731825.3729999925,751.781,1358339.7490010986,113.66400122642517,Random,one_shot,1039126.7180002988,1038374.9370002989,35,162164.49900002772,measured,0.0,143345.3350000491,929
21.123,433.353,0.0,dot-1024x32,731825.3729999925,703.01,1196126.4790010708,87.0399996638298,Current,one_shot,876913.4480002711,876210.4380002711,36,,measured,0.0,143345.3350000491,929
20.209000000000003,439.29900000000004,0.0,dot-1024x32,731825.3729999925,732.748,1358320.7160010985,112.64000087976456,Random,one_shot,1039107.6850002989,1038374.9370002989,36,162164.49900002772,measured,0.0,143345.3350000491,929
20.996,450.26800000000003,0.0,dot-1024x32,647744.1850001924,721.249,1142045.1590011197,90.11200070381165,Predicted,one_shot,822832.1280003199,822110.87900032,36,,measured,23593.693999828247,150772.5430001301,929
21.711,441.804,0.0,dot-1024x32,731825.3729999925,727.557,1196151.0260010709,89.91999924182892,Current,one_shot,876937.9950002711,876210.4380002711,37,,measured,0.0,143345.3350000491,929
20.988,447.402,0.0,dot-1024x32,647744.1850001924,719.52,1142043.4300011196,88.86399865150452,Predicted,one_shot,822830.39900032,822110.87900032,37,,measured,23593.693999828247,150772.5430001301,929
21.281,438.45,0.0,dot-1024x32,731825.3729999925,1025.085,1358613.0530010986,113.66400122642517,Random,one_shot,1039400.0220002988,1038374.9370002989,37,162164.49900002772,measured,0.0,143345.3350000491,929
21.381999999999998,435.95099999999996,0.0,dot-1024x32,731825.3729999925,710.359,1196133.8280010708,90.97599983215332,Current,one_shot,876920.7970002712,876210.4380002711,38,,measured,0.0,143345.3350000491,929
20.686,436.70599999999996,0.0,dot-1024x32,647744.1850001924,721.498,1142045.4080011197,90.7839983701706,Predicted,one_shot,822832.37700032,822110.87900032,38,,measured,23593.693999828247,150772.5430001301,929
20.32,443.044,0.0,dot-1024x32,731825.3729999925,735.959,1358323.9270010986,113.37599903345108,Random,one_shot,1039110.8960002989,1038374.9370002989,38,162164.49900002772,measured,0.0,143345.3350000491,929
21.246000000000002,435.67599999999993,0.0,dot-1024x32,731825.3729999925,708.345,1196131.8140010708,90.11200070381165,Current,one_shot,876918.7830002711,876210.4380002711,39,,measured,0.0,143345.3350000491,929
21.015,436.424,0.0,dot-1024x32,731825.3729999925,729.9,1358317.8680010985,112.64000087976456,Random,one_shot,1039104.8370002989,1038374.9370002989,39,162164.49900002772,measured,0.0,143345.3350000491,929
22.758000000000003,448.488,0.0,dot-1024x32,647744.1850001924,737.47,1142061.3800011196,93.18400174379349,Predicted,one_shot,822848.34900032,822110.87900032,39,,measured,23593.693999828247,150772.5430001301,929
20.97,444.76300000000003,0.0,dot-1024x32,647744.1850001924,702.276,1142026.1860011197,63.48799914121628,Predicted,one_shot,822813.1550003199,822110.87900032,40,,measured,23593.693999828247,150772.5430001301,929
22.768,501.124,0.0,dot-1024x32,731825.3729999925,786.584,1196210.0530010709,92.0960009098053,Current,one_shot,876997.0220002711,876210.4380002711,40,,measured,0.0,143345.3350000491,929
20.821,497.40099999999995,0.0,dot-1024x32,731825.3729999925,798.917,1358386.8850010985,114.46399986743927,Random,one_shot,1039173.8540002989,1038374.9370002989,40,162164.49900002772,measured,0.0,143345.3350000491,929
20.966,455.954,0.0,dot-1024x32,731825.3729999925,815.56,1358403.5280010987,88.06400001049042,Random,one_shot,1039190.4970002989,1038374.9370002989,41,162164.49900002772,measured,0.0,143345.3350000491,929
35.782000000000004,510.584,0.0,dot-1024x32,731825.3729999925,816.443,1196239.9120010708,88.06400001049042,Current,one_shot,877026.8810002711,876210.4380002711,41,,measured,0.0,143345.3350000491,929
21.11,500.6480000000001,0.0,dot-1024x32,647744.1850001924,781.164,1142105.0740011197,91.13600105047226,Predicted,one_shot,822892.04300032,822110.87900032,41,,measured,23593.693999828247,150772.5430001301,929
20.112000000000002,409.141,0.0,dot-1024x32,647744.1850001924,653.74,1141977.6500011196,62.463998794555664,Predicted,one_shot,822764.61900032,822110.87900032,42,,measured,23593.693999828247,150772.5430001301,929
27.131999999999998,500.47,0.0,dot-1024x32,731825.3729999925,816.039,1358404.0070010985,113.37599903345108,Random,one_shot,1039190.9760002989,1038374.9370002989,42,162164.49900002772,measured,0.0,143345.3350000491,929
21.27,491.582,0.0,dot-1024x32,731825.3729999925,771.692,1196195.1610010709,92.16000139713287,Current,one_shot,876982.1300002711,876210.4380002711,42,,measured,0.0,143345.3350000491,929
20.772,464.24699999999996,0.0,dot-1024x32,647744.1850001924,739.728,1142063.6380011197,90.91199934482574,Predicted,one_shot,822850.60700032,822110.87900032,43,,measured,23593.693999828247,150772.5430001301,929
21.259,488.057,0.0,dot-1024x32,731825.3729999925,785.124,1358373.0920010984,114.56000059843063,Random,one_shot,1039160.0610002988,1038374.9370002989,43,162164.49900002772,measured,0.0,143345.3350000491,929
20.85,455.62399999999997,0.0,dot-1024x32,731825.3729999925,736.656,1196160.1250010708,90.11200070381165,Current,one_shot,876947.094000271,876210.4380002711,43,,measured,0.0,143345.3350000491,929
19.981,344.324,0.0,dot-1024x32,731825.3729999925,589.827,1196013.2960010709,62.431998550891876,Current,one_shot,876800.2650002711,876210.4380002711,44,,measured,0.0,143345.3350000491,929
20.575000000000003,464.02,0.0,dot-1024x32,647744.1850001924,737.176,1142061.0860011196,90.11200070381165,Predicted,one_shot,822848.05500032,822110.87900032,44,,measured,23593.693999828247,150772.5430001301,929
20.46,452.14799999999997,0.0,dot-1024x32,731825.3729999925,747.153,1358335.1210010985,112.64000087976456,Random,one_shot,1039122.0900002989,1038374.9370002989,44,162164.49900002772,measured,0.0,143345.3350000491,929
19.692,342.4480000000001,0.0,dot-1024x32,731825.3729999925,617.16,1358205.1280010985,93.1520015001297,Random,one_shot,1038992.0970002989,1038374.9370002989,45,162164.49900002772,measured,0.0,143345.3350000491,929
20.383000000000003,435.02299999999997,0.0,dot-1024x32,647744.1850001924,707.132,1142031.0420011196,89.72799777984619,Predicted,one_shot,822818.01100032,822110.87900032,45,,measured,23593.693999828247,150772.5430001301,929
21.055,449.5529999999999,0.0,dot-1024x32,731825.3729999925,722.781,1196146.2500010708,90.11200070381165,Current,one_shot,876933.219000271,876210.4380002711,45,,measured,0.0,143345.3350000491,929
20.604,462.33200000000005,0.0,dot-1024x32,647744.1850001924,733.373,1142057.2830011197,88.06400001049042,Predicted,one_shot,822844.25200032,822110.87900032,46,,measured,23593.693999828247,150772.5430001301,929
20.433999999999997,461.30699999999996,0.0,dot-1024x32,731825.3729999925,754.16,1358342.1280010985,111.61600053310394,Random,one_shot,1039129.0970002989,1038374.9370002989,46,162164.49900002772,measured,0.0,143345.3350000491,929
22.405,457.86299999999994,0.0,dot-1024x32,731825.3729999925,734.823,1196158.2920010707,90.11200070381165,Current,one_shot,876945.2610002711,876210.4380002711,46,,measured,0.0,143345.3350000491,929
20.947000000000003,453.35300000000007,0.0,dot-1024x32,731825.3729999925,750.569,1358338.5370010985,113.56800049543381,Random,one_shot,1039125.5060002989,1038374.9370002989,47,162164.49900002772,measured,0.0,143345.3350000491,929
21.086,457.167,0.0,dot-1024x32,731825.3729999925,726.141,1196149.6100010707,86.81599795818329,Current,one_shot,876936.579000271,876210.4380002711,47,,measured,0.0,143345.3350000491,929
20.77,460.486,0.0,dot-1024x32,647744.1850001924,735.014,1142058.9240011196,91.13600105047226,Predicted,one_shot,822845.89300032,822110.87900032,47,,measured,23593.693999828247,150772.5430001301,929
20.523000000000003,450.024,0.0,dot-1024x32,731825.3729999925,747.19,1358335.1580010985,113.66400122642517,Random,one_shot,1039122.1270002988,1038374.9370002989,48,162164.49900002772,measured,0.0,143345.3350000491,929
21.149,439.027,0.0,dot-1024x32,731825.3729999925,723.898,1196147.3670010709,91.13600105047226,Current,one_shot,876934.3360002711,876210.4380002711,48,,measured,0.0,143345.3350000491,929
20.832,443.84700000000004,0.0,dot-1024x32,647744.1850001924,715.922,1142039.8320011196,90.81599861383438,Predicted,one_shot,822826.80100032,822110.87900032,48,,measured,23593.693999828247,150772.5430001301,929
20.755000000000003,440.42699999999996,0.0,dot-1024x32,731825.3729999925,735.339,1358323.3070010985,113.66400122642517,Random,one_shot,1039110.2760002989,1038374.9370002989,49,162164.49900002772,measured,0.0,143345.3350000491,929
21.147,430.86899999999986,0.0,dot-1024x32,647744.1850001924,700.474,1142024.3840011198,89.08800035715103,Predicted,one_shot,822811.35300032,822110.87900032,49,,measured,23593.693999828247,150772.5430001301,929
21.258,438.98100000000005,0.0,dot-1024x32,731825.3729999925,713.22,1196136.6890010708,90.91199934482574,Current,one_shot,876923.6580002711,876210.4380002711,49,,measured,0.0,143345.3350000491,929
19.962,342.208,0.0,dot-1024x32,731825.3729999925,585.516,1196008.9850010707,62.463998794555664,Current,one_shot,876795.954000271,876210.4380002711,50,,measured,0.0,143345.3350000491,929
20.147,431.569,0.0,dot-1024x32,647744.1850001924,700.986,1142024.8960011196,88.76799792051315,Predicted,one_shot,822811.86500032,822110.87900032,50,,measured,23593.693999828247,150772.5430001301,929
24.042,448.17199999999985,0.0,dot-1024x32,731825.3729999925,778.743,1358366.7110010986,118.78400295972824,Random,one_shot,1039153.6800002989,1038374.9370002989,50,162164.49900002772,measured,0.0,143345.3350000491,929
21.372999999999998,456.149,0.0,dot-1024x32,647744.1850001924,745.715,1142069.6250011197,89.40800279378891,Predicted,one_shot,822856.59400032,822110.87900032,51,,measured,23593.693999828247,150772.5430001301,929
20.948,461.803,0.0,dot-1024x32,731825.3729999925,767.38,1358355.3480010985,112.2559979557991,Random,one_shot,1039142.3170002989,1038374.9370002989,51,162164.49900002772,measured,0.0,143345.3350000491,929
21.675,454.36300000000006,0.0,dot-1024x32,731825.3729999925,733.606,1196157.0750010707,91.13600105047226,Current,one_shot,876944.0440002711,876210.4380002711,51,,measured,0.0,143345.3350000491,929
21.168999999999997,444.15099999999995,0.0,dot-1024x32,647744.1850001924,717.68,1142041.5900011198,90.87999910116196,Predicted,one_shot,822828.55900032,822110.87900032,52,,measured,23593.693999828247,150772.5430001301,929
21.213,445.28299999999996,0.0,dot-1024x32,731825.3729999925,714.883,1196138.3520010707,88.06400001049042,Current,one_shot,876925.3210002711,876210.4380002711,52,,measured,0.0,143345.3350000491,929
21.192,457.68100000000004,0.0,dot-1024x32,731825.3729999925,1081.459,1358669.4270010986,112.64000087976456,Random,one_shot,1039456.3960002989,1038374.9370002989,52,162164.49900002772,measured,0.0,143345.3350000491,929
21.719,440.134,0.0,dot-1024x32,731825.3729999925,713.797,1196137.2660010708,87.87199854850769,Current,one_shot,876924.2350002711,876210.4380002711,53,,measured,0.0,143345.3350000491,929
21.144,445.845,0.0,dot-1024x32,647744.1850001924,718.757,1142042.6670011196,90.97599983215332,Predicted,one_shot,822829.63600032,822110.87900032,53,,measured,23593.693999828247,150772.5430001301,929
20.454,446.5369999999999,0.0,dot-1024x32,731825.3729999925,739.859,1358327.8270010985,113.66400122642517,Random,one_shot,1039114.7960002989,1038374.9370002989,53,162164.49900002772,measured,0.0,143345.3350000491,929
21.631,446.357,0.0,dot-1024x32,647744.1850001924,721.562,1142045.4720011197,90.11200070381165,Predicted,one_shot,822832.44100032,822110.87900032,54,,measured,23593.693999828247,150772.5430001301,929
22.097,545.754,0.0,dot-1024x32,731825.3729999925,836.385,1196259.8540010708,92.96000003814697,Current,one_shot,877046.8230002711,876210.4380002711,54,,measured,0.0,143345.3350000491,929
21.479,529.492,0.0,dot-1024x32,731825.3729999925,838.208,1358426.1760010985,113.66400122642517,Random,one_shot,1039213.1450002989,1038374.9370002989,54,162164.49900002772,measured,0.0,143345.3350000491,929
21.395,508.7059999999999,0.0,dot-1024x32,731825.3729999925,785.504,1196208.9730010708,88.06400001049042,Current,one_shot,876995.942000271,876210.4380002711,55,,measured,0.0,143345.3350000491,929
21.761000000000003,589.0399999999997,0.0,dot-1024x32,731825.3729999925,897.318,1358485.2860010986,116.41599982976913,Random,one_shot,1039272.2550002988,1038374.9370002989,55,162164.49900002772,measured,0.0,143345.3350000491,929
30.820999999999998,592.556,0.0,dot-1024x32,647744.1850001924,936.237,1142260.1470011196,95.23200243711472,Predicted,one_shot,823047.11600032,822110.87900032,55,,measured,23593.693999828247,150772.5430001301,929
32.867,664.37,0.0,dot-1024x32,731825.3729999925,1072.832,1358660.8000010985,121.50400131940842,Random,one_shot,1039447.7690002989,1038374.9370002989,56,162164.49900002772,measured,0.0,143345.3350000491,929
39.443,718.3239999999998,0.0,dot-1024x32,647744.1850001924,1150.26,1142474.1700011196,95.23200243711472,Predicted,one_shot,823261.13900032,822110.87900032,56,,measured,23593.693999828247,150772.5430001301,929
26.581,647.379,0.0,dot-1024x32,731825.3729999925,1027.387,1196450.8560010707,98.30400347709656,Current,one_shot,877237.8250002711,876210.4380002711,56,,measured,0.0,143345.3350000491,929
31.428,724.4000000000001,0.0,dot-1024x32,647744.1850001924,1151.09,1142475.0000011197,100.35199671983719,Predicted,one_shot,823261.96900032,822110.87900032,57,,measured,23593.693999828247,150772.5430001301,929
39.993,749.699,0.0,dot-1024x32,731825.3729999925,1242.687,1196666.1560010707,102.39999741315842,Current,one_shot,877453.1250002711,876210.4380002711,57,,measured,0.0,143345.3350000491,929
24.346,613.855,0.0,dot-1024x32,731825.3729999925,1033.424,1358621.3920010985,119.74400281906128,Random,one_shot,1039408.3610002989,1038374.9370002989,57,162164.49900002772,measured,0.0,143345.3350000491,929
35.576,722.4749999999998,0.0,dot-1024x32,647744.1850001924,1220.63,1142544.5400011197,104.2879968881607,Predicted,one_shot,823331.50900032,822110.87900032,58,,measured,23593.693999828247,150772.5430001301,929
22.113999999999997,562.303,0.0,dot-1024x32,731825.3729999925,971.354,1358559.3220010987,115.4559999704361,Random,one_shot,1039346.2910002989,1038374.9370002989,58,162164.49900002772,measured,0.0,143345.3350000491,929
27.43,550.3560000000001,0.0,dot-1024x32,731825.3729999925,856.434,1196279.9030010707,93.18400174379349,Current,one_shot,877066.8720002711,876210.4380002711,58,,measured,0.0,143345.3350000491,929
21.536,521.1350000000001,0.0,dot-1024x32,731825.3729999925,825.468,1358413.4360010985,115.35999923944473,Random,one_shot,1039200.4050002989,1038374.9370002989,59,162164.49900002772,measured,0.0,143345.3350000491,929
21.006999999999998,515.763,0.0,dot-1024x32,647744.1850001924,793.421,1142117.3310011197,91.13600105047226,Predicted,one_shot,822904.30000032,822110.87900032,59,,measured,23593.693999828247,150772.5430001301,929
22.351,519.115,0.0,dot-1024x32,731825.3729999925,797.884,1196221.3530010707,91.13600105047226,Current,one_shot,877008.3220002711,876210.4380002711,59,,measured,0.0,143345.3350000491,929
20.994999999999997,467.9460000000001,0.0,dot-1024x32,731825.3729999925,766.705,1358354.6730010984,113.37599903345108,Random,one_shot,1039141.6420002988,1038374.9370002989,60,162164.49900002772,measured,0.0,143345.3350000491,929
20.491,457.644,0.0,dot-1024x32,731825.3729999925,729.012,1196152.4810010707,88.03199976682663,Current,one_shot,876939.4500002711,876210.4380002711,60,,measured,0.0,143345.3350000491,929
20.817,521.308,0.0,dot-1024x32,647744.1850001924,797.666,1142121.5760011196,92.96000003814697,Predicted,one_shot,822908.54500032,822110.87900032,60,,measured,23593.693999828247,150772.5430001301,929
20.826999999999998,455.232,0.0,dot-1024x32,731825.3729999925,728.772,1196152.2410010707,88.8959988951683,Current,one_shot,876939.2100002711,876210.4380002711,61,,measured,0.0,143345.3350000491,929
21.046,470.987,0.0,dot-1024x32,731825.3729999925,765.48,1358353.4480010986,113.50400000810623,Random,one_shot,1039140.4170002989,1038374.9370002989,61,162164.49900002772,measured,0.0,143345.3350000491,929
20.633,468.505,0.0,dot-1024x32,647744.1850001924,741.035,1142064.9450011197,91.0400003194809,Predicted,one_shot,822851.91400032,822110.87900032,61,,measured,23593.693999828247,150772.5430001301,929
20.897,461.11100000000005,0.0,dot-1024x32,731825.3729999925,735.197,1196158.6660010708,90.84799885749817,Current,one_shot,876945.6350002711,876210.4380002711,62,,measured,0.0,143345.3350000491,929
20.183,465.583,0.0,dot-1024x32,731825.3729999925,762.431,1358350.3990010985,113.66400122642517,Random,one_shot,1039137.3680002989,1038374.9370002989,62,162164.49900002772,measured,0.0,143345.3350000491,929
20.880000000000003,452.52200000000005,0.0,dot-1024x32,647744.1850001924,725.484,1142049.3940011198,90.7839983701706,Predicted,one_shot,822836.36300032,822110.87900032,62,,measured,23593.693999828247,150772.5430001301,929
20.631,438.78499999999997,0.0,dot-1024x32,731825.3729999925,734.645,1358322.6130010986,113.66400122642517,Random,one_shot,1039109.5820002989,1038374.9370002989,63,162164.49900002772,measured,0.0,143345.3350000491,929
21.468,449.549,0.0,dot-1024x32,731825.3729999925,723.099,1196146.5680010708,92.16000139713287,Current,one_shot,876933.5370002711,876210.4380002711,63,,measured,0.0,143345.3350000491,929
20.612000000000002,434.579,0.0,dot-1024x32,647744.1850001924,715.732,1142039.6420011197,91.13600105047226,Predicted,one_shot,822826.61100032,822110.87900032,63,,measured,23593.693999828247,150772.5430001301,929
21.115000000000002,,,dot-1024x32,,117.737,,91.13600105047226,Current,resident,,,0,,warmup,,,930
21.548000000000002,,,dot-1024x32,,139.51,,113.66400122642517,Random,resident,,,0,,warmup,,,930
20.143,,,dot-1024x32,,118.466,,92.16000139713287,Predicted,resident,,,0,,warmup,,,930
19.14,,,dot-1024x32,,86.35,,60.416001826524734,Predicted,resident,,,1,,warmup,,,930
19.061,,,dot-1024x32,,136.553,,111.23199760913849,Random,resident,,,1,,warmup,,,930
20.344,,,dot-1024x32,,117.24,,90.11200070381165,Current,resident,,,1,,warmup,,,930
19.573999999999998,,,dot-1024x32,,137.516,,111.61600053310394,Random,resident,,,2,,warmup,,,930
20.264,,,dot-1024x32,,116.207,,90.94399958848953,Current,resident,,,2,,warmup,,,930
21.02,,,dot-1024x32,,117.238,,90.4960036277771,Predicted,resident,,,2,,warmup,,,930
19.131,,,dot-1024x32,,139.27,,113.66400122642517,Random,resident,,,3,,warmup,,,930
20.387999999999998,,,dot-1024x32,,117.152,,92.16000139713287,Current,resident,,,3,,warmup,,,930
19.576,,,dot-1024x32,,116.141,,90.87999910116196,Predicted,resident,,,3,,warmup,,,930
19.033,,,dot-1024x32,,86.047,,61.055999249219894,Predicted,resident,,,4,,warmup,,,930
19.415,,,dot-1024x32,,137.936,,111.61600053310394,Random,resident,,,4,,warmup,,,930
19.979,,,dot-1024x32,,116.292,,90.97599983215332,Current,resident,,,4,,warmup,,,930
19.148,,,dot-1024x32,,86.861,,61.43999844789505,Current,resident,,,5,,warmup,,,930
19.601,,,dot-1024x32,,136.638,,111.61600053310394,Random,resident,,,5,,warmup,,,930
19.127,,,dot-1024x32,,117.037,,91.13600105047226,Predicted,resident,,,5,,warmup,,,930
19.679000000000002,,,dot-1024x32,,92.367,,66.56000018119812,Predicted,resident,,,6,,warmup,,,930
20.026,,,dot-1024x32,,118.038,,92.16000139713287,Current,resident,,,6,,warmup,,,930
19.310000000000002,,,dot-1024x32,,137.55,,111.87200248241425,Random,resident,,,6,,warmup,,,930
19.491,,,dot-1024x32,,117.423,,92.16000139713287,Predicted,resident,,,7,,warmup,,,930
19.144,,,dot-1024x32,,139.576,,112.76800185441971,Random,resident,,,7,,warmup,,,930
19.429,,,dot-1024x32,,117.585,,92.0960009098053,Current,resident,,,7,,warmup,,,930
19.442999999999998,,,dot-1024x32,,117.801,,92.16000139713287,Predicted,resident,,,8,,warmup,,,930
19.772,,,dot-1024x32,,137.061,,111.61600053310394,Random,resident,,,8,,warmup,,,930
19.665,,,dot-1024x32,,117.621,,91.39200299978256,Current,resident,,,8,,warmup,,,930
24.997,,,dot-1024x32,,117.603,,91.13600105047226,Predicted,resident,,,9,,warmup,,,930
19.744,,,dot-1024x32,,139.717,,113.27999830245972,Random,resident,,,9,,warmup,,,930
27.903,,,dot-1024x32,,118.526,,91.90399944782257,Current,resident,,,9,,warmup,,,930
20.189999999999998,,,dot-1024x32,,88.588,,61.69600039720535,Current,resident,,,10,,warmup,,,930
19.451,,,dot-1024x32,,117.846,,92.16000139713287,Predicted,resident,,,10,,warmup,,,930
19.208,,,dot-1024x32,,138.108,,112.64000087976456,Random,resident,,,10,,warmup,,,930
19.514000000000003,,,dot-1024x32,,116.81,,91.13600105047226,Predicted,resident,,,11,,warmup,,,930
19.709,,,dot-1024x32,,136.95,,111.26399785280228,Random,resident,,,11,,warmup,,,930
19.561,,,dot-1024x32,,117.302,,91.13600105047226,Current,resident,,,11,,warmup,,,930
34.064,,,dot-1024x32,,158.068,,115.7120019197464,Random,resident,,,12,,warmup,,,930
27.816000000000003,,,dot-1024x32,,142.673,,97.15200215578079,Current,resident,,,12,,warmup,,,930
20.637,,,dot-1024x32,,119.413,,93.12000125646591,Predicted,resident,,,12,,warmup,,,930
19.304000000000002,,,dot-1024x32,,86.994,,61.40799820423126,Predicted,resident,,,13,,warmup,,,930
19.313,,,dot-1024x32,,139.323,,113.43999952077866,Random,resident,,,13,,warmup,,,930
19.71,,,dot-1024x32,,116.767,,92.16000139713287,Current,resident,,,13,,warmup,,,930
19.118000000000002,,,dot-1024x32,,86.475,,60.416001826524734,Current,resident,,,14,,warmup,,,930
19.109,,,dot-1024x32,,135.951,,110.3999987244606,Random,resident,,,14,,warmup,,,930
19.987000000000002,,,dot-1024x32,,115.9,,91.0400003194809,Predicted,resident,,,14,,warmup,,,930
21.189,,,dot-1024x32,,138.608,,112.35199868679047,Random,resident,,,15,,warmup,,,930
19.633,,,dot-1024x32,,117.019,,91.90399944782257,Current,resident,,,15,,warmup,,,930
19.387,,,dot-1024x32,,116.517,,92.0960009098053,Predicted,resident,,,15,,warmup,,,930
19.997,,,dot-1024x32,,115.755,,91.10400080680847,Current,resident,,,0,,measured,,,930
19.233,,,dot-1024x32,,116.477,,91.00800007581711,Predicted,resident,,,0,,measured,,,930
18.887999999999998,,,dot-1024x32,,137.14,,112.44799941778183,Random,resident,,,0,,measured,,,930
18.461,,,dot-1024x32,,110.205,,84.99199897050858,Random,resident,,,1,,measured,,,930
19.816,,,dot-1024x32,,117.054,,91.90399944782257,Current,resident,,,1,,measured,,,930
19.627000000000002,,,dot-1024x32,,116.447,,91.80799871683121,Predicted,resident,,,1,,measured,,,930
18.97,,,dot-1024x32,,85.804,,60.416001826524734,Predicted,resident,,,2,,measured,,,930
20.122999999999998,,,dot-1024x32,,137.765,,111.51999980211258,Random,resident,,,2,,measured,,,930
19.985999999999997,,,dot-1024x32,,117.134,,91.13600105047226,Current,resident,,,2,,measured,,,930
19.228,,,dot-1024x32,,86.49,,61.40799820423126,Current,resident,,,3,,measured,,,930
19.582,,,dot-1024x32,,137.818,,111.61600053310394,Random,resident,,,3,,measured,,,930
19.276,,,dot-1024x32,,117.403,,92.16000139713287,Predicted,resident,,,3,,measured,,,930
19.740000000000002,,,dot-1024x32,,137.626,,112.5440001487732,Random,resident,,,4,,measured,,,930
19.65,,,dot-1024x32,,115.823,,90.7519981265068,Predicted,resident,,,4,,measured,,,930
20.054000000000002,,,dot-1024x32,,116.607,,91.13600105047226,Current,resident,,,4,,measured,,,930
19.39,,,dot-1024x32,,137.868,,112.31999844312668,Random,resident,,,5,,measured,,,930
23.674,,,dot-1024x32,,116.184,,91.13600105047226,Predicted,resident,,,5,,measured,,,930
19.559,,,dot-1024x32,,117.316,,92.06400066614151,Current,resident,,,5,,measured,,,930
19.671,,,dot-1024x32,,115.979,,90.11200070381165,Predicted,resident,,,6,,measured,,,930
20.087000000000003,,,dot-1024x32,,115.734,,90.11200070381165,Current,resident,,,6,,measured,,,930
19.093,,,dot-1024x32,,136.67,,110.81600189208984,Random,resident,,,6,,measured,,,930
19.712,,,dot-1024x32,,116.834,,90.87999910116196,Current,resident,,,7,,measured,,,930
19.339,,,dot-1024x32,,117.208,,91.13600105047226,Predicted,resident,,,7,,measured,,,930
18.778,,,dot-1024x32,,137.684,,112.64000087976456,Random,resident,,,7,,measured,,,930
19.368,,,dot-1024x32,,116.549,,91.20000153779984,Current,resident,,,8,,measured,,,930
19.461,,,dot-1024x32,,116.243,,90.7519981265068,Predicted,resident,,,8,,measured,,,930
19.409,,,dot-1024x32,,138.06,,112.35199868679047,Random,resident,,,8,,measured,,,930
19.328,,,dot-1024x32,,116.339,,91.0400003194809,Predicted,resident,,,9,,measured,,,930
18.813000000000002,,,dot-1024x32,,137.297,,111.61600053310394,Random,resident,,,9,,measured,,,930
20.003999999999998,,,dot-1024x32,,117.139,,91.839998960495,Current,resident,,,9,,measured,,,930
19.308,,,dot-1024x32,,116.404,,90.94399958848953,Predicted,resident,,,10,,measured,,,930
19.58,,,dot-1024x32,,115.526,,90.11200070381165,Current,resident,,,10,,measured,,,930
19.305,,,dot-1024x32,,139.029,,113.66400122642517,Random,resident,,,10,,measured,,,930
19.646,,,dot-1024x32,,116.815,,91.93599969148636,Current,resident,,,11,,measured,,,930
19.522,,,dot-1024x32,,137.848,,112.64000087976456,Random,resident,,,11,,measured,,,930
19.835,,,dot-1024x32,,117.924,,92.00000017881393,Predicted,resident,,,11,,measured,,,930
23.846,,,dot-1024x32,,142.07,,96.44799679517746,Current,resident,,,12,,measured,,,930
20.214,,,dot-1024x32,,139.733,,113.76000195741653,Random,resident,,,12,,measured,,,930
19.767,,,dot-1024x32,,116.992,,91.839998960495,Predicted,resident,,,12,,measured,,,930
19.012999999999998,,,dot-1024x32,,86.933,,61.43999844789505,Predicted,resident,,,13,,measured,,,930
20.015,,,dot-1024x32,,117.207,,92.16000139713287,Current,resident,,,13,,measured,,,930
19.183,,,dot-1024x32,,139.002,,113.66400122642517,Random,resident,,,13,,measured,,,930
18.57,,,dot-1024x32,,110.949,,84.99199897050858,Random,resident,,,14,,measured,,,930
19.32,,,dot-1024x32,,117.127,,92.12800115346909,Predicted,resident,,,14,,measured,,,930
20.725,,,dot-1024x32,,125.543,,94.2080020904541,Current,resident,,,14,,measured,,,930
21.385,,,dot-1024x32,,138.338,,113.34399878978729,Random,resident,,,15,,measured,,,930
19.391,,,dot-1024x32,,116.869,,91.13600105047226,Predicted,resident,,,15,,measured,,,930
19.72,,,dot-1024x32,,116.158,,91.0400003194809,Current,resident,,,15,,measured,,,930
20.006999999999998,,,dot-1024x32,,117.306,,91.13600105047226,Predicted,resident,,,16,,measured,,,930
19.565,,,dot-1024x32,,115.985,,91.13600105047226,Current,resident,,,16,,measured,,,930
19.329,,,dot-1024x32,,137.52,,112.41599917411804,Random,resident,,,16,,measured,,,930
19.522,,,dot-1024x32,,117.072,,91.13600105047226,Current,resident,,,17,,measured,,,930
19.758000000000003,,,dot-1024x32,,116.766,,91.13600105047226,Predicted,resident,,,17,,measured,,,930
20.846,,,dot-1024x32,,138.205,,112.44799941778183,Random,resident,,,17,,measured,,,930
19.570999999999998,,,dot-1024x32,,116.439,,91.13600105047226,Predicted,resident,,,18,,measured,,,930
19.905,,,dot-1024x32,,116.717,,91.13600105047226,Current,resident,,,18,,measured,,,930
19.567,,,dot-1024x32,,137.648,,112.38399893045425,Random,resident,,,18,,measured,,,930
19.523,,,dot-1024x32,,116.694,,91.13600105047226,Predicted,resident,,,19,,measured,,,930
19.605,,,dot-1024x32,,117.246,,91.13600105047226,Current,resident,,,19,,measured,,,930
18.802999999999997,,,dot-1024x32,,136.388,,111.42399907112122,Random,resident,,,19,,measured,,,930
19.817999999999998,,,dot-1024x32,,115.478,,90.81599861383438,Current,resident,,,20,,measured,,,930
19.229,,,dot-1024x32,,137.838,,112.5440001487732,Random,resident,,,20,,measured,,,930
24.71,,,dot-1024x32,,116.871,,91.13600105047226,Predicted,resident,,,20,,measured,,,930
18.619,,,dot-1024x32,,87.509,,62.111999839544296,Predicted,resident,,,21,,measured,,,930
20.618000000000002,,,dot-1024x32,,118.526,,92.16000139713287,Current,resident,,,21,,measured,,,930
19.342,,,dot-1024x32,,136.863,,111.61600053310394,Random,resident,,,21,,measured,,,930
18.891,,,dot-1024x32,,108.968,,83.61600339412689,Random,resident,,,22,,measured,,,930
27.191000000000003,,,dot-1024x32,,142.308,,96.25600278377533,Predicted,resident,,,22,,measured,,,930
21.61,,,dot-1024x32,,122.225,,93.18400174379349,Current,resident,,,22,,measured,,,930
19.847,,,dot-1024x32,,118.402,,92.16000139713287,Predicted,resident,,,23,,measured,,,930
20.306,,,dot-1024x32,,116.499,,90.94399958848953,Current,resident,,,23,,measured,,,930
20.484,,,dot-1024x32,,139.228,,112.64000087976456,Random,resident,,,23,,measured,,,930
18.896,,,dot-1024x32,,109.557,,83.96799862384796,Random,resident,,,24,,measured,,,930
19.458,,,dot-1024x32,,116.716,,91.13600105047226,Predicted,resident,,,24,,measured,,,930
20.098,,,dot-1024x32,,117.647,,93.18400174379349,Current,resident,,,24,,measured,,,930
19.53,,,dot-1024x32,,116.35,,91.13600105047226,Predicted,resident,,,25,,measured,,,930
19.334,,,dot-1024x32,,116.656,,91.0400003194809,Current,resident,,,25,,measured,,,930
19.055999999999997,,,dot-1024x32,,136.725,,111.61600053310394,Random,resident,,,25,,measured,,,930
19.326999999999998,,,dot-1024x32,,117.068,,90.84799885749817,Predicted,resident,,,26,,measured,,,930
18.92,,,dot-1024x32,,137.301,,111.61600053310394,Random,resident,,,26,,measured,,,930
19.633000000000003,,,dot-1024x32,,116.011,,91.13600105047226,Current,resident,,,26,,measured,,,930
19.799,,,dot-1024x32,,86.694,,61.43999844789505,Current,resident,,,27,,measured,,,930
19.21,,,dot-1024x32,,116.674,,91.13600105047226,Predicted,resident,,,27,,measured,,,930
18.762999999999998,,,dot-1024x32,,137.297,,111.77600175142288,Random,resident,,,27,,measured,,,930
19.241999999999997,,,dot-1024x32,,115.998,,91.13600105047226,Predicted,resident,,,28,,measured,,,930
19.668,,,dot-1024x32,,117.216,,92.06400066614151,Current,resident,,,28,,measured,,,930
19.267000000000003,,,dot-1024x32,,138.022,,112.28799819946289,Random,resident,,,28,,measured,,,930
18.194000000000003,,,dot-1024x32,,108.486,,82.94399827718735,Random,resident,,,29,,measured,,,930
19.084,,,dot-1024x32,,117.153,,92.16000139713287,Predicted,resident,,,29,,measured,,,930
19.244,,,dot-1024x32,,117.03,,91.13600105047226,Current,resident,,,29,,measured,,,930
22.963,,,dot-1024x32,,89.297,,60.416001826524734,Current,resident,,,30,,measured,,,930
18.972,,,dot-1024x32,,136.96,,111.61600053310394,Random,resident,,,30,,measured,,,930
20.005,,,dot-1024x32,,116.865,,91.80799871683121,Predicted,resident,,,30,,measured,,,930
19.258000000000003,,,dot-1024x32,,137.714,,112.64000087976456,Random,resident,,,31,,measured,,,930
19.378999999999998,,,dot-1024x32,,116.889,,91.13600105047226,Predicted,resident,,,31,,measured,,,930
19.316,,,dot-1024x32,,116.723,,91.13600105047226,Current,resident,,,31,,measured,,,930
19.169,,,dot-1024x32,,87.045,,61.43999844789505,Current,resident,,,32,,measured,,,930
19.156,,,dot-1024x32,,115.873,,90.11200070381165,Predicted,resident,,,32,,measured,,,930
19.141,,,dot-1024x32,,136.986,,111.93600296974182,Random,resident,,,32,,measured,,,930
18.461,,,dot-1024x32,,109.73,,83.96799862384796,Random,resident,,,33,,measured,,,930
20.374,,,dot-1024x32,,117.838,,92.00000017881393,Current,resident,,,33,,measured,,,930
19.21,,,dot-1024x32,,116.996,,91.13600105047226,Predicted,resident,,,33,,measured,,,930
20.674,,,dot-1024x32,,117.328,,91.00800007581711,Current,resident,,,34,,measured,,,930
19.822,,,dot-1024x32,,115.515,,90.81599861383438,Predicted,resident,,,34,,measured,,,930
19.274,,,dot-1024x32,,137.937,,112.5119999051094,Random,resident,,,34,,measured,,,930
19.369,,,dot-1024x32,,117.281,,91.96799993515015,Current,resident,,,35,,measured,,,930
19.043,,,dot-1024x32,,136.47,,111.61600053310394,Random,resident,,,35,,measured,,,930
18.65,,,dot-1024x32,,116.706,,91.839998960495,Predicted,resident,,,35,,measured,,,930
19.534,,,dot-1024x32,,137.242,,111.51999980211258,Random,resident,,,36,,measured,,,930
20.573999999999998,,,dot-1024x32,,118.562,,92.16000139713287,Current,resident,,,36,,measured,,,930
19.82,,,dot-1024x32,,116.938,,90.87999910116196,Predicted,resident,,,36,,measured,,,930
19.876,,,dot-1024x32,,115.974,,90.81599861383438,Current,resident,,,37,,measured,,,930
19.384999999999998,,,dot-1024x32,,116.587,,91.13600105047226,Predicted,resident,,,37,,measured,,,930
19.192,,,dot-1024x32,,138.584,,112.38399893045425,Random,resident,,,37,,measured,,,930
18.611,,,dot-1024x32,,108.253,,82.94399827718735,Random,resident,,,38,,measured,,,930
20.867,,,dot-1024x32,,116.813,,91.77599847316742,Current,resident,,,38,,measured,,,930
19.617,,,dot-1024x32,,116.824,,91.13600105047226,Predicted,resident,,,38,,measured,,,930
19.769,,,dot-1024x32,,137.056,,111.61600053310394,Random,resident,,,39,,measured,,,930
19.807000000000002,,,dot-1024x32,,117.191,,91.87199920415878,Current,resident,,,39,,measured,,,930
19.570999999999998,,,dot-1024x32,,116.759,,91.13600105047226,Predicted,resident,,,39,,measured,,,930
18.801000000000002,,,dot-1024x32,,87.002,,61.055999249219894,Predicted,resident,,,40,,measured,,,930
20.288,,,dot-1024x32,,116.526,,91.13600105047226,Current,resident,,,40,,measured,,,930
19.102,,,dot-1024x32,,136.696,,111.58400028944016,Random,resident,,,40,,measured,,,930
19.239,,,dot-1024x32,,116.458,,91.13600105047226,Current,resident,,,41,,measured,,,930
19.301000000000002,,,dot-1024x32,,116.819,,92.16000139713287,Predicted,resident,,,41,,measured,,,930
19.113,,,dot-1024x32,,139.192,,113.66400122642517,Random,resident,,,41,,measured,,,930
18.494,,,dot-1024x32,,109.167,,83.96799862384796,Random,resident,,,42,,measured,,,930
19.545,,,dot-1024x32,,116.83,,91.13600105047226,Current,resident,,,42,,measured,,,930
19.551000000000002,,,dot-1024x32,,117.139,,91.13600105047226,Predicted,resident,,,42,,measured,,,930
19.191000000000003,,,dot-1024x32,,137.891,,112.64000087976456,Random,resident,,,43,,measured,,,930
19.060000000000002,,,dot-1024x32,,116.799,,90.84799885749817,Current,resident,,,43,,measured,,,930
20.061,,,dot-1024x32,,116.05,,91.13600105047226,Predicted,resident,,,43,,measured,,,930
19.735999999999997,,,dot-1024x32,,116.071,,91.0400003194809,Current,resident,,,44,,measured,,,930
18.997,,,dot-1024x32,,136.209,,110.59200018644333,Random,resident,,,44,,measured,,,930
19.543,,,dot-1024x32,,116.684,,91.87199920415878,Predicted,resident,,,44,,measured,,,930
18.798000000000002,,,dot-1024x32,,86.216,,61.344001442193985,Predicted,resident,,,45,,measured,,,930
19.045,,,dot-1024x32,,137.144,,112.28799819946289,Random,resident,,,45,,measured,,,930
20.092,,,dot-1024x32,,117.224,,91.13600105047226,Current,resident,,,45,,measured,,,930
19.191000000000003,,,dot-1024x32,,137.663,,110.59200018644333,Random,resident,,,46,,measured,,,930
19.788,,,dot-1024x32,,116.647,,91.13600105047226,Current,resident,,,46,,measured,,,930
19.354,,,dot-1024x32,,116.089,,90.84799885749817,Predicted,resident,,,46,,measured,,,930
19.087,,,dot-1024x32,,136.987,,112.35199868679047,Random,resident,,,47,,measured,,,930
19.609,,,dot-1024x32,,117.099,,91.13600105047226,Current,resident,,,47,,measured,,,930
19.142,,,dot-1024x32,,117.147,,91.13600105047226,Predicted,resident,,,47,,measured,,,930
23.328000000000003,,,dot-1024x32,,113.815,,65.5359998345375,Predicted,resident,,,48,,measured,,,930
21.686,,,dot-1024x32,,140.994,,113.53600025177002,Random,resident,,,48,,measured,,,930
19.926000000000002,,,dot-1024x32,,118.105,,92.00000017881393,Current,resident,,,48,,measured,,,930
19.122999999999998,,,dot-1024x32,,138.557,,111.61600053310394,Random,resident,,,49,,measured,,,930
19.203,,,dot-1024x32,,117.293,,91.13600105047226,Predicted,resident,,,49,,measured,,,930
20.301000000000002,,,dot-1024x32,,117.636,,91.13600105047226,Current,resident,,,49,,measured,,,930
19.299,,,dot-1024x32,,137.653,,112.5119999051094,Random,resident,,,50,,measured,,,930
19.288,,,dot-1024x32,,117.079,,91.13600105047226,Predicted,resident,,,50,,measured,,,930
19.83,,,dot-1024x32,,116.676,,90.91199934482574,Current,resident,,,50,,measured,,,930
19.799,,,dot-1024x32,,87.268,,61.43999844789505,Current,resident,,,51,,measured,,,930
19.837,,,dot-1024x32,,137.215,,111.61600053310394,Random,resident,,,51,,measured,,,930
20.09,,,dot-1024x32,,116.867,,90.94399958848953,Predicted,resident,,,51,,measured,,,930
19.119,,,dot-1024x32,,87.656,,61.344001442193985,Predicted,resident,,,52,,measured,,,930
20.149,,,dot-1024x32,,117.084,,91.13600105047226,Current,resident,,,52,,measured,,,930
19.538,,,dot-1024x32,,137.668,,112.2559979557991,Random,resident,,,52,,measured,,,930
18.14,,,dot-1024x32,,110.01,,83.96799862384796,Random,resident,,,53,,measured,,,930
19.613,,,dot-1024x32,,116.807,,91.23200178146362,Predicted,resident,,,53,,measured,,,930
19.859,,,dot-1024x32,,116.438,,91.36000275611877,Current,resident,,,53,,measured,,,930
19.396,,,dot-1024x32,,85.913,,61.3120011985302,Current,resident,,,54,,measured,,,930
19.167,,,dot-1024x32,,115.591,,90.04800021648407,Predicted,resident,,,54,,measured,,,930
19.637,,,dot-1024x32,,136.915,,112.5119999051094,Random,resident,,,54,,measured,,,930
18.938000000000002,,,dot-1024x32,,116.057,,90.43200314044952,Predicted,resident,,,55,,measured,,,930
18.756999999999998,,,dot-1024x32,,137.986,,112.76800185441971,Random,resident,,,55,,measured,,,930
19.103,,,dot-1024x32,,117.118,,91.13600105047226,Current,resident,,,55,,measured,,,930
19.325,,,dot-1024x32,,116.878,,91.13600105047226,Predicted,resident,,,56,,measured,,,930
19.555,,,dot-1024x32,,116.312,,90.94399958848953,Current,resident,,,56,,measured,,,930
19.461,,,dot-1024x32,,137.519,,111.61600053310394,Random,resident,,,56,,measured,,,930
18.645,,,dot-1024x32,,111.303,,84.99199897050858,Random,resident,,,57,,measured,,,930
19.192,,,dot-1024x32,,116.565,,91.0400003194809,Current,resident,,,57,,measured,,,930
19.145,,,dot-1024x32,,117.494,,91.13600105047226,Predicted,resident,,,57,,measured,,,930
18.903,,,dot-1024x32,,87.217,,60.416001826524734,Predicted,resident,,,58,,measured,,,930
19.214,,,dot-1024x32,,137.562,,111.42399907112122,Random,resident,,,58,,measured,,,930
20.441000000000003,,,dot-1024x32,,117.498,,92.00000017881393,Current,resident,,,58,,measured,,,930
19.276,,,dot-1024x32,,86.301,,61.344001442193985,Current,resident,,,59,,measured,,,930
19.394,,,dot-1024x32,,136.898,,111.455999314785,Random,resident,,,59,,measured,,,930
18.942,,,dot-1024x32,,117.204,,92.06400066614151,Predicted,resident,,,59,,measured,,,930
18.992,,,dot-1024x32,,86.187,,60.416001826524734,Predicted,resident,,,60,,measured,,,930
19.369,,,dot-1024x32,,136.853,,111.61600053310394,Random,resident,,,60,,measured,,,930
19.706,,,dot-1024x32,,116.809,,91.13600105047226,Current,resident,,,60,,measured,,,930
19.16,,,dot-1024x32,,116.993,,91.23200178146362,Predicted,resident,,,61,,measured,,,930
20.111,,,dot-1024x32,,117.316,,92.12800115346909,Current,resident,,,61,,measured,,,930
18.947,,,dot-1024x32,,137.738,,112.64000087976456,Random,resident,,,61,,measured,,,930
19.934,,,dot-1024x32,,117.751,,92.00000017881393,Predicted,resident,,,62,,measured,,,930
19.1,,,dot-1024x32,,136.987,,110.59200018644333,Random,resident,,,62,,measured,,,930
20.184,,,dot-1024x32,,117.374,,91.96799993515015,Current,resident,,,62,,measured,,,930
18.966,,,dot-1024x32,,138.35,,112.64000087976456,Random,resident,,,63,,measured,,,930
19.392,,,dot-1024x32,,116.779,,91.13600105047226,Predicted,resident,,,63,,measured,,,930
19.754,,,dot-1024x32,,117.025,,91.13600105047226,Current,resident,,,63,,measured,,,930
20.538,432.71799999999996,0.0,dot-1024x32,731825.3729999925,718.659,1196142.1280010708,63.4239986538887,Current,one_shot,876929.0970002711,876210.4380002711,0,,warmup,0.0,143345.3350000491,930
20.999000000000002,517.6780000000001,0.0,dot-1024x32,731825.3729999925,827.021,1361712.823001576,112.64000087976456,Random,one_shot,1042499.7920007762,1041672.7710007762,0,165462.33300050517,warmup,0.0,143345.3350000491,930
20.33,509.8299999999999,0.0,dot-1024x32,647744.1850001924,782.507,1142106.4170011196,91.10400080680847,Predicted,one_shot,822893.38600032,822110.87900032,0,,warmup,23593.693999828247,150772.5430001301,930
20.573,413.39700000000005,0.0,dot-1024x32,647744.1850001924,659.234,1141983.1440011198,62.272001057863235,Predicted,one_shot,822770.11300032,822110.87900032,1,,warmup,23593.693999828247,150772.5430001301,930
22.16,515.5689999999998,0.0,dot-1024x32,731825.3729999925,813.608,1361699.410001576,111.61600053310394,Random,one_shot,1042486.3790007762,1041672.7710007762,1,165462.33300050517,warmup,0.0,143345.3350000491,930
21.472,512.51,0.0,dot-1024x32,731825.3729999925,786.994,1196210.4630010708,91.13600105047226,Current,one_shot,876997.432000271,876210.4380002711,1,,warmup,0.0,143345.3350000491,930
20.422,453.2759999999999,0.0,dot-1024x32,731825.3729999925,747.713,1361633.515001576,111.7120012640953,Random,one_shot,1042420.4840007762,1041672.7710007762,2,165462.33300050517,warmup,0.0,143345.3350000491,930
21.091,431.83299999999997,0.0,dot-1024x32,731825.3729999925,700.051,1196123.5200010708,86.68799698352814,Current,one_shot,876910.4890002711,876210.4380002711,2,,warmup,0.0,143345.3350000491,930
22.798000000000002,513.652,0.0,dot-1024x32,647744.1850001924,789.838,1142113.7480011196,91.00800007581711,Predicted,one_shot,822900.71700032,822110.87900032,2,,warmup,23593.693999828247,150772.5430001301,930
20.706,458.374,0.0,dot-1024x32,731825.3729999925,756.012,1361641.8140015758,111.61600053310394,Random,one_shot,1042428.7830007762,1041672.7710007762,3,165462.33300050517,warmup,0.0,143345.3350000491,930
21.718,458.50100000000003,0.0,dot-1024x32,731825.3729999925,733.053,1196156.5220010707,90.87999910116196,Current,one_shot,876943.491000271,876210.4380002711,3,,warmup,0.0,143345.3350000491,930
21.1,518.585,0.0,dot-1024x32,647744.1850001924,791.198,1142115.1080011197,90.11200070381165,Predicted,one_shot,822902.07700032,822110.87900032,3,,warmup,23593.693999828247,150772.5430001301,930
19.991999999999997,366.5179999999999,0.0,dot-1024x32,647744.1850001924,609.823,1141933.7330011197,62.20800057053566,Predicted,one_shot,822720.70200032,822110.87900032,4,,warmup,23593.693999828247,150772.5430001301,930
29.945,473.85800000000006,0.0,dot-1024x32,731825.3729999925,791.524,1361677.326001576,112.64000087976456,Random,one_shot,1042464.2950007762,1041672.7710007762,4,165462.33300050517,warmup,0.0,143345.3350000491,930
21.373,490.94499999999994,0.0,dot-1024x32,731825.3729999925,828.367,1196251.8360010707,92.16000139713287,Current,one_shot,877038.8050002711,876210.4380002711,4,,warmup,0.0,143345.3350000491,930
20.194,375.75100000000003,0.0,dot-1024x32,731825.3729999925,624.618,1196048.0870010708,61.43999844789505,Current,one_shot,876835.0560002711,876210.4380002711,5,,warmup,0.0,143345.3350000491,930
20.633,469.26,0.0,dot-1024x32,731825.3729999925,765.491,1361651.2930015759,111.61600053310394,Random,one_shot,1042438.2620007762,1041672.7710007762,5,165462.33300050517,warmup,0.0,143345.3350000491,930
20.846,466.58000000000004,0.0,dot-1024x32,647744.1850001924,745.42,1142069.3300011198,90.2400016784668,Predicted,one_shot,822856.29900032,822110.87900032,5,,warmup,23593.693999828247,150772.5430001301,930
19.972,386.115,0.0,dot-1024x32,647744.1850001924,630.846,1141954.7560011197,62.463998794555664,Predicted,one_shot,822741.72500032,822110.87900032,6,,warmup,23593.693999828247,150772.5430001301,930
20.922,451.771,0.0,dot-1024x32,731825.3729999925,724.622,1196148.0910010708,90.87999910116196,Current,one_shot,876935.0600002711,876210.4380002711,6,,warmup,0.0,143345.3350000491,930
20.079,460.7460000000001,0.0,dot-1024x32,731825.3729999925,753.352,1361639.154001576,112.57600039243698,Random,one_shot,1042426.1230007762,1041672.7710007762,6,165462.33300050517,warmup,0.0,143345.3350000491,930
21.339,458.802,0.0,dot-1024x32,647744.1850001924,734.612,1142058.5220011196,90.4960036277771,Predicted,one_shot,822845.49100032,822110.87900032,7,,warmup,23593.693999828247,150772.5430001301,930
20.764,451.35300000000007,0.0,dot-1024x32,731825.3729999925,745.263,1361631.065001576,112.47999966144562,Random,one_shot,1042418.0340007762,1041672.7710007762,7,165462.33300050517,warmup,0.0,143345.3350000491,930
21.07,461.05500000000006,0.0,dot-1024x32,731825.3729999925,734.028,1196157.4970010708,91.13600105047226,Current,one_shot,876944.4660002711,876210.4380002711,7,,warmup,0.0,143345.3350000491,930
21.194000000000003,452.42600000000004,0.0,dot-1024x32,647744.1850001924,724.708,1142048.6180011197,91.13600105047226,Predicted,one_shot,822835.58700032,822110.87900032,8,,warmup,23593.693999828247,150772.5430001301,930
20.448999999999998,444.866,0.0,dot-1024x32,731825.3729999925,739.857,1361625.6590015758,112.5119999051094,Random,one_shot,1042412.6280007762,1041672.7710007762,8,165462.33300050517,warmup,0.0,143345.3350000491,930
20.652,456.4789999999999,0.0,dot-1024x32,731825.3729999925,733.552,1196157.0210010707,91.13600105047226,Current,one_shot,876943.9900002711,876210.4380002711,8,,warmup,0.0,143345.3350000491,930
21.807000000000002,451.78200000000004,0.0,dot-1024x32,647744.1850001924,723.687,1142047.5970011197,90.40000289678574,Predicted,one_shot,822834.56600032,822110.87900032,9,,warmup,23593.693999828247,150772.5430001301,930
20.769,451.53399999999993,0.0,dot-1024x32,731825.3729999925,745.171,1361630.9730015758,112.60800063610077,Random,one_shot,1042417.9420007762,1041672.7710007762,9,165462.33300050517,warmup,0.0,143345.3350000491,930
20.494999999999997,432.529,0.0,dot-1024x32,731825.3729999925,704.312,1196127.7810010707,91.13600105047226,Current,one_shot,876914.7500002711,876210.4380002711,9,,warmup,0.0,143345.3350000491,930
20.423000000000002,346.13300000000004,0.0,dot-1024x32,731825.3729999925,589.277,1196012.7460010708,62.463998794555664,Current,one_shot,876799.7150002711,876210.4380002711,10,,warmup,0.0,143345.3350000491,930
20.839,444.67999999999995,0.0,dot-1024x32,647744.1850001924,717.515,1142041.4250011197,90.11200070381165,Predicted,one_shot,822828.39400032,822110.87900032,10,,warmup,23593.693999828247,150772.5430001301,930
20.28,448.041,0.0,dot-1024x32,731825.3729999925,737.584,1361623.386001576,111.61600053310394,Random,one_shot,1042410.3550007762,1041672.7710007762,10,165462.33300050517,warmup,0.0,143345.3350000491,930
21.522,430.1859999999999,0.0,dot-1024x32,647744.1850001924,700.706,1142024.6160011196,88.19200098514557,Predicted,one_shot,822811.58500032,822110.87900032,11,,warmup,23593.693999828247,150772.5430001301,930
20.477,431.54699999999997,0.0,dot-1024x32,731825.3729999925,724.856,1361610.6580015759,111.7440015077591,Random,one_shot,1042397.6270007762,1041672.7710007762,11,165462.33300050517,warmup,0.0,143345.3350000491,930
21.428,445.519,0.0,dot-1024x32,731825.3729999925,718.969,1196142.4380010709,91.13600105047226,Current,one_shot,876929.4070002711,876210.4380002711,11,,warmup,0.0,143345.3350000491,930
20.622,433.508,0.0,dot-1024x32,731825.3729999925,726.025,1361611.8270015758,110.59200018644333,Random,one_shot,1042398.7960007762,1041672.7710007762,12,165462.33300050517,warmup,0.0,143345.3350000491,930
20.993000000000002,436.407,0.0,dot-1024x32,731825.3729999925,703.836,1196127.3050010707,86.01599931716919,Current,one_shot,876914.2740002711,876210.4380002711,12,,warmup,0.0,143345.3350000491,930
20.634,432.3020000000001,0.0,dot-1024x32,647744.1850001924,702.602,1142026.5120011196,90.7839983701706,Predicted,one_shot,822813.4810003199,822110.87900032,12,,warmup,23593.693999828247,150772.5430001301,930
19.739,347.497,0.0,dot-1024x32,647744.1850001924,590.988,1141914.8980011197,62.463998794555664,Predicted,one_shot,822701.86700032,822110.87900032,13,,warmup,23593.693999828247,150772.5430001301,930
20.832,435.0080000000001,0.0,dot-1024x32,731825.3729999925,729.311,1361615.113001576,112.64000087976456,Random,one_shot,1042402.0820007762,1041672.7710007762,13,165462.33300050517,warmup,0.0,143345.3350000491,930
21.203,433.141,0.0,dot-1024x32,731825.3729999925,706.175,1196129.6440010709,90.36800265312195,Current,one_shot,876916.6130002711,876210.4380002711,13,,warmup,0.0,143345.3350000491,930
20.292,350.35999999999996,0.0,dot-1024x32,731825.3729999925,865.49,1196288.9590010708,61.76000088453293,Current,one_shot,877075.9280002711,876210.4380002711,14,,warmup,0.0,143345.3350000491,930
22.189999999999998,439.919,0.0,dot-1024x32,731825.3729999925,736.16,1361621.9620015759,111.61600053310394,Random,one_shot,1042408.9310007762,1041672.7710007762,14,165462.33300050517,warmup,0.0,143345.3350000491,930
21.201,436.0319999999999,0.0,dot-1024x32,647744.1850001924,707.477,1142031.3870011196,90.7839983701706,Predicted,one_shot,822818.3560003199,822110.87900032,14,,warmup,23593.693999828247,150772.5430001301,930
20.588,437.289,0.0,dot-1024x32,731825.3729999925,729.784,1361615.586001576,111.61600053310394,Random,one_shot,1042402.5550007762,1041672.7710007762,15,165462.33300050517,warmup,0.0,143345.3350000491,930
21.482,430.802,0.0,dot-1024x32,731825.3729999925,700.963,1196124.4320010708,90.11200070381165,Current,one_shot,876911.4010002711,876210.4380002711,15,,warmup,0.0,143345.3350000491,930
20.745,438.92799999999994,0.0,dot-1024x32,647744.1850001924,709.079,1142032.9890011197,90.11200070381165,Predicted,one_shot,822819.95800032,822110.87900032,15,,warmup,23593.693999828247,150772.5430001301,930
21.436999999999998,440.588,0.0,dot-1024x32,731825.3729999925,710.363,1196133.8320010707,88.128000497818,Current,one_shot,876920.8010002711,876210.4380002711,0,,measured,0.0,143345.3350000491,930
20.322000000000003,448.25300000000004,0.0,dot-1024x32,647744.1850001924,718.456,1142042.3660011196,89.05600011348724,Predicted,one_shot,822829.33500032,822110.87900032,0,,measured,23593.693999828247,150772.5430001301,930
20.134999999999998,455.089,0.0,dot-1024x32,731825.3729999925,748.995,1361634.7970015758,112.64000087976456,Random,one_shot,1042421.7660007762,1041672.7710007762,0,165462.33300050517,measured,0.0,143345.3350000491,930
22.488,399.265,0.0,dot-1024x32,731825.3729999925,768.402,1361654.204001576,92.16000139713287,Random,one_shot,1042441.1730007762,1041672.7710007762,1,165462.33300050517,measured,0.0,143345.3350000491,930
21.438000000000002,456.3209999999999,0.0,dot-1024x32,731825.3729999925,734.935,1196158.404001071,91.20000153779984,Current,one_shot,876945.3730002712,876210.4380002711,1,,measured,0.0,143345.3350000491,930
20.897,449.762,0.0,dot-1024x32,647744.1850001924,722.714,1142046.6240011198,90.11200070381165,Predicted,one_shot,822833.59300032,822110.87900032,1,,measured,23593.693999828247,150772.5430001301,930
19.598,362.028,0.0,dot-1024x32,647744.1850001924,603.924,1141927.8340011197,62.431998550891876,Predicted,one_shot,822714.80300032,822110.87900032,2,,measured,23593.693999828247,150772.5430001301,930
20.157,439.693,0.0,dot-1024x32,731825.3729999925,732.402,1361618.204001576,112.64000087976456,Random,one_shot,1042405.1730007762,1041672.7710007762,2,165462.33300050517,measured,0.0,143345.3350000491,930
20.748,450.08399999999995,0.0,dot-1024x32,731825.3729999925,723.121,1196146.5900010709,92.06400066614151,Current,one_shot,876933.5590002711,876210.4380002711,2,,measured,0.0,143345.3350000491,930
19.877000000000002,346.069,0.0,dot-1024x32,731825.3729999925,589.857,1196013.3260010707,62.463998794555664,Current,one_shot,876800.295000271,876210.4380002711,3,,measured,0.0,143345.3350000491,930
20.225,439.27500000000003,0.0,dot-1024x32,731825.3729999925,731.504,1361617.306001576,111.61600053310394,Random,one_shot,1042404.2750007762,1041672.7710007762,3,165462.33300050517,measured,0.0,143345.3350000491,930
20.448,436.92900000000003,0.0,dot-1024x32,647744.1850001924,708.77,1142032.6800011196,90.91199934482574,Predicted,one_shot,822819.64900032,822110.87900032,3,,measured,23593.693999828247,150772.5430001301,930
20.656,429.59099999999995,0.0,dot-1024x32,731825.3729999925,723.698,1361609.5000015758,111.93600296974182,Random,one_shot,1042396.4690007762,1041672.7710007762,4,165462.33300050517,measured,0.0,143345.3350000491,930
20.555,439.022,0.0,dot-1024x32,647744.1850001924,709.626,1142033.5360011198,88.06400001049042,Predicted,one_shot,822820.50500032,822110.87900032,4,,measured,23593.693999828247,150772.5430001301,930
21.148,448.983,0.0,dot-1024x32,731825.3729999925,722.508,1196145.9770010707,91.13600105047226,Current,one_shot,876932.9460002711,876210.4380002711,4,,measured,0.0,143345.3350000491,930
20.982,440.979,0.0,dot-1024x32,731825.3729999925,734.482,1361620.2840015758,111.7440015077591,Random,one_shot,1042407.2530007762,1041672.7710007762,5,165462.33300050517,measured,0.0,143345.3350000491,930
20.959,435.11100000000005,0.0,dot-1024x32,647744.1850001924,707.99,1142031.9000011196,91.13600105047226,Predicted,one_shot,822818.86900032,822110.87900032,5,,measured,23593.693999828247,150772.5430001301,930
20.621000000000002,443.306,0.0,dot-1024x32,731825.3729999925,714.134,1196137.6030010707,90.11200070381165,Current,one_shot,876924.5720002711,876210.4380002711,5,,measured,0.0,143345.3350000491,930
20.293999999999997,438.704,0.0,dot-1024x32,647744.1850001924,709.017,1142032.9270011196,89.08800035715103,Predicted,one_shot,822819.89600032,822110.87900032,6,,measured,23593.693999828247,150772.5430001301,930
21.319000000000003,429.7830000000001,0.0,dot-1024x32,731825.3729999925,701.664,1196125.1330010707,88.128000497818,Current,one_shot,876912.1020002711,876210.4380002711,6,,measured,0.0,143345.3350000491,930
20.8,438.52699999999993,0.0,dot-1024x32,731825.3729999925,730.74,1361616.542001576,112.64000087976456,Random,one_shot,1042403.5110007762,1041672.7710007762,6,165462.33300050517,measured,0.0,143345.3350000491,930
21.717,427.656,0.0,dot-1024x32,731825.3729999925,696.12,1196119.5890010707,87.0399996638298,Current,one_shot,876906.5580002711,876210.4380002711,7,,measured,0.0,143345.3350000491,930
20.925,427.536,0.0,dot-1024x32,647744.1850001924,699.752,1142023.6620011197,91.13600105047226,Predicted,one_shot,822810.63100032,822110.87900032,7,,measured,23593.693999828247,150772.5430001301,930
20.605,447.72599999999994,0.0,dot-1024x32,731825.3729999925,745.269,1361631.0710015758,113.66400122642517,Random,one_shot,1042418.0400007762,1041672.7710007762,7,165462.33300050517,measured,0.0,143345.3350000491,930
21.244,447.47499999999997,0.0,dot-1024x32,731825.3729999925,719.991,1196143.4600010708,91.13600105047226,Current,one_shot,876930.4290002711,876210.4380002711,8,,measured,0.0,143345.3350000491,930
21.28,448.21100000000007,0.0,dot-1024x32,647744.1850001924,722.099,1142046.0090011198,90.97599983215332,Predicted,one_shot,822832.97800032,822110.87900032,8,,measured,23593.693999828247,150772.5430001301,930
21.667,441.61699999999996,0.0,dot-1024x32,731825.3729999925,736.567,1361622.369001576,113.56800049543381,Random,one_shot,1042409.3380007762,1041672.7710007762,8,165462.33300050517,measured,0.0,143345.3350000491,930
21.339,444.516,0.0,dot-1024x32,647744.1850001924,718.287,1142042.1970011196,88.76799792051315,Predicted,one_shot,822829.16600032,822110.87900032,9,,measured,23593.693999828247,150772.5430001301,930
21.061999999999998,449.08,0.0,dot-1024x32,731825.3729999925,741.654,1361627.4560015758,111.61600053310394,Random,one_shot,1042414.4250007762,1041672.7710007762,9,165462.33300050517,measured,0.0,143345.3350000491,930
20.95,454.69000000000005,0.0,dot-1024x32,731825.3729999925,725.349,1196148.8180010708,90.11200070381165,Current,one_shot,876935.7870002711,876210.4380002711,9,,measured,0.0,143345.3350000491,930
20.392,442.961,0.0,dot-1024x32,647744.1850001924,714.423,1142038.3330011196,92.16000139713287,Predicted,one_shot,822825.3020003199,822110.87900032,10,,measured,23593.693999828247,150772.5430001301,930
20.555,449.86899999999997,0.0,dot-1024x32,731825.3729999925,719.587,1196143.056001071,88.03199976682663,Current,one_shot,876930.0250002712,876210.4380002711,10,,measured,0.0,143345.3350000491,930
20.582,447.80400000000003,0.0,dot-1024x32,731825.3729999925,739.378,1361625.180001576,112.64000087976456,Random,one_shot,1042412.1490007762,1041672.7710007762,10,165462.33300050517,measured,0.0,143345.3350000491,930
20.792,436.32900000000006,0.0,dot-1024x32,731825.3729999925,703.487,1196126.9560010708,85.31200140714645,Current,one_shot,876913.9250002711,876210.4380002711,11,,measured,0.0,143345.3350000491,930
20.305,436.19899999999996,0.0,dot-1024x32,731825.3729999925,726.487,1361612.289001576,110.72000116109848,Random,one_shot,1042399.2580007762,1041672.7710007762,11,165462.33300050517,measured,0.0,143345.3350000491,930
20.453,449.55699999999996,0.0,dot-1024x32,647744.1850001924,720.415,1142044.3250011196,91.13600105047226,Predicted,one_shot,822831.29400032,822110.87900032,11,,measured,23593.693999828247,150772.5430001301,930
21.118,438.449,0.0,dot-1024x32,731825.3729999925,711.906,1196135.3750010708,91.13600105047226,Current,one_shot,876922.344000271,876210.4380002711,12,,measured,0.0,143345.3350000491,930
20.128,438.165,0.0,dot-1024x32,731825.3729999925,729.854,1361615.656001576,111.61600053310394,Random,one_shot,1042402.6250007763,1041672.7710007762,12,165462.33300050517,measured,0.0,143345.3350000491,930
21.734,448.16,0.0,dot-1024x32,647744.1850001924,1006.3,1142330.2100011196,92.16000139713287,Predicted,one_shot,823117.17900032,822110.87900032,12,,measured,23593.693999828247,150772.5430001301,930
20.51,357.547,0.0,dot-1024x32,647744.1850001924,604.214,1141928.1240011198,63.29599767923355,Predicted,one_shot,822715.09300032,822110.87900032,13,,measured,23593.693999828247,150772.5430001301,930
29.314,488.627,0.0,dot-1024x32,731825.3729999925,828.517,1196251.9860010708,95.10400146245956,Current,one_shot,877038.9550002711,876210.4380002711,13,,measured,0.0,143345.3350000491,930
21.323,461.33000000000004,0.0,dot-1024x32,731825.3729999925,765.504,1361651.306001576,112.96000331640244,Random,one_shot,1042438.2750007762,1041672.7710007762,13,165462.33300050517,measured,0.0,143345.3350000491,930
19.664,366.1999999999999,0.0,dot-1024x32,731825.3729999925,634.603,1361520.4050015758,87.0399996638298,Random,one_shot,1042307.3740007762,1041672.7710007762,14,165462.33300050517,measured,0.0,143345.3350000491,930
20.839,451.99100000000004,0.0,dot-1024x32,647744.1850001924,723.488,1142047.3980011197,91.13600105047226,Predicted,one_shot,822834.36700032,822110.87900032,14,,measured,23593.693999828247,150772.5430001301,930
21.274,450.988,0.0,dot-1024x32,731825.3729999925,724.421,1196147.8900010707,91.13600105047226,Current,one_shot,876934.8590002711,876210.4380002711,14,,measured,0.0,143345.3350000491,930
20.576,434.42600000000004,0.0,dot-1024x32,731825.3729999925,729.983,1361615.785001576,113.66400122642517,Random,one_shot,1042402.7540007762,1041672.7710007762,15,165462.33300050517,measured,0.0,143345.3350000491,930
20.746,442.816,0.0,dot-1024x32,647744.1850001924,715.482,1142039.3920011197,91.0400003194809,Predicted,one_shot,822826.36100032,822110.87900032,15,,measured,23593.693999828247,150772.5430001301,930
21.39,440.783,0.0,dot-1024x32,731825.3729999925,713.372,1196136.8410010708,90.11200070381165,Current,one_shot,876923.8100002711,876210.4380002711,15,,measured,0.0,143345.3350000491,930
20.482,438.777,0.0,dot-1024x32,647744.1850001924,710.433,1142034.3430011196,88.86399865150452,Predicted,one_shot,822821.31200032,822110.87900032,16,,measured,23593.693999828247,150772.5430001301,930
21.83,432.258,0.0,dot-1024x32,731825.3729999925,702.713,1196126.1820010708,87.74399757385254,Current,one_shot,876913.1510002711,876210.4380002711,16,,measured,0.0,143345.3350000491,930
20.456,447.03600000000006,0.0,dot-1024x32,731825.3729999925,741.37,1361627.1720015758,112.0000034570694,Random,one_shot,1042414.1410007762,1041672.7710007762,16,165462.33300050517,measured,0.0,143345.3350000491,930
21.381999999999998,442.48900000000003,0.0,dot-1024x32,731825.3729999925,712.63,1196136.0990010707,86.75199747085571,Current,one_shot,876923.0680002711,876210.4380002711,17,,measured,0.0,143345.3350000491,930
21.418999999999997,441.2830000000001,0.0,dot-1024x32,647744.1850001924,712.934,1142036.8440011197,91.13600105047226,Predicted,one_shot,822823.81300032,822110.87900032,17,,measured,23593.693999828247,150772.5430001301,930
20.572000000000003,442.404,0.0,dot-1024x32,731825.3729999925,734.913,1361620.7150015759,111.61600053310394,Random,one_shot,1042407.6840007761,1041672.7710007762,17,165462.33300050517,measured,0.0,143345.3350000491,930
20.54,440.2819999999999,0.0,dot-1024x32,647744.1850001924,710.319,1142034.2290011197,89.08800035715103,Predicted,one_shot,822821.19800032,822110.87900032,18,,measured,23593.693999828247,150772.5430001301,930
20.915999999999997,444.17800000000005,0.0,dot-1024x32,731825.3729999925,716.104,1196139.5730010709,90.08000046014786,Current,one_shot,876926.5420002711,876210.4380002711,18,,measured,0.0,143345.3350000491,930
20.088,443.999,0.0,dot-1024x32,731825.3729999925,735.629,1361621.431001576,111.61600053310394,Random,one_shot,1042408.4000007762,1041672.7710007762,18,165462.33300050517,measured,0.0,143345.3350000491,930
20.891,435.057,0.0,dot-1024x32,647744.1850001924,709.4,1142033.3100011197,91.13600105047226,Predicted,one_shot,822820.27900032,822110.87900032,19,,measured,23593.693999828247,150772.5430001301,930
21.598,441.53800000000007,0.0,dot-1024x32,731825.3729999925,715.821,1196139.2900010708,91.13600105047226,Current,one_shot,876926.2590002711,876210.4380002711,19,,measured,0.0,143345.3350000491,930
20.857,437.171,0.0,dot-1024x32,731825.3729999925,731.523,1361617.325001576,112.64000087976456,Random,one_shot,1042404.2940007763,1041672.7710007762,19,165462.33300050517,measured,0.0,143345.3350000491,930
21.149,431.243,0.0,dot-1024x32,731825.3729999925,697.379,1196120.8480010708,86.01599931716919,Current,one_shot,876907.817000271,876210.4380002711,20,,measured,0.0,143345.3350000491,930
20.408,426.308,0.0,dot-1024x32,731825.3729999925,735.447,1361621.2490015759,111.26399785280228,Random,one_shot,1042408.2180007763,1041672.7710007762,20,165462.33300050517,measured,0.0,143345.3350000491,930
20.84,435.52099999999996,0.0,dot-1024x32,647744.1850001924,705.336,1142029.2460011197,91.48799628019333,Predicted,one_shot,822816.21500032,822110.87900032,20,,measured,23593.693999828247,150772.5430001301,930
19.636,341.614,0.0,dot-1024x32,647744.1850001924,580.838,1141904.7480011196,61.69600039720535,Predicted,one_shot,822691.71700032,822110.87900032,21,,measured,23593.693999828247,150772.5430001301,930
20.884,434.79499999999996,0.0,dot-1024x32,731825.3729999925,702.963,1196126.4320010708,91.13600105047226,Current,one_shot,876913.4010002711,876210.4380002711,21,,measured,0.0,143345.3350000491,930
20.153,428.21600000000007,0.0,dot-1024x32,731825.3729999925,719.268,1361605.0700015759,112.38399893045425,Random,one_shot,1042392.0390007762,1041672.7710007762,21,165462.33300050517,measured,0.0,143345.3350000491,930
19.927999999999997,345.40399999999994,0.0,dot-1024x32,731825.3729999925,608.471,1361494.2730015758,86.01599931716919,Random,one_shot,1042281.2420007762,1041672.7710007762,22,165462.33300050517,measured,0.0,143345.3350000491,930
20.543,432.562,0.0,dot-1024x32,647744.1850001924,699.323,1142023.2330011197,91.13600105047226,Predicted,one_shot,822810.20200032,822110.87900032,22,,measured,23593.693999828247,150772.5430001301,930
20.695999999999998,435.43000000000006,0.0,dot-1024x32,731825.3729999925,702.532,1196126.0010010707,90.11200070381165,Current,one_shot,876912.9700002711,876210.4380002711,22,,measured,0.0,143345.3350000491,930
20.509,430.744,0.0,dot-1024x32,647744.1850001924,696.472,1142020.3820011197,88.06400001049042,Predicted,one_shot,822807.3510003199,822110.87900032,23,,measured,23593.693999828247,150772.5430001301,930
21.060000000000002,428.58799999999997,0.0,dot-1024x32,731825.3729999925,693.772,1196117.2410010707,88.06400001049042,Current,one_shot,876904.2100002711,876210.4380002711,23,,measured,0.0,143345.3350000491,930
20.756999999999998,428.84600000000006,0.0,dot-1024x32,731825.3729999925,718.516,1361604.3180015758,112.64000087976456,Random,one_shot,1042391.2870007762,1041672.7710007762,23,165462.33300050517,measured,0.0,143345.3350000491,930
19.816000000000003,345.71100000000007,0.0,dot-1024x32,731825.3729999925,611.39,1361497.1920015758,87.0399996638298,Random,one_shot,1042284.1610007762,1041672.7710007762,24,165462.33300050517,measured,0.0,143345.3350000491,930
20.762999999999998,426.58099999999996,0.0,dot-1024x32,647744.1850001924,697.073,1142020.9830011197,90.7519981265068,Predicted,one_shot,822807.95200032,822110.87900032,24,,measured,23593.693999828247,150772.5430001301,930
21.188000000000002,434.721,0.0,dot-1024x32,731825.3729999925,703.46,1196126.9290010708,91.0400003194809,Current,one_shot,876913.8980002711,876210.4380002711,24,,measured,0.0,143345.3350000491,930
20.485,480.7989999999999,0.0,dot-1024x32,647744.1850001924,747.332,1142071.2420011198,88.76799792051315,Predicted,one_shot,822858.21100032,822110.87900032,25,,measured,23593.693999828247,150772.5430001301,930
21.66,445.106,0.0,dot-1024x32,731825.3729999925,713.146,1196136.6150010708,88.06400001049042,Current,one_shot,876923.584000271,876210.4380002711,25,,measured,0.0,143345.3350000491,930
20.076999999999998,447.284,0.0,dot-1024x32,731825.3729999925,737.114,1361622.9160015758,112.64000087976456,Random,one_shot,1042409.8850007762,1041672.7710007762,25,165462.33300050517,measured,0.0,143345.3350000491,930
23.09,482.25100000000003,0.0,dot-1024x32,647744.1850001924,845.793,1142169.7030011197,95.23200243711472,Predicted,one_shot,822956.6720003199,822110.87900032,26,,measured,23593.693999828247,150772.5430001301,930
20.587,450.252,0.0,dot-1024x32,731825.3729999925,751.144,1361636.9460015758,112.47999966144562,Random,one_shot,1042423.9150007762,1041672.7710007762,26,165462.33300050517,measured,0.0,143345.3350000491,930
21.072000000000003,450.495,0.0,dot-1024x32,731825.3729999925,722.881,1196146.3500010709,91.13600105047226,Current,one_shot,876933.3190002711,876210.4380002711,26,,measured,0.0,143345.3350000491,930
19.813,356.57399999999996,0.0,dot-1024x32,731825.3729999925,595.474,1196018.9430010708,61.43999844789505,Current,one_shot,876805.9120002711,876210.4380002711,27,,measured,0.0,143345.3350000491,930
20.605,446.25199999999995,0.0,dot-1024x32,647744.1850001924,714.908,1142038.8180011197,91.13600105047226,Predicted,one_shot,822825.78700032,822110.87900032,27,,measured,23593.693999828247,150772.5430001301,930
20.975,446.78000000000003,0.0,dot-1024x32,731825.3729999925,1409.615,1362295.417001576,112.5119999051094,Random,one_shot,1043082.3860007762,1041672.7710007762,27,165462.33300050517,measured,0.0,143345.3350000491,930
20.657,444.7449999999999,0.0,dot-1024x32,647744.1850001924,712.989,1142036.8990011197,88.06400001049042,Predicted,one_shot,822823.8680003199,822110.87900032,28,,measured,23593.693999828247,150772.5430001301,930
21.025,448.936,0.0,dot-1024x32,731825.3729999925,718.602,1196142.0710010708,90.11200070381165,Current,one_shot,876929.040000271,876210.4380002711,28,,measured,0.0,143345.3350000491,930
20.256,447.565,0.0,dot-1024x32,731825.3729999925,738.545,1361624.3470015759,112.60800063610077,Random,one_shot,1042411.3160007762,1041672.7710007762,28,165462.33300050517,measured,0.0,143345.3350000491,930
19.397,351.307,0.0,dot-1024x32,731825.3729999925,621.173,1361506.975001576,90.84799885749817,Random,one_shot,1042293.9440007762,1041672.7710007762,29,165462.33300050517,measured,0.0,143345.3350000491,930
20.391,450.203,0.0,dot-1024x32,647744.1850001924,720.868,1142044.7780011196,91.13600105047226,Predicted,one_shot,822831.74700032,822110.87900032,29,,measured,23593.693999828247,150772.5430001301,930
21.032,453.33100000000013,0.0,dot-1024x32,731825.3729999925,723.604,1196147.0730010709,90.11200070381165,Current,one_shot,876934.0420002711,876210.4380002711,29,,measured,0.0,143345.3350000491,930
20.299,343.34900000000005,0.0,dot-1024x32,731825.3729999925,585.341,1196008.8100010708,63.29599767923355,Current,one_shot,876795.7790002711,876210.4380002711,30,,measured,0.0,143345.3350000491,930
20.402,433.80100000000004,0.0,dot-1024x32,731825.3729999925,726.535,1361612.3370015759,113.6000007390976,Random,one_shot,1042399.3060007762,1041672.7710007762,30,165462.33300050517,measured,0.0,143345.3350000491,930
20.939,440.00299999999993,0.0,dot-1024x32,647744.1850001924,709.142,1142033.0520011196,89.08800035715103,Predicted,one_shot,822820.02100032,822110.87900032,30,,measured,23593.693999828247,150772.5430001301,930
20.691000000000003,435.38399999999996,0.0,dot-1024x32,731825.3729999925,726.44,1361612.2420015759,109.56799983978271,Random,one_shot,1042399.2110007762,1041672.7710007762,31,165462.33300050517,measured,0.0,143345.3350000491,930
21.258,426.9200000000001,0.0,dot-1024x32,647744.1850001924,691.828,1142015.7380011196,87.00799942016602,Predicted,one_shot,822802.70700032,822110.87900032,31,,measured,23593.693999828247,150772.5430001301,930
20.982,437.58099999999996,0.0,dot-1024x32,731825.3729999925,706.185,1196129.654001071,89.08800035715103,Current,one_shot,876916.6230002712,876210.4380002711,31,,measured,0.0,143345.3350000491,930
20.351,342.8539999999999,0.0,dot-1024x32,731825.3729999925,582.657,1196006.1260010707,61.15199998021126,Current,one_shot,876793.0950002711,876210.4380002711,32,,measured,0.0,143345.3350000491,930
20.950000000000003,429.0879999999999,0.0,dot-1024x32,647744.1850001924,703.128,1142027.0380011196,87.23200112581253,Predicted,one_shot,822814.00700032,822110.87900032,32,,measured,23593.693999828247,150772.5430001301,930
20.36,429.28099999999995,0.0,dot-1024x32,731825.3729999925,718.998,1361604.8000015758,111.35999858379364,Random,one_shot,1042391.7690007762,1041672.7710007762,32,165462.33300050517,measured,0.0,143345.3350000491,930
19.766,344.689,0.0,dot-1024x32,731825.3729999925,605.981,1361491.7830015759,82.94399827718735,Random,one_shot,1042278.7520007762,1041672.7710007762,33,165462.33300050517,measured,0.0,143345.3350000491,930
21.070999999999998,431.2109999999999,0.0,dot-1024x32,731825.3729999925,700.519,1196123.9880010707,89.21600133180618,Current,one_shot,876910.9570002711,876210.4380002711,33,,measured,0.0,143345.3350000491,930
20.765,425.955,0.0,dot-1024x32,647744.1850001924,700.903,1142024.8130011198,89.1840010881424,Predicted,one_shot,822811.78200032,822110.87900032,33,,measured,23593.693999828247,150772.5430001301,930
20.982,447.12699999999995,0.0,dot-1024x32,731825.3729999925,759.045,1196182.5140010708,86.81599795818329,Current,one_shot,876969.4830002711,876210.4380002711,34,,measured,0.0,143345.3350000491,930
20.817999999999998,442.61400000000003,0.0,dot-1024x32,647744.1850001924,708.468,1142032.3780011197,87.80799806118011,Predicted,one_shot,822819.34700032,822110.87900032,34,,measured,23593.693999828247,150772.5430001301,930
20.233,441.20099999999996,0.0,dot-1024x32,731825.3729999925,729.709,1361615.511001576,109.56799983978271,Random,one_shot,1042402.4800007762,1041672.7710007762,34,165462.33300050517,measured,0.0,143345.3350000491,930
20.881999999999998,430.50299999999993,0.0,dot-1024x32,731825.3729999925,698.876,1196122.3450010708,89.85599875450134,Current,one_shot,876909.3140002711,876210.4380002711,35,,measured,0.0,143345.3350000491,930
20.596,435.634,0.0,dot-1024x32,731825.3729999925,770.408,1361656.210001576,109.56799983978271,Random,one_shot,1042443.1790007763,1041672.7710007762,35,165462.33300050517,measured,0.0,143345.3350000491,930
20.635,432.511,0.0,dot-1024x32,647744.1850001924,699.383,1142023.2930011197,89.05600011348724,Predicted,one_shot,822810.26200032,822110.87900032,35,,measured,23593.693999828247,150772.5430001301,930
20.277,429.06499999999994,0.0,dot-1024x32,731825.3729999925,717.971,1361603.7730015758,110.59200018644333,Random,one_shot,1042390.7420007762,1041672.7710007762,36,165462.33300050517,measured,0.0,143345.3350000491,930
20.298000000000002,450.30400000000003,0.0,dot-1024x32,731825.3729999925,761.501,1196184.9700010708,89.91999924182892,Current,one_shot,876971.9390002711,876210.4380002711,36,,measured,0.0,143345.3350000491,930
20.524,478.80800000000005,0.0,dot-1024x32,647744.1850001924,745.221,1142069.1310011197,89.08800035715103,Predicted,one_shot,822856.10000032,822110.87900032,36,,measured,23593.693999828247,150772.5430001301,930
20.759,438.7660000000001,0.0,dot-1024x32,731825.3729999925,705.219,1196128.6880010709,86.01599931716919,Current,one_shot,876915.6570002711,876210.4380002711,37,,measured,0.0,143345.3350000491,930
20.668,445.368,0.0,dot-1024x32,647744.1850001924,708.888,1142032.7980011196,87.10400015115738,Predicted,one_shot,822819.76700032,822110.87900032,37,,measured,23593.693999828247,150772.5430001301,930
20.234,451.294,0.0,dot-1024x32,731825.3729999925,739.007,1361624.809001576,110.59200018644333,Random,one_shot,1042411.7780007762,1041672.7710007762,37,165462.33300050517,measured,0.0,143345.3350000491,930
19.807000000000002,361.65900000000005,0.0,dot-1024x32,731825.3729999925,622.616,1361508.4180015759,82.94399827718735,Random,one_shot,1042295.3870007762,1041672.7710007762,38,165462.33300050517,measured,0.0,143345.3350000491,930
23.773,484.81700000000006,0.0,dot-1024x32,731825.3729999925,848.823,1196272.2920010707,93.91999989748001,Current,one_shot,877059.2610002711,876210.4380002711,38,,measured,0.0,143345.3350000491,930
21.135,449.204,0.0,dot-1024x32,647744.1850001924,722.071,1142045.9810011196,89.02399986982346,Predicted,one_shot,822832.95000032,822110.87900032,38,,measured,23593.693999828247,150772.5430001301,930
21.141,442.476,0.0,dot-1024x32,731825.3729999925,731.682,1361617.484001576,110.62400043010712,Random,one_shot,1042404.4530007762,1041672.7710007762,39,165462.33300050517,measured,0.0,143345.3350000491,930
20.887999999999998,453.353,0.0,dot-1024x32,731825.3729999925,720.247,1196143.7160010708,89.82399851083755,Current,one_shot,876930.6850002711,876210.4380002711,39,,measured,0.0,143345.3350000491,930
20.56,453.22800000000007,0.0,dot-1024x32,647744.1850001924,765.997,1142089.9070011196,90.04800021648407,Predicted,one_shot,822876.87600032,822110.87900032,39,,measured,23593.693999828247,150772.5430001301,930
19.756,344.73099999999994,0.0,dot-1024x32,647744.1850001924,582.444,1141906.3540011197,60.416001826524734,Predicted,one_shot,822693.32300032,822110.87900032,40,,measured,23593.693999828247,150772.5430001301,930
20.737000000000002,434.686,0.0,dot-1024x32,731825.3729999925,698.595,1196122.0640010708,87.0399996638298,Current,one_shot,876909.0330002711,876210.4380002711,40,,measured,0.0,143345.3350000491,930
20.281,445.07200000000006,0.0,dot-1024x32,731825.3729999925,733.418,1361619.2200015758,111.61600053310394,Random,one_shot,1042406.1890007762,1041672.7710007762,40,165462.33300050517,measured,0.0,143345.3350000491,930
20.508000000000003,458.7049999999999,0.0,dot-1024x32,731825.3729999925,736.641,1196160.1100010707,84.99199897050858,Current,one_shot,876947.079000271,876210.4380002711,41,,measured,0.0,143345.3350000491,930
20.465,428.8500000000001,0.0,dot-1024x32,647744.1850001924,696.726,1142020.6360011196,89.79199826717377,Predicted,one_shot,822807.60500032,822110.87900032,41,,measured,23593.693999828247,150772.5430001301,930
20.781,442.448,0.0,dot-1024x32,731825.3729999925,730.765,1361616.5670015758,109.50399935245514,Random,one_shot,1042403.5360007762,1041672.7710007762,41,165462.33300050517,measured,0.0,143345.3350000491,930
19.634999999999998,344.51700000000005,0.0,dot-1024x32,731825.3729999925,604.208,1361490.0100015758,83.90399813652039,Random,one_shot,1042276.9790007762,1041672.7710007762,42,165462.33300050517,measured,0.0,143345.3350000491,930
34.302,441.894,0.0,dot-1024x32,731825.3729999925,1054.498,1196477.9670010707,105.47199845314026,Current,one_shot,877264.9360002711,876210.4380002711,42,,measured,0.0,143345.3350000491,930
20.543,451.23699999999997,0.0,dot-1024x32,647744.1850001924,721.873,1142045.7830011197,89.9839997291565,Predicted,one_shot,822832.75200032,822110.87900032,42,,measured,23593.693999828247,150772.5430001301,930
20.586,437.42599999999993,0.0,dot-1024x32,731825.3729999925,725.804,1361611.606001576,110.43199896812439,Random,one_shot,1042398.5750007762,1041672.7710007762,43,165462.33300050517,measured,0.0,143345.3350000491,930
20.594,443.302,0.0,dot-1024x32,731825.3729999925,709.272,1196132.7410010707,89.9839997291565,Current,one_shot,876919.7100002711,876210.4380002711,43,,measured,0.0,143345.3350000491,930
20.215,443.07300000000004,0.0,dot-1024x32,647744.1850001924,709.644,1142033.5540011197,89.08800035715103,Predicted,one_shot,822820.52300032,822110.87900032,43,,measured,23593.693999828247,150772.5430001301,930
20.25,456.05100000000004,0.0,dot-1024x32,731825.3729999925,725.225,1196148.6940010707,86.27200126647949,Current,one_shot,876935.6630002711,876210.4380002711,44,,measured,0.0,143345.3350000491,930
20.208,438.975,0.0,dot-1024x32,731825.3729999925,725.711,1361611.5130015758,110.20799726247787,Random,one_shot,1042398.4820007762,1041672.7710007762,44,165462.33300050517,measured,0.0,143345.3350000491,930
20.378,436.781,0.0,dot-1024x32,647744.1850001924,703.565,1142027.4750011195,89.21600133180618,Predicted,one_shot,822814.4440003199,822110.87900032,44,,measured,23593.693999828247,150772.5430001301,930
19.447,339.0440000000001,0.0,dot-1024x32,647744.1850001924,575.618,1141899.5280011196,60.416001826524734,Predicted,one_shot,822686.49700032,822110.87900032,45,,measured,23593.693999828247,150772.5430001301,930
20.908,431.4309999999999,0.0,dot-1024x32,731825.3729999925,725.267,1361611.069001576,113.66400122642517,Random,one_shot,1042398.0380007762,1041672.7710007762,45,165462.33300050517,measured,0.0,143345.3350000491,930
20.78,436.6310000000001,0.0,dot-1024x32,731825.3729999925,702.788,1196126.2570010708,89.88799899816513,Current,one_shot,876913.226000271,876210.4380002711,45,,measured,0.0,143345.3350000491,930
20.749000000000002,427.6479999999999,0.0,dot-1024x32,731825.3729999925,715.095,1361600.897001576,109.43999886512756,Random,one_shot,1042387.8660007762,1041672.7710007762,46,165462.33300050517,measured,0.0,143345.3350000491,930
20.641,425.00100000000003,0.0,dot-1024x32,731825.3729999925,686.079,1196109.5480010707,84.63999629020691,Current,one_shot,876896.5170002711,876210.4380002711,46,,measured,0.0,143345.3350000491,930
20.703000000000003,443.43199999999996,0.0,dot-1024x32,647744.1850001924,709.052,1142032.9620011197,89.88799899816513,Predicted,one_shot,822819.93100032,822110.87900032,46,,measured,23593.693999828247,150772.5430001301,930
20.277,446.883,0.0,dot-1024x32,731825.3729999925,732.902,1361618.704001576,109.56799983978271,Random,one_shot,1042405.6730007762,1041672.7710007762,47,165462.33300050517,measured,0.0,143345.3350000491,930
20.732,453.168,0.0,dot-1024x32,731825.3729999925,722.159,1196145.6280010708,89.9519994854927,Current,one_shot,876932.5970002711,876210.4380002711,47,,measured,0.0,143345.3350000491,930
20.166,448.8209999999999,0.0,dot-1024x32,647744.1850001924,716.679,1142040.5890011196,89.75999802350998,Predicted,one_shot,822827.55800032,822110.87900032,47,,measured,23593.693999828247,150772.5430001301,930
19.805999999999997,363.0319999999999,0.0,dot-1024x32,647744.1850001924,601.302,1141925.2120011197,60.416001826524734,Predicted,one_shot,822712.18100032,822110.87900032,48,,measured,23593.693999828247,150772.5430001301,930
21.657,446.46899999999994,0.0,dot-1024x32,731825.3729999925,737.804,1361623.606001576,110.59200018644333,Random,one_shot,1042410.5750007762,1041672.7710007762,48,165462.33300050517,measured,0.0,143345.3350000491,930
20.161,446.435,0.0,dot-1024x32,731825.3729999925,714.525,1196137.9940010707,90.11200070381165,Current,one_shot,876924.9630002711,876210.4380002711,48,,measured,0.0,143345.3350000491,930
20.115000000000002,433.688,0.0,dot-1024x32,731825.3729999925,722.492,1361608.2940015758,110.59200018644333,Random,one_shot,1042395.2630007762,1041672.7710007762,49,165462.33300050517,measured,0.0,143345.3350000491,930
20.418,445.86199999999997,0.0,dot-1024x32,647744.1850001924,713.785,1142037.6950011197,89.24800157546997,Predicted,one_shot,822824.66400032,822110.87900032,49,,measured,23593.693999828247,150772.5430001301,930
20.856,438.156,0.0,dot-1024x32,731825.3729999925,705.697,1196129.1660010708,89.08800035715103,Current,one_shot,876916.1350002711,876210.4380002711,49,,measured,0.0,143345.3350000491,930
20.631,440.406,0.0,dot-1024x32,731825.3729999925,730.162,1361615.964001576,111.455999314785,Random,one_shot,1042402.9330007762,1041672.7710007762,50,165462.33300050517,measured,0.0,143345.3350000491,930
20.465,444.087,0.0,dot-1024x32,647744.1850001924,713.183,1142037.0930011196,88.79999816417694,Predicted,one_shot,822824.06200032,822110.87900032,50,,measured,23593.693999828247,150772.5430001301,930
27.622999999999998,457.63399999999996,0.0,dot-1024x32,731825.3729999925,781.127,1196204.5960010707,93.18400174379349,Current,one_shot,876991.5650002711,876210.4380002711,50,,measured,0.0,143345.3350000491,930
20.293,366.0579999999999,0.0,dot-1024x32,731825.3729999925,653.115,1196076.5840010708,61.28000095486641,Current,one_shot,876863.5530002711,876210.4380002711,51,,measured,0.0,143345.3350000491,930
20.494,449.462,0.0,dot-1024x32,731825.3729999925,743.067,1361628.869001576,110.59200018644333,Random,one_shot,1042415.8380007762,1041672.7710007762,51,165462.33300050517,measured,0.0,143345.3350000491,930
20.951,452.29400000000004,0.0,dot-1024x32,647744.1850001924,721.664,1142045.5740011197,89.75999802350998,Predicted,one_shot,822832.54300032,822110.87900032,51,,measured,23593.693999828247,150772.5430001301,930
20.085,363.13200000000006,0.0,dot-1024x32,647744.1850001924,601.497,1141925.4070011196,60.54399907588959,Predicted,one_shot,822712.37600032,822110.87900032,52,,measured,23593.693999828247,150772.5430001301,930
20.487000000000002,444.81299999999993,0.0,dot-1024x32,731825.3729999925,710.697,1196134.1660010708,89.91999924182892,Current,one_shot,876921.1350002711,876210.4380002711,52,,measured,0.0,143345.3350000491,930
20.455,444.044,0.0,dot-1024x32,731825.3729999925,732.48,1361618.282001576,110.23999750614166,Random,one_shot,1042405.2510007762,1041672.7710007762,52,165462.33300050517,measured,0.0,143345.3350000491,930
19.878999999999998,340.51700000000005,0.0,dot-1024x32,731825.3729999925,603.738,1361489.5400015758,82.87999778985977,Random,one_shot,1042276.5090007762,1041672.7710007762,53,165462.33300050517,measured,0.0,143345.3350000491,930
20.807000000000002,435.175,0.0,dot-1024x32,647744.1850001924,704.425,1142028.3350011196,89.75999802350998,Predicted,one_shot,822815.30400032,822110.87900032,53,,measured,23593.693999828247,150772.5430001301,930
20.756,440.059,0.0,dot-1024x32,731825.3729999925,706.618,1196130.0870010708,89.08800035715103,Current,one_shot,876917.0560002711,876210.4380002711,53,,measured,0.0,143345.3350000491,930
20.106,344.979,0.0,dot-1024x32,731825.3729999925,583.261,1196006.7300010708,61.184000223875046,Current,one_shot,876793.6990002712,876210.4380002711,54,,measured,0.0,143345.3350000491,930
20.964,443.59599999999995,0.0,dot-1024x32,647744.1850001924,708.68,1142032.5900011198,87.0399996638298,Predicted,one_shot,822819.55900032,822110.87900032,54,,measured,23593.693999828247,150772.5430001301,930
20.371000000000002,435.50100000000003,0.0,dot-1024x32,731825.3729999925,721.747,1361607.549001576,110.55999994277954,Random,one_shot,1042394.5180007762,1041672.7710007762,54,165462.33300050517,measured,0.0,143345.3350000491,930
21.076,423.422,0.0,dot-1024x32,647744.1850001924,687.882,1142011.7920011196,87.0399996638298,Predicted,one_shot,822798.76100032,822110.87900032,55,,measured,23593.693999828247,150772.5430001301,930
19.921,432.7749999999999,0.0,dot-1024x32,731825.3729999925,719.497,1361605.299001576,109.82400178909302,Random,one_shot,1042392.2680007762,1041672.7710007762,55,165462.33300050517,measured,0.0,143345.3350000491,930
20.864,427.27399999999994,0.0,dot-1024x32,731825.3729999925,694.703,1196118.1720010708,89.15200084447861,Current,one_shot,876905.1410002711,876210.4380002711,55,,measured,0.0,143345.3350000491,930
20.468,422.43999999999994,0.0,dot-1024x32,647744.1850001924,693.454,1142017.3640011197,89.08800035715103,Predicted,one_shot,822804.33300032,822110.87900032,56,,measured,23593.693999828247,150772.5430001301,930
21.221,426.167,0.0,dot-1024x32,731825.3729999925,692.953,1196116.4220010708,87.0399996638298,Current,one_shot,876903.3910002711,876210.4380002711,56,,measured,0.0,143345.3350000491,930
20.674,422.5830000000001,0.0,dot-1024x32,731825.3729999925,710.436,1361596.238001576,111.42399907112122,Random,one_shot,1042383.2070007762,1041672.7710007762,56,165462.33300050517,measured,0.0,143345.3350000491,930
19.771,343.19100000000003,0.0,dot-1024x32,731825.3729999925,608.188,1361493.9900015758,88.06400001049042,Random,one_shot,1042280.9590007762,1041672.7710007762,57,165462.33300050517,measured,0.0,143345.3350000491,930
21.163,429.4669999999999,0.0,dot-1024x32,731825.3729999925,1003.796,1196427.2650010707,86.40000224113464,Current,one_shot,877214.2340002711,876210.4380002711,57,,measured,0.0,143345.3350000491,930
20.995,429.623,0.0,dot-1024x32,647744.1850001924,701.077,1142024.9870011196,89.08800035715103,Predicted,one_shot,822811.95600032,822110.87900032,57,,measured,23593.693999828247,150772.5430001301,930
20.165,344.02399999999994,0.0,dot-1024x32,647744.1850001924,583.431,1141907.3410011197,60.416001826524734,Predicted,one_shot,822694.31000032,822110.87900032,58,,measured,23593.693999828247,150772.5430001301,930
20.032,429.66800000000006,0.0,dot-1024x32,731825.3729999925,717.723,1361603.525001576,111.61600053310394,Random,one_shot,1042390.4940007762,1041672.7710007762,58,165462.33300050517,measured,0.0,143345.3350000491,930
20.67,427.933,0.0,dot-1024x32,731825.3729999925,696.042,1196119.5110010707,89.08800035715103,Current,one_shot,876906.4800002711,876210.4380002711,58,,measured,0.0,143345.3350000491,930
19.963,343.637,0.0,dot-1024x32,731825.3729999925,582.957,1196006.4260010708,61.3120011985302,Current,one_shot,876793.3950002711,876210.4380002711,59,,measured,0.0,143345.3350000491,930
20.258,428.506,0.0,dot-1024x32,731825.3729999925,715.07,1361600.8720015758,109.56799983978271,Random,one_shot,1042387.8410007762,1041672.7710007762,59,165462.33300050517,measured,0.0,143345.3350000491,930
20.944,437.71200000000005,0.0,dot-1024x32,647744.1850001924,704.697,1142028.6070011198,89.08800035715103,Predicted,one_shot,822815.57600032,822110.87900032,59,,measured,23593.693999828247,150772.5430001301,930
20.558999999999997,355.9959999999999,0.0,dot-1024x32,647744.1850001924,596.037,1141919.9470011196,60.416001826524734,Predicted,one_shot,822706.91600032,822110.87900032,60,,measured,23593.693999828247,150772.5430001301,930
20.875999999999998,437.303,0.0,dot-1024x32,731825.3729999925,734.909,1361620.711001576,116.73600226640701,Random,one_shot,1042407.6800007762,1041672.7710007762,60,165462.33300050517,measured,0.0,143345.3350000491,930
20.997999999999998,442.311,0.0,dot-1024x32,731825.3729999925,709.223,1196132.6920010708,89.08800035715103,Current,one_shot,876919.6610002711,876210.4380002711,60,,measured,0.0,143345.3350000491,930
20.54,604.244,0.0,dot-1024x32,647744.1850001924,873.963,1142197.8730011196,89.08800035715103,Predicted,one_shot,822984.84200032,822110.87900032,61,,measured,23593.693999828247,150772.5430001301,930
21.105,453.295,0.0,dot-1024x32,731825.3729999925,718.889,1196142.3580010708,87.0399996638298,Current,one_shot,876929.3270002711,876210.4380002711,61,,measured,0.0,143345.3350000491,930
20.188000000000002,470.15199999999993,0.0,dot-1024x32,731825.3729999925,759.23,1361645.032001576,110.33599823713303,Random,one_shot,1042432.0010007762,1041672.7710007762,61,165462.33300050517,measured,0.0,143345.3350000491,930
20.585,502.454,0.0,dot-1024x32,647744.1850001924,810.155,1142134.0650011196,89.88799899816513,Predicted,one_shot,822921.03400032,822110.87900032,62,,measured,23593.693999828247,150772.5430001301,930
20.127000000000002,461.60600000000005,0.0,dot-1024x32,731825.3729999925,767.675,1361653.477001576,109.24799740314484,Random,one_shot,1042440.4460007763,1041672.7710007762,62,165462.33300050517,measured,0.0,143345.3350000491,930
20.877,531.153,0.0,dot-1024x32,731825.3729999925,874.765,1196298.2340010707,89.08800035715103,Current,one_shot,877085.2030002711,876210.4380002711,62,,measured,0.0,143345.3350000491,930
27.452,543.397,0.0,dot-1024x32,731825.3729999925,920.814,1361806.616001576,112.8000020980835,Random,one_shot,1042593.5850007762,1041672.7710007762,63,165462.33300050517,measured,0.0,143345.3350000491,930
21.532,499.63399999999996,0.0,dot-1024x32,647744.1850001924,890.544,1142214.4540011196,101.3759970664978,Predicted,one_shot,823001.42300032,822110.87900032,63,,measured,23593.693999828247,150772.5430001301,930
21.695,479.53,0.0,dot-1024x32,731825.3729999925,757.579,1196181.0480010707,90.11200070381165,Current,one_shot,876968.0170002711,876210.4380002711,63,,measured,0.0,143345.3350000491,930
29.448,182.287,58.924,matmul-64x128x64,,713.949,,201.27999782562256,Current,initialize,,,-1,,initialization,,,
28.928,179.99300000000002,59.893,matmul-64x128x64,,723.485,,204.6079933643341,Predicted,initialize,,,-1,,initialization,,,
27.951999999999998,178.86599999999999,68.22,matmul-64x128x64,,756.756,,228.15999388694763,Random,initialize,,,-1,,initialization,,,928
29.759,183.37300000000005,67.031,matmul-64x128x64,,763.281,,231.90400004386902,Random,initialize,,,-1,,initialization,,,929
30.437,216.032,99.483,matmul-64x128x64,,1313.982,,244.51200664043427,Random,initialize,,,-1,,initialization,,,930
27.999,,,matmul-64x128x64,,279.211,,252.9279887676239,Random,resident,,,0,,warmup,,,928
28.22,,,matmul-64x128x64,,326.69,,301.05599761009216,Predicted,resident,,,0,,warmup,,,928
28.891000000000002,,,matmul-64x128x64,,316.518,,290.8160090446472,Current,resident,,,0,,warmup,,,928
26.764,,,matmul-64x128x64,,266.741,,241.66400730609894,Random,resident,,,1,,warmup,,,928
26.595,,,matmul-64x128x64,,275.515,,249.6960014104843,Predicted,resident,,,1,,warmup,,,928
26.833,,,matmul-64x128x64,,266.107,,240.63999950885773,Current,resident,,,1,,warmup,,,928
25.613999999999997,,,matmul-64x128x64,,267.763,,242.68800020217896,Random,resident,,,2,,warmup,,,928
25.979,,,matmul-64x128x64,,216.824,,191.48799777030945,Current,resident,,,2,,warmup,,,928
25.914,,,matmul-64x128x64,,281.339,,256.00001215934753,Predicted,resident,,,2,,warmup,,,928
25.111,,,matmul-64x128x64,,270.493,,244.73600089550018,Random,resident,,,3,,warmup,,,928
26.216,,,matmul-64x128x64,,253.751,,228.35199534893036,Current,resident,,,3,,warmup,,,928
25.988,,,matmul-64x128x64,,282.111,,256.6080093383789,Predicted,resident,,,3,,warmup,,,928
25.296,,,matmul-64x128x64,,219.036,,194.4960057735443,Predicted,resident,,,4,,warmup,,,928
26.375,,,matmul-64x128x64,,217.81,,192.54399836063385,Current,resident,,,4,,warmup,,,928
25.304,,,matmul-64x128x64,,270.717,,245.66400051116943,Random,resident,,,4,,warmup,,,928
26.125,,,matmul-64x128x64,,281.63,,257.02399015426636,Predicted,resident,,,5,,warmup,,,928
27.16,,,matmul-64x128x64,,277.877,,252.70399451255798,Current,resident,,,5,,warmup,,,928
25.322,,,matmul-64x128x64,,267.341,,241.66400730609894,Random,resident,,,5,,warmup,,,928
25.259999999999998,,,matmul-64x128x64,,233.265,,207.87200331687927,Random,resident,,,6,,warmup,,,928
25.65,,,matmul-64x128x64,,282.723,,257.79199600219727,Predicted,resident,,,6,,warmup,,,928
26.413,,,matmul-64x128x64,,281.537,,256.22400641441345,Current,resident,,,6,,warmup,,,928
26.169,,,matmul-64x128x64,,219.992,,193.53599846363068,Predicted,resident,,,7,,warmup,,,928
25.247999999999998,,,matmul-64x128x64,,269.77,,244.73600089550018,Random,resident,,,7,,warmup,,,928
25.884999999999998,,,matmul-64x128x64,,258.439,,233.47200453281403,Current,resident,,,7,,warmup,,,928
25.958,,,matmul-64x128x64,,217.35,,192.51200556755066,Current,resident,,,8,,warmup,,,928
25.903,,,matmul-64x128x64,,281.088,,255.90398907661438,Predicted,resident,,,8,,warmup,,,928
25.463,,,matmul-64x128x64,,269.984,,244.73600089550018,Random,resident,,,8,,warmup,,,928
25.943,,,matmul-64x128x64,,253.467,,228.2560020685196,Current,resident,,,9,,warmup,,,928
25.561,,,matmul-64x128x64,,284.564,,260.09601354599,Predicted,resident,,,9,,warmup,,,928
35.067,,,matmul-64x128x64,,270.655,,245.34399807453156,Random,resident,,,9,,warmup,,,928
26.703,,,matmul-64x128x64,,222.707,,195.68000733852386,Predicted,resident,,,10,,warmup,,,928
27.165,,,matmul-64x128x64,,261.537,,235.52000522613525,Current,resident,,,10,,warmup,,,928
26.628999999999998,,,matmul-64x128x64,,267.641,,241.66400730609894,Random,resident,,,10,,warmup,,,928
25.253,,,matmul-64x128x64,,233.644,,207.7759951353073,Random,resident,,,11,,warmup,,,928
26.241,,,matmul-64x128x64,,217.829,,192.51200556755066,Current,resident,,,11,,warmup,,,928
25.716,,,matmul-64x128x64,,282.282,,257.02399015426636,Predicted,resident,,,11,,warmup,,,928
25.667,,,matmul-64x128x64,,271.093,,245.7599937915802,Random,resident,,,12,,warmup,,,928
26.148,,,matmul-64x128x64,,219.925,,194.5600062608719,Predicted,resident,,,12,,warmup,,,928
25.454,,,matmul-64x128x64,,261.956,,237.21599578857422,Current,resident,,,12,,warmup,,,928
28.825,,,matmul-64x128x64,,267.483,,242.43199825286865,Random,resident,,,13,,warmup,,,928
25.697000000000003,,,matmul-64x128x64,,218.154,,192.51200556755066,Current,resident,,,13,,warmup,,,928
25.395,,,matmul-64x128x64,,281.989,,257.63198733329773,Predicted,resident,,,13,,warmup,,,928
26.339,,,matmul-64x128x64,,270.273,,244.73600089550018,Random,resident,,,14,,warmup,,,928
26.682,,,matmul-64x128x64,,253.448,,227.32800245285034,Current,resident,,,14,,warmup,,,928
25.665,,,matmul-64x128x64,,281.42,,257.02399015426636,Predicted,resident,,,14,,warmup,,,928
24.862000000000002,,,matmul-64x128x64,,219.004,,194.36800479888916,Predicted,resident,,,15,,warmup,,,928
25.455,,,matmul-64x128x64,,273.86,,249.82400238513947,Random,resident,,,15,,warmup,,,928
26.058999999999997,,,matmul-64x128x64,,254.285,,228.35199534893036,Current,resident,,,15,,warmup,,,928
25.715,,,matmul-64x128x64,,217.534,,192.51200556755066,Current,resident,,,0,,measured,,,928
25.738999999999997,,,matmul-64x128x64,,280.021,,254.97600436210632,Predicted,resident,,,0,,measured,,,928
25.297,,,matmul-64x128x64,,270.087,,244.73600089550018,Random,resident,,,0,,measured,,,928
25.008000000000003,,,matmul-64x128x64,,233.387,,207.87200331687927,Random,resident,,,1,,measured,,,928
26.269,,,matmul-64x128x64,,219.28,,194.5600062608719,Predicted,resident,,,1,,measured,,,928
25.680999999999997,,,matmul-64x128x64,,258.623,,233.47200453281403,Current,resident,,,1,,measured,,,928
25.642,,,matmul-64x128x64,,220.075,,195.26399672031403,Predicted,resident,,,2,,measured,,,928
26.076,,,matmul-64x128x64,,216.642,,191.48799777030945,Current,resident,,,2,,measured,,,928
25.217,,,matmul-64x128x64,,269.497,,244.73600089550018,Random,resident,,,2,,measured,,,928
25.244,,,matmul-64x128x64,,280.874,,256.6399872303009,Predicted,resident,,,3,,measured,,,928
25.11,,,matmul-64x128x64,,232.147,,207.58399367332458,Random,resident,,,3,,measured,,,928
25.951,,,matmul-64x128x64,,281.427,,253.79198789596558,Current,resident,,,3,,measured,,,928
25.481,,,matmul-64x128x64,,216.661,,192.51200556755066,Current,resident,,,4,,measured,,,928
24.866,,,matmul-64x128x64,,280.653,,256.73601031303406,Predicted,resident,,,4,,measured,,,928
37.97,,,matmul-64x128x64,,271.585,,244.6720004081726,Random,resident,,,4,,measured,,,928
25.941,,,matmul-64x128x64,,235.554,,208.8959962129593,Random,resident,,,5,,measured,,,928
25.566000000000003,,,matmul-64x128x64,,219.77,,194.5600062608719,Predicted,resident,,,5,,measured,,,928
25.975,,,matmul-64x128x64,,259.458,,234.6239984035492,Current,resident,,,5,,measured,,,928
24.651,,,matmul-64x128x64,,216.767,,192.51200556755066,Current,resident,,,6,,measured,,,928
25.833,,,matmul-64x128x64,,219.743,,195.23200392723083,Predicted,resident,,,6,,measured,,,928
25.494,,,matmul-64x128x64,,267.792,,242.91199445724487,Random,resident,,,6,,measured,,,928
27.125,,,matmul-64x128x64,,253.381,,229.37600314617157,Current,resident,,,7,,measured,,,928
24.594,,,matmul-64x128x64,,231.935,,207.87200331687927,Random,resident,,,7,,measured,,,928
25.555,,,matmul-64x128x64,,282.941,,258.9440047740936,Predicted,resident,,,7,,measured,,,928
24.758,,,matmul-64x128x64,,219.064,,194.43200528621674,Predicted,resident,,,8,,measured,,,928
26.424,,,matmul-64x128x64,,270.648,,246.5279996395111,Current,resident,,,8,,measured,,,928
25.423000000000002,,,matmul-64x128x64,,266.523,,242.68800020217896,Random,resident,,,8,,measured,,,928
24.586,,,matmul-64x128x64,,233.632,,208.8640034198761,Random,resident,,,9,,measured,,,928
25.822000000000003,,,matmul-64x128x64,,284.476,,259.8080039024353,Predicted,resident,,,9,,measured,,,928
25.367,,,matmul-64x128x64,,273.876,,249.82400238513947,Current,resident,,,9,,measured,,,928
25.185000000000002,,,matmul-64x128x64,,267.414,,242.68800020217896,Random,resident,,,10,,measured,,,928
26.098999999999997,,,matmul-64x128x64,,216.908,,192.3840045928955,Current,resident,,,10,,measured,,,928
25.634999999999998,,,matmul-64x128x64,,282.183,,257.88798928260803,Predicted,resident,,,10,,measured,,,928
24.647,,,matmul-64x128x64,,218.645,,194.5279985666275,Predicted,resident,,,11,,measured,,,928
25.526,,,matmul-64x128x64,,271.501,,246.7840015888214,Random,resident,,,11,,measured,,,928
25.143,,,matmul-64x128x64,,254.398,,229.08799350261688,Current,resident,,,11,,measured,,,928
25.543,,,matmul-64x128x64,,280.719,,254.84800338745117,Predicted,resident,,,12,,measured,,,928
25.719,,,matmul-64x128x64,,215.945,,191.48799777030945,Current,resident,,,12,,measured,,,928
24.666,,,matmul-64x128x64,,269.049,,244.57600712776184,Random,resident,,,12,,measured,,,928
23.886000000000003,,,matmul-64x128x64,,232.71,,207.87200331687927,Random,resident,,,13,,measured,,,928
25.101,,,matmul-64x128x64,,216.323,,192.3840045928955,Current,resident,,,13,,measured,,,928
25.345,,,matmul-64x128x64,,280.957,,256.00001215934753,Predicted,resident,,,13,,measured,,,928
25.317999999999998,,,matmul-64x128x64,,218.836,,193.53599846363068,Predicted,resident,,,14,,measured,,,928
26.436,,,matmul-64x128x64,,217.213,,191.48799777030945,Current,resident,,,14,,measured,,,928
25.059,,,matmul-64x128x64,,268.819,,244.73600089550018,Random,resident,,,14,,measured,,,928
24.35,,,matmul-64x128x64,,232.225,,207.7759951353073,Random,resident,,,15,,measured,,,928
25.049999999999997,,,matmul-64x128x64,,284.347,,259.96801257133484,Predicted,resident,,,15,,measured,,,928
25.537,,,matmul-64x128x64,,273.105,,248.83200228214264,Current,resident,,,15,,measured,,,928
28.314,,,matmul-64x128x64,,269.418,,242.68800020217896,Random,resident,,,16,,measured,,,928
25.843,,,matmul-64x128x64,,284.481,,259.0720057487488,Predicted,resident,,,16,,measured,,,928
25.831000000000003,,,matmul-64x128x64,,271.368,,246.72000110149384,Current,resident,,,16,,measured,,,928
25.578000000000003,,,matmul-64x128x64,,266.869,,241.66400730609894,Random,resident,,,17,,measured,,,928
25.698999999999998,,,matmul-64x128x64,,216.549,,192.32000410556793,Current,resident,,,17,,measured,,,928
25.192999999999998,,,matmul-64x128x64,,281.332,,256.00001215934753,Predicted,resident,,,17,,measured,,,928
25.463,,,matmul-64x128x64,,271.159,,246.68799340724945,Random,resident,,,18,,measured,,,928
26.141,,,matmul-64x128x64,,252.277,,227.32800245285034,Current,resident,,,18,,measured,,,928
25.398000000000003,,,matmul-64x128x64,,280.319,,255.8079957962036,Predicted,resident,,,18,,measured,,,928
25.688000000000002,,,matmul-64x128x64,,217.344,,192.54399836063385,Current,resident,,,19,,measured,,,928
38.285,,,matmul-64x128x64,,237.049,,194.43200528621674,Predicted,resident,,,19,,measured,,,928
24.758000000000003,,,matmul-64x128x64,,270.002,,244.73600089550018,Random,resident,,,19,,measured,,,928
24.217,,,matmul-64x128x64,,232.224,,207.87200331687927,Random,resident,,,20,,measured,,,928
25.433,,,matmul-64x128x64,,218.8,,193.53599846363068,Predicted,resident,,,20,,measured,,,928
26.302,,,matmul-64x128x64,,259.153,,234.40000414848328,Current,resident,,,20,,measured,,,928
25.642,,,matmul-64x128x64,,219.021,,193.53599846363068,Predicted,resident,,,21,,measured,,,928
25.337000000000003,,,matmul-64x128x64,,268.238,,243.3920055627823,Random,resident,,,21,,measured,,,928
26.151,,,matmul-64x128x64,,259.698,,235.52000522613525,Current,resident,,,21,,measured,,,928
24.555,,,matmul-64x128x64,,216.851,,192.1599954366684,Current,resident,,,22,,measured,,,928
56.209,,,matmul-64x128x64,,232.49,,207.87200331687927,Random,resident,,,22,,measured,,,928
25.381,,,matmul-64x128x64,,284.758,,259.2960000038147,Predicted,resident,,,22,,measured,,,928
24.912,,,matmul-64x128x64,,233.559,,208.80000293254852,Random,resident,,,23,,measured,,,928
25.822,,,matmul-64x128x64,,278.938,,253.9519965648651,Current,resident,,,23,,measured,,,928
25.271,,,matmul-64x128x64,,282.332,,257.02399015426636,Predicted,resident,,,23,,measured,,,928
25.146,,,matmul-64x128x64,,216.55,,192.25600361824036,Current,resident,,,24,,measured,,,928
25.458,,,matmul-64x128x64,,218.357,,194.240003824234,Predicted,resident,,,24,,measured,,,928
25.453,,,matmul-64x128x64,,269.919,,245.7599937915802,Random,resident,,,24,,measured,,,928
24.034,,,matmul-64x128x64,,232.618,,207.8399956226349,Random,resident,,,25,,measured,,,928
24.883,,,matmul-64x128x64,,218.59,,193.53599846363068,Predicted,resident,,,25,,measured,,,928
25.418,,,matmul-64x128x64,,258.536,,233.47200453281403,Current,resident,,,25,,measured,,,928
25.119,,,matmul-64x128x64,,218.607,,194.5600062608719,Predicted,resident,,,26,,measured,,,928
24.935000000000002,,,matmul-64x128x64,,267.165,,242.68800020217896,Random,resident,,,26,,measured,,,928
36.913,,,matmul-64x128x64,,279.643,,233.47200453281403,Current,resident,,,26,,measured,,,928
42.56,,,matmul-64x128x64,,235.581,,208.76799523830414,Random,resident,,,27,,measured,,,928
25.598,,,matmul-64x128x64,,217.881,,192.51200556755066,Current,resident,,,27,,measured,,,928
26.311999999999998,,,matmul-64x128x64,,283.131,,258.04799795150757,Predicted,resident,,,27,,measured,,,928
25.848,,,matmul-64x128x64,,217.532,,192.6400065422058,Current,resident,,,28,,measured,,,928
25.235,,,matmul-64x128x64,,270.522,,245.7599937915802,Random,resident,,,28,,measured,,,928
26.322,,,matmul-64x128x64,,281.762,,256.6399872303009,Predicted,resident,,,28,,measured,,,928
24.721,,,matmul-64x128x64,,218.457,,193.53599846363068,Predicted,resident,,,29,,measured,,,928
26.171,,,matmul-64x128x64,,275.956,,251.90401077270508,Current,resident,,,29,,measured,,,928
25.132,,,matmul-64x128x64,,267.659,,242.68800020217896,Random,resident,,,29,,measured,,,928
25.177,,,matmul-64x128x64,,280.894,,256.9279968738556,Predicted,resident,,,30,,measured,,,928
25.639,,,matmul-64x128x64,,269.721,,244.63999271392822,Current,resident,,,30,,measured,,,928
25.846,,,matmul-64x128x64,,266.243,,241.66400730609894,Random,resident,,,30,,measured,,,928
24.201999999999998,,,matmul-64x128x64,,232.156,,207.7759951353073,Random,resident,,,31,,measured,,,928
26.128,,,matmul-64x128x64,,281.235,,256.00001215934753,Predicted,resident,,,31,,measured,,,928
25.886,,,matmul-64x128x64,,268.945,,244.73600089550018,Current,resident,,,31,,measured,,,928
25.548000000000002,,,matmul-64x128x64,,216.8,,191.48799777030945,Current,resident,,,32,,measured,,,928
25.711,,,matmul-64x128x64,,219.025,,194.5600062608719,Predicted,resident,,,32,,measured,,,928
25.549,,,matmul-64x128x64,,267.984,,243.77599358558655,Random,resident,,,32,,measured,,,928
24.747,,,matmul-64x128x64,,232.531,,207.87200331687927,Random,resident,,,33,,measured,,,928
25.403,,,matmul-64x128x64,,218.449,,193.53599846363068,Predicted,resident,,,33,,measured,,,928
25.679000000000002,,,matmul-64x128x64,,258.505,,233.47200453281403,Current,resident,,,33,,measured,,,928
25.497,,,matmul-64x128x64,,218.831,,193.53599846363068,Predicted,resident,,,34,,measured,,,928
25.512999999999998,,,matmul-64x128x64,,216.655,,191.29599630832672,Current,resident,,,34,,measured,,,928
25.039,,,matmul-64x128x64,,268.228,,243.6159998178482,Random,resident,,,34,,measured,,,928
45.150999999999996,,,matmul-64x128x64,,280.006,,212.99199759960175,Current,resident,,,35,,measured,,,928
40.498000000000005,,,matmul-64x128x64,,235.867,,209.6319943666458,Random,resident,,,35,,measured,,,928
63.457,,,matmul-64x128x64,,287.733,,260.8320116996765,Predicted,resident,,,35,,measured,,,928
25.977,,,matmul-64x128x64,,235.23,,209.9200040102005,Random,resident,,,36,,measured,,,928
29.054000000000002,,,matmul-64x128x64,,279.367,,250.75200200080872,Current,resident,,,36,,measured,,,928
54.61,,,matmul-64x128x64,,302.467,,257.02399015426636,Predicted,resident,,,36,,measured,,,928
36.832,,,matmul-64x128x64,,221.844,,193.53599846363068,Current,resident,,,37,,measured,,,928
27.851,,,matmul-64x128x64,,295.075,,246.65600061416626,Random,resident,,,37,,measured,,,928
28.076999999999998,,,matmul-64x128x64,,284.83,,258.7519884109497,Predicted,resident,,,37,,measured,,,928
26.609,,,matmul-64x128x64,,235.344,,208.8959962129593,Random,resident,,,38,,measured,,,928
25.892,,,matmul-64x128x64,,221.683,,195.2960044145584,Predicted,resident,,,38,,measured,,,928
30.194000000000003,,,matmul-64x128x64,,276.424,,249.4720071554184,Current,resident,,,38,,measured,,,928
27.265,,,matmul-64x128x64,,271.011,,243.71199309825897,Random,resident,,,39,,measured,,,928
30.570999999999998,,,matmul-64x128x64,,244.612,,198.65599274635315,Current,resident,,,39,,measured,,,928
28.052999999999997,,,matmul-64x128x64,,287.099,,259.93600487709045,Predicted,resident,,,39,,measured,,,928
28.366,,,matmul-64x128x64,,273.981,,247.19999730587006,Random,resident,,,40,,measured,,,928
29.088,,,matmul-64x128x64,,231.394,,196.60800695419312,Predicted,resident,,,40,,measured,,,928
29.831,,,matmul-64x128x64,,266.078,,238.46399784088135,Current,resident,,,40,,measured,,,928
26.236,,,matmul-64x128x64,,270.574,,243.71199309825897,Random,resident,,,41,,measured,,,928
26.586,,,matmul-64x128x64,,218.384,,192.51200556755066,Current,resident,,,41,,measured,,,928
28.782,,,matmul-64x128x64,,288.163,,259.0720057487488,Predicted,resident,,,41,,measured,,,928
28.048000000000002,,,matmul-64x128x64,,224.208,,196.60800695419312,Predicted,resident,,,42,,measured,,,928
27.934,,,matmul-64x128x64,,219.022,,192.51200556755066,Current,resident,,,42,,measured,,,928
39.189,,,matmul-64x128x64,,274.714,,246.11200392246246,Random,resident,,,42,,measured,,,928
29.715000000000003,,,matmul-64x128x64,,225.445,,196.28800451755524,Current,resident,,,43,,measured,,,928
39.388999999999996,,,matmul-64x128x64,,237.297,,209.9200040102005,Random,resident,,,43,,measured,,,928
28.326999999999998,,,matmul-64x128x64,,290.527,,263.16800713539124,Predicted,resident,,,43,,measured,,,928
26.521,,,matmul-64x128x64,,238.49,,211.64800226688385,Random,resident,,,44,,measured,,,928
26.134,,,matmul-64x128x64,,221.391,,195.5839991569519,Predicted,resident,,,44,,measured,,,928
27.877,,,matmul-64x128x64,,275.862,,249.85599517822266,Current,resident,,,44,,measured,,,928
25.596,,,matmul-64x128x64,,220.563,,194.5600062608719,Predicted,resident,,,45,,measured,,,928
25.633,,,matmul-64x128x64,,270.092,,243.71199309825897,Random,resident,,,45,,measured,,,928
26.816000000000003,,,matmul-64x128x64,,259.547,,233.47200453281403,Current,resident,,,45,,measured,,,928
25.887999999999998,,,matmul-64x128x64,,283.198,,257.6639950275421,Predicted,resident,,,46,,measured,,,928
25.765,,,matmul-64x128x64,,218.948,,192.1280026435852,Current,resident,,,46,,measured,,,928
40.411,,,matmul-64x128x64,,308.264,,263.16800713539124,Random,resident,,,46,,measured,,,928
30.078,,,matmul-64x128x64,,262.117,,216.06400609016418,Random,resident,,,47,,measured,,,928
30.076999999999998,,,matmul-64x128x64,,244.065,,198.65599274635315,Current,resident,,,47,,measured,,,928
27.128999999999998,,,matmul-64x128x64,,302.318,,258.04799795150757,Predicted,resident,,,47,,measured,,,928
25.933,,,matmul-64x128x64,,271.812,,246.7840015888214,Random,resident,,,48,,measured,,,928
25.933,,,matmul-64x128x64,,256.729,,232.1919947862625,Current,resident,,,48,,measured,,,928
69.58699999999999,,,matmul-64x128x64,,285.174,,260.09601354599,Predicted,resident,,,48,,measured,,,928
25.927999999999997,,,matmul-64x128x64,,217.791,,192.51200556755066,Current,resident,,,49,,measured,,,928
25.016,,,matmul-64x128x64,,227.492,,201.7280012369156,Predicted,resident,,,49,,measured,,,928
25.057,,,matmul-64x128x64,,272.813,,247.80799448490143,Random,resident,,,49,,measured,,,928
26.985999999999997,,,matmul-64x128x64,,255.827,,230.3999960422516,Current,resident,,,50,,measured,,,928
26.02,,,matmul-64x128x64,,288.83,,263.16800713539124,Predicted,resident,,,50,,measured,,,928
25.941,,,matmul-64x128x64,,272.85,,248.44799935817719,Random,resident,,,50,,measured,,,928
25.737000000000002,,,matmul-64x128x64,,255.568,,231.1999946832657,Current,resident,,,51,,measured,,,928
25.292,,,matmul-64x128x64,,233.403,,208.8959962129593,Random,resident,,,51,,measured,,,928
26.225,,,matmul-64x128x64,,282.368,,258.04799795150757,Predicted,resident,,,51,,measured,,,928
25.142,,,matmul-64x128x64,,232.738,,208.8959962129593,Random,resident,,,52,,measured,,,928
25.239,,,matmul-64x128x64,,218.701,,193.53599846363068,Predicted,resident,,,52,,measured,,,928
26.113,,,matmul-64x128x64,,297.748,,251.77600979804993,Current,resident,,,52,,measured,,,928
25.573,,,matmul-64x128x64,,219.295,,193.53599846363068,Predicted,resident,,,53,,measured,,,928
25.381999999999998,,,matmul-64x128x64,,269.446,,243.71199309825897,Random,resident,,,53,,measured,,,928
24.764,,,matmul-64x128x64,,255.963,,231.4240038394928,Current,resident,,,53,,measured,,,928
69.63900000000001,,,matmul-64x128x64,,296.701,,266.2400007247925,Predicted,resident,,,54,,measured,,,928
41.436,,,matmul-64x128x64,,309.565,,261.7279887199402,Random,resident,,,54,,measured,,,928
36.849000000000004,,,matmul-64x128x64,,281.28,,232.44799673557281,Current,resident,,,54,,measured,,,928
26.708,,,matmul-64x128x64,,283.302,,257.02399015426636,Predicted,resident,,,55,,measured,,,928
26.375,,,matmul-64x128x64,,270.801,,245.7599937915802,Random,resident,,,55,,measured,,,928
25.534,,,matmul-64x128x64,,253.637,,228.32000255584717,Current,resident,,,55,,measured,,,928
25.517,,,matmul-64x128x64,,216.981,,192.51200556755066,Current,resident,,,56,,measured,,,928
25.683,,,matmul-64x128x64,,280.801,,256.00001215934753,Predicted,resident,,,56,,measured,,,928
25.677,,,matmul-64x128x64,,270.571,,245.7599937915802,Random,resident,,,56,,measured,,,928
25.912,,,matmul-64x128x64,,252.773,,228.09599339962006,Current,resident,,,57,,measured,,,928
25.137,,,matmul-64x128x64,,232.372,,207.5520008802414,Random,resident,,,57,,measured,,,928
26.094,,,matmul-64x128x64,,284.047,,259.0720057487488,Predicted,resident,,,57,,measured,,,928
24.106,,,matmul-64x128x64,,218.866,,193.53599846363068,Predicted,resident,,,58,,measured,,,928
25.307000000000002,,,matmul-64x128x64,,232.268,,207.7759951353073,Random,resident,,,58,,measured,,,928
55.586,,,matmul-64x128x64,,293.208,,267.2640085220337,Current,resident,,,58,,measured,,,928
24.841,,,matmul-64x128x64,,216.503,,191.48799777030945,Current,resident,,,59,,measured,,,928
24.991,,,matmul-64x128x64,,231.541,,207.8399956226349,Random,resident,,,59,,measured,,,928
25.337,,,matmul-64x128x64,,282.784,,258.04799795150757,Predicted,resident,,,59,,measured,,,928
41.736000000000004,,,matmul-64x128x64,,269.927,,244.60799992084503,Current,resident,,,60,,measured,,,928
25.747,,,matmul-64x128x64,,218.547,,193.53599846363068,Predicted,resident,,,60,,measured,,,928
25.007,,,matmul-64x128x64,,267.649,,243.6479926109314,Random,resident,,,60,,measured,,,928
26.025,,,matmul-64x128x64,,252.645,,228.35199534893036,Current,resident,,,61,,measured,,,928
26.153,,,matmul-64x128x64,,280.354,,255.90398907661438,Predicted,resident,,,61,,measured,,,928
25.045,,,matmul-64x128x64,,270.02,,244.73600089550018,Random,resident,,,61,,measured,,,928
25.726999999999997,,,matmul-64x128x64,,219.224,,194.5600062608719,Predicted,resident,,,62,,measured,,,928
25.708,,,matmul-64x128x64,,232.144,,207.68000185489655,Random,resident,,,62,,measured,,,928
25.597,,,matmul-64x128x64,,264.188,,234.49599742889404,Current,resident,,,62,,measured,,,928
25.219,,,matmul-64x128x64,,281.065,,256.0960054397583,Predicted,resident,,,63,,measured,,,928
25.250999999999998,,,matmul-64x128x64,,268.952,,244.73600089550018,Random,resident,,,63,,measured,,,928
25.664,,,matmul-64x128x64,,252.237,,227.9680073261261,Current,resident,,,63,,measured,,,928
26.46,242.71999999999997,0.0,matmul-64x128x64,220996.6769996754,766.899,401453.2399995276,229.91999983787537,Random,one_shot,297355.3339996486,296588.4349996486,0,37288.56499947142,warmup,0.0,38007.920000382,928
27.189,239.822,0.0,matmul-64x128x64,174459.18700013863,693.731,322509.1620006866,258.08000564575195,Predicted,one_shot,218411.25600080765,217717.52500080765,0,,warmup,6024.364999575482,37232.894000226224,928
27.934,241.04299999999998,0.0,matmul-64x128x64,220996.6769996754,687.987,364085.76300005615,246.17600440979004,Current,one_shot,259987.85700017717,259299.87000017718,0,,warmup,0.0,38007.920000382,928
39.022,234.35699999999997,0.0,matmul-64x128x64,220996.6769996754,697.849,401384.1899995276,246.07999622821808,Random,one_shot,297286.2839996486,296588.4349996486,1,37288.56499947142,warmup,0.0,38007.920000382,928
28.087000000000003,235.753,0.0,matmul-64x128x64,174459.18700013863,688.15,322503.5810006866,252.9599964618683,Predicted,one_shot,218405.67500080765,217717.52500080765,1,,warmup,6024.364999575482,37232.894000226224,928
27.05,238.85100000000003,0.0,matmul-64x128x64,220996.6769996754,673.731,364071.5070000562,245.79200148582458,Current,one_shot,259973.60100017718,259299.87000017718,1,,warmup,0.0,38007.920000382,928
26.985,218.22700000000003,0.0,matmul-64x128x64,220996.6769996754,651.997,401338.3379995276,243.3920055627823,Random,one_shot,297240.4319996486,296588.4349996486,2,37288.56499947142,warmup,0.0,38007.920000382,928
28.25,208.882,0.0,matmul-64x128x64,220996.6769996754,620.47,364018.24600005616,221.79199755191803,Current,one_shot,259920.34000017718,259299.87000017718,2,,warmup,0.0,38007.920000382,928
26.909,215.081,0.0,matmul-64x128x64,174459.18700013863,654.471,322469.9020006866,252.9599964618683,Predicted,one_shot,218371.99600080765,217717.52500080765,2,,warmup,6024.364999575482,37232.894000226224,928
26.97,206.302,0.0,matmul-64x128x64,220996.6769996754,641.907,401328.2479995276,246.0480034351349,Random,one_shot,297230.3419996486,296588.4349996486,3,37288.56499947142,warmup,0.0,38007.920000382,928
27.116,209.37,0.0,matmul-64x128x64,220996.6769996754,639.432,364037.2080000562,242.3039972782135,Current,one_shot,259939.30200017718,259299.87000017718,3,,warmup,0.0,38007.920000382,928
27.810000000000002,212.11999999999998,0.0,matmul-64x128x64,174459.18700013863,650.686,322466.11700068665,252.00000405311584,Predicted,one_shot,218368.21100080764,217717.52500080765,3,,warmup,6024.364999575482,37232.894000226224,928
25.834,133.408,0.0,matmul-64x128x64,174459.18700013863,514.787,322330.21800068667,194.97600197792053,Predicted,one_shot,218232.31200080767,217717.52500080765,4,,warmup,6024.364999575482,37232.894000226224,928
27.637,210.23499999999999,0.0,matmul-64x128x64,220996.6769996754,623.217,364020.9930000562,225.5679965019226,Current,one_shot,259923.08700017718,259299.87000017718,4,,warmup,0.0,38007.920000382,928
27.573,208.63699999999997,0.0,matmul-64x128x64,220996.6769996754,640.085,401326.4259995276,243.16799640655518,Random,one_shot,297228.5199996486,296588.4349996486,4,37288.56499947142,warmup,0.0,38007.920000382,928
27.081000000000003,208.41799999999998,0.0,matmul-64x128x64,174459.18700013863,652.157,322467.58800068666,255.36000728607178,Predicted,one_shot,218369.68200080766,217717.52500080765,5,,warmup,6024.364999575482,37232.894000226224,928
27.682000000000002,209.69299999999998,0.0,matmul-64x128x64,220996.6769996754,642.934,364040.7100000562,245.15199661254883,Current,one_shot,259942.8040001772,259299.87000017718,5,,warmup,0.0,38007.920000382,928
27.026000000000003,207.64399999999998,0.0,matmul-64x128x64,220996.6769996754,639.915,401326.2559995276,245.56800723075867,Random,one_shot,297228.3499996486,296588.4349996486,5,37288.56499947142,warmup,0.0,38007.920000382,928
26.766,132.846,0.0,matmul-64x128x64,220996.6769996754,533.959,401220.2999995276,208.70399475097656,Random,one_shot,297122.3939996486,296588.4349996486,6,37288.56499947142,warmup,0.0,38007.920000382,928
27.009,211.34500000000003,0.0,matmul-64x128x64,174459.18700013863,650.969,322466.40000068664,252.83199548721313,Predicted,one_shot,218368.49400080767,217717.52500080765,6,,warmup,6024.364999575482,37232.894000226224,928
28.232999999999997,209.992,0.0,matmul-64x128x64,220996.6769996754,644.668,364042.4440000562,246.36800587177277,Current,one_shot,259944.53800017718,259299.87000017718,6,,warmup,0.0,38007.920000382,928
27.525,206.95300000000006,0.0,matmul-64x128x64,174459.18700013863,613.171,322428.6020006867,218.6879962682724,Predicted,one_shot,218330.69600080766,217717.52500080765,7,,warmup,6024.364999575482,37232.894000226224,928
27.489,207.371,0.0,matmul-64x128x64,220996.6769996754,640.035,401326.3759995276,246.0159957408905,Random,one_shot,297228.4699996486,296588.4349996486,7,37288.56499947142,warmup,0.0,38007.920000382,928
27.701,208.607,0.0,matmul-64x128x64,220996.6769996754,638.997,364036.77300005616,242.65600740909576,Current,one_shot,259938.86700017718,259299.87000017718,7,,warmup,0.0,38007.920000382,928
27.623,133.238,0.0,matmul-64x128x64,220996.6769996754,515.729,363913.5050000562,193.7279999256134,Current,one_shot,259815.59900017717,259299.87000017718,8,,warmup,0.0,38007.920000382,928
27.743000000000002,206.58899999999997,0.0,matmul-64x128x64,174459.18700013863,647.111,322462.54200068663,253.02401185035706,Predicted,one_shot,218364.63600080766,217717.52500080765,8,,warmup,6024.364999575482,37232.894000226224,928
27.575,207.751,0.0,matmul-64x128x64,220996.6769996754,640.346,401326.6869995276,245.12000381946564,Random,one_shot,297228.7809996486,296588.4349996486,8,37288.56499947142,warmup,0.0,38007.920000382,928
28.079,207.58,0.0,matmul-64x128x64,220996.6769996754,639.038,364036.8140000562,243.20000410079956,Current,one_shot,259938.90800017718,259299.87000017718,9,,warmup,0.0,38007.920000382,928
26.927,207.931,0.0,matmul-64x128x64,174459.18700013863,647.02,322462.4510006866,251.90401077270508,Predicted,one_shot,218364.54500080764,217717.52500080765,9,,warmup,6024.364999575482,37232.894000226224,928
39.458,207.53300000000002,0.0,matmul-64x128x64,220996.6769996754,668.444,401354.7849995276,246.0480034351349,Random,one_shot,297256.8789996486,296588.4349996486,9,37288.56499947142,warmup,0.0,38007.920000382,928
27.169,207.682,0.0,matmul-64x128x64,174459.18700013863,624.491,322439.92200068664,217.3759937286377,Predicted,one_shot,218342.01600080766,217717.52500080765,10,,warmup,6024.364999575482,37232.894000226224,928
27.808,210.65,0.0,matmul-64x128x64,220996.6769996754,645.888,364043.6640000562,246.0480034351349,Current,one_shot,259945.7580001772,259299.87000017718,10,,warmup,0.0,38007.920000382,928
28.906,210.73100000000002,0.0,matmul-64x128x64,220996.6769996754,875.189,401561.5299995276,245.85600197315216,Random,one_shot,297463.6239996486,296588.4349996486,10,37288.56499947142,warmup,0.0,38007.920000382,928
25.929000000000002,136.488,0.0,matmul-64x128x64,220996.6769996754,536.505,401222.8459995276,209.27999913692474,Random,one_shot,297124.9399996486,296588.4349996486,11,37288.56499947142,warmup,0.0,38007.920000382,928
28.572000000000003,208.63299999999998,0.0,matmul-64x128x64,220996.6769996754,617.688,364015.46400005615,219.4560021162033,Current,one_shot,259917.55800017717,259299.87000017718,11,,warmup,0.0,38007.920000382,928
28.168,208.364,0.0,matmul-64x128x64,174459.18700013863,648.302,322463.7330006866,252.76800990104675,Predicted,one_shot,218365.82700080765,217717.52500080765,11,,warmup,6024.364999575482,37232.894000226224,928
28.362,205.91400000000004,0.0,matmul-64x128x64,220996.6769996754,640.156,401326.4969995276,245.85600197315216,Random,one_shot,297228.5909996486,296588.4349996486,12,37288.56499947142,warmup,0.0,38007.920000382,928
27.875999999999998,207.37399999999997,0.0,matmul-64x128x64,174459.18700013863,613.095,322428.5260006867,219.26400065422058,Predicted,one_shot,218330.62000080766,217717.52500080765,12,,warmup,6024.364999575482,37232.894000226224,928
27.823,209.60000000000002,0.0,matmul-64x128x64,220996.6769996754,641.41,364039.1860000562,245.12000381946564,Current,one_shot,259941.28000017718,259299.87000017718,12,,warmup,0.0,38007.920000382,928
27.918999999999997,209.23399999999998,0.0,matmul-64x128x64,220996.6769996754,642.671,401329.0119995276,244.4159984588623,Random,one_shot,297231.1059996486,296588.4349996486,13,37288.56499947142,warmup,0.0,38007.920000382,928
27.401,207.22199999999998,0.0,matmul-64x128x64,220996.6769996754,616.551,364014.32700005616,222.78399765491486,Current,one_shot,259916.4210001772,259299.87000017718,13,,warmup,0.0,38007.920000382,928
26.769,211.0,0.0,matmul-64x128x64,174459.18700013863,649.551,322464.9820006867,252.25600600242615,Predicted,one_shot,218367.07600080766,217717.52500080765,13,,warmup,6024.364999575482,37232.894000226224,928
31.641,208.67999999999998,0.0,matmul-64x128x64,220996.6769996754,645.842,401332.1829995276,245.9840029478073,Random,one_shot,297234.2769996486,296588.4349996486,14,37288.56499947142,warmup,0.0,38007.920000382,928
28.666999999999998,209.036,0.0,matmul-64x128x64,220996.6769996754,637.911,364035.68700005615,241.95200204849243,Current,one_shot,259937.78100017717,259299.87000017718,14,,warmup,0.0,38007.920000382,928
27.527,210.54100000000003,0.0,matmul-64x128x64,174459.18700013863,647.904,322463.3350006867,252.60800123214722,Predicted,one_shot,218365.42900080766,217717.52500080765,14,,warmup,6024.364999575482,37232.894000226224,928
26.373,134.986,0.0,matmul-64x128x64,174459.18700013863,514.581,322330.01200068666,195.90400159358978,Predicted,one_shot,218232.10600080766,217717.52500080765,15,,warmup,6024.364999575482,37232.894000226224,928
27.779,209.10700000000003,0.0,matmul-64x128x64,220996.6769996754,641.265,401327.6059995276,245.85600197315216,Random,one_shot,297229.6999996486,296588.4349996486,15,37288.56499947142,warmup,0.0,38007.920000382,928
28.297,208.56500000000003,0.0,matmul-64x128x64,220996.6769996754,639.818,364037.59400005615,241.82400107383728,Current,one_shot,259939.68800017718,259299.87000017718,15,,warmup,0.0,38007.920000382,928
26.366,132.38799999999998,0.0,matmul-64x128x64,220996.6769996754,513.605,363911.38100005616,196.19199633598328,Current,one_shot,259813.4750001772,259299.87000017718,0,,measured,0.0,38007.920000382,928
27.416999999999998,208.66700000000003,0.0,matmul-64x128x64,174459.18700013863,648.75,322464.18100068666,253.7280023097992,Predicted,one_shot,218366.27500080765,217717.52500080765,0,,measured,6024.364999575482,37232.894000226224,928
27.011,206.468,0.0,matmul-64x128x64,220996.6769996754,636.749,401323.0899995276,244.9280023574829,Random,one_shot,297225.1839996486,296588.4349996486,0,37288.56499947142,measured,0.0,38007.920000382,928
25.36,132.943,0.0,matmul-64x128x64,220996.6769996754,527.529,401213.8699995276,209.6959948539734,Random,one_shot,297115.9639996486,296588.4349996486,1,37288.56499947142,measured,0.0,38007.920000382,928
27.219,205.15,0.0,matmul-64x128x64,174459.18700013863,605.57,322421.00100068667,214.81600403785706,Predicted,one_shot,218323.09500080766,217717.52500080765,1,,measured,6024.364999575482,37232.894000226224,928
27.317999999999998,208.42700000000002,0.0,matmul-64x128x64,220996.6769996754,641.045,364038.8210000562,246.848002076149,Current,one_shot,259940.9150001772,259299.87000017718,1,,measured,0.0,38007.920000382,928
27.471,205.48599999999996,0.0,matmul-64x128x64,174459.18700013863,610.235,322425.66600068664,217.75999665260315,Predicted,one_shot,218327.76000080764,217717.52500080765,2,,measured,6024.364999575482,37232.894000226224,928
38.983000000000004,208.91,0.0,matmul-64x128x64,220996.6769996754,640.448,364038.22400005616,214.52799439430237,Current,one_shot,259940.31800017718,259299.87000017718,2,,measured,0.0,38007.920000382,928
27.612000000000002,212.483,0.0,matmul-64x128x64,220996.6769996754,655.076,401341.4169995276,245.15199661254883,Random,one_shot,297243.5109996486,296588.4349996486,2,37288.56499947142,measured,0.0,38007.920000382,928
26.852,210.379,0.0,matmul-64x128x64,174459.18700013863,650.26,322465.69100068667,251.42401456832886,Predicted,one_shot,218367.78500080766,217717.52500080765,3,,measured,6024.364999575482,37232.894000226224,928
27.274,207.79700000000003,0.0,matmul-64x128x64,220996.6769996754,634.545,401320.8859995276,237.72799968719482,Random,one_shot,297222.9799996486,296588.4349996486,3,37288.56499947142,measured,0.0,38007.920000382,928
28.049,211.99099999999999,0.0,matmul-64x128x64,220996.6769996754,643.394,364041.17000005615,241.56799912452698,Current,one_shot,259943.26400017718,259299.87000017718,3,,measured,0.0,38007.920000382,928
26.528,133.171,0.0,matmul-64x128x64,220996.6769996754,511.86,363909.63600005617,193.2159960269928,Current,one_shot,259811.73000017717,259299.87000017718,4,,measured,0.0,38007.920000382,928
27.506,206.07499999999996,0.0,matmul-64x128x64,174459.18700013863,650.241,322465.67200068664,252.57599353790283,Predicted,one_shot,218367.76600080766,217717.52500080765,4,,measured,6024.364999575482,37232.894000226224,928
26.948,204.93,0.0,matmul-64x128x64,220996.6769996754,637.323,401323.6639995276,244.86400187015533,Random,one_shot,297225.7579996486,296588.4349996486,4,37288.56499947142,measured,0.0,38007.920000382,928
26.201,134.74900000000002,0.0,matmul-64x128x64,220996.6769996754,529.213,401215.5539995276,209.6959948539734,Random,one_shot,297117.6479996486,296588.4349996486,5,37288.56499947142,measured,0.0,38007.920000382,928
27.540999999999997,215.614,0.0,matmul-64x128x64,174459.18700013863,616.824,322432.2550006866,214.30400013923645,Predicted,one_shot,218334.34900080765,217717.52500080765,5,,measured,6024.364999575482,37232.894000226224,928
27.549999999999997,213.83100000000002,0.0,matmul-64x128x64,220996.6769996754,646.737,364044.51300005615,246.3040053844452,Current,one_shot,259946.60700017717,259299.87000017718,5,,measured,0.0,38007.920000382,928
26.47,134.803,0.0,matmul-64x128x64,220996.6769996754,514.641,363912.4170000562,193.7599927186966,Current,one_shot,259814.51100017718,259299.87000017718,6,,measured,0.0,38007.920000382,928
28.033,209.827,0.0,matmul-64x128x64,174459.18700013863,614.66,322430.09100068663,216.3199931383133,Predicted,one_shot,218332.18500080766,217717.52500080765,6,,measured,6024.364999575482,37232.894000226224,928
27.131999999999998,212.17900000000003,0.0,matmul-64x128x64,220996.6769996754,644.931,401331.2719995276,247.0719963312149,Random,one_shot,297233.3659996486,296588.4349996486,6,37288.56499947142,measured,0.0,38007.920000382,928
27.281999999999996,209.024,0.0,matmul-64x128x64,220996.6769996754,638.53,364036.3060000562,242.08000302314758,Current,one_shot,259938.40000017718,259299.87000017718,7,,measured,0.0,38007.920000382,928
27.159,205.36299999999997,0.0,matmul-64x128x64,220996.6769996754,628.236,401314.5769995276,237.12000250816345,Random,one_shot,297216.6709996486,296588.4349996486,7,37288.56499947142,measured,0.0,38007.920000382,928
27.45,212.21200000000005,0.0,matmul-64x128x64,174459.18700013863,652.921,322468.3520006867,253.9519965648651,Predicted,one_shot,218370.44600080766,217717.52500080765,7,,measured,6024.364999575482,37232.894000226224,928
26.225,135.49099999999999,0.0,matmul-64x128x64,174459.18700013863,516.116,322331.54700068664,196.6399997472763,Predicted,one_shot,218233.64100080766,217717.52500080765,8,,measured,6024.364999575482,37232.894000226224,928
27.75,210.856,0.0,matmul-64x128x64,220996.6769996754,642.86,364040.63600005617,245.92000246047974,Current,one_shot,259942.73000017717,259299.87000017718,8,,measured,0.0,38007.920000382,928
28.174,209.057,0.0,matmul-64x128x64,220996.6769996754,639.738,401326.0789995276,242.71999299526215,Random,one_shot,297228.1729996486,296588.4349996486,8,37288.56499947142,measured,0.0,38007.920000382,928
26.697,135.042,0.0,matmul-64x128x64,220996.6769996754,530.002,401216.3429995276,209.27999913692474,Random,one_shot,297118.4369996486,296588.4349996486,9,37288.56499947142,measured,0.0,38007.920000382,928
28.671,205.975,0.0,matmul-64x128x64,174459.18700013863,925.526,322740.95700068667,252.86400318145752,Predicted,one_shot,218643.05100080767,217717.52500080765,9,,measured,6024.364999575482,37232.894000226224,928
28.493000000000002,209.997,0.0,matmul-64x128x64,220996.6769996754,647.403,364045.1790000562,245.82399427890778,Current,one_shot,259947.27300017717,259299.87000017718,9,,measured,0.0,38007.920000382,928
27.451999999999998,207.61599999999999,0.0,matmul-64x128x64,220996.6769996754,638.996,401325.3369995276,243.00800263881683,Random,one_shot,297227.4309996486,296588.4349996486,10,37288.56499947142,measured,0.0,38007.920000382,928
26.646,204.64600000000002,0.0,matmul-64x128x64,220996.6769996754,626.109,364023.8850000562,223.68000447750092,Current,one_shot,259925.97900017718,259299.87000017718,10,,measured,0.0,38007.920000382,928
26.68,206.731,0.0,matmul-64x128x64,174459.18700013863,643.818,322459.2490006867,255.0080120563507,Predicted,one_shot,218361.34300080765,217717.52500080765,10,,measured,6024.364999575482,37232.894000226224,928
36.953,133.27100000000002,0.0,matmul-64x128x64,174459.18700013863,533.342,322348.77300068666,194.94399428367615,Predicted,one_shot,218250.86700080766,217717.52500080765,11,,measured,6024.364999575482,37232.894000226224,928
27.619,207.21800000000005,0.0,matmul-64x128x64,220996.6769996754,643.801,401330.1419995276,245.56800723075867,Random,one_shot,297232.2359996486,296588.4349996486,11,37288.56499947142,measured,0.0,38007.920000382,928
27.875999999999998,209.142,0.0,matmul-64x128x64,220996.6769996754,635.718,364033.4940000562,242.01600253582,Current,one_shot,259935.58800017717,259299.87000017718,11,,measured,0.0,38007.920000382,928
28.309,208.518,0.0,matmul-64x128x64,174459.18700013863,644.461,322459.89200068667,252.3840069770813,Predicted,one_shot,218361.98600080766,217717.52500080765,12,,measured,6024.364999575482,37232.894000226224,928
27.018,204.113,0.0,matmul-64x128x64,220996.6769996754,611.493,364009.2690000562,225.79200565814972,Current,one_shot,259911.36300017717,259299.87000017718,12,,measured,0.0,38007.920000382,928
27.552,207.805,0.0,matmul-64x128x64,220996.6769996754,633.792,401320.1329995276,244.09599602222443,Random,one_shot,297222.2269996486,296588.4349996486,12,37288.56499947142,measured,0.0,38007.920000382,928
25.212,130.682,0.0,matmul-64x128x64,220996.6769996754,519.219,401205.5599995276,208.73600244522095,Random,one_shot,297107.6539996486,296588.4349996486,13,37288.56499947142,measured,0.0,38007.920000382,928
42.644999999999996,205.00799999999998,0.0,matmul-64x128x64,220996.6769996754,623.876,364021.6520000562,220.96000611782074,Current,one_shot,259923.74600017717,259299.87000017718,13,,measured,0.0,38007.920000382,928
26.716,210.02299999999997,0.0,matmul-64x128x64,174459.18700013863,642.863,322458.29400068667,251.8399953842163,Predicted,one_shot,218360.38800080767,217717.52500080765,13,,measured,6024.364999575482,37232.894000226224,928
26.235,130.752,0.0,matmul-64x128x64,174459.18700013863,506.489,322321.92000068666,196.1279958486557,Predicted,one_shot,218224.01400080766,217717.52500080765,14,,measured,6024.364999575482,37232.894000226224,928
26.714,206.294,0.0,matmul-64x128x64,220996.6769996754,611.094,364008.8700000562,224.73600506782532,Current,one_shot,259910.9640001772,259299.87000017718,14,,measured,0.0,38007.920000382,928
27.72,208.32199999999997,0.0,matmul-64x128x64,220996.6769996754,635.733,401322.0739995276,243.52000653743744,Random,one_shot,297224.1679996486,296588.4349996486,14,37288.56499947142,measured,0.0,38007.920000382,928
25.483,131.967,0.0,matmul-64x128x64,220996.6769996754,520.483,401206.8239995276,208.3200067281723,Random,one_shot,297108.9179996486,296588.4349996486,15,37288.56499947142,measured,0.0,38007.920000382,928
27.404,207.953,0.0,matmul-64x128x64,174459.18700013863,639.651,322455.08200068667,251.74400210380554,Predicted,one_shot,218357.17600080767,217717.52500080765,15,,measured,6024.364999575482,37232.894000226224,928
27.555,206.84,0.0,matmul-64x128x64,220996.6769996754,635.316,364033.0920000562,247.0400035381317,Current,one_shot,259935.18600017717,259299.87000017718,15,,measured,0.0,38007.920000382,928
26.679,206.197,0.0,matmul-64x128x64,220996.6769996754,632.852,401319.1929995276,243.96799504756927,Random,one_shot,297221.2869996486,296588.4349996486,16,37288.56499947142,measured,0.0,38007.920000382,928
27.307,205.71699999999996,0.0,matmul-64x128x64,174459.18700013863,639.742,322455.1730006867,252.48000025749207,Predicted,one_shot,218357.26700080765,217717.52500080765,16,,measured,6024.364999575482,37232.894000226224,928
64.818,208.241,0.0,matmul-64x128x64,220996.6769996754,671.819,364069.5950000562,243.93600225448608,Current,one_shot,259971.68900017717,259299.87000017718,16,,measured,0.0,38007.920000382,928
26.48,207.74100000000004,0.0,matmul-64x128x64,220996.6769996754,633.29,401319.6309995276,243.8720017671585,Random,one_shot,297221.7249996486,296588.4349996486,17,37288.56499947142,measured,0.0,38007.920000382,928
27.230999999999998,206.55800000000002,0.0,matmul-64x128x64,220996.6769996754,609.423,364007.1990000562,221.8559980392456,Current,one_shot,259909.2930001772,259299.87000017718,17,,measured,0.0,38007.920000382,928
26.442,206.71900000000002,0.0,matmul-64x128x64,174459.18700013863,639.22,322454.6510006867,251.77600979804993,Predicted,one_shot,218356.74500080766,217717.52500080765,17,,measured,6024.364999575482,37232.894000226224,928
26.744,205.89600000000004,0.0,matmul-64x128x64,220996.6769996754,633.956,401320.2969995276,246.65600061416626,Random,one_shot,297222.3909996486,296588.4349996486,18,37288.56499947142,measured,0.0,38007.920000382,928
26.977,207.07299999999995,0.0,matmul-64x128x64,220996.6769996754,628.968,364026.7440000562,242.2720044851303,Current,one_shot,259928.83800017717,259299.87000017718,18,,measured,0.0,38007.920000382,928
26.838,206.566,0.0,matmul-64x128x64,174459.18700013863,640.023,322455.45400068664,252.00000405311584,Predicted,one_shot,218357.54800080764,217717.52500080765,18,,measured,6024.364999575482,37232.894000226224,928
28.432000000000002,206.70199999999997,0.0,matmul-64x128x64,220996.6769996754,617.061,364014.83700005617,226.52800381183624,Current,one_shot,259916.93100017717,259299.87000017718,19,,measured,0.0,38007.920000382,928
26.305999999999997,204.319,0.0,matmul-64x128x64,174459.18700013863,594.938,322410.3690006867,210.01599729061127,Predicted,one_shot,218312.46300080765,217717.52500080765,19,,measured,6024.364999575482,37232.894000226224,928
26.663,206.26100000000002,0.0,matmul-64x128x64,220996.6769996754,631.908,401318.2489995276,245.82399427890778,Random,one_shot,297220.3429996486,296588.4349996486,19,37288.56499947142,measured,0.0,38007.920000382,928
26.229,156.65800000000002,0.0,matmul-64x128x64,220996.6769996754,620.94,401307.2809995276,210.52800118923187,Random,one_shot,297209.3749996486,296588.4349996486,20,37288.56499947142,measured,0.0,38007.920000382,928
26.802,208.844,0.0,matmul-64x128x64,174459.18700013863,609.93,322425.36100068665,217.31199324131012,Predicted,one_shot,218327.45500080765,217717.52500080765,20,,measured,6024.364999575482,37232.894000226224,928
27.553,208.26500000000004,0.0,matmul-64x128x64,220996.6769996754,641.444,364039.2200000562,251.19999051094055,Current,one_shot,259941.31400017717,259299.87000017718,20,,measured,0.0,38007.920000382,928
26.959,203.64300000000003,0.0,matmul-64x128x64,174459.18700013863,604.052,322419.4830006866,218.6879962682724,Predicted,one_shot,218321.57700080765,217717.52500080765,21,,measured,6024.364999575482,37232.894000226224,928
26.343000000000004,205.955,0.0,matmul-64x128x64,220996.6769996754,634.451,401320.7919995276,246.17600440979004,Random,one_shot,297222.8859996486,296588.4349996486,21,37288.56499947142,measured,0.0,38007.920000382,928
27.362,206.88899999999995,0.0,matmul-64x128x64,220996.6769996754,629.439,364027.2150000562,241.43999814987183,Current,one_shot,259929.3090001772,259299.87000017718,21,,measured,0.0,38007.920000382,928
26.55,131.337,0.0,matmul-64x128x64,220996.6769996754,504.67,363902.4460000562,193.02399456501007,Current,one_shot,259804.5400001772,259299.87000017718,22,,measured,0.0,38007.920000382,928
26.817,234.15600000000003,0.0,matmul-64x128x64,220996.6769996754,649.505,401335.8459995276,234.75199937820435,Random,one_shot,297237.9399996486,296588.4349996486,22,37288.56499947142,measured,0.0,38007.920000382,928
27.283,207.14,0.0,matmul-64x128x64,174459.18700013863,640.162,322455.59300068667,251.80798768997192,Predicted,one_shot,218357.68700080767,217717.52500080765,22,,measured,6024.364999575482,37232.894000226224,928
26.504,235.11499999999995,0.0,matmul-64x128x64,220996.6769996754,669.239,401355.5799995276,238.0480021238327,Random,one_shot,297257.6739996486,296588.4349996486,23,37288.56499947142,measured,0.0,38007.920000382,928
26.871000000000002,207.409,0.0,matmul-64x128x64,220996.6769996754,632.183,364029.95900005614,242.5920069217682,Current,one_shot,259932.05300017717,259299.87000017718,23,,measured,0.0,38007.920000382,928
26.588,206.88900000000004,0.0,matmul-64x128x64,174459.18700013863,639.411,322454.8420006867,251.26400589942932,Predicted,one_shot,218356.93600080765,217717.52500080765,23,,measured,6024.364999575482,37232.894000226224,928
28.634999999999998,207.203,0.0,matmul-64x128x64,220996.6769996754,616.372,364014.14800005616,225.8560061454773,Current,one_shot,259916.24200017718,259299.87000017718,24,,measured,0.0,38007.920000382,928
27.028,204.94899999999998,0.0,matmul-64x128x64,174459.18700013863,864.208,322679.6390006867,211.64800226688385,Predicted,one_shot,218581.73300080767,217717.52500080765,24,,measured,6024.364999575482,37232.894000226224,928
26.845,262.47900000000004,0.0,matmul-64x128x64,220996.6769996754,730.803,401417.1439995276,246.2719976902008,Random,one_shot,297319.2379996486,296588.4349996486,24,37288.56499947142,measured,0.0,38007.920000382,928
26.344,137.14300000000003,0.0,matmul-64x128x64,220996.6769996754,578.438,401264.7789995276,209.9200040102005,Random,one_shot,297166.8729996486,296588.4349996486,25,37288.56499947142,measured,0.0,38007.920000382,928
26.829,206.301,0.0,matmul-64x128x64,174459.18700013863,605.794,322421.22500068665,217.47200191020966,Predicted,one_shot,218323.31900080765,217717.52500080765,25,,measured,6024.364999575482,37232.894000226224,928
28.551000000000002,209.22799999999998,0.0,matmul-64x128x64,220996.6769996754,639.95,364037.7260000562,248.48000705242157,Current,one_shot,259939.8200001772,259299.87000017718,25,,measured,0.0,38007.920000382,928
38.747,202.34900000000002,0.0,matmul-64x128x64,174459.18700013863,610.612,322426.0430006867,213.72799575328827,Predicted,one_shot,218328.13700080765,217717.52500080765,26,,measured,6024.364999575482,37232.894000226224,928
27.53,205.118,0.0,matmul-64x128x64,220996.6769996754,632.509,401318.8499995276,245.79200148582458,Random,one_shot,297220.9439996486,296588.4349996486,26,37288.56499947142,measured,0.0,38007.920000382,928
27.398000000000003,207.902,0.0,matmul-64x128x64,220996.6769996754,631.83,364029.60600005614,243.8720017671585,Current,one_shot,259931.70000017717,259299.87000017718,26,,measured,0.0,38007.920000382,928
26.435000000000002,204.142,0.0,matmul-64x128x64,220996.6769996754,622.209,401308.5499995276,235.4239970445633,Random,one_shot,297210.6439996486,296588.4349996486,27,37288.56499947142,measured,0.0,38007.920000382,928
27.942999999999998,205.56100000000004,0.0,matmul-64x128x64,220996.6769996754,605.905,364003.6810000562,217.31199324131012,Current,one_shot,259905.77500017718,259299.87000017718,27,,measured,0.0,38007.920000382,928
26.371,206.89300000000003,0.0,matmul-64x128x64,174459.18700013863,638.347,322453.77800068667,252.16001272201538,Predicted,one_shot,218355.87200080766,217717.52500080765,27,,measured,6024.364999575482,37232.894000226224,928
28.444,205.073,0.0,matmul-64x128x64,220996.6769996754,613.909,364011.68500005617,226.49599611759186,Current,one_shot,259913.7790001772,259299.87000017718,28,,measured,0.0,38007.920000382,928
36.745,214.36399999999998,0.0,matmul-64x128x64,220996.6769996754,692.747,401379.0879995276,247.99999594688416,Random,one_shot,297281.1819996486,296588.4349996486,28,37288.56499947142,measured,0.0,38007.920000382,928
27.603,208.051,0.0,matmul-64x128x64,174459.18700013863,649.812,322465.24300068663,252.73600220680237,Predicted,one_shot,218367.33700080766,217717.52500080765,28,,measured,6024.364999575482,37232.894000226224,928
25.881,131.315,0.0,matmul-64x128x64,174459.18700013863,508.326,322323.75700068666,195.93599438667297,Predicted,one_shot,218225.85100080766,217717.52500080765,29,,measured,6024.364999575482,37232.894000226224,928
27.832,206.21099999999998,0.0,matmul-64x128x64,220996.6769996754,634.163,364031.9390000562,246.07999622821808,Current,one_shot,259934.03300017718,259299.87000017718,29,,measured,0.0,38007.920000382,928
25.719,206.833,0.0,matmul-64x128x64,220996.6769996754,630.016,401316.3569995276,243.52000653743744,Random,one_shot,297218.4509996486,296588.4349996486,29,37288.56499947142,measured,0.0,38007.920000382,928
27.26,207.103,0.0,matmul-64x128x64,174459.18700013863,640.1,322455.5310006867,252.22399830818176,Predicted,one_shot,218357.62500080766,217717.52500080765,30,,measured,6024.364999575482,37232.894000226224,928
27.299,207.037,0.0,matmul-64x128x64,220996.6769996754,634.671,364032.44700005616,244.9599951505661,Current,one_shot,259934.54100017718,259299.87000017718,30,,measured,0.0,38007.920000382,928
27.219,208.74599999999998,0.0,matmul-64x128x64,220996.6769996754,636.095,401322.4359995276,243.3920055627823,Random,one_shot,297224.52999964857,296588.4349996486,30,37288.56499947142,measured,0.0,38007.920000382,928
25.267,127.666,0.0,matmul-64x128x64,220996.6769996754,592.551,401278.8919995276,210.65600216388702,Random,one_shot,297180.9859996486,296588.4349996486,31,37288.56499947142,measured,0.0,38007.920000382,928
27.981,208.303,0.0,matmul-64x128x64,174459.18700013863,646.551,322461.9820006867,254.7520101070404,Predicted,one_shot,218364.07600080766,217717.52500080765,31,,measured,6024.364999575482,37232.894000226224,928
27.225,212.291,0.0,matmul-64x128x64,220996.6769996754,640.378,364038.1540000562,246.46399915218353,Current,one_shot,259940.24800017718,259299.87000017718,31,,measured,0.0,38007.920000382,928
26.575,135.106,0.0,matmul-64x128x64,220996.6769996754,510.077,363907.8530000562,193.63200664520264,Current,one_shot,259809.94700017717,259299.87000017718,32,,measured,0.0,38007.920000382,928
27.171,207.666,0.0,matmul-64x128x64,174459.18700013863,606.927,322422.3580006866,217.43999421596527,Predicted,one_shot,218324.45200080765,217717.52500080765,32,,measured,6024.364999575482,37232.894000226224,928
26.512999999999998,208.461,0.0,matmul-64x128x64,220996.6769996754,635.024,401321.3649995276,244.9280023574829,Random,one_shot,297223.4589996486,296588.4349996486,32,37288.56499947142,measured,0.0,38007.920000382,928
25.507,133.09199999999998,0.0,matmul-64x128x64,220996.6769996754,525.988,401212.3289995276,210.11200547218323,Random,one_shot,297114.4229996486,296588.4349996486,33,37288.56499947142,measured,0.0,38007.920000382,928
41.579,240.736,0.0,matmul-64x128x64,174459.18700013863,672.345,322487.7760006867,215.61600267887115,Predicted,one_shot,218389.87000080766,217717.52500080765,33,,measured,6024.364999575482,37232.894000226224,928
26.67,208.106,0.0,matmul-64x128x64,220996.6769996754,636.296,364034.07200005616,246.2719976902008,Current,one_shot,259936.16600017718,259299.87000017718,33,,measured,0.0,38007.920000382,928
27.055,205.937,0.0,matmul-64x128x64,174459.18700013863,606.63,322422.06100068666,218.6879962682724,Predicted,one_shot,218324.15500080766,217717.52500080765,34,,measured,6024.364999575482,37232.894000226224,928
27.117,207.556,0.0,matmul-64x128x64,220996.6769996754,601.766,363999.5420000562,214.56000208854675,Current,one_shot,259901.63600017718,259299.87000017718,34,,measured,0.0,38007.920000382,928
26.462,208.27400000000003,0.0,matmul-64x128x64,220996.6769996754,631.627,401317.9679995276,243.00800263881683,Random,one_shot,297220.0619996486,296588.4349996486,34,37288.56499947142,measured,0.0,38007.920000382,928
27.284,202.9,0.0,matmul-64x128x64,220996.6769996754,607.679,364005.4550000562,222.30400145053864,Current,one_shot,259907.54900017718,259299.87000017718,35,,measured,0.0,38007.920000382,928
26.073999999999998,227.536,0.0,matmul-64x128x64,220996.6769996754,641.506,401327.8469995276,233.40800404548645,Random,one_shot,297229.9409996486,296588.4349996486,35,37288.56499947142,measured,0.0,38007.920000382,928
27.387999999999998,209.155,0.0,matmul-64x128x64,174459.18700013863,643.966,322459.3970006866,252.9279887676239,Predicted,one_shot,218361.49100080764,217717.52500080765,35,,measured,6024.364999575482,37232.894000226224,928
26.681,206.15800000000002,0.0,matmul-64x128x64,220996.6769996754,626.561,401312.9019995276,238.17600309848785,Random,one_shot,297214.9959996486,296588.4349996486,36,37288.56499947142,measured,0.0,38007.920000382,928
27.332,209.24599999999998,0.0,matmul-64x128x64,220996.6769996754,637.053,364034.8290000562,245.44000625610352,Current,one_shot,259936.9230001772,259299.87000017718,36,,measured,0.0,38007.920000382,928
27.074,208.52700000000002,0.0,matmul-64x128x64,174459.18700013863,641.805,322457.23600068665,253.02401185035706,Predicted,one_shot,218359.33000080765,217717.52500080765,36,,measured,6024.364999575482,37232.894000226224,928
27.072,203.548,0.0,matmul-64x128x64,220996.6769996754,611.203,364008.97900005616,226.68799757957458,Current,one_shot,259911.0730001772,259299.87000017718,37,,measured,0.0,38007.920000382,928
26.843,213.485,0.0,matmul-64x128x64,220996.6769996754,704.095,401390.4359995276,245.1840043067932,Random,one_shot,297292.52999964857,296588.4349996486,37,37288.56499947142,measured,0.0,38007.920000382,928
27.028,206.89399999999998,0.0,matmul-64x128x64,174459.18700013863,644.649,322460.0800006867,251.3279914855957,Predicted,one_shot,218362.17400080766,217717.52500080765,37,,measured,6024.364999575482,37232.894000226224,928
25.9,206.734,0.0,matmul-64x128x64,220996.6769996754,626.102,401312.4429995276,237.98400163650513,Random,one_shot,297214.5369996486,296588.4349996486,38,37288.56499947142,measured,0.0,38007.920000382,928
26.535,206.14399999999998,0.0,matmul-64x128x64,174459.18700013863,597.959,322413.39000068663,210.91200411319733,Predicted,one_shot,218315.48400080766,217717.52500080765,38,,measured,6024.364999575482,37232.894000226224,928
27.359,207.571,0.0,matmul-64x128x64,220996.6769996754,636.952,364034.7280000562,244.35199797153473,Current,one_shot,259936.82200017717,259299.87000017718,38,,measured,0.0,38007.920000382,928
28.174999999999997,207.15900000000002,0.0,matmul-64x128x64,220996.6769996754,905.176,401591.5169995276,245.53599953651428,Random,one_shot,297493.6109996486,296588.4349996486,39,37288.56499947142,measured,0.0,38007.920000382,928
28.372,208.23000000000002,0.0,matmul-64x128x64,220996.6769996754,615.578,364013.35400005616,222.3999947309494,Current,one_shot,259915.4480001772,259299.87000017718,39,,measured,0.0,38007.920000382,928
27.456000000000003,233.38000000000005,0.0,matmul-64x128x64,174459.18700013863,700.718,322516.14900068665,251.583993434906,Predicted,one_shot,218418.24300080765,217717.52500080765,39,,measured,6024.364999575482,37232.894000226224,928
26.665,209.63800000000003,0.0,matmul-64x128x64,220996.6769996754,636.57,401322.9109995276,246.24000489711761,Random,one_shot,297225.0049996486,296588.4349996486,40,37288.56499947142,measured,0.0,38007.920000382,928
27.306,205.463,0.0,matmul-64x128x64,174459.18700013863,603.472,322418.90300068667,216.51199460029602,Predicted,one_shot,218320.99700080766,217717.52500080765,40,,measured,6024.364999575482,37232.894000226224,928
27.934,206.35,0.0,matmul-64x128x64,220996.6769996754,634.996,364032.7720000562,245.9840029478073,Current,one_shot,259934.8660001772,259299.87000017718,40,,measured,0.0,38007.920000382,928
26.523,207.98000000000002,0.0,matmul-64x128x64,220996.6769996754,634.479,401320.8199995276,244.22399699687958,Random,one_shot,297222.9139996486,296588.4349996486,41,37288.56499947142,measured,0.0,38007.920000382,928
27.118,204.75799999999998,0.0,matmul-64x128x64,220996.6769996754,608.789,364006.5650000562,222.3999947309494,Current,one_shot,259908.65900017717,259299.87000017718,41,,measured,0.0,38007.920000382,928
26.509999999999998,209.78899999999996,0.0,matmul-64x128x64,174459.18700013863,644.21,322459.6410006867,254.01601195335388,Predicted,one_shot,218361.73500080765,217717.52500080765,41,,measured,6024.364999575482,37232.894000226224,928
25.496000000000002,159.309,0.0,matmul-64x128x64,174459.18700013863,533.663,322349.09400068666,196.03200256824493,Predicted,one_shot,218251.18800080766,217717.52500080765,42,,measured,6024.364999575482,37232.894000226224,928
27.927999999999997,208.14199999999997,0.0,matmul-64x128x64,220996.6769996754,611.152,364008.9280000562,222.6559966802597,Current,one_shot,259911.02200017718,259299.87000017718,42,,measured,0.0,38007.920000382,928
26.59,236.142,0.0,matmul-64x128x64,220996.6769996754,659.346,401345.6869995276,244.51200664043427,Random,one_shot,297247.7809996486,296588.4349996486,42,37288.56499947142,measured,0.0,38007.920000382,928
27.957,205.017,0.0,matmul-64x128x64,220996.6769996754,608.843,364006.6190000562,221.88800573349,Current,one_shot,259908.71300017717,259299.87000017718,43,,measured,0.0,38007.920000382,928
26.703,205.35099999999994,0.0,matmul-64x128x64,220996.6769996754,618.316,401304.6569995276,233.47200453281403,Random,one_shot,297206.7509996486,296588.4349996486,43,37288.56499947142,measured,0.0,38007.920000382,928
27.665,205.91400000000002,0.0,matmul-64x128x64,174459.18700013863,639.585,322455.0160006867,251.8720030784607,Predicted,one_shot,218357.11000080765,217717.52500080765,43,,measured,6024.364999575482,37232.894000226224,928
26.411,208.061,0.0,matmul-64x128x64,220996.6769996754,626.27,401312.6109995276,237.34399676322937,Random,one_shot,297214.7049996486,296588.4349996486,44,37288.56499947142,measured,0.0,38007.920000382,928
26.317999999999998,205.891,0.0,matmul-64x128x64,174459.18700013863,597.652,322413.08300068666,212.2880071401596,Predicted,one_shot,218315.17700080766,217717.52500080765,44,,measured,6024.364999575482,37232.894000226224,928
27.541000000000004,208.13800000000003,0.0,matmul-64x128x64,220996.6769996754,633.025,364030.8010000562,244.57600712776184,Current,one_shot,259932.89500017717,259299.87000017718,44,,measured,0.0,38007.920000382,928
27.228,206.44600000000003,0.0,matmul-64x128x64,174459.18700013863,605.965,322421.3960006867,217.82399713993073,Predicted,one_shot,218323.49000080765,217717.52500080765,45,,measured,6024.364999575482,37232.894000226224,928
26.508000000000003,205.374,0.0,matmul-64x128x64,220996.6769996754,631.624,401317.9649995276,246.07999622821808,Random,one_shot,297220.0589996486,296588.4349996486,45,37288.56499947142,measured,0.0,38007.920000382,928
26.758000000000003,205.272,0.0,matmul-64x128x64,220996.6769996754,627.905,364025.6810000562,241.95200204849243,Current,one_shot,259927.77500017718,259299.87000017718,45,,measured,0.0,38007.920000382,928
30.423000000000002,227.03100000000003,0.0,matmul-64x128x64,174459.18700013863,761.862,322577.2930006867,256.8640112876892,Predicted,one_shot,218479.38700080765,217717.52500080765,46,,measured,6024.364999575482,37232.894000226224,928
28.483,205.305,0.0,matmul-64x128x64,220996.6769996754,618.464,364016.2400000562,226.78400576114655,Current,one_shot,259918.3340001772,259299.87000017718,46,,measured,0.0,38007.920000382,928
26.110999999999997,205.88800000000003,0.0,matmul-64x128x64,220996.6769996754,632.141,401318.4819995276,244.63999271392822,Random,one_shot,297220.5759996486,296588.4349996486,46,37288.56499947142,measured,0.0,38007.920000382,928
25.015,132.89800000000002,0.0,matmul-64x128x64,220996.6769996754,521.874,401208.2149995276,208.6080014705658,Random,one_shot,297110.3089996486,296588.4349996486,47,37288.56499947142,measured,0.0,38007.920000382,928
26.527,204.234,0.0,matmul-64x128x64,220996.6769996754,604.629,364002.40500005614,220.70400416851044,Current,one_shot,259904.49900017717,259299.87000017718,47,,measured,0.0,38007.920000382,928
27.44,208.18900000000002,0.0,matmul-64x128x64,174459.18700013863,643.238,322458.66900068667,252.19199061393738,Predicted,one_shot,218360.76300080767,217717.52500080765,47,,measured,6024.364999575482,37232.894000226224,928
26.774,205.785,0.0,matmul-64x128x64,220996.6769996754,632.453,401318.7939995276,244.60799992084503,Random,one_shot,297220.8879996486,296588.4349996486,48,37288.56499947142,measured,0.0,38007.920000382,928
42.312,208.33800000000002,0.0,matmul-64x128x64,220996.6769996754,655.137,364052.91300005617,249.63200092315674,Current,one_shot,259955.00700017717,259299.87000017718,48,,measured,0.0,38007.920000382,928
27.412,208.18999999999997,0.0,matmul-64x128x64,174459.18700013863,641.307,322456.73800068663,252.19199061393738,Predicted,one_shot,218358.83200080766,217717.52500080765,48,,measured,6024.364999575482,37232.894000226224,928
27.150999999999996,208.688,0.0,matmul-64x128x64,220996.6769996754,617.753,364015.5290000562,226.4000028371811,Current,one_shot,259917.62300017718,259299.87000017718,49,,measured,0.0,38007.920000382,928
25.924,205.91599999999997,0.0,matmul-64x128x64,174459.18700013863,594.083,322409.5140006867,209.79200303554535,Predicted,one_shot,218311.60800080767,217717.52500080765,49,,measured,6024.364999575482,37232.894000226224,928
26.752000000000002,204.85000000000002,0.0,matmul-64x128x64,220996.6769996754,632.837,401319.1779995276,246.43200635910034,Random,one_shot,297221.2719996486,296588.4349996486,49,37288.56499947142,measured,0.0,38007.920000382,928
27.641,241.866,0.0,matmul-64x128x64,220996.6769996754,667.083,364064.85900005617,242.20800399780273,Current,one_shot,259966.9530001772,259299.87000017718,50,,measured,0.0,38007.920000382,928
26.863,208.796,0.0,matmul-64x128x64,174459.18700013863,642.074,322457.5050006866,252.48000025749207,Predicted,one_shot,218359.59900080765,217717.52500080765,50,,measured,6024.364999575482,37232.894000226224,928
26.543,206.80800000000002,0.0,matmul-64x128x64,220996.6769996754,633.981,401320.32199952763,245.88799476623535,Random,one_shot,297222.4159996486,296588.4349996486,50,37288.56499947142,measured,0.0,38007.920000382,928
27.095,230.87800000000001,0.0,matmul-64x128x64,220996.6769996754,655.338,364053.1140000562,241.7600005865097,Current,one_shot,259955.20800017717,259299.87000017718,51,,measured,0.0,38007.920000382,928
26.528,203.444,0.0,matmul-64x128x64,220996.6769996754,619.891,401306.2319995276,235.1360023021698,Random,one_shot,297208.3259996486,296588.4349996486,51,37288.56499947142,measured,0.0,38007.920000382,928
27.435000000000002,204.656,0.0,matmul-64x128x64,174459.18700013863,640.716,322456.1470006866,256.0960054397583,Predicted,one_shot,218358.24100080764,217717.52500080765,51,,measured,6024.364999575482,37232.894000226224,928
27.194000000000003,206.23100000000002,0.0,matmul-64x128x64,220996.6769996754,625.219,401311.5599995276,236.7040067911148,Random,one_shot,297213.6539996486,296588.4349996486,52,37288.56499947142,measured,0.0,38007.920000382,928
27.163000000000004,205.529,0.0,matmul-64x128x64,174459.18700013863,596.317,322411.74800068664,208.28799903392792,Predicted,one_shot,218313.84200080766,217717.52500080765,52,,measured,6024.364999575482,37232.894000226224,928
27.473999999999997,208.05900000000003,0.0,matmul-64x128x64,220996.6769996754,637.453,364035.22900005616,248.60799312591553,Current,one_shot,259937.3230001772,259299.87000017718,52,,measured,0.0,38007.920000382,928
49.30500000000001,206.879,0.0,matmul-64x128x64,174459.18700013863,644.261,322459.69200068666,218.9760059118271,Predicted,one_shot,218361.78600080765,217717.52500080765,53,,measured,6024.364999575482,37232.894000226224,928
27.054,206.226,0.0,matmul-64x128x64,220996.6769996754,632.33,401318.6709995276,246.0480034351349,Random,one_shot,297220.7649996486,296588.4349996486,53,37288.56499947142,measured,0.0,38007.920000382,928
27.419999999999998,206.98699999999997,0.0,matmul-64x128x64,220996.6769996754,629.221,364026.9970000562,242.5280064344406,Current,one_shot,259929.09100017717,259299.87000017718,53,,measured,0.0,38007.920000382,928
28.067,207.103,0.0,matmul-64x128x64,174459.18700013863,915.309,322730.74000068667,252.31999158859253,Predicted,one_shot,218632.83400080766,217717.52500080765,54,,measured,6024.364999575482,37232.894000226224,928
27.423,205.566,0.0,matmul-64x128x64,220996.6769996754,637.055,401323.3959995276,246.62399291992188,Random,one_shot,297225.4899996486,296588.4349996486,54,37288.56499947142,measured,0.0,38007.920000382,928
37.569,226.44799999999998,0.0,matmul-64x128x64,220996.6769996754,712.496,364110.2720000562,246.46399915218353,Current,one_shot,260012.3660001772,259299.87000017718,54,,measured,0.0,38007.920000382,928
27.377000000000002,211.11299999999997,0.0,matmul-64x128x64,174459.18700013863,653.389,322468.8200006867,252.03201174736023,Predicted,one_shot,218370.91400080765,217717.52500080765,55,,measured,6024.364999575482,37232.894000226224,928
26.625,205.808,0.0,matmul-64x128x64,220996.6769996754,634.273,401320.6139995276,245.1840043067932,Random,one_shot,297222.7079996486,296588.4349996486,55,37288.56499947142,measured,0.0,38007.920000382,928
26.973,208.79000000000002,0.0,matmul-64x128x64,220996.6769996754,633.507,364031.28300005617,243.58400702476501,Current,one_shot,259933.3770001772,259299.87000017718,55,,measured,0.0,38007.920000382,928
25.999000000000002,132.097,0.0,matmul-64x128x64,220996.6769996754,506.187,363903.9630000562,193.4400051832199,Current,one_shot,259806.05700017718,259299.87000017718,56,,measured,0.0,38007.920000382,928
26.795,209.28799999999995,0.0,matmul-64x128x64,174459.18700013863,643.682,322459.11300068663,251.64800882339478,Predicted,one_shot,218361.20700080766,217717.52500080765,56,,measured,6024.364999575482,37232.894000226224,928
26.872,207.69000000000003,0.0,matmul-64x128x64,220996.6769996754,633.694,401320.0349995276,244.09599602222443,Random,one_shot,297222.1289996486,296588.4349996486,56,37288.56499947142,measured,0.0,38007.920000382,928
42.816,208.33900000000003,0.0,matmul-64x128x64,220996.6769996754,652.321,364050.0970000562,246.72000110149384,Current,one_shot,259952.19100017718,259299.87000017718,57,,measured,0.0,38007.920000382,928
26.134999999999998,204.23500000000004,0.0,matmul-64x128x64,220996.6769996754,622.847,401309.1879995276,237.31200397014618,Random,one_shot,297211.2819996486,296588.4349996486,57,37288.56499947142,measured,0.0,38007.920000382,928
26.828,210.87800000000001,0.0,matmul-64x128x64,174459.18700013863,643.288,322458.71900068666,252.99200415611267,Predicted,one_shot,218360.81300080766,217717.52500080765,57,,measured,6024.364999575482,37232.894000226224,928
25.939999999999998,129.966,0.0,matmul-64x128x64,174459.18700013863,504.885,322320.31600068667,195.8400011062622,Predicted,one_shot,218222.41000080766,217717.52500080765,58,,measured,6024.364999575482,37232.894000226224,928
27.116,205.64399999999998,0.0,matmul-64x128x64,220996.6769996754,625.018,401311.3589995276,237.5359982252121,Random,one_shot,297213.4529996486,296588.4349996486,58,37288.56499947142,measured,0.0,38007.920000382,928
26.939,211.54399999999998,0.0,matmul-64x128x64,220996.6769996754,633.664,364031.4400000562,242.5599992275238,Current,one_shot,259933.53400017717,259299.87000017718,58,,measured,0.0,38007.920000382,928
26.244,130.803,0.0,matmul-64x128x64,220996.6769996754,505.868,363903.6440000562,193.02399456501007,Current,one_shot,259805.73800017717,259299.87000017718,59,,measured,0.0,38007.920000382,928
26.389,206.104,0.0,matmul-64x128x64,220996.6769996754,628.868,401315.2089995276,236.54399812221527,Random,one_shot,297217.3029996486,296588.4349996486,59,37288.56499947142,measured,0.0,38007.920000382,928
26.85,210.91,0.0,matmul-64x128x64,174459.18700013863,643.083,322458.5140006867,252.3519992828369,Predicted,one_shot,218360.60800080767,217717.52500080765,59,,measured,6024.364999575482,37232.894000226224,928
27.452,207.79900000000004,0.0,matmul-64x128x64,220996.6769996754,638.901,364036.6770000562,250.0160038471222,Current,one_shot,259938.7710001772,259299.87000017718,60,,measured,0.0,38007.920000382,928
26.683,205.081,0.0,matmul-64x128x64,174459.18700013863,634.787,322450.21800068667,218.01599860191345,Predicted,one_shot,218352.31200080767,217717.52500080765,60,,measured,6024.364999575482,37232.894000226224,928
27.093,209.183,0.0,matmul-64x128x64,220996.6769996754,636.312,401322.6529995276,244.73600089550018,Random,one_shot,297224.7469996486,296588.4349996486,60,37288.56499947142,measured,0.0,38007.920000382,928
27.705,208.62199999999999,0.0,matmul-64x128x64,220996.6769996754,632.93,364030.7060000562,242.5280064344406,Current,one_shot,259932.80000017717,259299.87000017718,61,,measured,0.0,38007.920000382,928
26.796999999999997,212.301,0.0,matmul-64x128x64,174459.18700013863,685.399,322500.8300006867,251.67998671531677,Predicted,one_shot,218402.92400080766,217717.52500080765,61,,measured,6024.364999575482,37232.894000226224,928
26.423,205.8,0.0,matmul-64x128x64,220996.6769996754,632.186,401318.5269995276,245.15199661254883,Random,one_shot,297220.6209996486,296588.4349996486,61,37288.56499947142,measured,0.0,38007.920000382,928
26.939,205.749,0.0,matmul-64x128x64,174459.18700013863,607.752,322423.1830006867,220.92799842357635,Predicted,one_shot,218325.27700080766,217717.52500080765,62,,measured,6024.364999575482,37232.894000226224,928
26.869,205.23199999999997,0.0,matmul-64x128x64,220996.6769996754,636.618,401322.9589995276,235.83999276161194,Random,one_shot,297225.0529996486,296588.4349996486,62,37288.56499947142,measured,0.0,38007.920000382,928
27.747,206.668,0.0,matmul-64x128x64,220996.6769996754,628.873,364026.6490000562,241.98399484157562,Current,one_shot,259928.74300017717,259299.87000017718,62,,measured,0.0,38007.920000382,928
26.476999999999997,207.348,0.0,matmul-64x128x64,174459.18700013863,638.479,322453.91000068665,252.51200795173645,Predicted,one_shot,218356.00400080765,217717.52500080765,63,,measured,6024.364999575482,37232.894000226224,928
26.779,204.97299999999998,0.0,matmul-64x128x64,220996.6769996754,630.236,401316.5769995276,246.07999622821808,Random,one_shot,297218.6709996486,296588.4349996486,63,37288.56499947142,measured,0.0,38007.920000382,928
27.673000000000002,217.22,0.0,matmul-64x128x64,220996.6769996754,649.365,364047.1410000562,242.40000545978546,Current,one_shot,259949.23500017717,259299.87000017718,63,,measured,0.0,38007.920000382,928
28.07,,,matmul-64x128x64,,282.412,,256.00001215934753,Random,resident,,,0,,warmup,,,929
27.146,,,matmul-64x128x64,,218.404,,192.51200556755066,Current,resident,,,0,,warmup,,,929
25.951999999999998,,,matmul-64x128x64,,317.698,,292.86399483680725,Predicted,resident,,,0,,warmup,,,929
25.128999999999998,,,matmul-64x128x64,,218.873,,194.240003824234,Predicted,resident,,,1,,warmup,,,929
25.094,,,matmul-64x128x64,,260.766,,235.9039932489395,Random,resident,,,1,,warmup,,,929
25.999,,,matmul-64x128x64,,271.516,,245.7599937915802,Current,resident,,,1,,warmup,,,929
25.465,,,matmul-64x128x64,,287.133,,261.1199915409088,Predicted,resident,,,2,,warmup,,,929
26.428,,,matmul-64x128x64,,268.504,,243.71199309825897,Random,resident,,,2,,warmup,,,929
27.293,,,matmul-64x128x64,,273.381,,248.7040013074875,Current,resident,,,2,,warmup,,,929
25.797,,,matmul-64x128x64,,287.801,,262.33598589897156,Predicted,resident,,,3,,warmup,,,929
26.006,,,matmul-64x128x64,,217.49,,192.51200556755066,Current,resident,,,3,,warmup,,,929
25.921999999999997,,,matmul-64x128x64,,270.513,,245.7599937915802,Random,resident,,,3,,warmup,,,929
25.297,,,matmul-64x128x64,,288.766,,263.16800713539124,Predicted,resident,,,4,,warmup,,,929
25.067999999999998,,,matmul-64x128x64,,307.62,,277.50399708747864,Current,resident,,,4,,warmup,,,929
25.811,,,matmul-64x128x64,,270.468,,245.37600576877594,Random,resident,,,4,,warmup,,,929
49.846,,,matmul-64x128x64,,287.761,,262.7840042114258,Predicted,resident,,,5,,warmup,,,929
25.293999999999997,,,matmul-64x128x64,,274.247,,249.59999322891235,Current,resident,,,5,,warmup,,,929
25.399,,,matmul-64x128x64,,269.897,,244.57600712776184,Random,resident,,,5,,warmup,,,929
25.108,,,matmul-64x128x64,,233.874,,209.56799387931824,Random,resident,,,6,,warmup,,,929
26.221,,,matmul-64x128x64,,216.376,,192.22399592399597,Current,resident,,,6,,warmup,,,929
25.804000000000002,,,matmul-64x128x64,,287.283,,263.16800713539124,Predicted,resident,,,6,,warmup,,,929
24.489,,,matmul-64x128x64,,219.223,,194.5600062608719,Predicted,resident,,,7,,warmup,,,929
25.48,,,matmul-64x128x64,,270.627,,245.60000002384186,Random,resident,,,7,,warmup,,,929
25.555,,,matmul-64x128x64,,273.981,,249.85599517822266,Current,resident,,,7,,warmup,,,929
25.371000000000002,,,matmul-64x128x64,,287.135,,262.91200518608093,Predicted,resident,,,8,,warmup,,,929
25.634,,,matmul-64x128x64,,269.533,,244.73600089550018,Random,resident,,,8,,warmup,,,929
25.398,,,matmul-64x128x64,,273.732,,248.73599410057068,Current,resident,,,8,,warmup,,,929
25.814999999999998,,,matmul-64x128x64,,233.533,,208.54400098323822,Random,resident,,,9,,warmup,,,929
25.593,,,matmul-64x128x64,,287.858,,262.9440128803253,Predicted,resident,,,9,,warmup,,,929
25.514,,,matmul-64x128x64,,272.774,,248.57600033283234,Current,resident,,,9,,warmup,,,929
24.658,,,matmul-64x128x64,,216.542,,191.74399971961975,Current,resident,,,10,,warmup,,,929
26.994,,,matmul-64x128x64,,274.745,,248.60799312591553,Random,resident,,,10,,warmup,,,929
27.08,,,matmul-64x128x64,,288.195,,263.16800713539124,Predicted,resident,,,10,,warmup,,,929
25.289,,,matmul-64x128x64,,233.592,,208.8640034198761,Random,resident,,,11,,warmup,,,929
26.734,,,matmul-64x128x64,,277.169,,251.90401077270508,Current,resident,,,11,,warmup,,,929
25.895,,,matmul-64x128x64,,287.208,,262.11199164390564,Predicted,resident,,,11,,warmup,,,929
26.208,,,matmul-64x128x64,,270.185,,244.73600089550018,Random,resident,,,12,,warmup,,,929
25.324,,,matmul-64x128x64,,274.739,,249.85599517822266,Current,resident,,,12,,warmup,,,929
25.057,,,matmul-64x128x64,,286.675,,262.08001375198364,Predicted,resident,,,12,,warmup,,,929
24.445999999999998,,,matmul-64x128x64,,219.521,,193.53599846363068,Predicted,resident,,,13,,warmup,,,929
27.185000000000002,,,matmul-64x128x64,,217.465,,192.22399592399597,Current,resident,,,13,,warmup,,,929
25.583,,,matmul-64x128x64,,269.734,,243.71199309825897,Random,resident,,,13,,warmup,,,929
26.497,,,matmul-64x128x64,,286.715,,261.9839906692505,Predicted,resident,,,14,,warmup,,,929
25.676000000000002,,,matmul-64x128x64,,273.542,,248.6719936132431,Current,resident,,,14,,warmup,,,929
26.011000000000003,,,matmul-64x128x64,,270.193,,245.4719990491867,Random,resident,,,14,,warmup,,,929
24.384,,,matmul-64x128x64,,233.347,,207.87200331687927,Random,resident,,,15,,warmup,,,929
25.142,,,matmul-64x128x64,,217.281,,192.32000410556793,Current,resident,,,15,,warmup,,,929
25.462000000000003,,,matmul-64x128x64,,287.909,,263.16800713539124,Predicted,resident,,,15,,warmup,,,929
26.14,,,matmul-64x128x64,,270.261,,245.31200528144836,Random,resident,,,0,,measured,,,929
26.368000000000002,,,matmul-64x128x64,,273.726,,249.82400238513947,Current,resident,,,0,,measured,,,929
25.738999999999997,,,matmul-64x128x64,,288.68,,263.16800713539124,Predicted,resident,,,0,,measured,,,929
24.484,,,matmul-64x128x64,,218.589,,193.53599846363068,Predicted,resident,,,1,,measured,,,929
25.588,,,matmul-64x128x64,,270.072,,244.6720004081726,Random,resident,,,1,,measured,,,929
25.878,,,matmul-64x128x64,,299.164,,273.4079957008362,Current,resident,,,1,,measured,,,929
25.469,,,matmul-64x128x64,,216.92,,192.28799641132355,Current,resident,,,2,,measured,,,929
25.234,,,matmul-64x128x64,,287.619,,263.16800713539124,Predicted,resident,,,2,,measured,,,929
25.253999999999998,,,matmul-64x128x64,,268.28,,243.71199309825897,Random,resident,,,2,,measured,,,929
26.058999999999997,,,matmul-64x128x64,,218.751,,194.2719966173172,Predicted,resident,,,3,,measured,,,929
25.484,,,matmul-64x128x64,,276.164,,250.88000297546387,Current,resident,,,3,,measured,,,929
65.897,,,matmul-64x128x64,,286.178,,260.09601354599,Random,resident,,,3,,measured,,,929
25.425,,,matmul-64x128x64,,217.206,,192.32000410556793,Current,resident,,,4,,measured,,,929
25.201999999999998,,,matmul-64x128x64,,233.198,,208.5759937763214,Random,resident,,,4,,measured,,,929
37.96,,,matmul-64x128x64,,314.557,,269.3119943141937,Predicted,resident,,,4,,measured,,,929
25.544,,,matmul-64x128x64,,221.305,,195.5839991569519,Predicted,resident,,,5,,measured,,,929
25.657,,,matmul-64x128x64,,233.3,,208.00000429153442,Random,resident,,,5,,measured,,,929
26.817999999999998,,,matmul-64x128x64,,277.345,,252.8960108757019,Current,resident,,,5,,measured,,,929
25.894,,,matmul-64x128x64,,288.143,,263.90400528907776,Predicted,resident,,,6,,measured,,,929
25.93,,,matmul-64x128x64,,216.577,,192.22399592399597,Current,resident,,,6,,measured,,,929
25.458,,,matmul-64x128x64,,269.649,,245.37600576877594,Random,resident,,,6,,measured,,,929
25.055,,,matmul-64x128x64,,287.655,,262.14399933815,Predicted,resident,,,7,,measured,,,929
25.415,,,matmul-64x128x64,,277.512,,252.76800990104675,Current,resident,,,7,,measured,,,929
39.502,,,matmul-64x128x64,,269.998,,245.05600333213806,Random,resident,,,7,,measured,,,929
26.724000000000004,,,matmul-64x128x64,,216.624,,192.35199689865112,Current,resident,,,8,,measured,,,929
25.124,,,matmul-64x128x64,,287.759,,263.16800713539124,Predicted,resident,,,8,,measured,,,929
25.843,,,matmul-64x128x64,,269.821,,244.73600089550018,Random,resident,,,8,,measured,,,929
25.069000000000003,,,matmul-64x128x64,,234.037,,209.1519981622696,Random,resident,,,9,,measured,,,929
24.782,,,matmul-64x128x64,,218.942,,194.5600062608719,Predicted,resident,,,9,,measured,,,929
25.579,,,matmul-64x128x64,,279.203,,253.9519965648651,Current,resident,,,9,,measured,,,929
24.588,,,matmul-64x128x64,,216.537,,192.32000410556793,Current,resident,,,10,,measured,,,929
25.310000000000002,,,matmul-64x128x64,,218.843,,194.5600062608719,Predicted,resident,,,10,,measured,,,929
39.729,,,matmul-64x128x64,,295.92,,254.97600436210632,Random,resident,,,10,,measured,,,929
25.389,,,matmul-64x128x64,,275.663,,250.88000297546387,Current,resident,,,11,,measured,,,929
25.586,,,matmul-64x128x64,,232.652,,207.87200331687927,Random,resident,,,11,,measured,,,929
25.125,,,matmul-64x128x64,,286.912,,262.4959945678711,Predicted,resident,,,11,,measured,,,929
25.133,,,matmul-64x128x64,,233.554,,208.8959962129593,Random,resident,,,12,,measured,,,929
24.993,,,matmul-64x128x64,,219.058,,194.20799612998962,Predicted,resident,,,12,,measured,,,929
25.643,,,matmul-64x128x64,,279.081,,254.17599081993103,Current,resident,,,12,,measured,,,929
25.826999999999998,,,matmul-64x128x64,,218.578,,194.5279985666275,Predicted,resident,,,13,,measured,,,929
25.073,,,matmul-64x128x64,,216.7,,192.51200556755066,Current,resident,,,13,,measured,,,929
25.276,,,matmul-64x128x64,,269.991,,245.63199281692505,Random,resident,,,13,,measured,,,929
25.347,,,matmul-64x128x64,,217.15,,192.51200556755066,Current,resident,,,14,,measured,,,929
26.168999999999997,,,matmul-64x128x64,,232.982,,207.87200331687927,Random,resident,,,14,,measured,,,929
26.076,,,matmul-64x128x64,,290.283,,265.21599292755127,Predicted,resident,,,14,,measured,,,929
25.625,,,matmul-64x128x64,,274.262,,248.48000705242157,Current,resident,,,15,,measured,,,929
48.978,,,matmul-64x128x64,,218.986,,193.53599846363068,Predicted,resident,,,15,,measured,,,929
29.614,,,matmul-64x128x64,,299.131,,252.73600220680237,Random,resident,,,15,,measured,,,929
26.238,,,matmul-64x128x64,,221.446,,195.5839991569519,Predicted,resident,,,16,,measured,,,929
26.21,,,matmul-64x128x64,,233.821,,207.87200331687927,Random,resident,,,16,,measured,,,929
26.741,,,matmul-64x128x64,,279.459,,253.7280023097992,Current,resident,,,16,,measured,,,929
26.175,,,matmul-64x128x64,,289.182,,263.16800713539124,Predicted,resident,,,17,,measured,,,929
25.316000000000003,,,matmul-64x128x64,,217.817,,193.12000274658203,Current,resident,,,17,,measured,,,929
26.383,,,matmul-64x128x64,,271.017,,245.7599937915802,Random,resident,,,17,,measured,,,929
25.477,,,matmul-64x128x64,,218.356,,192.4159973859787,Current,resident,,,18,,measured,,,929
26.23,,,matmul-64x128x64,,288.154,,263.16800713539124,Predicted,resident,,,18,,measured,,,929
25.598,,,matmul-64x128x64,,269.847,,244.73600089550018,Random,resident,,,18,,measured,,,929
26.543999999999997,,,matmul-64x128x64,,275.634,,250.88000297546387,Current,resident,,,19,,measured,,,929
25.255,,,matmul-64x128x64,,287.994,,262.56000995635986,Predicted,resident,,,19,,measured,,,929
25.359,,,matmul-64x128x64,,270.014,,244.4480061531067,Random,resident,,,19,,measured,,,929
24.776,,,matmul-64x128x64,,233.6,,207.87200331687927,Random,resident,,,20,,measured,,,929
26.671999999999997,,,matmul-64x128x64,,279.235,,254.97600436210632,Current,resident,,,20,,measured,,,929
25.481,,,matmul-64x128x64,,288.675,,263.4879946708679,Predicted,resident,,,20,,measured,,,929
25.118000000000002,,,matmul-64x128x64,,219.056,,193.85600090026855,Predicted,resident,,,21,,measured,,,929
26.310000000000002,,,matmul-64x128x64,,217.021,,191.48799777030945,Current,resident,,,21,,measured,,,929
26.240000000000002,,,matmul-64x128x64,,270.734,,245.7599937915802,Random,resident,,,21,,measured,,,929
25.509,,,matmul-64x128x64,,287.773,,262.30400800704956,Predicted,resident,,,22,,measured,,,929
26.678,,,matmul-64x128x64,,274.119,,248.83200228214264,Current,resident,,,22,,measured,,,929
25.811,,,matmul-64x128x64,,269.421,,244.73600089550018,Random,resident,,,22,,measured,,,929
26.472,,,matmul-64x128x64,,287.449,,262.14399933815,Predicted,resident,,,23,,measured,,,929
25.875999999999998,,,matmul-64x128x64,,273.829,,247.74399399757385,Current,resident,,,23,,measured,,,929
25.067,,,matmul-64x128x64,,269.057,,244.73600089550018,Random,resident,,,23,,measured,,,929
25.844,,,matmul-64x128x64,,287.01,,261.9839906692505,Predicted,resident,,,24,,measured,,,929
26.283,,,matmul-64x128x64,,273.803,,248.83200228214264,Current,resident,,,24,,measured,,,929
25.802999999999997,,,matmul-64x128x64,,270.035,,244.73600089550018,Random,resident,,,24,,measured,,,929
25.519,,,matmul-64x128x64,,286.081,,261.1199915409088,Predicted,resident,,,25,,measured,,,929
25.605,,,matmul-64x128x64,,272.483,,247.51999974250793,Current,resident,,,25,,measured,,,929
25.552999999999997,,,matmul-64x128x64,,269.695,,244.73600089550018,Random,resident,,,25,,measured,,,929
25.599,,,matmul-64x128x64,,286.873,,261.9200050830841,Predicted,resident,,,26,,measured,,,929
36.934,,,matmul-64x128x64,,258.869,,214.01600539684296,Random,resident,,,26,,measured,,,929
29.315,,,matmul-64x128x64,,282.588,,255.67999482154846,Current,resident,,,26,,measured,,,929
25.476,,,matmul-64x128x64,,218.285,,192.51200556755066,Current,resident,,,27,,measured,,,929
27.034,,,matmul-64x128x64,,233.491,,207.87200331687927,Random,resident,,,27,,measured,,,929
26.218,,,matmul-64x128x64,,290.509,,264.19198513031006,Predicted,resident,,,27,,measured,,,929
29.983,,,matmul-64x128x64,,220.572,,194.5600062608719,Predicted,resident,,,28,,measured,,,929
25.019,,,matmul-64x128x64,,233.853,,208.8959962129593,Random,resident,,,28,,measured,,,929
26.042,,,matmul-64x128x64,,278.377,,253.7280023097992,Current,resident,,,28,,measured,,,929
25.311999999999998,,,matmul-64x128x64,,233.401,,207.87200331687927,Random,resident,,,29,,measured,,,929
26.625,,,matmul-64x128x64,,217.518,,191.48799777030945,Current,resident,,,29,,measured,,,929
26.311,,,matmul-64x128x64,,289.668,,265.0560140609741,Predicted,resident,,,29,,measured,,,929
25.755,,,matmul-64x128x64,,216.893,,192.22399592399597,Current,resident,,,30,,measured,,,929
25.131999999999998,,,matmul-64x128x64,,270.408,,245.7599937915802,Random,resident,,,30,,measured,,,929
27.009,,,matmul-64x128x64,,287.61,,263.0400061607361,Predicted,resident,,,30,,measured,,,929
25.343000000000004,,,matmul-64x128x64,,233.754,,208.8959962129593,Random,resident,,,31,,measured,,,929
25.014,,,matmul-64x128x64,,219.319,,193.53599846363068,Predicted,resident,,,31,,measured,,,929
25.859,,,matmul-64x128x64,,278.181,,252.9279887676239,Current,resident,,,31,,measured,,,929
25.477,,,matmul-64x128x64,,296.501,,244.73600089550018,Random,resident,,,32,,measured,,,929
25.141,,,matmul-64x128x64,,287.792,,262.14399933815,Predicted,resident,,,32,,measured,,,929
26.368000000000002,,,matmul-64x128x64,,273.049,,248.44799935817719,Current,resident,,,32,,measured,,,929
25.433,,,matmul-64x128x64,,219.095,,194.5600062608719,Predicted,resident,,,33,,measured,,,929
26.241999999999997,,,matmul-64x128x64,,218.007,,191.48799777030945,Current,resident,,,33,,measured,,,929
25.341,,,matmul-64x128x64,,271.59,,246.75199389457703,Random,resident,,,33,,measured,,,929
24.825,,,matmul-64x128x64,,233.888,,209.05600488185883,Random,resident,,,34,,measured,,,929
25.484,,,matmul-64x128x64,,288.427,,263.16800713539124,Predicted,resident,,,34,,measured,,,929
26.706000000000003,,,matmul-64x128x64,,272.88,,247.80799448490143,Current,resident,,,34,,measured,,,929
25.561,,,matmul-64x128x64,,219.46,,194.5600062608719,Predicted,resident,,,35,,measured,,,929
26.0,,,matmul-64x128x64,,217.359,,192.51200556755066,Current,resident,,,35,,measured,,,929
25.494,,,matmul-64x128x64,,270.009,,245.53599953651428,Random,resident,,,35,,measured,,,929
25.521,,,matmul-64x128x64,,217.881,,192.51200556755066,Current,resident,,,36,,measured,,,929
25.616,,,matmul-64x128x64,,233.549,,208.8959962129593,Random,resident,,,36,,measured,,,929
26.094,,,matmul-64x128x64,,289.234,,264.44798707962036,Predicted,resident,,,36,,measured,,,929
25.785,,,matmul-64x128x64,,274.567,,248.83200228214264,Current,resident,,,37,,measured,,,929
35.025,,,matmul-64x128x64,,248.752,,201.7280012369156,Predicted,resident,,,37,,measured,,,929
26.176000000000002,,,matmul-64x128x64,,273.594,,247.13599681854248,Random,resident,,,37,,measured,,,929
26.028,,,matmul-64x128x64,,278.302,,252.73600220680237,Current,resident,,,38,,measured,,,929
26.842999999999996,,,matmul-64x128x64,,287.823,,262.14399933815,Predicted,resident,,,38,,measured,,,929
25.747999999999998,,,matmul-64x128x64,,270.139,,244.73600089550018,Random,resident,,,38,,measured,,,929
25.709000000000003,,,matmul-64x128x64,,276.09,,250.75200200080872,Current,resident,,,39,,measured,,,929
25.96,,,matmul-64x128x64,,233.36,,207.87200331687927,Random,resident,,,39,,measured,,,929
26.607,,,matmul-64x128x64,,290.934,,265.9200131893158,Predicted,resident,,,39,,measured,,,929
25.596,,,matmul-64x128x64,,219.483,,195.16800343990326,Predicted,resident,,,40,,measured,,,929
25.616,,,matmul-64x128x64,,275.482,,249.7600018978119,Current,resident,,,40,,measured,,,929
25.586,,,matmul-64x128x64,,270.526,,244.73600089550018,Random,resident,,,40,,measured,,,929
25.416,,,matmul-64x128x64,,237.023,,211.96800470352173,Random,resident,,,41,,measured,,,929
25.654,,,matmul-64x128x64,,217.103,,192.25600361824036,Current,resident,,,41,,measured,,,929
25.212,,,matmul-64x128x64,,288.144,,262.14399933815,Predicted,resident,,,41,,measured,,,929
24.511,,,matmul-64x128x64,,219.63,,194.30400431156158,Predicted,resident,,,42,,measured,,,929
25.956,,,matmul-64x128x64,,268.841,,243.71199309825897,Random,resident,,,42,,measured,,,929
26.034,,,matmul-64x128x64,,274.035,,249.59999322891235,Current,resident,,,42,,measured,,,929
25.662999999999997,,,matmul-64x128x64,,288.193,,263.7760043144226,Predicted,resident,,,43,,measured,,,929
24.951,,,matmul-64x128x64,,270.226,,244.73600089550018,Random,resident,,,43,,measured,,,929
25.462,,,matmul-64x128x64,,273.907,,248.83200228214264,Current,resident,,,43,,measured,,,929
26.003999999999998,,,matmul-64x128x64,,217.562,,192.28799641132355,Current,resident,,,44,,measured,,,929
26.115000000000002,,,matmul-64x128x64,,286.948,,262.14399933815,Predicted,resident,,,44,,measured,,,929
26.423000000000002,,,matmul-64x128x64,,270.073,,244.73600089550018,Random,resident,,,44,,measured,,,929
25.576999999999998,,,matmul-64x128x64,,233.728,,207.87200331687927,Random,resident,,,45,,measured,,,929
25.636,,,matmul-64x128x64,,219.064,,193.53599846363068,Predicted,resident,,,45,,measured,,,929
25.479,,,matmul-64x128x64,,277.018,,250.88000297546387,Current,resident,,,45,,measured,,,929
25.576,,,matmul-64x128x64,,219.189,,194.5600062608719,Predicted,resident,,,46,,measured,,,929
25.723,,,matmul-64x128x64,,272.531,,247.1040040254593,Random,resident,,,46,,measured,,,929
25.895,,,matmul-64x128x64,,276.215,,251.583993434906,Current,resident,,,46,,measured,,,929
25.669,,,matmul-64x128x64,,233.65,,208.8959962129593,Random,resident,,,47,,measured,,,929
25.639,,,matmul-64x128x64,,217.106,,191.48799777030945,Current,resident,,,47,,measured,,,929
26.337,,,matmul-64x128x64,,288.767,,263.16800713539124,Predicted,resident,,,47,,measured,,,929
25.701999999999998,,,matmul-64x128x64,,270.085,,244.73600089550018,Random,resident,,,48,,measured,,,929
28.191000000000003,,,matmul-64x128x64,,294.752,,251.71199440956116,Current,resident,,,48,,measured,,,929
26.771,,,matmul-64x128x64,,289.311,,263.16800713539124,Predicted,resident,,,48,,measured,,,929
25.878999999999998,,,matmul-64x128x64,,271.123,,244.86400187015533,Random,resident,,,49,,measured,,,929
26.002000000000002,,,matmul-64x128x64,,219.684,,194.5600062608719,Predicted,resident,,,49,,measured,,,929
25.869,,,matmul-64x128x64,,278.01,,251.80798768997192,Current,resident,,,49,,measured,,,929
26.441000000000003,,,matmul-64x128x64,,217.987,,192.1280026435852,Current,resident,,,50,,measured,,,929
26.096,,,matmul-64x128x64,,219.669,,194.17600333690643,Predicted,resident,,,50,,measured,,,929
25.429000000000002,,,matmul-64x128x64,,269.383,,244.73600089550018,Random,resident,,,50,,measured,,,929
25.278,,,matmul-64x128x64,,219.783,,194.5600062608719,Predicted,resident,,,51,,measured,,,929
26.054000000000002,,,matmul-64x128x64,,237.086,,211.35999262332916,Random,resident,,,51,,measured,,,929
26.663,,,matmul-64x128x64,,278.786,,254.62400913238525,Current,resident,,,51,,measured,,,929
25.36,,,matmul-64x128x64,,288.146,,263.16800713539124,Predicted,resident,,,52,,measured,,,929
25.726,,,matmul-64x128x64,,217.919,,192.51200556755066,Current,resident,,,52,,measured,,,929
25.393,,,matmul-64x128x64,,271.949,,246.43200635910034,Random,resident,,,52,,measured,,,929
26.222,,,matmul-64x128x64,,218.474,,192.51200556755066,Current,resident,,,53,,measured,,,929
25.051000000000002,,,matmul-64x128x64,,289.12,,263.16800713539124,Predicted,resident,,,53,,measured,,,929
25.755000000000003,,,matmul-64x128x64,,269.536,,244.09599602222443,Random,resident,,,53,,measured,,,929
25.312,,,matmul-64x128x64,,219.66,,194.5600062608719,Predicted,resident,,,54,,measured,,,929
25.545,,,matmul-64x128x64,,276.112,,250.88000297546387,Current,resident,,,54,,measured,,,929
25.209,,,matmul-64x128x64,,270.28,,243.71199309825897,Random,resident,,,54,,measured,,,929
25.191000000000003,,,matmul-64x128x64,,217.203,,192.4159973859787,Current,resident,,,55,,measured,,,929
26.103,,,matmul-64x128x64,,234.138,,208.8959962129593,Random,resident,,,55,,measured,,,929
25.509,,,matmul-64x128x64,,289.151,,263.16800713539124,Predicted,resident,,,55,,measured,,,929
25.494999999999997,,,matmul-64x128x64,,234.809,,209.72800254821777,Random,resident,,,56,,measured,,,929
25.551000000000002,,,matmul-64x128x64,,219.469,,194.240003824234,Predicted,resident,,,56,,measured,,,929
26.55,,,matmul-64x128x64,,279.804,,254.65598702430725,Current,resident,,,56,,measured,,,929
25.46,,,matmul-64x128x64,,219.549,,194.5600062608719,Predicted,resident,,,57,,measured,,,929
25.771,,,matmul-64x128x64,,218.231,,192.1280026435852,Current,resident,,,57,,measured,,,929
25.575000000000003,,,matmul-64x128x64,,269.975,,244.73600089550018,Random,resident,,,57,,measured,,,929
26.223,,,matmul-64x128x64,,288.028,,262.81601190567017,Predicted,resident,,,58,,measured,,,929
25.643,,,matmul-64x128x64,,232.617,,206.84799551963806,Random,resident,,,58,,measured,,,929
25.613,,,matmul-64x128x64,,280.142,,254.84800338745117,Current,resident,,,58,,measured,,,929
25.409999999999997,,,matmul-64x128x64,,233.989,,208.8959962129593,Random,resident,,,59,,measured,,,929
26.525,,,matmul-64x128x64,,294.823,,267.2640085220337,Predicted,resident,,,59,,measured,,,929
26.804000000000002,,,matmul-64x128x64,,275.466,,249.85599517822266,Current,resident,,,59,,measured,,,929
26.42,,,matmul-64x128x64,,272.095,,245.85600197315216,Random,resident,,,60,,measured,,,929
25.872,,,matmul-64x128x64,,217.886,,192.57600605487823,Current,resident,,,60,,measured,,,929
26.396,,,matmul-64x128x64,,288.993,,263.16800713539124,Predicted,resident,,,60,,measured,,,929
26.246000000000002,,,matmul-64x128x64,,217.688,,192.51200556755066,Current,resident,,,61,,measured,,,929
25.512,,,matmul-64x128x64,,270.829,,246.43200635910034,Random,resident,,,61,,measured,,,929
25.964,,,matmul-64x128x64,,287.673,,262.9759907722473,Predicted,resident,,,61,,measured,,,929
25.892,,,matmul-64x128x64,,273.664,,248.83200228214264,Current,resident,,,62,,measured,,,929
25.783,,,matmul-64x128x64,,269.746,,244.4159984588623,Random,resident,,,62,,measured,,,929
26.168,,,matmul-64x128x64,,287.597,,261.7279887199402,Predicted,resident,,,62,,measured,,,929
26.207,,,matmul-64x128x64,,233.609,,208.6080014705658,Random,resident,,,63,,measured,,,929
25.644,,,matmul-64x128x64,,278.916,,252.9279887676239,Current,resident,,,63,,measured,,,929
25.573,,,matmul-64x128x64,,286.969,,262.14399933815,Predicted,resident,,,63,,measured,,,929
28.503,240.40300000000002,0.0,matmul-64x128x64,220996.6769996754,707.922,401638.50599997974,249.9839961528778,Random,one_shot,297540.60000010073,296832.6780001007,0,37532.807999923534,warmup,0.0,38007.920000382,929
27.708,234.217,0.0,matmul-64x128x64,220996.6769996754,673.47,364071.24600005616,245.79200148582458,Current,one_shot,259973.34000017718,259299.87000017718,0,,warmup,0.0,38007.920000382,929
27.96,232.12500000000003,0.0,matmul-64x128x64,174459.18700013863,675.232,322490.6630006867,255.90398907661438,Predicted,one_shot,218392.75700080764,217717.52500080765,0,,warmup,6024.364999575482,37232.894000226224,929
26.29,146.105,0.0,matmul-64x128x64,174459.18700013863,527.092,322342.52300068666,195.99999487400055,Predicted,one_shot,218244.61700080766,217717.52500080765,1,,warmup,6024.364999575482,37232.894000226224,929
26.75,232.07500000000002,0.0,matmul-64x128x64,220996.6769996754,661.296,401591.8799999797,244.86400187015533,Random,one_shot,297493.9740001007,296832.6780001007,1,37532.807999923534,warmup,0.0,38007.920000382,929
26.754,229.302,0.0,matmul-64x128x64,220996.6769996754,659.465,364057.24100005615,245.31200528144836,Current,one_shot,259959.33500017718,259299.87000017718,1,,warmup,0.0,38007.920000382,929
28.137,218.75699999999998,0.0,matmul-64x128x64,174459.18700013863,946.286,322761.7170006867,259.39199328422546,Predicted,one_shot,218663.81100080765,217717.52500080765,2,,warmup,6024.364999575482,37232.894000226224,929
27.4,214.686,0.0,matmul-64x128x64,220996.6769996754,646.55,401577.1339999797,244.76799368858337,Random,one_shot,297479.2280001007,296832.6780001007,2,37532.807999923534,warmup,0.0,38007.920000382,929
28.112,212.75200000000004,0.0,matmul-64x128x64,220996.6769996754,641.629,364039.40500005614,242.78399348258972,Current,one_shot,259941.49900017717,259299.87000017718,2,,warmup,0.0,38007.920000382,929
27.698999999999998,215.14000000000004,0.0,matmul-64x128x64,174459.18700013863,656.877,322472.3080006867,255.48800826072693,Predicted,one_shot,218374.40200080766,217717.52500080765,3,,warmup,6024.364999575482,37232.894000226224,929
27.131999999999998,206.33300000000003,0.0,matmul-64x128x64,220996.6769996754,613.952,364011.7280000562,223.32799434661865,Current,one_shot,259913.82200017717,259299.87000017718,3,,warmup,0.0,38007.920000382,929
27.176000000000002,208.22600000000003,0.0,matmul-64x128x64,220996.6769996754,638.51,401569.0939999797,247.48800694942474,Random,one_shot,297471.1880001007,296832.6780001007,3,37532.807999923534,warmup,0.0,38007.920000382,929
28.15,208.464,0.0,matmul-64x128x64,174459.18700013863,645.044,322460.47500068665,251.10399723052979,Predicted,one_shot,218362.56900080765,217717.52500080765,4,,warmup,6024.364999575482,37232.894000226224,929
27.097,206.68,0.0,matmul-64x128x64,220996.6769996754,638.27,364036.0460000562,246.94399535655975,Current,one_shot,259938.14000017717,259299.87000017718,4,,warmup,0.0,38007.920000382,929
27.619,208.99999999999997,0.0,matmul-64x128x64,220996.6769996754,692.363,401622.94699997973,248.06399643421173,Random,one_shot,297525.0410001007,296832.6780001007,4,37532.807999923534,warmup,0.0,38007.920000382,929
26.616,210.61700000000002,0.0,matmul-64x128x64,174459.18700013863,649.215,322464.6460006867,250.94398856163025,Predicted,one_shot,218366.74000080765,217717.52500080765,5,,warmup,6024.364999575482,37232.894000226224,929
27.838,212.21200000000002,0.0,matmul-64x128x64,220996.6769996754,645.497,364043.27300005616,247.9040026664734,Current,one_shot,259945.36700017718,259299.87000017718,5,,warmup,0.0,38007.920000382,929
26.796,206.271,0.0,matmul-64x128x64,220996.6769996754,639.27,401569.85399997974,248.51199984550476,Random,one_shot,297471.94800010073,296832.6780001007,5,37532.807999923534,warmup,0.0,38007.920000382,929
26.931,131.65,0.0,matmul-64x128x64,220996.6769996754,526.307,401456.8909999797,209.56799387931824,Random,one_shot,297358.9850001007,296832.6780001007,6,37532.807999923534,warmup,0.0,38007.920000382,929
27.427,208.87100000000004,0.0,matmul-64x128x64,220996.6769996754,612.596,364010.3720000562,220.19200026988983,Current,one_shot,259912.46600017717,259299.87000017718,6,,warmup,0.0,38007.920000382,929
27.141,208.769,0.0,matmul-64x128x64,174459.18700013863,645.404,322460.8350006867,253.53598594665527,Predicted,one_shot,218362.92900080766,217717.52500080765,6,,warmup,6024.364999575482,37232.894000226224,929
26.527,132.47,0.0,matmul-64x128x64,174459.18700013863,512.153,322327.58400068665,195.23200392723083,Predicted,one_shot,218229.67800080765,217717.52500080765,7,,warmup,6024.364999575482,37232.894000226224,929
26.817999999999998,208.94400000000002,0.0,matmul-64x128x64,220996.6769996754,637.353,401567.9369999797,244.9599951505661,Random,one_shot,297470.0310001007,296832.6780001007,7,37532.807999923534,warmup,0.0,38007.920000382,929
27.474,209.52100000000002,0.0,matmul-64x128x64,220996.6769996754,637.849,364035.62500005617,244.4480061531067,Current,one_shot,259937.71900017717,259299.87000017718,7,,warmup,0.0,38007.920000382,929
27.063000000000002,207.826,0.0,matmul-64x128x64,174459.18700013863,644.821,322460.25200068665,255.0399899482727,Predicted,one_shot,218362.34600080765,217717.52500080765,8,,warmup,6024.364999575482,37232.894000226224,929
27.022,205.71399999999997,0.0,matmul-64x128x64,220996.6769996754,634.146,401564.7299999797,245.63199281692505,Random,one_shot,297466.8240001007,296832.6780001007,8,37532.807999923534,warmup,0.0,38007.920000382,929
27.482,210.17200000000003,0.0,matmul-64x128x64,220996.6769996754,639.511,364037.2870000562,244.73600089550018,Current,one_shot,259939.38100017718,259299.87000017718,8,,warmup,0.0,38007.920000382,929
26.996,207.47500000000002,0.0,matmul-64x128x64,220996.6769996754,632.503,401563.08699997974,241.28000438213348,Random,one_shot,297465.18100010074,296832.6780001007,9,37532.807999923534,warmup,0.0,38007.920000382,929
26.759,211.44199999999998,0.0,matmul-64x128x64,174459.18700013863,650.217,322465.64800068666,253.08799743652344,Predicted,one_shot,218367.74200080766,217717.52500080765,9,,warmup,6024.364999575482,37232.894000226224,929
27.590000000000003,205.938,0.0,matmul-64x128x64,220996.6769996754,638.453,364036.22900005616,247.96800315380096,Current,one_shot,259938.3230001772,259299.87000017718,9,,warmup,0.0,38007.920000382,929
26.2,132.68599999999998,0.0,matmul-64x128x64,220996.6769996754,509.114,363906.8900000562,192.9599940776825,Current,one_shot,259808.98400017718,259299.87000017718,10,,warmup,0.0,38007.920000382,929
26.979,208.08300000000003,0.0,matmul-64x128x64,220996.6769996754,681.728,401612.3119999797,246.97600305080414,Random,one_shot,297514.4060001007,296832.6780001007,10,37532.807999923534,warmup,0.0,38007.920000382,929
27.304,211.757,0.0,matmul-64x128x64,174459.18700013863,644.952,322460.38300068665,250.88000297546387,Predicted,one_shot,218362.47700080764,217717.52500080765,10,,warmup,6024.364999575482,37232.894000226224,929
26.012999999999998,206.421,0.0,matmul-64x128x64,220996.6769996754,628.474,401559.0579999797,239.45599794387817,Random,one_shot,297461.1520001007,296832.6780001007,11,37532.807999923534,warmup,0.0,38007.920000382,929
26.643,244.612,0.0,matmul-64x128x64,220996.6769996754,671.829,364069.6050000562,245.44000625610352,Current,one_shot,259971.69900017718,259299.87000017718,11,,warmup,0.0,38007.920000382,929
26.319,208.305,0.0,matmul-64x128x64,174459.18700013863,643.386,322458.81700068666,254.40001487731934,Predicted,one_shot,218360.91100080765,217717.52500080765,11,,warmup,6024.364999575482,37232.894000226224,929
27.605000000000004,204.03500000000003,0.0,matmul-64x128x64,220996.6769996754,630.609,401561.1929999797,244.51200664043427,Random,one_shot,297463.2870001007,296832.6780001007,12,37532.807999923534,warmup,0.0,38007.920000382,929
27.596999999999998,235.445,0.0,matmul-64x128x64,220996.6769996754,677.165,364074.9410000562,243.03999543190002,Current,one_shot,259977.0350001772,259299.87000017718,12,,warmup,0.0,38007.920000382,929
27.418,207.93900000000002,0.0,matmul-64x128x64,174459.18700013863,647.112,322462.5430006867,255.16799092292786,Predicted,one_shot,218364.63700080765,217717.52500080765,12,,warmup,6024.364999575482,37232.894000226224,929
25.396,132.27300000000002,0.0,matmul-64x128x64,174459.18700013863,507.921,322323.3520006867,195.39199769496918,Predicted,one_shot,218225.44600080766,217717.52500080765,13,,warmup,6024.364999575482,37232.894000226224,929
37.765,222.48900000000003,0.0,matmul-64x128x64,220996.6769996754,708.325,364106.1010000562,234.0800017118454,Current,one_shot,260008.1950001772,259299.87000017718,13,,warmup,0.0,38007.920000382,929
27.011,209.85699999999997,0.0,matmul-64x128x64,220996.6769996754,648.385,401578.9689999797,248.1279969215393,Random,one_shot,297481.0630001007,296832.6780001007,13,37532.807999923534,warmup,0.0,38007.920000382,929
26.843,209.59900000000002,0.0,matmul-64x128x64,174459.18700013863,645.727,322461.1580006867,250.65600872039795,Predicted,one_shot,218363.25200080767,217717.52500080765,14,,warmup,6024.364999575482,37232.894000226224,929
43.576,207.52,0.0,matmul-64x128x64,220996.6769996754,667.396,364065.1720000562,252.06398963928223,Current,one_shot,259967.2660001772,259299.87000017718,14,,warmup,0.0,38007.920000382,929
27.480999999999998,207.621,0.0,matmul-64x128x64,220996.6769996754,637.263,401567.8469999797,247.0719963312149,Random,one_shot,297469.9410001007,296832.6780001007,14,37532.807999923534,warmup,0.0,38007.920000382,929
25.226,133.525,0.0,matmul-64x128x64,220996.6769996754,523.595,401454.1789999797,209.6319943666458,Random,one_shot,297356.2730001007,296832.6780001007,15,37532.807999923534,warmup,0.0,38007.920000382,929
27.329,240.725,0.0,matmul-64x128x64,220996.6769996754,715.784,364113.56000005617,224.03199970722198,Current,one_shot,260015.6540001772,259299.87000017718,15,,warmup,0.0,38007.920000382,929
26.587,210.70499999999998,0.0,matmul-64x128x64,174459.18700013863,645.203,322460.6340006867,254.43199276924133,Predicted,one_shot,218362.72800080766,217717.52500080765,15,,warmup,6024.364999575482,37232.894000226224,929
27.67,205.949,0.0,matmul-64x128x64,220996.6769996754,631.934,401562.5179999797,244.4159984588623,Random,one_shot,297464.6120001007,296832.6780001007,0,37532.807999923534,measured,0.0,38007.920000382,929
27.095,206.43999999999997,0.0,matmul-64x128x64,220996.6769996754,630.06,364027.8360000562,243.26400458812714,Current,one_shot,259929.93000017718,259299.87000017718,0,,measured,0.0,38007.920000382,929
27.748,209.785,0.0,matmul-64x128x64,174459.18700013863,649.525,322464.9560006866,256.415992975235,Predicted,one_shot,218367.05000080765,217717.52500080765,0,,measured,6024.364999575482,37232.894000226224,929
26.884999999999998,133.571,0.0,matmul-64x128x64,174459.18700013863,789.253,322604.6840006866,196.4160054922104,Predicted,one_shot,218506.77800080765,217717.52500080765,1,,measured,6024.364999575482,37232.894000226224,929
27.997999999999998,207.40500000000003,0.0,matmul-64x128x64,220996.6769996754,638.07,401568.6539999797,244.4480061531067,Random,one_shot,297470.7480001007,296832.6780001007,1,37532.807999923534,measured,0.0,38007.920000382,929
27.374000000000002,208.989,0.0,matmul-64x128x64,220996.6769996754,635.918,364033.6940000562,244.51200664043427,Current,one_shot,259935.78800017718,259299.87000017718,1,,measured,0.0,38007.920000382,929
26.153,132.51999999999998,0.0,matmul-64x128x64,220996.6769996754,507.461,363905.2370000562,193.53599846363068,Current,one_shot,259807.3310001772,259299.87000017718,2,,measured,0.0,38007.920000382,929
27.168,207.639,0.0,matmul-64x128x64,174459.18700013863,643.661,322459.0920006867,254.91198897361755,Predicted,one_shot,218361.18600080765,217717.52500080765,2,,measured,6024.364999575482,37232.894000226224,929
27.678,208.32600000000002,0.0,matmul-64x128x64,220996.6769996754,635.642,401566.2259999797,244.9280023574829,Random,one_shot,297468.3200001007,296832.6780001007,2,37532.807999923534,measured,0.0,38007.920000382,929
27.477999999999998,205.84800000000004,0.0,matmul-64x128x64,174459.18700013863,615.847,322431.27800068667,227.07200050354004,Predicted,one_shot,218333.37200080766,217717.52500080765,3,,measured,6024.364999575482,37232.894000226224,929
26.917,207.20499999999998,0.0,matmul-64x128x64,220996.6769996754,635.999,364033.7750000562,247.8400021791458,Current,one_shot,259935.8690001772,259299.87000017718,3,,measured,0.0,38007.920000382,929
27.256999999999998,207.24800000000002,0.0,matmul-64x128x64,220996.6769996754,638.128,401568.71199997974,248.3839988708496,Random,one_shot,297470.80600010074,296832.6780001007,3,37532.807999923534,measured,0.0,38007.920000382,929
27.025,205.45699999999997,0.0,matmul-64x128x64,220996.6769996754,611.641,364009.4170000562,224.12799298763275,Current,one_shot,259911.51100017718,259299.87000017718,4,,measured,0.0,38007.920000382,929
26.061,204.72099999999998,0.0,matmul-64x128x64,220996.6769996754,623.804,401554.3879999797,240.12799561023712,Random,one_shot,297456.4820001007,296832.6780001007,4,37532.807999923534,measured,0.0,38007.920000382,929
27.281999999999996,209.46000000000006,0.0,matmul-64x128x64,174459.18700013863,642.898,322458.32900068664,252.70399451255798,Predicted,one_shot,218360.42300080764,217717.52500080765,4,,measured,6024.364999575482,37232.894000226224,929
25.646,133.219,0.0,matmul-64x128x64,174459.18700013863,509.154,322324.5850006867,195.13599574565887,Predicted,one_shot,218226.67900080766,217717.52500080765,5,,measured,6024.364999575482,37232.894000226224,929
27.31,206.00900000000001,0.0,matmul-64x128x64,220996.6769996754,626.619,401557.2029999797,239.1359955072403,Random,one_shot,297459.2970001007,296832.6780001007,5,37532.807999923534,measured,0.0,38007.920000382,929
28.529000000000003,204.41200000000003,0.0,matmul-64x128x64,220996.6769996754,630.594,364028.3700000562,243.3920055627823,Current,one_shot,259930.4640001772,259299.87000017718,5,,measured,0.0,38007.920000382,929
38.567,204.41299999999998,0.0,matmul-64x128x64,174459.18700013863,666.758,322482.18900068663,253.02401185035706,Predicted,one_shot,218384.28300080766,217717.52500080765,6,,measured,6024.364999575482,37232.894000226224,929
27.93,208.83999999999997,0.0,matmul-64x128x64,220996.6769996754,623.336,364021.1120000562,223.68000447750092,Current,one_shot,259923.2060001772,259299.87000017718,6,,measured,0.0,38007.920000382,929
27.006999999999998,246.37399999999997,0.0,matmul-64x128x64,220996.6769996754,680.891,401611.4749999797,246.8159943819046,Random,one_shot,297513.5690001007,296832.6780001007,6,37532.807999923534,measured,0.0,38007.920000382,929
26.898000000000003,207.95599999999996,0.0,matmul-64x128x64,174459.18700013863,643.704,322459.1350006866,251.3279914855957,Predicted,one_shot,218361.22900080765,217717.52500080765,7,,measured,6024.364999575482,37232.894000226224,929
27.111000000000004,207.067,0.0,matmul-64x128x64,220996.6769996754,637.718,364035.4940000562,248.22400510311127,Current,one_shot,259937.58800017717,259299.87000017718,7,,measured,0.0,38007.920000382,929
27.306,205.12100000000004,0.0,matmul-64x128x64,220996.6769996754,634.803,401565.38699997973,248.416006565094,Random,one_shot,297467.4810001007,296832.6780001007,7,37532.807999923534,measured,0.0,38007.920000382,929
27.198,254.83299999999997,0.0,matmul-64x128x64,220996.6769996754,674.818,364072.59400005615,224.92800652980804,Current,one_shot,259974.68800017718,259299.87000017718,8,,measured,0.0,38007.920000382,929
27.282,208.63400000000004,0.0,matmul-64x128x64,174459.18700013863,643.091,322458.5220006866,252.6719868183136,Predicted,one_shot,218360.61600080764,217717.52500080765,8,,measured,6024.364999575482,37232.894000226224,929
55.037,207.10400000000004,0.0,matmul-64x128x64,220996.6769996754,676.847,401607.4309999797,245.34399807453156,Random,one_shot,297509.5250001007,296832.6780001007,8,37532.807999923534,measured,0.0,38007.920000382,929
25.560000000000002,135.873,0.0,matmul-64x128x64,220996.6769996754,526.911,401457.49499997974,210.04800498485565,Random,one_shot,297359.58900010074,296832.6780001007,9,37532.807999923534,measured,0.0,38007.920000382,929
26.826,210.23199999999997,0.0,matmul-64x128x64,174459.18700013863,619.921,322435.3520006867,228.32000255584717,Predicted,one_shot,218337.44600080766,217717.52500080765,9,,measured,6024.364999575482,37232.894000226224,929
27.881999999999998,209.359,0.0,matmul-64x128x64,220996.6769996754,639.68,364037.4560000562,248.06399643421173,Current,one_shot,259939.55000017717,259299.87000017718,9,,measured,0.0,38007.920000382,929
26.366,132.779,0.0,matmul-64x128x64,220996.6769996754,507.476,363905.2520000562,193.34399700164795,Current,one_shot,259807.34600017717,259299.87000017718,10,,measured,0.0,38007.920000382,929
27.014,209.42899999999997,0.0,matmul-64x128x64,174459.18700013863,613.743,322429.1740006866,222.4320024251938,Predicted,one_shot,218331.26800080764,217717.52500080765,10,,measured,6024.364999575482,37232.894000226224,929
26.810000000000002,207.408,0.0,matmul-64x128x64,220996.6769996754,635.056,401565.6399999797,245.44000625610352,Random,one_shot,297467.7340001007,296832.6780001007,10,37532.807999923534,measured,0.0,38007.920000382,929
27.945,208.67899999999997,0.0,matmul-64x128x64,220996.6769996754,637.858,364035.6340000562,245.37600576877594,Current,one_shot,259937.7280001772,259299.87000017718,11,,measured,0.0,38007.920000382,929
27.060000000000002,206.39399999999998,0.0,matmul-64x128x64,220996.6769996754,630.245,401560.8289999797,241.85599386692047,Random,one_shot,297462.9230001007,296832.6780001007,11,37532.807999923534,measured,0.0,38007.920000382,929
27.305999999999997,209.59599999999998,0.0,matmul-64x128x64,174459.18700013863,644.646,322460.07700068667,253.31199169158936,Predicted,one_shot,218362.17100080766,217717.52500080765,11,,measured,6024.364999575482,37232.894000226224,929
26.884,207.39499999999998,0.0,matmul-64x128x64,220996.6769996754,668.802,401599.38599997974,238.27199637889862,Random,one_shot,297501.48000010074,296832.6780001007,12,37532.807999923534,measured,0.0,38007.920000382,929
26.86,204.251,0.0,matmul-64x128x64,174459.18700013863,605.374,322420.80500068667,220.5439954996109,Predicted,one_shot,218322.89900080767,217717.52500080765,12,,measured,6024.364999575482,37232.894000226224,929
26.990000000000002,206.693,0.0,matmul-64x128x64,220996.6769996754,635.177,364032.9530000562,248.44799935817719,Current,one_shot,259935.04700017718,259299.87000017718,12,,measured,0.0,38007.920000382,929
25.944,218.48899999999998,0.0,matmul-64x128x64,174459.18700013863,622.806,322438.2370006867,222.30400145053864,Predicted,one_shot,218340.33100080767,217717.52500080765,13,,measured,6024.364999575482,37232.894000226224,929
26.209000000000003,202.80700000000002,0.0,matmul-64x128x64,220996.6769996754,598.083,363995.85900005617,215.64799547195435,Current,one_shot,259897.9530001772,259299.87000017718,13,,measured,0.0,38007.920000382,929
26.625,207.53499999999997,0.0,matmul-64x128x64,220996.6769996754,634.64,401565.22399997973,247.6159930229187,Random,one_shot,297467.3180001007,296832.6780001007,13,37532.807999923534,measured,0.0,38007.920000382,929
27.899,204.32999999999998,0.0,matmul-64x128x64,220996.6769996754,614.229,364012.0050000562,223.87200593948364,Current,one_shot,259914.09900017717,259299.87000017718,14,,measured,0.0,38007.920000382,929
27.302,205.05999999999997,0.0,matmul-64x128x64,220996.6769996754,625.352,401555.93599997973,238.81599307060242,Random,one_shot,297458.0300001007,296832.6780001007,14,37532.807999923534,measured,0.0,38007.920000382,929
27.346,208.30599999999998,0.0,matmul-64x128x64,174459.18700013863,641.272,322456.70300068666,253.2159984111786,Predicted,one_shot,218358.79700080765,217717.52500080765,14,,measured,6024.364999575482,37232.894000226224,929
30.965,225.96,0.0,matmul-64x128x64,220996.6769996754,764.091,364161.8670000562,256.6399872303009,Current,one_shot,260063.96100017717,259299.87000017718,15,,measured,0.0,38007.920000382,929
26.823,205.14799999999997,0.0,matmul-64x128x64,174459.18700013863,613.743,322429.1740006866,223.36000204086304,Predicted,one_shot,218331.26800080764,217717.52500080765,15,,measured,6024.364999575482,37232.894000226224,929
27.346999999999998,206.933,0.0,matmul-64x128x64,220996.6769996754,635.886,401566.4699999797,245.88799476623535,Random,one_shot,297468.5640001007,296832.6780001007,15,37532.807999923534,measured,0.0,38007.920000382,929
28.735999999999997,206.65699999999995,0.0,matmul-64x128x64,174459.18700013863,894.09,322709.5210006867,225.055992603302,Predicted,one_shot,218611.61500080765,217717.52500080765,16,,measured,6024.364999575482,37232.894000226224,929
27.476,208.52400000000003,0.0,matmul-64x128x64,220996.6769996754,632.728,401563.3119999797,236.7040067911148,Random,one_shot,297465.4060001007,296832.6780001007,16,37532.807999923534,measured,0.0,38007.920000382,929
28.115000000000002,211.933,0.0,matmul-64x128x64,220996.6769996754,639.889,364037.66500005615,243.1039959192276,Current,one_shot,259939.75900017718,259299.87000017718,16,,measured,0.0,38007.920000382,929
27.348999999999997,208.25099999999998,0.0,matmul-64x128x64,174459.18700013863,655.348,322470.77900068666,262.56000995635986,Predicted,one_shot,218372.87300080765,217717.52500080765,17,,measured,6024.364999575482,37232.894000226224,929
26.438000000000002,209.94899999999998,0.0,matmul-64x128x64,220996.6769996754,614.089,364011.8650000562,222.6880043745041,Current,one_shot,259913.9590001772,259299.87000017718,17,,measured,0.0,38007.920000382,929
26.708,213.32500000000002,0.0,matmul-64x128x64,220996.6769996754,642.704,401573.28799997974,248.19199740886688,Random,one_shot,297475.38200010074,296832.6780001007,17,37532.807999923534,measured,0.0,38007.920000382,929
26.762,205.83999999999997,0.0,matmul-64x128x64,220996.6769996754,610.418,364008.1940000562,223.68000447750092,Current,one_shot,259910.28800017718,259299.87000017718,18,,measured,0.0,38007.920000382,929
26.93,208.67299999999997,0.0,matmul-64x128x64,174459.18700013863,644.072,322459.50300068664,252.51200795173645,Predicted,one_shot,218361.59700080764,217717.52500080765,18,,measured,6024.364999575482,37232.894000226224,929
27.485,206.947,0.0,matmul-64x128x64,220996.6769996754,632.785,401563.3689999797,243.9039945602417,Random,one_shot,297465.4630001007,296832.6780001007,18,37532.807999923534,measured,0.0,38007.920000382,929
27.259999999999998,208.07200000000003,0.0,matmul-64x128x64,220996.6769996754,666.036,364063.81200005615,243.45600605010986,Current,one_shot,259965.90600017717,259299.87000017718,19,,measured,0.0,38007.920000382,929
26.445999999999998,206.55799999999996,0.0,matmul-64x128x64,174459.18700013863,641.484,322456.91500068665,253.60000133514404,Predicted,one_shot,218359.00900080765,217717.52500080765,19,,measured,6024.364999575482,37232.894000226224,929
26.613,208.975,0.0,matmul-64x128x64,220996.6769996754,633.801,401564.3849999797,244.06400322914124,Random,one_shot,297466.4790001007,296832.6780001007,19,37532.807999923534,measured,0.0,38007.920000382,929
25.938000000000002,133.74,0.0,matmul-64x128x64,220996.6769996754,523.318,401453.90199997975,209.82399582862854,Random,one_shot,297355.99600010074,296832.6780001007,20,37532.807999923534,measured,0.0,38007.920000382,929
26.804,208.59200000000004,0.0,matmul-64x128x64,220996.6769996754,632.487,364030.26300005615,243.48799884319305,Current,one_shot,259932.35700017717,259299.87000017718,20,,measured,0.0,38007.920000382,929
26.9,205.445,0.0,matmul-64x128x64,174459.18700013863,639.946,322455.37700068665,254.14401292800903,Predicted,one_shot,218357.47100080765,217717.52500080765,20,,measured,6024.364999575482,37232.894000226224,929
26.198,129.892,0.0,matmul-64x128x64,174459.18700013863,509.137,322324.56800068665,198.17599654197693,Predicted,one_shot,218226.66200080764,217717.52500080765,21,,measured,6024.364999575482,37232.894000226224,929
28.162999999999997,219.037,0.0,matmul-64x128x64,220996.6769996754,652.059,364049.8350000562,219.87199783325195,Current,one_shot,259951.9290001772,259299.87000017718,21,,measured,0.0,38007.920000382,929
26.942,207.52999999999997,0.0,matmul-64x128x64,220996.6769996754,635.639,401566.22299997974,247.3600059747696,Random,one_shot,297468.31700010074,296832.6780001007,21,37532.807999923534,measured,0.0,38007.920000382,929
26.93,205.816,0.0,matmul-64x128x64,174459.18700013863,636.591,322452.0220006866,250.11199712753296,Predicted,one_shot,218354.11600080764,217717.52500080765,22,,measured,6024.364999575482,37232.894000226224,929
27.839999999999996,220.686,0.0,matmul-64x128x64,220996.6769996754,673.291,364071.06700005615,247.99999594688416,Current,one_shot,259973.16100017718,259299.87000017718,22,,measured,0.0,38007.920000382,929
26.359,205.61899999999997,0.0,matmul-64x128x64,220996.6769996754,633.963,401564.5469999797,248.51199984550476,Random,one_shot,297466.6410001007,296832.6780001007,22,37532.807999923534,measured,0.0,38007.920000382,929
26.590000000000003,207.04399999999998,0.0,matmul-64x128x64,174459.18700013863,637.022,322452.45300068666,249.56800043582916,Predicted,one_shot,218354.54700080765,217717.52500080765,23,,measured,6024.364999575482,37232.894000226224,929
28.083,206.38400000000004,0.0,matmul-64x128x64,220996.6769996754,636.974,364034.75000005617,247.39199876785278,Current,one_shot,259936.84400017717,259299.87000017718,23,,measured,0.0,38007.920000382,929
36.44,222.562,0.0,matmul-64x128x64,220996.6769996754,707.669,401638.2529999797,251.3279914855957,Random,one_shot,297540.3470001007,296832.6780001007,23,37532.807999923534,measured,0.0,38007.920000382,929
27.526,206.92299999999997,0.0,matmul-64x128x64,174459.18700013863,646.521,322461.95200068667,251.45599246025085,Predicted,one_shot,218364.04600080766,217717.52500080765,24,,measured,6024.364999575482,37232.894000226224,929
28.451,208.53300000000002,0.0,matmul-64x128x64,220996.6769996754,640.755,364038.5310000562,248.22400510311127,Current,one_shot,259940.62500017718,259299.87000017718,24,,measured,0.0,38007.920000382,929
27.23,206.444,0.0,matmul-64x128x64,220996.6769996754,635.023,401565.6069999797,247.48800694942474,Random,one_shot,297467.7010001007,296832.6780001007,24,37532.807999923534,measured,0.0,38007.920000382,929
27.073,205.07500000000002,0.0,matmul-64x128x64,174459.18700013863,636.739,322452.17000068666,250.43201446533203,Predicted,one_shot,218354.26400080766,217717.52500080765,25,,measured,6024.364999575482,37232.894000226224,929
28.993,232.603,0.0,matmul-64x128x64,220996.6769996754,697.106,364094.8820000562,247.5840002298355,Current,one_shot,259996.97600017718,259299.87000017718,25,,measured,0.0,38007.920000382,929
27.416,207.333,0.0,matmul-64x128x64,220996.6769996754,635.859,401566.4429999797,246.8159943819046,Random,one_shot,297468.5370001007,296832.6780001007,25,37532.807999923534,measured,0.0,38007.920000382,929
27.952999999999996,207.49300000000002,0.0,matmul-64x128x64,174459.18700013863,640.028,322455.45900068665,249.63200092315674,Predicted,one_shot,218357.55300080765,217717.52500080765,26,,measured,6024.364999575482,37232.894000226224,929
26.75,204.41300000000004,0.0,matmul-64x128x64,220996.6769996754,624.578,401555.1619999797,237.8239929676056,Random,one_shot,297457.2560001007,296832.6780001007,26,37532.807999923534,measured,0.0,38007.920000382,929
27.523,206.781,0.0,matmul-64x128x64,220996.6769996754,633.137,364030.91300005617,244.9920028448105,Current,one_shot,259933.00700017717,259299.87000017718,26,,measured,0.0,38007.920000382,929
25.779,132.583,0.0,matmul-64x128x64,220996.6769996754,505.119,363902.8950000562,193.2159960269928,Current,one_shot,259804.9890001772,259299.87000017718,27,,measured,0.0,38007.920000382,929
26.841,206.233,0.0,matmul-64x128x64,220996.6769996754,627.912,401558.4959999797,241.56799912452698,Random,one_shot,297460.5900001007,296832.6780001007,27,37532.807999923534,measured,0.0,38007.920000382,929
26.768,205.38899999999998,0.0,matmul-64x128x64,174459.18700013863,638.523,322453.95400068664,253.53598594665527,Predicted,one_shot,218356.04800080764,217717.52500080765,27,,measured,6024.364999575482,37232.894000226224,929
26.691000000000003,129.45,0.0,matmul-64x128x64,174459.18700013863,506.526,322321.95700068667,196.19199633598328,Predicted,one_shot,218224.05100080767,217717.52500080765,28,,measured,6024.364999575482,37232.894000226224,929
26.756,207.077,0.0,matmul-64x128x64,220996.6769996754,624.738,401555.32199997973,238.17600309848785,Random,one_shot,297457.4160001007,296832.6780001007,28,37532.807999923534,measured,0.0,38007.920000382,929
27.784,240.10899999999998,0.0,matmul-64x128x64,220996.6769996754,666.884,364064.66000005614,244.47999894618988,Current,one_shot,259966.75400017717,259299.87000017718,28,,measured,0.0,38007.920000382,929
27.555999999999997,205.40099999999998,0.0,matmul-64x128x64,220996.6769996754,628.887,401559.4709999797,240.63999950885773,Random,one_shot,297461.5650001007,296832.6780001007,29,37532.807999923534,measured,0.0,38007.920000382,929
26.453000000000003,204.47200000000004,0.0,matmul-64x128x64,220996.6769996754,606.632,364004.40800005617,220.5439954996109,Current,one_shot,259906.5020001772,259299.87000017718,29,,measured,0.0,38007.920000382,929
27.177999999999997,206.99300000000005,0.0,matmul-64x128x64,174459.18700013863,643.47,322458.9010006867,254.11200523376465,Predicted,one_shot,218360.99500080766,217717.52500080765,29,,measured,6024.364999575482,37232.894000226224,929
26.445,206.569,0.0,matmul-64x128x64,220996.6769996754,608.594,364006.3700000562,221.6320037841797,Current,one_shot,259908.4640001772,259299.87000017718,30,,measured,0.0,38007.920000382,929
26.763,205.96699999999998,0.0,matmul-64x128x64,220996.6769996754,635.758,401566.3419999797,247.1040040254593,Random,one_shot,297468.4360001007,296832.6780001007,30,37532.807999923534,measured,0.0,38007.920000382,929
54.900999999999996,204.61700000000002,0.0,matmul-64x128x64,174459.18700013863,666.943,322482.3740006867,252.06398963928223,Predicted,one_shot,218384.46800080765,217717.52500080765,30,,measured,6024.364999575482,37232.894000226224,929
28.344,205.302,0.0,matmul-64x128x64,220996.6769996754,1117.224,402047.8079999797,725.8880138397217,Random,one_shot,297949.9020001007,296832.6780001007,31,37532.807999923534,measured,0.0,38007.920000382,929
26.758000000000003,206.397,0.0,matmul-64x128x64,174459.18700013863,620.656,322436.0870006867,226.17599368095398,Predicted,one_shot,218338.18100080764,217717.52500080765,31,,measured,6024.364999575482,37232.894000226224,929
26.991,209.021,0.0,matmul-64x128x64,220996.6769996754,674.162,364071.9380000562,249.59999322891235,Current,one_shot,259974.0320001772,259299.87000017718,31,,measured,0.0,38007.920000382,929
26.228,208.267,0.0,matmul-64x128x64,220996.6769996754,639.027,401569.6109999797,247.48800694942474,Random,one_shot,297471.7050001007,296832.6780001007,32,37532.807999923534,measured,0.0,38007.920000382,929
37.852000000000004,207.07099999999997,0.0,matmul-64x128x64,174459.18700013863,665.434,322480.86500068667,250.62400102615356,Predicted,one_shot,218382.95900080766,217717.52500080765,32,,measured,6024.364999575482,37232.894000226224,929
28.287999999999997,208.26700000000002,0.0,matmul-64x128x64,220996.6769996754,648.147,364045.9230000562,248.57600033283234,Current,one_shot,259948.01700017718,259299.87000017718,32,,measured,0.0,38007.920000382,929
27.095999999999997,206.203,0.0,matmul-64x128x64,174459.18700013863,615.1,322430.5310006867,224.19199347496033,Predicted,one_shot,218332.62500080766,217717.52500080765,33,,measured,6024.364999575482,37232.894000226224,929
26.746000000000002,204.82799999999997,0.0,matmul-64x128x64,220996.6769996754,603.718,364001.4940000562,216.09599888324738,Current,one_shot,259903.58800017717,259299.87000017718,33,,measured,0.0,38007.920000382,929
27.025000000000002,228.24699999999999,0.0,matmul-64x128x64,220996.6769996754,660.796,401591.3799999797,248.1279969215393,Random,one_shot,297493.4740001007,296832.6780001007,33,37532.807999923534,measured,0.0,38007.920000382,929
25.856,131.85500000000002,0.0,matmul-64x128x64,220996.6769996754,557.624,401488.2079999797,209.9519968032837,Random,one_shot,297390.3020001007,296832.6780001007,34,37532.807999923534,measured,0.0,38007.920000382,929
26.641,208.248,0.0,matmul-64x128x64,174459.18700013863,638.844,322454.27500068664,249.95200335979462,Predicted,one_shot,218356.36900080767,217717.52500080765,34,,measured,6024.364999575482,37232.894000226224,929
26.997,212.67500000000004,0.0,matmul-64x128x64,220996.6769996754,680.948,364078.72400005616,247.5840002298355,Current,one_shot,259980.81800017718,259299.87000017718,34,,measured,0.0,38007.920000382,929
26.794,207.444,0.0,matmul-64x128x64,174459.18700013863,614.34,322429.7710006867,223.83999824523926,Predicted,one_shot,218331.86500080765,217717.52500080765,35,,measured,6024.364999575482,37232.894000226224,929
26.783,205.791,0.0,matmul-64x128x64,220996.6769996754,602.109,363999.8850000562,214.39999341964722,Current,one_shot,259901.97900017718,259299.87000017718,35,,measured,0.0,38007.920000382,929
28.11,227.14700000000002,0.0,matmul-64x128x64,220996.6769996754,657.768,401588.3519999797,247.3600059747696,Random,one_shot,297490.4460001007,296832.6780001007,35,37532.807999923534,measured,0.0,38007.920000382,929
27.385,208.369,0.0,matmul-64x128x64,220996.6769996754,614.9,364012.6760000562,224.0000069141388,Current,one_shot,259914.77000017717,259299.87000017718,36,,measured,0.0,38007.920000382,929
26.317,216.17500000000004,0.0,matmul-64x128x64,220996.6769996754,637.351,401567.93499997974,240.48000574111938,Random,one_shot,297470.02900010074,296832.6780001007,36,37532.807999923534,measured,0.0,38007.920000382,929
27.03,210.25400000000002,0.0,matmul-64x128x64,174459.18700013863,642.278,322457.70900068665,252.9279887676239,Predicted,one_shot,218359.80300080765,217717.52500080765,36,,measured,6024.364999575482,37232.894000226224,929
27.091,207.94,0.0,matmul-64x128x64,220996.6769996754,638.5,364036.2760000562,247.19999730587006,Current,one_shot,259938.37000017718,259299.87000017718,37,,measured,0.0,38007.920000382,929
27.208,207.689,0.0,matmul-64x128x64,174459.18700013863,617.811,322433.24200068665,228.09599339962006,Predicted,one_shot,218335.33600080764,217717.52500080765,37,,measured,6024.364999575482,37232.894000226224,929
26.601,207.72400000000002,0.0,matmul-64x128x64,220996.6769996754,633.226,401563.80999997974,244.83199417591095,Random,one_shot,297465.90400010074,296832.6780001007,37,37532.807999923534,measured,0.0,38007.920000382,929
27.053,208.269,0.0,matmul-64x128x64,220996.6769996754,632.754,364030.53000005614,243.77599358558655,Current,one_shot,259932.62400017717,259299.87000017718,38,,measured,0.0,38007.920000382,929
26.849,206.847,0.0,matmul-64x128x64,174459.18700013863,674.126,322489.55700068665,253.66398692131042,Predicted,one_shot,218391.65100080764,217717.52500080765,38,,measured,6024.364999575482,37232.894000226224,929
26.538,206.06600000000003,0.0,matmul-64x128x64,220996.6769996754,631.91,401562.4939999797,244.76799368858337,Random,one_shot,297464.5880001007,296832.6780001007,38,37532.807999923534,measured,0.0,38007.920000382,929
27.658,204.99599999999998,0.0,matmul-64x128x64,220996.6769996754,633.641,364031.4170000562,244.00000274181366,Current,one_shot,259933.51100017718,259299.87000017718,39,,measured,0.0,38007.920000382,929
27.055,206.57299999999998,0.0,matmul-64x128x64,220996.6769996754,630.573,401561.1569999797,241.2479966878891,Random,one_shot,297463.2510001007,296832.6780001007,39,37532.807999923534,measured,0.0,38007.920000382,929
26.329,207.51800000000003,0.0,matmul-64x128x64,174459.18700013863,641.295,322456.72600068664,252.31999158859253,Predicted,one_shot,218358.82000080767,217717.52500080765,39,,measured,6024.364999575482,37232.894000226224,929
26.637,131.162,0.0,matmul-64x128x64,174459.18700013863,510.446,322325.87700068665,195.68000733852386,Predicted,one_shot,218227.97100080765,217717.52500080765,40,,measured,6024.364999575482,37232.894000226224,929
27.377,206.55200000000002,0.0,matmul-64x128x64,220996.6769996754,634.756,364032.5320000562,247.5840002298355,Current,one_shot,259934.62600017717,259299.87000017718,40,,measured,0.0,38007.920000382,929
26.862000000000002,207.204,0.0,matmul-64x128x64,220996.6769996754,635.127,401565.7109999797,247.9040026664734,Random,one_shot,297467.8050001007,296832.6780001007,40,37532.807999923534,measured,0.0,38007.920000382,929
25.215,153.883,0.0,matmul-64x128x64,220996.6769996754,563.652,401494.2359999797,209.1200053691864,Random,one_shot,297396.3300001007,296832.6780001007,41,37532.807999923534,measured,0.0,38007.920000382,929
27.905,207.305,0.0,matmul-64x128x64,220996.6769996754,623.801,364021.57700005616,224.92800652980804,Current,one_shot,259923.6710001772,259299.87000017718,41,,measured,0.0,38007.920000382,929
26.733000000000004,210.067,0.0,matmul-64x128x64,174459.18700013863,647.145,322462.5760006866,254.7839879989624,Predicted,one_shot,218364.67000080764,217717.52500080765,41,,measured,6024.364999575482,37232.894000226224,929
26.112000000000002,133.69400000000002,0.0,matmul-64x128x64,174459.18700013863,511.57,322327.00100068667,195.74399292469025,Predicted,one_shot,218229.09500080766,217717.52500080765,42,,measured,6024.364999575482,37232.894000226224,929
26.875,207.838,0.0,matmul-64x128x64,220996.6769996754,634.12,401564.7039999797,244.86400187015533,Random,one_shot,297466.7980001007,296832.6780001007,42,37532.807999923534,measured,0.0,38007.920000382,929
28.823,225.045,0.0,matmul-64x128x64,220996.6769996754,668.614,364066.3900000562,243.74400079250336,Current,one_shot,259968.48400017718,259299.87000017718,42,,measured,0.0,38007.920000382,929
27.076999999999998,267.063,0.0,matmul-64x128x64,174459.18700013863,705.326,322520.75700068666,253.9519965648651,Predicted,one_shot,218422.85100080766,217717.52500080765,43,,measured,6024.364999575482,37232.894000226224,929
26.755000000000003,209.00499999999997,0.0,matmul-64x128x64,220996.6769996754,633.825,401564.4089999797,244.09599602222443,Random,one_shot,297466.5030001007,296832.6780001007,43,37532.807999923534,measured,0.0,38007.920000382,929
26.880000000000003,208.829,0.0,matmul-64x128x64,220996.6769996754,633.361,364031.1370000562,243.55199933052063,Current,one_shot,259933.23100017718,259299.87000017718,43,,measured,0.0,38007.920000382,929
26.762,133.353,0.0,matmul-64x128x64,220996.6769996754,507.653,363905.4290000562,193.15199553966522,Current,one_shot,259807.52300017717,259299.87000017718,44,,measured,0.0,38007.920000382,929
27.154000000000003,207.98599999999996,0.0,matmul-64x128x64,174459.18700013863,643.293,322458.72400068666,254.88001108169556,Predicted,one_shot,218360.81800080766,217717.52500080765,44,,measured,6024.364999575482,37232.894000226224,929
26.93,207.47399999999996,0.0,matmul-64x128x64,220996.6769996754,632.997,401563.5809999797,245.2159970998764,Random,one_shot,297465.6750001007,296832.6780001007,44,37532.807999923534,measured,0.0,38007.920000382,929
25.695,165.05,0.0,matmul-64x128x64,220996.6769996754,595.946,401526.5299999797,217.53600239753723,Random,one_shot,297428.6240001007,296832.6780001007,45,37532.807999923534,measured,0.0,38007.920000382,929
26.523,209.00700000000003,0.0,matmul-64x128x64,174459.18700013863,611.25,322426.68100068666,219.9999988079071,Predicted,one_shot,218328.77500080765,217717.52500080765,45,,measured,6024.364999575482,37232.894000226224,929
27.784,209.76099999999997,0.0,matmul-64x128x64,220996.6769996754,639.987,364037.76300005615,247.13599681854248,Current,one_shot,259939.85700017717,259299.87000017718,45,,measured,0.0,38007.920000382,929
26.697,205.62800000000004,0.0,matmul-64x128x64,174459.18700013863,609.45,322424.88100068667,222.1119999885559,Predicted,one_shot,218326.97500080767,217717.52500080765,46,,measured,6024.364999575482,37232.894000226224,929
27.269999999999996,211.68200000000004,0.0,matmul-64x128x64,220996.6769996754,899.369,401829.9529999797,243.58400702476501,Random,one_shot,297732.0470001007,296832.6780001007,46,37532.807999923534,measured,0.0,38007.920000382,929
27.472,208.255,0.0,matmul-64x128x64,220996.6769996754,634.194,364031.9700000562,244.1280037164688,Current,one_shot,259934.06400017717,259299.87000017718,46,,measured,0.0,38007.920000382,929
27.779,205.41199999999998,0.0,matmul-64x128x64,220996.6769996754,627.793,401558.3769999797,240.447998046875,Random,one_shot,297460.4710001007,296832.6780001007,47,37532.807999923534,measured,0.0,38007.920000382,929
26.732,205.804,0.0,matmul-64x128x64,220996.6769996754,602.679,364000.4550000562,217.3440009355545,Current,one_shot,259902.54900017718,259299.87000017718,47,,measured,0.0,38007.920000382,929
27.586999999999996,207.53000000000003,0.0,matmul-64x128x64,174459.18700013863,642.81,322458.24100068666,255.0080120563507,Predicted,one_shot,218360.33500080765,217717.52500080765,47,,measured,6024.364999575482,37232.894000226224,929
27.278,208.63400000000001,0.0,matmul-64x128x64,220996.6769996754,633.387,401563.9709999797,244.159996509552,Random,one_shot,297466.0650001007,296832.6780001007,48,37532.807999923534,measured,0.0,38007.920000382,929
27.693,207.119,0.0,matmul-64x128x64,220996.6769996754,695.545,364093.3210000562,243.71199309825897,Current,one_shot,259995.4150001772,259299.87000017718,48,,measured,0.0,38007.920000382,929
27.124000000000002,205.444,0.0,matmul-64x128x64,174459.18700013863,640.743,322456.1740006866,254.55999374389648,Predicted,one_shot,218358.26800080764,217717.52500080765,48,,measured,6024.364999575482,37232.894000226224,929
26.314999999999998,207.02299999999997,0.0,matmul-64x128x64,220996.6769996754,632.233,401562.8169999797,243.8720017671585,Random,one_shot,297464.9110001007,296832.6780001007,49,37532.807999923534,measured,0.0,38007.920000382,929
27.904000000000003,204.92,0.0,matmul-64x128x64,174459.18700013863,615.095,322430.5260006867,227.48799622058868,Predicted,one_shot,218332.62000080766,217717.52500080765,49,,measured,6024.364999575482,37232.894000226224,929
27.811,205.27700000000002,0.0,matmul-64x128x64,220996.6769996754,634.946,364032.7220000562,247.55200743675232,Current,one_shot,259934.81600017718,259299.87000017718,49,,measured,0.0,38007.920000382,929
26.495,137.23100000000002,0.0,matmul-64x128x64,220996.6769996754,573.829,363971.6050000562,192.99200177192688,Current,one_shot,259873.69900017718,259299.87000017718,50,,measured,0.0,38007.920000382,929
26.932,207.887,0.0,matmul-64x128x64,174459.18700013863,613.929,322429.36000068666,221.47199511528015,Predicted,one_shot,218331.45400080766,217717.52500080765,50,,measured,6024.364999575482,37232.894000226224,929
27.044,207.10699999999997,0.0,matmul-64x128x64,220996.6769996754,635.127,401565.7109999797,244.86400187015533,Random,one_shot,297467.8050001007,296832.6780001007,50,37532.807999923534,measured,0.0,38007.920000382,929
27.481,207.31500000000003,0.0,matmul-64x128x64,174459.18700013863,616.392,322431.82300068665,226.72000527381897,Predicted,one_shot,218333.91700080765,217717.52500080765,51,,measured,6024.364999575482,37232.894000226224,929
26.134,261.651,0.0,matmul-64x128x64,220996.6769996754,677.253,401607.83699997974,235.61599850654602,Random,one_shot,297509.93100010074,296832.6780001007,51,37532.807999923534,measured,0.0,38007.920000382,929
28.499,208.432,0.0,matmul-64x128x64,220996.6769996754,635.29,364033.0660000562,244.9920028448105,Current,one_shot,259935.1600001772,259299.87000017718,51,,measured,0.0,38007.920000382,929
26.491,207.324,0.0,matmul-64x128x64,174459.18700013863,645.269,322460.7000006867,257.31199979782104,Predicted,one_shot,218362.79400080765,217717.52500080765,52,,measured,6024.364999575482,37232.894000226224,929
27.784,206.098,0.0,matmul-64x128x64,220996.6769996754,609.366,364007.1420000562,221.53599560260773,Current,one_shot,259909.2360001772,259299.87000017718,52,,measured,0.0,38007.920000382,929
26.402,205.34,0.0,matmul-64x128x64,220996.6769996754,632.609,401563.1929999797,247.77600169181824,Random,one_shot,297465.2870001007,296832.6780001007,52,37532.807999923534,measured,0.0,38007.920000382,929
27.402,204.579,0.0,matmul-64x128x64,220996.6769996754,609.074,364006.8500000562,223.51999580860138,Current,one_shot,259908.94400017717,259299.87000017718,53,,measured,0.0,38007.920000382,929
26.705999999999996,185.41700000000003,0.0,matmul-64x128x64,174459.18700013863,641.883,322457.31400068663,254.04798984527588,Predicted,one_shot,218359.40800080766,217717.52500080765,53,,measured,6024.364999575482,37232.894000226224,929
26.741999999999997,206.781,0.0,matmul-64x128x64,220996.6769996754,630.017,401560.6009999797,243.83999407291412,Random,one_shot,297462.6950001007,296832.6780001007,53,37532.807999923534,measured,0.0,38007.920000382,929
27.016999999999996,207.64799999999997,0.0,matmul-64x128x64,174459.18700013863,610.791,322426.2220006867,222.49600291252136,Predicted,one_shot,218328.31600080765,217717.52500080765,54,,measured,6024.364999575482,37232.894000226224,929
28.844,207.70700000000002,0.0,matmul-64x128x64,220996.6769996754,638.612,364036.38800005615,248.28800559043884,Current,one_shot,259938.48200017717,259299.87000017718,54,,measured,0.0,38007.920000382,929
26.45,206.398,0.0,matmul-64x128x64,220996.6769996754,632.466,401563.04999997973,246.87999486923218,Random,one_shot,297465.1440001007,296832.6780001007,54,37532.807999923534,measured,0.0,38007.920000382,929
27.511,205.581,0.0,matmul-64x128x64,220996.6769996754,611.862,364009.63800005615,224.99200701713562,Current,one_shot,259911.73200017717,259299.87000017718,55,,measured,0.0,38007.920000382,929
26.469,207.047,0.0,matmul-64x128x64,220996.6769996754,624.623,401555.20699997974,239.29600417613983,Random,one_shot,297457.30100010074,296832.6780001007,55,37532.807999923534,measured,0.0,38007.920000382,929
27.491,206.50600000000003,0.0,matmul-64x128x64,174459.18700013863,639.183,322454.6140006867,252.06398963928223,Predicted,one_shot,218356.70800080764,217717.52500080765,55,,measured,6024.364999575482,37232.894000226224,929
26.275,204.95300000000003,0.0,matmul-64x128x64,220996.6769996754,621.97,401552.5539999797,237.0239943265915,Random,one_shot,297454.6480001007,296832.6780001007,56,37532.807999923534,measured,0.0,38007.920000382,929
26.231,204.62099999999998,0.0,matmul-64x128x64,174459.18700013863,603.856,322419.2870006866,219.87199783325195,Predicted,one_shot,218321.38100080765,217717.52500080765,56,,measured,6024.364999575482,37232.894000226224,929
28.592999999999996,207.235,0.0,matmul-64x128x64,220996.6769996754,637.23,364035.00600005616,246.43200635910034,Current,one_shot,259937.1000001772,259299.87000017718,56,,measured,0.0,38007.920000382,929
26.842999999999996,209.806,0.0,matmul-64x128x64,174459.18700013863,614.859,322430.29000068665,223.26399385929108,Predicted,one_shot,218332.38400080765,217717.52500080765,57,,measured,6024.364999575482,37232.894000226224,929
26.96,206.214,0.0,matmul-64x128x64,220996.6769996754,602.804,364000.5800000562,215.29600024223328,Current,one_shot,259902.67400017718,259299.87000017718,57,,measured,0.0,38007.920000382,929
26.487000000000002,206.297,0.0,matmul-64x128x64,220996.6769996754,636.321,401566.9049999797,247.96800315380096,Random,one_shot,297468.9990001007,296832.6780001007,57,37532.807999923534,measured,0.0,38007.920000382,929
26.602999999999998,206.07100000000003,0.0,matmul-64x128x64,174459.18700013863,637.494,322452.92500068666,249.7279942035675,Predicted,one_shot,218355.01900080766,217717.52500080765,58,,measured,6024.364999575482,37232.894000226224,929
26.645,206.362,0.0,matmul-64x128x64,220996.6769996754,621.637,401552.2209999797,236.95999383926392,Random,one_shot,297454.3150001007,296832.6780001007,58,37532.807999923534,measured,0.0,38007.920000382,929
37.866,209.58999999999997,0.0,matmul-64x128x64,220996.6769996754,660.379,364058.15500005614,244.51200664043427,Current,one_shot,259960.24900017717,259299.87000017718,58,,measured,0.0,38007.920000382,929
27.383,206.15900000000002,0.0,matmul-64x128x64,220996.6769996754,634.942,401565.5259999797,241.37599766254425,Random,one_shot,297467.6200001007,296832.6780001007,59,37532.807999923534,measured,0.0,38007.920000382,929
26.881999999999998,205.815,0.0,matmul-64x128x64,174459.18700013863,640.434,322455.86500068667,253.02401185035706,Predicted,one_shot,218357.95900080766,217717.52500080765,59,,measured,6024.364999575482,37232.894000226224,929
27.27,203.21499999999997,0.0,matmul-64x128x64,220996.6769996754,675.71,364073.48600005615,248.31999838352203,Current,one_shot,259975.58000017717,259299.87000017718,59,,measured,0.0,38007.920000382,929
38.472,207.054,0.0,matmul-64x128x64,220996.6769996754,649.099,401579.6829999797,248.44799935817719,Random,one_shot,297481.7770001007,296832.6780001007,60,37532.807999923534,measured,0.0,38007.920000382,929
26.774,205.768,0.0,matmul-64x128x64,220996.6769996754,610.084,364007.8600000562,224.06400740146637,Current,one_shot,259909.95400017718,259299.87000017718,60,,measured,0.0,38007.920000382,929
27.317999999999998,221.409,0.0,matmul-64x128x64,174459.18700013863,671.342,322486.77300068666,252.48000025749207,Predicted,one_shot,218388.86700080766,217717.52500080765,60,,measured,6024.364999575482,37232.894000226224,929
27.002000000000002,205.83,0.0,matmul-64x128x64,220996.6769996754,610.336,364008.1120000562,222.49600291252136,Current,one_shot,259910.2060001772,259299.87000017718,61,,measured,0.0,38007.920000382,929
28.105999999999998,205.104,0.0,matmul-64x128x64,220996.6769996754,886.661,401817.24499997974,248.76800179481506,Random,one_shot,297719.33900010074,296832.6780001007,61,37532.807999923534,measured,0.0,38007.920000382,929
27.21,246.284,0.0,matmul-64x128x64,174459.18700013863,680.435,322495.86600068666,249.37599897384644,Predicted,one_shot,218397.96000080765,217717.52500080765,61,,measured,6024.364999575482,37232.894000226224,929
27.295,208.78500000000003,0.0,matmul-64x128x64,220996.6769996754,638.567,364036.3430000562,247.96800315380096,Current,one_shot,259938.4370001772,259299.87000017718,62,,measured,0.0,38007.920000382,929
26.48,209.036,0.0,matmul-64x128x64,220996.6769996754,637.798,401568.3819999797,248.99199604988098,Random,one_shot,297470.4760001007,296832.6780001007,62,37532.807999923534,measured,0.0,38007.920000382,929
26.432000000000002,242.194,0.0,matmul-64x128x64,174459.18700013863,674.704,322490.1350006866,252.3519992828369,Predicted,one_shot,218392.22900080765,217717.52500080765,62,,measured,6024.364999575482,37232.894000226224,929
26.583,205.983,0.0,matmul-64x128x64,220996.6769996754,624.479,401555.0629999797,237.5359982252121,Random,one_shot,297457.1570001007,296832.6780001007,63,37532.807999923534,measured,0.0,38007.920000382,929
27.519,207.06400000000002,0.0,matmul-64x128x64,220996.6769996754,632.203,364029.97900005616,243.58400702476501,Current,one_shot,259932.0730001772,259299.87000017718,63,,measured,0.0,38007.920000382,929
27.083000000000002,210.658,0.0,matmul-64x128x64,174459.18700013863,684.36,322499.79100068664,253.34399938583374,Predicted,one_shot,218401.88500080764,217717.52500080765,63,,measured,6024.364999575482,37232.894000226224,929
26.47,,,matmul-64x128x64,,219.041,,193.53599846363068,Current,resident,,,0,,warmup,,,930
28.302999999999997,,,matmul-64x128x64,,280.993,,255.87201118469238,Random,resident,,,0,,warmup,,,930
26.489,,,matmul-64x128x64,,261.91,,236.54399812221527,Predicted,resident,,,0,,warmup,,,930
25.185000000000002,,,matmul-64x128x64,,220.054,,194.4960057735443,Predicted,resident,,,1,,warmup,,,930
26.045,,,matmul-64x128x64,,234.171,,208.8959962129593,Random,resident,,,1,,warmup,,,930
26.307,,,matmul-64x128x64,,257.566,,232.09600150585175,Current,resident,,,1,,warmup,,,930
25.485,,,matmul-64x128x64,,234.958,,209.56799387931824,Random,resident,,,2,,warmup,,,930
25.371000000000002,,,matmul-64x128x64,,217.334,,192.51200556755066,Current,resident,,,2,,warmup,,,930
25.767,,,matmul-64x128x64,,270.099,,244.73600089550018,Predicted,resident,,,2,,warmup,,,930
25.77,,,matmul-64x128x64,,272.412,,247.6159930229187,Random,resident,,,3,,warmup,,,930
26.305999999999997,,,matmul-64x128x64,,247.968,,223.23200106620789,Current,resident,,,3,,warmup,,,930
26.029,,,matmul-64x128x64,,269.446,,244.9920028448105,Predicted,resident,,,3,,warmup,,,930
25.242,,,matmul-64x128x64,,219.386,,194.87999379634857,Predicted,resident,,,4,,warmup,,,930
38.541,,,matmul-64x128x64,,274.875,,247.80799448490143,Random,resident,,,4,,warmup,,,930
27.504,,,matmul-64x128x64,,259.067,,232.16000199317932,Current,resident,,,4,,warmup,,,930
25.644,,,matmul-64x128x64,,217.784,,192.51200556755066,Current,resident,,,5,,warmup,,,930
25.512999999999998,,,matmul-64x128x64,,233.878,,207.87200331687927,Random,resident,,,5,,warmup,,,930
25.86,,,matmul-64x128x64,,272.579,,247.6159930229187,Predicted,resident,,,5,,warmup,,,930
25.996000000000002,,,matmul-64x128x64,,219.542,,194.5600062608719,Predicted,resident,,,6,,warmup,,,930
26.709,,,matmul-64x128x64,,260.778,,235.52000522613525,Current,resident,,,6,,warmup,,,930
25.717,,,matmul-64x128x64,,271.48,,246.7840015888214,Random,resident,,,6,,warmup,,,930
25.802,,,matmul-64x128x64,,268.327,,243.71199309825897,Predicted,resident,,,7,,warmup,,,930
25.639000000000003,,,matmul-64x128x64,,233.703,,208.8640034198761,Random,resident,,,7,,warmup,,,930
25.583,,,matmul-64x128x64,,260.968,,236.32000386714935,Current,resident,,,7,,warmup,,,930
25.721,,,matmul-64x128x64,,270.854,,245.7599937915802,Predicted,resident,,,8,,warmup,,,930
25.872999999999998,,,matmul-64x128x64,,272.702,,247.80799448490143,Random,resident,,,8,,warmup,,,930
26.243000000000002,,,matmul-64x128x64,,248.126,,223.23200106620789,Current,resident,,,8,,warmup,,,930
26.002,,,matmul-64x128x64,,271.419,,245.7599937915802,Predicted,resident,,,9,,warmup,,,930
25.549999999999997,,,matmul-64x128x64,,272.706,,247.6480007171631,Random,resident,,,9,,warmup,,,930
26.185,,,matmul-64x128x64,,248.448,,223.23200106620789,Current,resident,,,9,,warmup,,,930
25.609,,,matmul-64x128x64,,216.958,,192.51200556755066,Current,resident,,,10,,warmup,,,930
25.985999999999997,,,matmul-64x128x64,,270.53,,245.7599937915802,Predicted,resident,,,10,,warmup,,,930
25.411,,,matmul-64x128x64,,272.478,,246.8159943819046,Random,resident,,,10,,warmup,,,930
25.35,,,matmul-64x128x64,,219.324,,194.33599710464478,Predicted,resident,,,11,,warmup,,,930
26.381999999999998,,,matmul-64x128x64,,233.596,,208.8640034198761,Random,resident,,,11,,warmup,,,930
25.853,,,matmul-64x128x64,,266.472,,240.92799425125122,Current,resident,,,11,,warmup,,,930
26.142,,,matmul-64x128x64,,233.668,,208.8959962129593,Random,resident,,,12,,warmup,,,930
26.145,,,matmul-64x128x64,,217.517,,191.83999300003052,Current,resident,,,12,,warmup,,,930
50.542,,,matmul-64x128x64,,273.056,,247.67999351024628,Predicted,resident,,,12,,warmup,,,930
25.242,,,matmul-64x128x64,,219.174,,194.5600062608719,Predicted,resident,,,13,,warmup,,,930
25.722,,,matmul-64x128x64,,272.931,,247.80799448490143,Random,resident,,,13,,warmup,,,930
25.541,,,matmul-64x128x64,,247.541,,222.9440063238144,Current,resident,,,13,,warmup,,,930
25.645000000000003,,,matmul-64x128x64,,216.649,,191.48799777030945,Current,resident,,,14,,warmup,,,930
25.502,,,matmul-64x128x64,,234.166,,208.8959962129593,Random,resident,,,14,,warmup,,,930
26.104,,,matmul-64x128x64,,271.405,,246.7840015888214,Predicted,resident,,,14,,warmup,,,930
25.448,,,matmul-64x128x64,,247.648,,208.639994263649,Random,resident,,,15,,warmup,,,930
40.667,,,matmul-64x128x64,,262.69,,236.54399812221527,Current,resident,,,15,,warmup,,,930
26.86,,,matmul-64x128x64,,274.154,,247.6480007171631,Predicted,resident,,,15,,warmup,,,930
25.698,,,matmul-64x128x64,,218.99,,193.53599846363068,Current,resident,,,0,,measured,,,930
25.368,,,matmul-64x128x64,,219.624,,195.23200392723083,Predicted,resident,,,0,,measured,,,930
26.104,,,matmul-64x128x64,,273.158,,248.7040013074875,Random,resident,,,0,,measured,,,930
24.919,,,matmul-64x128x64,,233.445,,208.8959962129593,Random,resident,,,1,,measured,,,930
25.875,,,matmul-64x128x64,,250.673,,226.23999416828156,Current,resident,,,1,,measured,,,930
25.795,,,matmul-64x128x64,,272.537,,247.80799448490143,Predicted,resident,,,1,,measured,,,930
25.075,,,matmul-64x128x64,,219.382,,194.5600062608719,Predicted,resident,,,2,,measured,,,930
26.566,,,matmul-64x128x64,,272.276,,247.80799448490143,Random,resident,,,2,,measured,,,930
26.058,,,matmul-64x128x64,,249.206,,224.09600019454956,Current,resident,,,2,,measured,,,930
24.965,,,matmul-64x128x64,,216.683,,192.4159973859787,Current,resident,,,3,,measured,,,930
25.817999999999998,,,matmul-64x128x64,,233.472,,208.8640034198761,Random,resident,,,3,,measured,,,930
59.081,,,matmul-64x128x64,,273.135,,248.44799935817719,Predicted,resident,,,3,,measured,,,930
25.677,,,matmul-64x128x64,,234.386,,209.6319943666458,Random,resident,,,4,,measured,,,930
25.36,,,matmul-64x128x64,,218.779,,194.5600062608719,Predicted,resident,,,4,,measured,,,930
26.466,,,matmul-64x128x64,,260.718,,236.1920028924942,Current,resident,,,4,,measured,,,930
26.113,,,matmul-64x128x64,,269.89,,245.44000625610352,Random,resident,,,5,,measured,,,930
25.342,,,matmul-64x128x64,,268.056,,243.71199309825897,Predicted,resident,,,5,,measured,,,930
25.137,,,matmul-64x128x64,,259.145,,235.35999655723572,Current,resident,,,5,,measured,,,930
25.578,,,matmul-64x128x64,,219.305,,194.5600062608719,Predicted,resident,,,6,,measured,,,930
25.442999999999998,,,matmul-64x128x64,,216.745,,191.83999300003052,Current,resident,,,6,,measured,,,930
25.427999999999997,,,matmul-64x128x64,,271.25,,246.7840015888214,Random,resident,,,6,,measured,,,930
26.044,,,matmul-64x128x64,,216.801,,192.32000410556793,Current,resident,,,7,,measured,,,930
26.011,,,matmul-64x128x64,,269.921,,245.08799612522125,Predicted,resident,,,7,,measured,,,930
25.5,,,matmul-64x128x64,,271.353,,246.7840015888214,Random,resident,,,7,,measured,,,930
25.904,,,matmul-64x128x64,,250.138,,225.2800017595291,Current,resident,,,8,,measured,,,930
26.061999999999998,,,matmul-64x128x64,,271.089,,246.5279996395111,Predicted,resident,,,8,,measured,,,930
25.271,,,matmul-64x128x64,,272.686,,247.96800315380096,Random,resident,,,8,,measured,,,930
26.413,,,matmul-64x128x64,,219.077,,194.5600062608719,Predicted,resident,,,9,,measured,,,930
25.381999999999998,,,matmul-64x128x64,,232.927,,207.8399956226349,Random,resident,,,9,,measured,,,930
25.253,,,matmul-64x128x64,,258.257,,233.47200453281403,Current,resident,,,9,,measured,,,930
25.573999999999998,,,matmul-64x128x64,,273.024,,247.74399399757385,Predicted,resident,,,10,,measured,,,930
35.507999999999996,,,matmul-64x128x64,,216.642,,192.44800508022308,Current,resident,,,10,,measured,,,930
27.134999999999998,,,matmul-64x128x64,,275.181,,248.83200228214264,Random,resident,,,10,,measured,,,930
26.054,,,matmul-64x128x64,,233.317,,193.40799748897552,Current,resident,,,11,,measured,,,930
25.223,,,matmul-64x128x64,,233.871,,208.73600244522095,Random,resident,,,11,,measured,,,930
42.657,,,matmul-64x128x64,,270.829,,245.7599937915802,Predicted,resident,,,11,,measured,,,930
26.595,,,matmul-64x128x64,,259.275,,234.49599742889404,Current,resident,,,12,,measured,,,930
25.84,,,matmul-64x128x64,,270.757,,245.5040067434311,Random,resident,,,12,,measured,,,930
25.915,,,matmul-64x128x64,,267.675,,242.68800020217896,Predicted,resident,,,12,,measured,,,930
25.101,,,matmul-64x128x64,,219.497,,193.88799369335175,Predicted,resident,,,13,,measured,,,930
25.915,,,matmul-64x128x64,,259.401,,234.49599742889404,Current,resident,,,13,,measured,,,930
26.137999999999998,,,matmul-64x128x64,,269.531,,244.54399943351746,Random,resident,,,13,,measured,,,930
25.081,,,matmul-64x128x64,,233.861,,208.76799523830414,Random,resident,,,14,,measured,,,930
25.732,,,matmul-64x128x64,,268.254,,243.71199309825897,Predicted,resident,,,14,,measured,,,930
25.695,,,matmul-64x128x64,,265.798,,241.28000438213348,Current,resident,,,14,,measured,,,930
25.772,,,matmul-64x128x64,,270.794,,246.65600061416626,Random,resident,,,15,,measured,,,930
25.287999999999997,,,matmul-64x128x64,,268.87,,243.52000653743744,Predicted,resident,,,15,,measured,,,930
25.495,,,matmul-64x128x64,,262.626,,237.56800591945648,Current,resident,,,15,,measured,,,930
25.982999999999997,,,matmul-64x128x64,,218.984,,194.5600062608719,Predicted,resident,,,16,,measured,,,930
25.838,,,matmul-64x128x64,,216.972,,192.28799641132355,Current,resident,,,16,,measured,,,930
26.181,,,matmul-64x128x64,,271.722,,247.0719963312149,Random,resident,,,16,,measured,,,930
25.096,,,matmul-64x128x64,,216.955,,191.48799777030945,Current,resident,,,17,,measured,,,930
26.116,,,matmul-64x128x64,,270.107,,245.7599937915802,Predicted,resident,,,17,,measured,,,930
26.895,,,matmul-64x128x64,,272.134,,247.6159930229187,Random,resident,,,17,,measured,,,930
26.058,,,matmul-64x128x64,,219.218,,194.5600062608719,Predicted,resident,,,18,,measured,,,930
26.105,,,matmul-64x128x64,,255.72,,231.1999946832657,Current,resident,,,18,,measured,,,930
25.462,,,matmul-64x128x64,,269.076,,244.4480061531067,Random,resident,,,18,,measured,,,930
25.255000000000003,,,matmul-64x128x64,,269.502,,245.53599953651428,Predicted,resident,,,19,,measured,,,930
26.084,,,matmul-64x128x64,,259.623,,235.35999655723572,Current,resident,,,19,,measured,,,930
25.631,,,matmul-64x128x64,,268.846,,243.71199309825897,Random,resident,,,19,,measured,,,930
26.239,,,matmul-64x128x64,,216.817,,192.32000410556793,Current,resident,,,20,,measured,,,930
26.262,,,matmul-64x128x64,,233.791,,207.87200331687927,Random,resident,,,20,,measured,,,930
25.435000000000002,,,matmul-64x128x64,,271.021,,246.49600684642792,Predicted,resident,,,20,,measured,,,930
24.712,,,matmul-64x128x64,,218.779,,194.36800479888916,Predicted,resident,,,21,,measured,,,930
34.752,,,matmul-64x128x64,,266.403,,241.63199961185455,Current,resident,,,21,,measured,,,930
27.171999999999997,,,matmul-64x128x64,,274.733,,247.71200120449066,Random,resident,,,21,,measured,,,930
24.701,,,matmul-64x128x64,,234.1,,208.67200195789337,Random,resident,,,22,,measured,,,930
25.619,,,matmul-64x128x64,,269.796,,244.73600089550018,Predicted,resident,,,22,,measured,,,930
41.5,,,matmul-64x128x64,,259.646,,234.49599742889404,Current,resident,,,22,,measured,,,930
25.343,,,matmul-64x128x64,,219.494,,194.5600062608719,Predicted,resident,,,23,,measured,,,930
25.232,,,matmul-64x128x64,,217.527,,192.51200556755066,Current,resident,,,23,,measured,,,930
26.097,,,matmul-64x128x64,,272.725,,248.416006565094,Random,resident,,,23,,measured,,,930
25.366,,,matmul-64x128x64,,234.072,,208.76799523830414,Random,resident,,,24,,measured,,,930
25.917,,,matmul-64x128x64,,269.565,,244.54399943351746,Predicted,resident,,,24,,measured,,,930
25.738999999999997,,,matmul-64x128x64,,260.344,,234.49599742889404,Current,resident,,,24,,measured,,,930
25.772,,,matmul-64x128x64,,219.649,,194.5600062608719,Predicted,resident,,,25,,measured,,,930
26.102,,,matmul-64x128x64,,217.447,,192.3840045928955,Current,resident,,,25,,measured,,,930
25.788,,,matmul-64x128x64,,272.39,,246.7840015888214,Random,resident,,,25,,measured,,,930
25.628999999999998,,,matmul-64x128x64,,269.478,,244.73600089550018,Predicted,resident,,,26,,measured,,,930
25.560000000000002,,,matmul-64x128x64,,233.931,,209.53600108623505,Random,resident,,,26,,measured,,,930
27.273,,,matmul-64x128x64,,260.852,,235.52000522613525,Current,resident,,,26,,measured,,,930
24.964,,,matmul-64x128x64,,217.813,,192.51200556755066,Current,resident,,,27,,measured,,,930
25.110999999999997,,,matmul-64x128x64,,271.846,,246.7840015888214,Predicted,resident,,,27,,measured,,,930
26.108,,,matmul-64x128x64,,272.196,,247.51999974250793,Random,resident,,,27,,measured,,,930
26.043,,,matmul-64x128x64,,219.61,,194.39999759197235,Predicted,resident,,,28,,measured,,,930
26.198,,,matmul-64x128x64,,261.185,,236.54399812221527,Current,resident,,,28,,measured,,,930
25.555999999999997,,,matmul-64x128x64,,268.854,,244.09599602222443,Random,resident,,,28,,measured,,,930
25.188000000000002,,,matmul-64x128x64,,233.396,,208.8959962129593,Random,resident,,,29,,measured,,,930
25.912,,,matmul-64x128x64,,268.504,,243.6479926109314,Predicted,resident,,,29,,measured,,,930
25.921,,,matmul-64x128x64,,259.955,,234.49599742889404,Current,resident,,,29,,measured,,,930
25.789,,,matmul-64x128x64,,216.286,,192.4159973859787,Current,resident,,,30,,measured,,,930
25.888,,,matmul-64x128x64,,270.371,,245.66400051116943,Random,resident,,,30,,measured,,,930
26.343,,,matmul-64x128x64,,269.758,,244.73600089550018,Predicted,resident,,,30,,measured,,,930
25.169,,,matmul-64x128x64,,233.211,,207.87200331687927,Random,resident,,,31,,measured,,,930
25.319000000000003,,,matmul-64x128x64,,219.606,,193.53599846363068,Predicted,resident,,,31,,measured,,,930
26.231,,,matmul-64x128x64,,261.515,,236.54399812221527,Current,resident,,,31,,measured,,,930
40.888,,,matmul-64x128x64,,217.851,,192.51200556755066,Current,resident,,,32,,measured,,,930
25.116,,,matmul-64x128x64,,219.164,,194.5600062608719,Predicted,resident,,,32,,measured,,,930
30.291,,,matmul-64x128x64,,298.41,,252.54398584365845,Random,resident,,,32,,measured,,,930
25.241999999999997,,,matmul-64x128x64,,235.54,,209.9200040102005,Random,resident,,,33,,measured,,,930
26.591,,,matmul-64x128x64,,279.758,,226.30399465560913,Current,resident,,,33,,measured,,,930
26.278,,,matmul-64x128x64,,272.674,,247.9040026664734,Predicted,resident,,,33,,measured,,,930
26.18,,,matmul-64x128x64,,217.448,,191.48799777030945,Current,resident,,,34,,measured,,,930
25.307000000000002,,,matmul-64x128x64,,219.48,,195.39199769496918,Predicted,resident,,,34,,measured,,,930
25.697000000000003,,,matmul-64x128x64,,272.553,,247.6480007171631,Random,resident,,,34,,measured,,,930
25.705,,,matmul-64x128x64,,255.589,,230.3999960422516,Current,resident,,,35,,measured,,,930
24.916,,,matmul-64x128x64,,234.384,,209.31200683116913,Random,resident,,,35,,measured,,,930
25.642,,,matmul-64x128x64,,274.288,,249.439999461174,Predicted,resident,,,35,,measured,,,930
25.067,,,matmul-64x128x64,,234.705,,209.9200040102005,Random,resident,,,36,,measured,,,930
25.622999999999998,,,matmul-64x128x64,,260.545,,235.52000522613525,Current,resident,,,36,,measured,,,930
25.237000000000002,,,matmul-64x128x64,,289.062,,247.80799448490143,Predicted,resident,,,36,,measured,,,930
25.244999999999997,,,matmul-64x128x64,,216.917,,192.51200556755066,Current,resident,,,37,,measured,,,930
25.539,,,matmul-64x128x64,,219.655,,194.39999759197235,Predicted,resident,,,37,,measured,,,930
26.197000000000003,,,matmul-64x128x64,,272.591,,246.7840015888214,Random,resident,,,37,,measured,,,930
25.028,,,matmul-64x128x64,,234.285,,208.8959962129593,Random,resident,,,38,,measured,,,930
26.081,,,matmul-64x128x64,,250.028,,224.2559939622879,Current,resident,,,38,,measured,,,930
25.683999999999997,,,matmul-64x128x64,,273.235,,248.79999458789825,Predicted,resident,,,38,,measured,,,930
25.753999999999998,,,matmul-64x128x64,,272.222,,247.67999351024628,Random,resident,,,39,,measured,,,930
25.73,,,matmul-64x128x64,,248.163,,222.20799326896667,Current,resident,,,39,,measured,,,930
24.874000000000002,,,matmul-64x128x64,,272.307,,247.16800451278687,Predicted,resident,,,39,,measured,,,930
24.72,,,matmul-64x128x64,,219.963,,195.48800587654114,Predicted,resident,,,40,,measured,,,930
27.232,,,matmul-64x128x64,,216.771,,192.28799641132355,Current,resident,,,40,,measured,,,930
25.334,,,matmul-64x128x64,,271.903,,246.75199389457703,Random,resident,,,40,,measured,,,930
24.797,,,matmul-64x128x64,,217.164,,192.44800508022308,Current,resident,,,41,,measured,,,930
25.304000000000002,,,matmul-64x128x64,,273.608,,248.83200228214264,Predicted,resident,,,41,,measured,,,930
25.924,,,matmul-64x128x64,,271.723,,246.7840015888214,Random,resident,,,41,,measured,,,930
24.853,,,matmul-64x128x64,,233.609,,208.8959962129593,Random,resident,,,42,,measured,,,930
26.055999999999997,,,matmul-64x128x64,,249.433,,225.0239998102188,Current,resident,,,42,,measured,,,930
25.506,,,matmul-64x128x64,,273.692,,248.416006565094,Predicted,resident,,,42,,measured,,,930
25.007,,,matmul-64x128x64,,271.873,,246.7840015888214,Random,resident,,,43,,measured,,,930
25.461,,,matmul-64x128x64,,248.667,,223.23200106620789,Current,resident,,,43,,measured,,,930
31.147,,,matmul-64x128x64,,299.736,,252.86400318145752,Predicted,resident,,,43,,measured,,,930
26.032,,,matmul-64x128x64,,219.29,,193.2159960269928,Current,resident,,,44,,measured,,,930
25.774,,,matmul-64x128x64,,272.42,,247.80799448490143,Random,resident,,,44,,measured,,,930
25.823,,,matmul-64x128x64,,269.867,,244.73600089550018,Predicted,resident,,,44,,measured,,,930
24.776,,,matmul-64x128x64,,220.229,,193.53599846363068,Predicted,resident,,,45,,measured,,,930
25.694,,,matmul-64x128x64,,233.201,,207.8399956226349,Random,resident,,,45,,measured,,,930
25.975,,,matmul-64x128x64,,260.927,,236.32000386714935,Current,resident,,,45,,measured,,,930
25.875,,,matmul-64x128x64,,234.108,,208.80000293254852,Random,resident,,,46,,measured,,,930
25.238,,,matmul-64x128x64,,217.515,,192.51200556755066,Current,resident,,,46,,measured,,,930
25.961,,,matmul-64x128x64,,273.495,,247.80799448490143,Predicted,resident,,,46,,measured,,,930
26.266,,,matmul-64x128x64,,272.699,,247.77600169181824,Random,resident,,,47,,measured,,,930
25.788,,,matmul-64x128x64,,256.256,,231.4240038394928,Current,resident,,,47,,measured,,,930
25.649,,,matmul-64x128x64,,272.348,,247.6480007171631,Predicted,resident,,,47,,measured,,,930
24.656,,,matmul-64x128x64,,219.389,,194.5600062608719,Predicted,resident,,,48,,measured,,,930
26.066,,,matmul-64x128x64,,272.978,,247.80799448490143,Random,resident,,,48,,measured,,,930
25.914,,,matmul-64x128x64,,249.343,,224.2559939622879,Current,resident,,,48,,measured,,,930
25.338,,,matmul-64x128x64,,234.211,,208.80000293254852,Random,resident,,,49,,measured,,,930
25.58,,,matmul-64x128x64,,273.746,,247.80799448490143,Predicted,resident,,,49,,measured,,,930
25.57,,,matmul-64x128x64,,258.841,,234.46400463581085,Current,resident,,,49,,measured,,,930
25.287,,,matmul-64x128x64,,270.412,,245.7599937915802,Random,resident,,,50,,measured,,,930
26.532,,,matmul-64x128x64,,269.837,,244.73600089550018,Predicted,resident,,,50,,measured,,,930
26.299,,,matmul-64x128x64,,259.133,,234.49599742889404,Current,resident,,,50,,measured,,,930
24.768,,,matmul-64x128x64,,216.985,,192.51200556755066,Current,resident,,,51,,measured,,,930
25.765,,,matmul-64x128x64,,269.841,,244.73600089550018,Random,resident,,,51,,measured,,,930
25.197000000000003,,,matmul-64x128x64,,269.342,,244.73600089550018,Predicted,resident,,,51,,measured,,,930
24.373,,,matmul-64x128x64,,219.072,,194.5600062608719,Predicted,resident,,,52,,measured,,,930
26.288,,,matmul-64x128x64,,259.624,,234.49599742889404,Current,resident,,,52,,measured,,,930
25.759999999999998,,,matmul-64x128x64,,269.154,,244.73600089550018,Random,resident,,,52,,measured,,,930
25.139000000000003,,,matmul-64x128x64,,233.445,,207.87200331687927,Random,resident,,,53,,measured,,,930
25.313000000000002,,,matmul-64x128x64,,269.187,,244.73600089550018,Predicted,resident,,,53,,measured,,,930
26.161,,,matmul-64x128x64,,261.935,,236.54399812221527,Current,resident,,,53,,measured,,,930
24.773,,,matmul-64x128x64,,216.564,,192.51200556755066,Current,resident,,,54,,measured,,,930
25.847,,,matmul-64x128x64,,219.695,,194.5600062608719,Predicted,resident,,,54,,measured,,,930
39.342999999999996,,,matmul-64x128x64,,300.493,,252.9279887676239,Random,resident,,,54,,measured,,,930
25.881999999999998,,,matmul-64x128x64,,221.834,,194.5600062608719,Predicted,resident,,,55,,measured,,,930
25.256,,,matmul-64x128x64,,234.679,,208.8640034198761,Random,resident,,,55,,measured,,,930
25.747,,,matmul-64x128x64,,258.886,,233.47200453281403,Current,resident,,,55,,measured,,,930
25.391,,,matmul-64x128x64,,272.957,,247.80799448490143,Predicted,resident,,,56,,measured,,,930
25.357,,,matmul-64x128x64,,217.322,,192.1599954366684,Current,resident,,,56,,measured,,,930
25.887,,,matmul-64x128x64,,272.84,,247.80799448490143,Random,resident,,,56,,measured,,,930
24.951999999999998,,,matmul-64x128x64,,234.263,,208.8959962129593,Random,resident,,,57,,measured,,,930
25.716,,,matmul-64x128x64,,217.782,,192.19200313091278,Current,resident,,,57,,measured,,,930
25.724,,,matmul-64x128x64,,271.751,,245.7599937915802,Predicted,resident,,,57,,measured,,,930
24.515,,,matmul-64x128x64,,219.338,,194.5600062608719,Predicted,resident,,,58,,measured,,,930
25.549,,,matmul-64x128x64,,272.046,,246.7840015888214,Random,resident,,,58,,measured,,,930
25.194,,,matmul-64x128x64,,248.856,,223.23200106620789,Current,resident,,,58,,measured,,,930
25.65,,,matmul-64x128x64,,216.797,,191.48799777030945,Current,resident,,,59,,measured,,,930
25.926000000000002,,,matmul-64x128x64,,234.452,,208.8959962129593,Random,resident,,,59,,measured,,,930
25.055999999999997,,,matmul-64x128x64,,273.512,,248.83200228214264,Predicted,resident,,,59,,measured,,,930
24.52,,,matmul-64x128x64,,218.902,,194.5600062608719,Predicted,resident,,,60,,measured,,,930
25.677,,,matmul-64x128x64,,233.644,,207.87200331687927,Random,resident,,,60,,measured,,,930
26.906999999999996,,,matmul-64x128x64,,265.948,,240.63999950885773,Current,resident,,,60,,measured,,,930
25.711,,,matmul-64x128x64,,273.584,,248.83200228214264,Predicted,resident,,,61,,measured,,,930
24.941000000000003,,,matmul-64x128x64,,216.969,,191.48799777030945,Current,resident,,,61,,measured,,,930
25.051,,,matmul-64x128x64,,272.873,,247.6159930229187,Random,resident,,,61,,measured,,,930
26.378999999999998,,,matmul-64x128x64,,272.499,,247.80799448490143,Predicted,resident,,,62,,measured,,,930
25.289,,,matmul-64x128x64,,233.491,,208.51199328899384,Random,resident,,,62,,measured,,,930
27.122,,,matmul-64x128x64,,262.241,,237.56800591945648,Current,resident,,,62,,measured,,,930
25.51,,,matmul-64x128x64,,233.391,,207.87200331687927,Random,resident,,,63,,measured,,,930
25.705,,,matmul-64x128x64,,273.613,,248.83200228214264,Predicted,resident,,,63,,measured,,,930
25.584000000000003,,,matmul-64x128x64,,260.7,,236.32000386714935,Current,resident,,,63,,measured,,,930
26.261,156.715,0.0,matmul-64x128x64,220996.6769996754,555.439,363953.2150000562,193.4400051832199,Current,one_shot,259855.3090001772,259299.87000017718,0,,warmup,0.0,38007.920000382,930
27.489,239.99800000000002,0.0,matmul-64x128x64,220996.6769996754,698.449,401412.789000377,251.64800882339478,Random,one_shot,297314.883000498,296616.434000498,0,37316.564000320795,warmup,0.0,38007.920000382,930
26.637,227.566,0.0,matmul-64x128x64,174459.18700013863,670.955,322486.3860006867,257.1519911289215,Predicted,one_shot,218388.48000080764,217717.52500080765,0,,warmup,6024.364999575482,37232.894000226224,930
25.905,143.13,0.0,matmul-64x128x64,174459.18700013863,522.281,322337.7120006867,195.48800587654114,Predicted,one_shot,218239.80600080764,217717.52500080765,1,,warmup,6024.364999575482,37232.894000226224,930
29.595,255.80200000000002,0.0,matmul-64x128x64,220996.6769996754,786.413,401500.753000377,248.9600032567978,Random,one_shot,297402.847000498,296616.434000498,1,37316.564000320795,warmup,0.0,38007.920000382,930
27.207,225.70100000000005,0.0,matmul-64x128x64,220996.6769996754,657.03,364054.8060000562,241.69600009918213,Current,one_shot,259956.90000017718,259299.87000017718,1,,warmup,0.0,38007.920000382,930
26.629,211.23299999999998,0.0,matmul-64x128x64,220996.6769996754,643.979,401358.31900037697,246.17600440979004,Random,one_shot,297260.41300049797,296616.434000498,2,37316.564000320795,warmup,0.0,38007.920000382,930
26.66,207.63899999999998,0.0,matmul-64x128x64,220996.6769996754,615.501,364013.2770000562,223.55200350284576,Current,one_shot,259915.37100017717,259299.87000017718,2,,warmup,0.0,38007.920000382,930
27.048,217.773,0.0,matmul-64x128x64,174459.18700013863,661.619,322477.05000068666,257.9520046710968,Predicted,one_shot,218379.14400080766,217717.52500080765,2,,warmup,6024.364999575482,37232.894000226224,930
26.691000000000003,212.02700000000002,0.0,matmul-64x128x64,220996.6769996754,647.094,401361.43400037696,252.03201174736023,Random,one_shot,297263.52800049796,296616.434000498,3,37316.564000320795,warmup,0.0,38007.920000382,930
26.661,205.844,0.0,matmul-64x128x64,220996.6769996754,628.331,364026.1070000562,241.60000681877136,Current,one_shot,259928.20100017719,259299.87000017718,3,,warmup,0.0,38007.920000382,930
26.263,211.53900000000002,0.0,matmul-64x128x64,174459.18700013863,651.382,322466.8130006867,257.7599883079529,Predicted,one_shot,218368.90700080767,217717.52500080765,3,,warmup,6024.364999575482,37232.894000226224,930
25.713,133.11400000000003,0.0,matmul-64x128x64,174459.18700013863,509.485,322324.91600068664,195.90400159358978,Predicted,one_shot,218227.01000080764,217717.52500080765,4,,warmup,6024.364999575482,37232.894000226224,930
27.375999999999998,225.15000000000003,0.0,matmul-64x128x64,220996.6769996754,672.508,401386.84800037695,250.91201066970825,Random,one_shot,297288.94200049795,296616.434000498,4,37316.564000320795,warmup,0.0,38007.920000382,930
27.154,209.022,0.0,matmul-64x128x64,220996.6769996754,631.994,364029.7700000562,240.4160052537918,Current,one_shot,259931.8640001772,259299.87000017718,4,,warmup,0.0,38007.920000382,930
26.184,130.603,0.0,matmul-64x128x64,220996.6769996754,504.876,363902.6520000562,193.37600469589233,Current,one_shot,259804.74600017717,259299.87000017718,5,,warmup,0.0,38007.920000382,930
26.365000000000002,205.62099999999998,0.0,matmul-64x128x64,220996.6769996754,632.078,401346.41800037696,245.5040067434311,Random,one_shot,297248.51200049795,296616.434000498,5,37316.564000320795,warmup,0.0,38007.920000382,930
27.117,250.20899999999997,0.0,matmul-64x128x64,174459.18700013863,689.365,322504.79600068665,255.90398907661438,Predicted,one_shot,218406.89000080765,217717.52500080765,5,,warmup,6024.364999575482,37232.894000226224,930
25.762999999999998,130.623,0.0,matmul-64x128x64,174459.18700013863,509.667,322325.0980006866,195.5520063638687,Predicted,one_shot,218227.19200080764,217717.52500080765,6,,warmup,6024.364999575482,37232.894000226224,930
27.785,206.43400000000003,0.0,matmul-64x128x64,220996.6769996754,639.259,364037.03500005614,249.7279942035675,Current,one_shot,259939.12900017717,259299.87000017718,6,,warmup,0.0,38007.920000382,930
28.354,207.16699999999997,0.0,matmul-64x128x64,220996.6769996754,653.162,401367.502000377,260.8320116996765,Random,one_shot,297269.596000498,296616.434000498,6,37316.564000320795,warmup,0.0,38007.920000382,930
26.413999999999998,214.10500000000002,0.0,matmul-64x128x64,174459.18700013863,652.446,322467.87700068665,254.97600436210632,Predicted,one_shot,218369.97100080765,217717.52500080765,7,,warmup,6024.364999575482,37232.894000226224,930
26.805,216.303,0.0,matmul-64x128x64,220996.6769996754,643.333,401357.67300037696,245.63199281692505,Random,one_shot,297259.76700049796,296616.434000498,7,37316.564000320795,warmup,0.0,38007.920000382,930
27.755000000000003,215.97800000000004,0.0,matmul-64x128x64,220996.6769996754,641.548,364039.3240000562,240.79999327659607,Current,one_shot,259941.4180001772,259299.87000017718,7,,warmup,0.0,38007.920000382,930
26.903,216.62999999999997,0.0,matmul-64x128x64,174459.18700013863,656.032,322471.46300068666,256.03199005126953,Predicted,one_shot,218373.55700080766,217717.52500080765,8,,warmup,6024.364999575482,37232.894000226224,930
27.502000000000002,214.562,0.0,matmul-64x128x64,220996.6769996754,648.113,401362.453000377,250.40000677108765,Random,one_shot,297264.547000498,296616.434000498,8,37316.564000320795,warmup,0.0,38007.920000382,930
31.422,214.09,0.0,matmul-64x128x64,220996.6769996754,642.112,364039.88800005615,239.80799317359924,Current,one_shot,259941.98200017717,259299.87000017718,8,,warmup,0.0,38007.920000382,930
26.258000000000003,208.44199999999998,0.0,matmul-64x128x64,174459.18700013863,648.026,322463.45700068667,256.9279968738556,Predicted,one_shot,218365.55100080767,217717.52500080765,9,,warmup,6024.364999575482,37232.894000226224,930
27.506,204.903,0.0,matmul-64x128x64,220996.6769996754,637.244,401351.584000377,250.36799907684326,Random,one_shot,297253.678000498,296616.434000498,9,37316.564000320795,warmup,0.0,38007.920000382,930
27.532000000000004,205.616,0.0,matmul-64x128x64,220996.6769996754,627.024,364024.80000005616,239.1040027141571,Current,one_shot,259926.89400017718,259299.87000017718,9,,warmup,0.0,38007.920000382,930
34.252,145.618,0.0,matmul-64x128x64,220996.6769996754,578.644,363976.42000005615,197.34400510787964,Current,one_shot,259878.51400017718,259299.87000017718,10,,warmup,0.0,38007.920000382,930
27.355999999999998,212.40200000000004,0.0,matmul-64x128x64,174459.18700013863,660.712,322476.14300068666,256.8320035934448,Predicted,one_shot,218378.23700080765,217717.52500080765,10,,warmup,6024.364999575482,37232.894000226224,930
27.398,214.10299999999995,0.0,matmul-64x128x64,220996.6769996754,1093.142,401807.482000377,259.20000672340393,Random,one_shot,297709.57600049797,296616.434000498,10,37316.564000320795,warmup,0.0,38007.920000382,930
29.578000000000003,236.642,0.0,matmul-64x128x64,174459.18700013863,718.109,322533.54000068665,230.880007147789,Predicted,one_shot,218435.63400080765,217717.52500080765,11,,warmup,6024.364999575482,37232.894000226224,930
35.528,209.74900000000002,0.0,matmul-64x128x64,220996.6769996754,690.241,401404.58100037696,238.71999979019165,Random,one_shot,297306.67500049795,296616.434000498,11,37316.564000320795,warmup,0.0,38007.920000382,930
45.774,278.361,0.0,matmul-64x128x64,220996.6769996754,772.488,364170.2640000562,257.88798928260803,Current,one_shot,260072.3580001772,259299.87000017718,11,,warmup,0.0,38007.920000382,930
42.672,225.91200000000003,0.0,matmul-64x128x64,220996.6769996754,694.714,401409.05400037696,245.5040067434311,Random,one_shot,297311.14800049795,296616.434000498,12,37316.564000320795,warmup,0.0,38007.920000382,930
64.756,235.71200000000002,0.0,matmul-64x128x64,220996.6769996754,711.999,364109.7750000562,237.5040054321289,Current,one_shot,260011.8690001772,259299.87000017718,12,,warmup,0.0,38007.920000382,930
40.986,244.46499999999995,0.0,matmul-64x128x64,174459.18700013863,714.613,322530.04400068667,258.432000875473,Predicted,one_shot,218432.13800080767,217717.52500080765,12,,warmup,6024.364999575482,37232.894000226224,930
26.859,163.56600000000003,0.0,matmul-64x128x64,174459.18700013863,555.545,322370.97600068664,197.08800315856934,Predicted,one_shot,218273.07000080767,217717.52500080765,13,,warmup,6024.364999575482,37232.894000226224,930
27.718,270.93399999999997,0.0,matmul-64x128x64,220996.6769996754,718.183,401432.523000377,251.80798768997192,Random,one_shot,297334.617000498,296616.434000498,13,37316.564000320795,warmup,0.0,38007.920000382,930
28.93,244.97600000000003,0.0,matmul-64x128x64,220996.6769996754,692.588,364090.3640000562,254.7520101070404,Current,one_shot,259992.45800017717,259299.87000017718,13,,warmup,0.0,38007.920000382,930
27.08,169.96500000000003,0.0,matmul-64x128x64,220996.6769996754,553.428,363951.2040000562,193.53599846363068,Current,one_shot,259853.2980001772,259299.87000017718,14,,warmup,0.0,38007.920000382,930
28.225,243.79800000000003,0.0,matmul-64x128x64,220996.6769996754,679.832,401394.172000377,244.83199417591095,Random,one_shot,297296.26600049797,296616.434000498,14,37316.564000320795,warmup,0.0,38007.920000382,930
28.465,251.66500000000002,0.0,matmul-64x128x64,174459.18700013863,704.161,322519.5920006867,257.3759853839874,Predicted,one_shot,218421.68600080765,217717.52500080765,14,,warmup,6024.364999575482,37232.894000226224,930
27.568,236.44400000000002,0.0,matmul-64x128x64,220996.6769996754,676.016,401390.356000377,245.37600576877594,Random,one_shot,297292.450000498,296616.434000498,15,37316.564000320795,warmup,0.0,38007.920000382,930
27.894,256.029,0.0,matmul-64x128x64,220996.6769996754,692.826,364090.6020000562,241.40800535678864,Current,one_shot,259992.69600017718,259299.87000017718,15,,warmup,0.0,38007.920000382,930
28.237000000000002,245.495,0.0,matmul-64x128x64,174459.18700013863,697.727,322513.1580006867,257.9840123653412,Predicted,one_shot,218415.25200080767,217717.52500080765,15,,warmup,6024.364999575482,37232.894000226224,930
29.791,242.88699999999997,0.0,matmul-64x128x64,220996.6769996754,667.543,364065.3190000562,230.81600666046143,Current,one_shot,259967.41300017718,259299.87000017718,0,,measured,0.0,38007.920000382,930
28.256,245.061,0.0,matmul-64x128x64,174459.18700013863,662.989,322478.42000068666,222.1439927816391,Predicted,one_shot,218380.51400080766,217717.52500080765,0,,measured,6024.364999575482,37232.894000226224,930
33.491,246.291,0.0,matmul-64x128x64,220996.6769996754,709.365,401423.70500037697,252.3519992828369,Random,one_shot,297325.79900049797,296616.434000498,0,37316.564000320795,measured,0.0,38007.920000382,930
28.413,181.209,0.0,matmul-64x128x64,220996.6769996754,626.775,401341.115000377,215.61600267887115,Random,one_shot,297243.209000498,296616.434000498,1,37316.564000320795,measured,0.0,38007.920000382,930
31.195,282.964,0.0,matmul-64x128x64,220996.6769996754,754.448,364152.22400005616,244.76799368858337,Current,one_shot,260054.31800017718,259299.87000017718,1,,measured,0.0,38007.920000382,930
28.439,244.994,0.0,matmul-64x128x64,174459.18700013863,704.352,322519.7830006867,258.39999318122864,Predicted,one_shot,218421.87700080767,217717.52500080765,1,,measured,6024.364999575482,37232.894000226224,930
38.124,188.62400000000002,0.0,matmul-64x128x64,174459.18700013863,689.042,322504.4730006866,201.37600600719452,Predicted,one_shot,218406.56700080764,217717.52500080765,2,,measured,6024.364999575482,37232.894000226224,930
28.381,255.28400000000002,0.0,matmul-64x128x64,220996.6769996754,707.619,401421.959000377,252.0959973335266,Random,one_shot,297324.053000498,296616.434000498,2,37316.564000320795,measured,0.0,38007.920000382,930
28.556,245.326,0.0,matmul-64x128x64,220996.6769996754,683.213,364080.9890000562,240.7039999961853,Current,one_shot,259983.08300017717,259299.87000017718,2,,measured,0.0,38007.920000382,930
25.979,154.967,0.0,matmul-64x128x64,220996.6769996754,539.511,363937.2870000562,193.7279999256134,Current,one_shot,259839.38100017718,259299.87000017718,3,,measured,0.0,38007.920000382,930
27.168,238.66,0.0,matmul-64x128x64,220996.6769996754,672.752,401387.09200037696,245.44000625610352,Random,one_shot,297289.18600049795,296616.434000498,3,37316.564000320795,measured,0.0,38007.920000382,930
27.695,231.85900000000004,0.0,matmul-64x128x64,174459.18700013863,676.426,322491.8570006867,255.19999861717224,Predicted,one_shot,218393.95100080766,217717.52500080765,3,,measured,6024.364999575482,37232.894000226224,930
27.149,206.837,0.0,matmul-64x128x64,220996.6769996754,641.382,401355.72200037696,245.5040067434311,Random,one_shot,297257.81600049796,296616.434000498,4,37316.564000320795,measured,0.0,38007.920000382,930
26.503,226.80200000000002,0.0,matmul-64x128x64,174459.18700013863,659.914,322475.34500068665,223.7440049648285,Predicted,one_shot,218377.43900080764,217717.52500080765,4,,measured,6024.364999575482,37232.894000226224,930
27.177999999999997,216.46400000000003,0.0,matmul-64x128x64,220996.6769996754,650.696,364048.4720000562,249.4720071554184,Current,one_shot,259950.56600017718,259299.87000017718,4,,measured,0.0,38007.920000382,930
26.784,209.948,0.0,matmul-64x128x64,220996.6769996754,676.132,401390.47200037696,251.52000784873962,Random,one_shot,297292.56600049796,296616.434000498,5,37316.564000320795,measured,0.0,38007.920000382,930
27.115000000000002,210.844,0.0,matmul-64x128x64,174459.18700013863,708.845,322524.2760006867,253.4720003604889,Predicted,one_shot,218426.37000080766,217717.52500080765,5,,measured,6024.364999575482,37232.894000226224,930
27.36,214.012,0.0,matmul-64x128x64,220996.6769996754,647.279,364045.05500005616,248.35200607776642,Current,one_shot,259947.1490001772,259299.87000017718,5,,measured,0.0,38007.920000382,930
27.563000000000002,205.78099999999998,0.0,matmul-64x128x64,174459.18700013863,617.001,322432.43200068665,228.12800109386444,Predicted,one_shot,218334.52600080764,217717.52500080765,6,,measured,6024.364999575482,37232.894000226224,930
26.999000000000002,204.90300000000002,0.0,matmul-64x128x64,220996.6769996754,612.344,364010.1200000562,216.92800521850586,Current,one_shot,259912.2140001772,259299.87000017718,6,,measured,0.0,38007.920000382,930
27.177,213.048,0.0,matmul-64x128x64,220996.6769996754,652.831,401367.171000377,251.00800395011902,Random,one_shot,297269.265000498,296616.434000498,6,37316.564000320795,measured,0.0,38007.920000382,930
27.128,208.94599999999997,0.0,matmul-64x128x64,220996.6769996754,623.536,364021.31200005615,226.59200429916382,Current,one_shot,259923.40600017717,259299.87000017718,7,,measured,0.0,38007.920000382,930
27.337,216.328,0.0,matmul-64x128x64,174459.18700013863,661.578,322477.0090006867,256.79999589920044,Predicted,one_shot,218379.10300080766,217717.52500080765,7,,measured,6024.364999575482,37232.894000226224,930
26.72,210.73299999999998,0.0,matmul-64x128x64,220996.6769996754,649.916,401364.256000377,252.3519992828369,Random,one_shot,297266.350000498,296616.434000498,7,37316.564000320795,measured,0.0,38007.920000382,930
27.276,208.05800000000005,0.0,matmul-64x128x64,220996.6769996754,635.879,364033.65500005614,239.71199989318848,Current,one_shot,259935.74900017717,259299.87000017718,8,,measured,0.0,38007.920000382,930
28.148,211.097,0.0,matmul-64x128x64,174459.18700013863,656.665,322472.09600068664,256.8959891796112,Predicted,one_shot,218374.19000080766,217717.52500080765,8,,measured,6024.364999575482,37232.894000226224,930
27.956,207.17999999999998,0.0,matmul-64x128x64,220996.6769996754,644.852,401359.192000377,249.79199469089508,Random,one_shot,297261.286000498,296616.434000498,8,37316.564000320795,measured,0.0,38007.920000382,930
26.666,208.11900000000003,0.0,matmul-64x128x64,174459.18700013863,625.451,322440.88200068666,230.3999960422516,Predicted,one_shot,218342.97600080766,217717.52500080765,9,,measured,6024.364999575482,37232.894000226224,930
27.388999999999996,205.80900000000003,0.0,matmul-64x128x64,220996.6769996754,633.982,401348.322000377,238.65599930286407,Random,one_shot,297250.416000498,296616.434000498,9,37316.564000320795,measured,0.0,38007.920000382,930
27.276000000000003,209.605,0.0,matmul-64x128x64,220996.6769996754,638.575,364036.3510000562,240.25599658489227,Current,one_shot,259938.4450001772,259299.87000017718,9,,measured,0.0,38007.920000382,930
27.223,210.03900000000002,0.0,matmul-64x128x64,174459.18700013863,975.426,322790.8570006867,256.415992975235,Predicted,one_shot,218692.95100080766,217717.52500080765,10,,measured,6024.364999575482,37232.894000226224,930
27.559,213.025,0.0,matmul-64x128x64,220996.6769996754,631.666,364029.44200005615,230.04800081253052,Current,one_shot,259931.53600017718,259299.87000017718,10,,measured,0.0,38007.920000382,930
27.325000000000003,213.61700000000002,0.0,matmul-64x128x64,220996.6769996754,661.28,401375.620000377,252.6719868183136,Random,one_shot,297277.714000498,296616.434000498,10,37316.564000320795,measured,0.0,38007.920000382,930
27.652,216.04799999999994,0.0,matmul-64x128x64,220996.6769996754,630.613,364028.3890000562,224.5440036058426,Current,one_shot,259930.4830001772,259299.87000017718,11,,measured,0.0,38007.920000382,930
26.877,210.85299999999998,0.0,matmul-64x128x64,220996.6769996754,643.185,401357.525000377,244.57600712776184,Random,one_shot,297259.619000498,296616.434000498,11,37316.564000320795,measured,0.0,38007.920000382,930
26.769999999999996,215.05800000000002,0.0,matmul-64x128x64,174459.18700013863,656.802,322472.2330006866,254.5279860496521,Predicted,one_shot,218374.32700080765,217717.52500080765,11,,measured,6024.364999575482,37232.894000226224,930
29.065,210.917,0.0,matmul-64x128x64,220996.6769996754,649.074,364046.8500000562,248.60799312591553,Current,one_shot,259948.94400017717,259299.87000017718,12,,measured,0.0,38007.920000382,930
27.161,208.317,0.0,matmul-64x128x64,220996.6769996754,649.152,401363.492000377,251.583993434906,Random,one_shot,297265.586000498,296616.434000498,12,37316.564000320795,measured,0.0,38007.920000382,930
27.232,209.46000000000004,0.0,matmul-64x128x64,174459.18700013863,651.522,322466.95300068666,254.65598702430725,Predicted,one_shot,218369.04700080765,217717.52500080765,12,,measured,6024.364999575482,37232.894000226224,930
27.259999999999998,132.511,0.0,matmul-64x128x64,174459.18700013863,516.476,322331.9070006866,196.06399536132812,Predicted,one_shot,218234.00100080765,217717.52500080765,13,,measured,6024.364999575482,37232.894000226224,930
27.895,209.03000000000003,0.0,matmul-64x128x64,220996.6769996754,647.41,364045.1860000562,249.31199848651886,Current,one_shot,259947.28000017718,259299.87000017718,13,,measured,0.0,38007.920000382,930
26.766000000000002,211.924,0.0,matmul-64x128x64,220996.6769996754,648.319,401362.659000377,251.64800882339478,Random,one_shot,297264.753000498,296616.434000498,13,37316.564000320795,measured,0.0,38007.920000382,930
25.796,133.805,0.0,matmul-64x128x64,220996.6769996754,529.167,401243.507000377,210.04800498485565,Random,one_shot,297145.601000498,296616.434000498,14,37316.564000320795,measured,0.0,38007.920000382,930
28.854,210.25699999999995,0.0,matmul-64x128x64,174459.18700013863,654.626,322470.05700068665,253.4399926662445,Predicted,one_shot,218372.15100080764,217717.52500080765,14,,measured,6024.364999575482,37232.894000226224,930
28.872,208.946,0.0,matmul-64x128x64,220996.6769996754,647.205,364044.98100005614,249.11999702453613,Current,one_shot,259947.07500017717,259299.87000017718,14,,measured,0.0,38007.920000382,930
27.824,208.123,0.0,matmul-64x128x64,220996.6769996754,646.76,401361.100000377,250.20799040794373,Random,one_shot,297263.194000498,296616.434000498,15,37316.564000320795,measured,0.0,38007.920000382,930
28.410999999999998,211.81299999999996,0.0,matmul-64x128x64,174459.18700013863,654.571,322470.00200068665,253.4720003604889,Predicted,one_shot,218372.09600080765,217717.52500080765,15,,measured,6024.364999575482,37232.894000226224,930
27.266,208.328,0.0,matmul-64x128x64,220996.6769996754,643.941,364041.7170000562,248.76800179481506,Current,one_shot,259943.81100017717,259299.87000017718,15,,measured,0.0,38007.920000382,930
27.268,206.633,0.0,matmul-64x128x64,174459.18700013863,623.637,322439.06800068665,229.08799350261688,Predicted,one_shot,218341.16200080764,217717.52500080765,16,,measured,6024.364999575482,37232.894000226224,930
27.278,206.366,0.0,matmul-64x128x64,220996.6769996754,606.748,364004.5240000562,213.56800198554993,Current,one_shot,259906.61800017717,259299.87000017718,16,,measured,0.0,38007.920000382,930
27.161,211.10899999999998,0.0,matmul-64x128x64,220996.6769996754,650.789,401365.12900037697,251.77600979804993,Random,one_shot,297267.22300049796,296616.434000498,16,37316.564000320795,measured,0.0,38007.920000382,930
27.605,205.20499999999998,0.0,matmul-64x128x64,220996.6769996754,619.455,364017.23100005614,227.9359996318817,Current,one_shot,259919.32500017717,259299.87000017718,17,,measured,0.0,38007.920000382,930
27.85,210.75,0.0,matmul-64x128x64,174459.18700013863,653.269,322468.7000006867,255.42399287223816,Predicted,one_shot,218370.79400080765,217717.52500080765,17,,measured,6024.364999575482,37232.894000226224,930
26.367,205.801,0.0,matmul-64x128x64,220996.6769996754,641.108,401355.448000377,250.94398856163025,Random,one_shot,297257.542000498,296616.434000498,17,37316.564000320795,measured,0.0,38007.920000382,930
27.296,204.874,0.0,matmul-64x128x64,174459.18700013863,622.577,322438.00800068665,230.1120012998581,Predicted,one_shot,218340.10200080764,217717.52500080765,18,,measured,6024.364999575482,37232.894000226224,930
28.244999999999997,207.75900000000004,0.0,matmul-64x128x64,220996.6769996754,644.599,364042.37500005617,249.5039999485016,Current,one_shot,259944.46900017717,259299.87000017718,18,,measured,0.0,38007.920000382,930
28.098,207.30599999999998,0.0,matmul-64x128x64,220996.6769996754,645.223,401359.563000377,251.39200687408447,Random,one_shot,297261.657000498,296616.434000498,18,37316.564000320795,measured,0.0,38007.920000382,930
27.247999999999998,207.379,0.0,matmul-64x128x64,174459.18700013863,648.319,322463.7500006866,253.76001000404358,Predicted,one_shot,218365.84400080764,217717.52500080765,19,,measured,6024.364999575482,37232.894000226224,930
29.184,209.84400000000002,0.0,matmul-64x128x64,220996.6769996754,658.111,364055.8870000562,248.99199604988098,Current,one_shot,259957.98100017718,259299.87000017718,19,,measured,0.0,38007.920000382,930
28.459000000000003,213.13100000000003,0.0,matmul-64x128x64,220996.6769996754,656.433,401370.773000377,251.23199820518494,Random,one_shot,297272.867000498,296616.434000498,19,37316.564000320795,measured,0.0,38007.920000382,930
27.186,209.85799999999998,0.0,matmul-64x128x64,220996.6769996754,623.456,364021.2320000562,227.00800001621246,Current,one_shot,259923.32600017719,259299.87000017718,20,,measured,0.0,38007.920000382,930
26.831000000000003,212.472,0.0,matmul-64x128x64,220996.6769996754,649.592,401363.932000377,244.57600712776184,Random,one_shot,297266.026000498,296616.434000498,20,37316.564000320795,measured,0.0,38007.920000382,930
28.527,217.47500000000002,0.0,matmul-64x128x64,174459.18700013863,661.015,322476.4460006867,255.64798712730408,Predicted,one_shot,218378.54000080767,217717.52500080765,20,,measured,6024.364999575482,37232.894000226224,930
26.572,138.571,0.0,matmul-64x128x64,174459.18700013863,519.701,322335.13200068666,196.4160054922104,Predicted,one_shot,218237.22600080766,217717.52500080765,21,,measured,6024.364999575482,37232.894000226224,930
27.578,211.42899999999997,0.0,matmul-64x128x64,220996.6769996754,646.943,364044.71900005615,248.99199604988098,Current,one_shot,259946.81300017718,259299.87000017718,21,,measured,0.0,38007.920000382,930
27.022,213.09600000000003,0.0,matmul-64x128x64,220996.6769996754,650.055,401364.395000377,251.2960135936737,Random,one_shot,297266.48900049797,296616.434000498,21,37316.564000320795,measured,0.0,38007.920000382,930
26.308,135.439,0.0,matmul-64x128x64,220996.6769996754,532.703,401247.04300037696,210.36800742149353,Random,one_shot,297149.13700049795,296616.434000498,22,37316.564000320795,measured,0.0,38007.920000382,930
27.088,210.67600000000002,0.0,matmul-64x128x64,174459.18700013863,651.405,322466.8360006866,253.56799364089966,Predicted,one_shot,218368.93000080765,217717.52500080765,22,,measured,6024.364999575482,37232.894000226224,930
28.23,210.42100000000002,0.0,matmul-64x128x64,220996.6769996754,648.044,364045.8200000562,248.51199984550476,Current,one_shot,259947.91400017717,259299.87000017718,22,,measured,0.0,38007.920000382,930
27.337000000000003,206.947,0.0,matmul-64x128x64,174459.18700013863,620.728,322436.15900068666,226.6560047864914,Predicted,one_shot,218338.25300080766,217717.52500080765,23,,measured,6024.364999575482,37232.894000226224,930
28.076,206.39700000000002,0.0,matmul-64x128x64,220996.6769996754,608.752,364006.52800005616,215.80800414085388,Current,one_shot,259908.6220001772,259299.87000017718,23,,measured,0.0,38007.920000382,930
26.85,207.404,0.0,matmul-64x128x64,220996.6769996754,646.786,401361.126000377,251.3599991798401,Random,one_shot,297263.220000498,296616.434000498,23,37316.564000320795,measured,0.0,38007.920000382,930
26.134,132.874,0.0,matmul-64x128x64,220996.6769996754,529.68,401244.020000377,209.60000157356262,Random,one_shot,297146.11400049797,296616.434000498,24,37316.564000320795,measured,0.0,38007.920000382,930
28.208999999999996,208.42800000000003,0.0,matmul-64x128x64,174459.18700013863,649.483,322464.91400068667,254.33599948883057,Predicted,one_shot,218367.00800080766,217717.52500080765,24,,measured,6024.364999575482,37232.894000226224,930
27.724,205.474,0.0,matmul-64x128x64,220996.6769996754,643.132,364040.90800005617,248.99199604988098,Current,one_shot,259943.0020001772,259299.87000017718,24,,measured,0.0,38007.920000382,930
27.436,207.35,0.0,matmul-64x128x64,174459.18700013863,891.478,322706.90900068666,226.84800624847412,Predicted,one_shot,218609.00300080766,217717.52500080765,25,,measured,6024.364999575482,37232.894000226224,930
27.003,207.26100000000002,0.0,matmul-64x128x64,220996.6769996754,612.341,364010.1170000562,215.55200219154358,Current,one_shot,259912.21100017717,259299.87000017718,25,,measured,0.0,38007.920000382,930
28.165,208.77499999999998,0.0,matmul-64x128x64,220996.6769996754,661.991,401376.33100037696,251.42401456832886,Random,one_shot,297278.42500049795,296616.434000498,25,37316.564000320795,measured,0.0,38007.920000382,930
28.070999999999998,209.09099999999995,0.0,matmul-64x128x64,174459.18700013863,652.774,322468.2050006867,254.91198897361755,Predicted,one_shot,218370.29900080766,217717.52500080765,26,,measured,6024.364999575482,37232.894000226224,930
28.101,206.53199999999998,0.0,matmul-64x128x64,220996.6769996754,640.646,401354.986000377,245.34399807453156,Random,one_shot,297257.080000498,296616.434000498,26,37316.564000320795,measured,0.0,38007.920000382,930
28.116999999999997,208.173,0.0,matmul-64x128x64,220996.6769996754,640.963,364038.7390000562,240.89600145816803,Current,one_shot,259940.83300017717,259299.87000017718,26,,measured,0.0,38007.920000382,930
27.423000000000002,132.55200000000002,0.0,matmul-64x128x64,220996.6769996754,514.328,363912.10400005616,193.79200041294098,Current,one_shot,259814.1980001772,259299.87000017718,27,,measured,0.0,38007.920000382,930
27.334,205.91000000000005,0.0,matmul-64x128x64,174459.18700013863,648.888,322464.31900068664,256.415992975235,Predicted,one_shot,218366.41300080766,217717.52500080765,27,,measured,6024.364999575482,37232.894000226224,930
37.094,214.255,0.0,matmul-64x128x64,220996.6769996754,697.873,401412.213000377,255.39198517799377,Random,one_shot,297314.307000498,296616.434000498,27,37316.564000320795,measured,0.0,38007.920000382,930
28.491,212.536,0.0,matmul-64x128x64,174459.18700013863,638.475,322453.9060006867,230.20799458026886,Predicted,one_shot,218356.00000080766,217717.52500080765,28,,measured,6024.364999575482,37232.894000226224,930
28.087000000000003,213.125,0.0,matmul-64x128x64,220996.6769996754,652.713,364050.4890000562,248.99199604988098,Current,one_shot,259952.58300017717,259299.87000017718,28,,measured,0.0,38007.920000382,930
27.178,214.733,0.0,matmul-64x128x64,220996.6769996754,663.013,401377.35300037696,251.6160011291504,Random,one_shot,297279.44700049795,296616.434000498,28,37316.564000320795,measured,0.0,38007.920000382,930
26.402,133.411,0.0,matmul-64x128x64,220996.6769996754,531.203,401245.54300037696,209.9200040102005,Random,one_shot,297147.63700049795,296616.434000498,29,37316.564000320795,measured,0.0,38007.920000382,930
27.706000000000003,211.52700000000002,0.0,matmul-64x128x64,174459.18700013863,668.976,322484.4070006866,270.9439992904663,Predicted,one_shot,218386.50100080765,217717.52500080765,29,,measured,6024.364999575482,37232.894000226224,930
26.810000000000002,211.765,0.0,matmul-64x128x64,220996.6769996754,649.757,364047.53300005617,249.82400238513947,Current,one_shot,259949.6270001772,259299.87000017718,29,,measured,0.0,38007.920000382,930
27.366999999999997,134.633,0.0,matmul-64x128x64,220996.6769996754,514.548,363912.3240000562,193.95199418067932,Current,one_shot,259814.4180001772,259299.87000017718,30,,measured,0.0,38007.920000382,930
27.421999999999997,208.86,0.0,matmul-64x128x64,220996.6769996754,647.444,401361.784000377,251.48800015449524,Random,one_shot,297263.878000498,296616.434000498,30,37316.564000320795,measured,0.0,38007.920000382,930
28.488,212.91899999999998,0.0,matmul-64x128x64,174459.18700013863,657.645,322473.0760006866,254.59200143814087,Predicted,one_shot,218375.17000080764,217717.52500080765,30,,measured,6024.364999575482,37232.894000226224,930
26.695,206.98100000000002,0.0,matmul-64x128x64,220996.6769996754,639.32,401353.660000377,245.85600197315216,Random,one_shot,297255.754000498,296616.434000498,31,37316.564000320795,measured,0.0,38007.920000382,930
27.645,207.68099999999998,0.0,matmul-64x128x64,174459.18700013863,620.607,322436.0380006867,225.79200565814972,Predicted,one_shot,218338.13200080764,217717.52500080765,31,,measured,6024.364999575482,37232.894000226224,930
59.224,205.583,0.0,matmul-64x128x64,220996.6769996754,708.233,364106.0090000562,249.7600018978119,Current,one_shot,260008.1030001772,259299.87000017718,31,,measured,0.0,38007.920000382,930
26.789,133.261,0.0,matmul-64x128x64,220996.6769996754,511.258,363909.0340000562,193.2159960269928,Current,one_shot,259811.12800017718,259299.87000017718,32,,measured,0.0,38007.920000382,930
27.521,205.652,0.0,matmul-64x128x64,174459.18700013863,615.521,322430.95200068667,225.92000663280487,Predicted,one_shot,218333.04600080766,217717.52500080765,32,,measured,6024.364999575482,37232.894000226224,930
26.879,205.84500000000003,0.0,matmul-64x128x64,220996.6769996754,639.006,401353.346000377,251.3279914855957,Random,one_shot,297255.44000049797,296616.434000498,32,37316.564000320795,measured,0.0,38007.920000382,930
25.808999999999997,132.233,0.0,matmul-64x128x64,220996.6769996754,525.402,401239.742000377,210.4319930076599,Random,one_shot,297141.836000498,296616.434000498,33,37316.564000320795,measured,0.0,38007.920000382,930
27.541,205.44400000000002,0.0,matmul-64x128x64,220996.6769996754,628.88,364026.6560000562,239.99999463558197,Current,one_shot,259928.75000017718,259299.87000017718,33,,measured,0.0,38007.920000382,930
26.891000000000002,206.32600000000002,0.0,matmul-64x128x64,174459.18700013863,644.764,322460.1950006867,256.6719949245453,Predicted,one_shot,218362.28900080765,217717.52500080765,33,,measured,6024.364999575482,37232.894000226224,930
27.578,205.43699999999998,0.0,matmul-64x128x64,220996.6769996754,619.493,364017.2690000562,229.21599447727203,Current,one_shot,259919.36300017717,259299.87000017718,34,,measured,0.0,38007.920000382,930
26.862000000000002,206.93699999999998,0.0,matmul-64x128x64,174459.18700013863,606.011,322421.44200068666,215.83999693393707,Predicted,one_shot,218323.53600080765,217717.52500080765,34,,measured,6024.364999575482,37232.894000226224,930
27.235,206.50299999999996,0.0,matmul-64x128x64,220996.6769996754,640.191,401354.53100037697,250.97599625587463,Random,one_shot,297256.62500049797,296616.434000498,34,37316.564000320795,measured,0.0,38007.920000382,930
27.384999999999998,204.664,0.0,matmul-64x128x64,220996.6769996754,629.055,364026.8310000562,239.9359941482544,Current,one_shot,259928.92500017717,259299.87000017718,35,,measured,0.0,38007.920000382,930
26.823999999999998,204.53,0.0,matmul-64x128x64,220996.6769996754,633.655,401347.995000377,245.63199281692505,Random,one_shot,297250.089000498,296616.434000498,35,37316.564000320795,measured,0.0,38007.920000382,930
27.066000000000003,207.74500000000003,0.0,matmul-64x128x64,174459.18700013863,645.281,322460.7120006867,254.07999753952026,Predicted,one_shot,218362.80600080764,217717.52500080765,35,,measured,6024.364999575482,37232.894000226224,930
27.512,215.151,0.0,matmul-64x128x64,220996.6769996754,645.382,401359.72200037696,244.03199553489685,Random,one_shot,297261.81600049796,296616.434000498,36,37316.564000320795,measured,0.0,38007.920000382,930
26.992,206.241,0.0,matmul-64x128x64,220996.6769996754,628.682,364026.4580000562,239.19999599456787,Current,one_shot,259928.55200017718,259299.87000017718,36,,measured,0.0,38007.920000382,930
27.118,209.44299999999998,0.0,matmul-64x128x64,174459.18700013863,659.743,322475.1740006866,255.19999861717224,Predicted,one_shot,218377.26800080764,217717.52500080765,36,,measured,6024.364999575482,37232.894000226224,930
28.412,210.77700000000004,0.0,matmul-64x128x64,220996.6769996754,626.981,364024.7570000562,226.01599991321564,Current,one_shot,259926.85100017718,259299.87000017718,37,,measured,0.0,38007.920000382,930
27.43,205.95999999999998,0.0,matmul-64x128x64,174459.18700013863,608.484,322423.91500068665,216.89599752426147,Predicted,one_shot,218326.00900080765,217717.52500080765,37,,measured,6024.364999575482,37232.894000226224,930
26.845,209.04600000000002,0.0,matmul-64x128x64,220996.6769996754,644.793,401359.133000377,252.00000405311584,Random,one_shot,297261.227000498,296616.434000498,37,37316.564000320795,measured,0.0,38007.920000382,930
25.898,131.90099999999998,0.0,matmul-64x128x64,220996.6769996754,525.687,401240.02700037695,210.27199923992157,Random,one_shot,297142.12100049795,296616.434000498,38,37316.564000320795,measured,0.0,38007.920000382,930
27.932,209.79600000000002,0.0,matmul-64x128x64,220996.6769996754,632.929,364030.7050000562,239.3919974565506,Current,one_shot,259932.79900017718,259299.87000017718,38,,measured,0.0,38007.920000382,930
27.585,205.908,0.0,matmul-64x128x64,174459.18700013863,645.044,322460.47500068665,256.6080093383789,Predicted,one_shot,218362.56900080765,217717.52500080765,38,,measured,6024.364999575482,37232.894000226224,930
26.837,205.832,0.0,matmul-64x128x64,220996.6769996754,642.914,401357.25400037697,250.43201446533203,Random,one_shot,297259.34800049796,296616.434000498,39,37316.564000320795,measured,0.0,38007.920000382,930
27.336,207.40200000000002,0.0,matmul-64x128x64,220996.6769996754,630.582,364028.3580000562,239.3600046634674,Current,one_shot,259930.45200017717,259299.87000017718,39,,measured,0.0,38007.920000382,930
26.919,209.26100000000002,0.0,matmul-64x128x64,174459.18700013863,648.249,322463.68000068667,255.264014005661,Predicted,one_shot,218365.77400080767,217717.52500080765,39,,measured,6024.364999575482,37232.894000226224,930
27.037,132.92299999999997,0.0,matmul-64x128x64,174459.18700013863,513.603,322329.03400068666,195.5520063638687,Predicted,one_shot,218231.12800080766,217717.52500080765,40,,measured,6024.364999575482,37232.894000226224,930
27.049,207.063,0.0,matmul-64x128x64,220996.6769996754,889.658,364287.4340000562,230.0799936056137,Current,one_shot,260189.52800017718,259299.87000017718,40,,measured,0.0,38007.920000382,930
26.854,210.662,0.0,matmul-64x128x64,220996.6769996754,648.573,401362.91300037695,252.31999158859253,Random,one_shot,297265.00700049795,296616.434000498,40,37316.564000320795,measured,0.0,38007.920000382,930
27.534,207.112,0.0,matmul-64x128x64,220996.6769996754,619.462,364017.2380000562,227.77600586414337,Current,one_shot,259919.33200017718,259299.87000017718,41,,measured,0.0,38007.920000382,930
27.618000000000002,209.07400000000004,0.0,matmul-64x128x64,174459.18700013863,650.503,322465.9340006866,255.71200251579285,Predicted,one_shot,218368.02800080765,217717.52500080765,41,,measured,6024.364999575482,37232.894000226224,930
26.566,208.83300000000003,0.0,matmul-64x128x64,220996.6769996754,643.455,401357.795000377,250.5599856376648,Random,one_shot,297259.889000498,296616.434000498,41,37316.564000320795,measured,0.0,38007.920000382,930
26.844,132.00400000000002,0.0,matmul-64x128x64,220996.6769996754,527.242,401241.582000377,209.6319943666458,Random,one_shot,297143.676000498,296616.434000498,42,37316.564000320795,measured,0.0,38007.920000382,930
27.457,205.743,0.0,matmul-64x128x64,220996.6769996754,631.963,364029.7390000562,239.32799696922302,Current,one_shot,259931.83300017717,259299.87000017718,42,,measured,0.0,38007.920000382,930
26.875999999999998,206.45299999999997,0.0,matmul-64x128x64,174459.18700013863,647.509,322462.9400006867,257.85601139068604,Predicted,one_shot,218365.03400080765,217717.52500080765,42,,measured,6024.364999575482,37232.894000226224,930
27.49,206.58200000000002,0.0,matmul-64x128x64,220996.6769996754,641.257,401355.59700037696,250.40000677108765,Random,one_shot,297257.69100049796,296616.434000498,43,37316.564000320795,measured,0.0,38007.920000382,930
27.777,206.33800000000002,0.0,matmul-64x128x64,220996.6769996754,631.419,364029.1950000562,240.38399755954742,Current,one_shot,259931.28900017717,259299.87000017718,43,,measured,0.0,38007.920000382,930
27.258,207.00200000000004,0.0,matmul-64x128x64,174459.18700013863,646.927,322462.3580006866,256.1280131340027,Predicted,one_shot,218364.45200080765,217717.52500080765,43,,measured,6024.364999575482,37232.894000226224,930
27.156,206.483,0.0,matmul-64x128x64,220996.6769996754,620.239,364018.0150000562,229.0239930152893,Current,one_shot,259920.10900017718,259299.87000017718,44,,measured,0.0,38007.920000382,930
26.924,207.28799999999998,0.0,matmul-64x128x64,220996.6769996754,643.383,401357.72300037695,250.59199333190918,Random,one_shot,297259.81700049795,296616.434000498,44,37316.564000320795,measured,0.0,38007.920000382,930
28.018,205.36999999999998,0.0,matmul-64x128x64,174459.18700013863,644.594,322460.02500068664,254.30399179458618,Predicted,one_shot,218362.11900080767,217717.52500080765,44,,measured,6024.364999575482,37232.894000226224,930
38.611,147.06,0.0,matmul-64x128x64,174459.18700013863,640.922,322456.3530006866,200.44800639152527,Predicted,one_shot,218358.44700080765,217717.52500080765,45,,measured,6024.364999575482,37232.894000226224,930
26.579,208.06799999999996,0.0,matmul-64x128x64,220996.6769996754,643.327,401357.66700037697,245.728000998497,Random,one_shot,297259.76100049797,296616.434000498,45,37316.564000320795,measured,0.0,38007.920000382,930
27.424,209.667,0.0,matmul-64x128x64,220996.6769996754,638.552,364036.3280000562,240.06399512290955,Current,one_shot,259938.42200017718,259299.87000017718,45,,measured,0.0,38007.920000382,930
27.18,207.069,0.0,matmul-64x128x64,220996.6769996754,638.951,401353.291000377,245.95199525356293,Random,one_shot,297255.385000498,296616.434000498,46,37316.564000320795,measured,0.0,38007.920000382,930
26.994,205.537,0.0,matmul-64x128x64,220996.6769996754,615.348,364013.1240000562,225.0239998102188,Current,one_shot,259915.21800017718,259299.87000017718,46,,measured,0.0,38007.920000382,930
26.900999999999996,208.42299999999994,0.0,matmul-64x128x64,174459.18700013863,648.79,322464.22100068664,256.99201226234436,Predicted,one_shot,218366.31500080766,217717.52500080765,46,,measured,6024.364999575482,37232.894000226224,930
26.445999999999998,207.598,0.0,matmul-64x128x64,220996.6769996754,644.432,401358.77200037695,252.16001272201538,Random,one_shot,297260.86600049795,296616.434000498,47,37316.564000320795,measured,0.0,38007.920000382,930
27.54,207.607,0.0,matmul-64x128x64,220996.6769996754,639.1,364036.87600005616,240.83200097084045,Current,one_shot,259938.97000017719,259299.87000017718,47,,measured,0.0,38007.920000382,930
26.479,206.757,0.0,matmul-64x128x64,174459.18700013863,646.315,322461.74600068666,256.5760016441345,Predicted,one_shot,218363.84000080766,217717.52500080765,47,,measured,6024.364999575482,37232.894000226224,930
25.991,134.025,0.0,matmul-64x128x64,174459.18700013863,512.944,322328.3750006866,196.1279958486557,Predicted,one_shot,218230.46900080764,217717.52500080765,48,,measured,6024.364999575482,37232.894000226224,930
26.845999999999997,209.706,0.0,matmul-64x128x64,220996.6769996754,689.039,401403.37900037697,260.44800877571106,Random,one_shot,297305.47300049796,296616.434000498,48,37316.564000320795,measured,0.0,38007.920000382,930
27.456000000000003,207.859,0.0,matmul-64x128x64,220996.6769996754,629.891,364027.6670000562,239.04000222682953,Current,one_shot,259929.76100017718,259299.87000017718,48,,measured,0.0,38007.920000382,930
26.46,204.534,0.0,matmul-64x128x64,220996.6769996754,634.488,401348.828000377,245.5040067434311,Random,one_shot,297250.922000498,296616.434000498,49,37316.564000320795,measured,0.0,38007.920000382,930
27.6,209.05899999999997,0.0,matmul-64x128x64,174459.18700013863,648.478,322463.90900068666,254.27201390266418,Predicted,one_shot,218366.00300080766,217717.52500080765,49,,measured,6024.364999575482,37232.894000226224,930
27.718,205.71999999999997,0.0,matmul-64x128x64,220996.6769996754,638.701,364036.4770000562,249.05599653720856,Current,one_shot,259938.57100017718,259299.87000017718,49,,measured,0.0,38007.920000382,930
27.916,206.37599999999998,0.0,matmul-64x128x64,220996.6769996754,643.542,401357.882000377,251.45599246025085,Random,one_shot,297259.976000498,296616.434000498,50,37316.564000320795,measured,0.0,38007.920000382,930
28.038,206.332,0.0,matmul-64x128x64,174459.18700013863,645.885,322461.31600068667,254.68799471855164,Predicted,one_shot,218363.41000080766,217717.52500080765,50,,measured,6024.364999575482,37232.894000226224,930
26.818,206.18999999999997,0.0,matmul-64x128x64,220996.6769996754,637.974,364035.75000005617,247.67999351024628,Current,one_shot,259937.84400017717,259299.87000017718,50,,measured,0.0,38007.920000382,930
26.423,133.734,0.0,matmul-64x128x64,220996.6769996754,511.015,363908.7910000562,194.68800723552704,Current,one_shot,259810.8850001772,259299.87000017718,51,,measured,0.0,38007.920000382,930
27.417,206.2,0.0,matmul-64x128x64,220996.6769996754,640.77,401355.110000377,252.3519992828369,Random,one_shot,297257.204000498,296616.434000498,51,37316.564000320795,measured,0.0,38007.920000382,930
26.771,204.28300000000002,0.0,matmul-64x128x64,174459.18700013863,640.289,322455.72000068665,253.79198789596558,Predicted,one_shot,218357.81400080764,217717.52500080765,51,,measured,6024.364999575482,37232.894000226224,930
26.236,131.16,0.0,matmul-64x128x64,174459.18700013863,509.903,322325.33400068665,195.26399672031403,Predicted,one_shot,218227.42800080765,217717.52500080765,52,,measured,6024.364999575482,37232.894000226224,930
27.351,207.272,0.0,matmul-64x128x64,220996.6769996754,639.657,364037.4330000562,249.91999566555023,Current,one_shot,259939.5270001772,259299.87000017718,52,,measured,0.0,38007.920000382,930
27.076999999999998,206.58799999999997,0.0,matmul-64x128x64,220996.6769996754,641.726,401356.066000377,251.13600492477417,Random,one_shot,297258.160000498,296616.434000498,52,37316.564000320795,measured,0.0,38007.920000382,930
25.372,133.535,0.0,matmul-64x128x64,220996.6769996754,524.651,401238.991000377,209.1519981622696,Random,one_shot,297141.085000498,296616.434000498,53,37316.564000320795,measured,0.0,38007.920000382,930
26.534,207.292,0.0,matmul-64x128x64,174459.18700013863,642.98,322458.4110006867,253.50400805473328,Predicted,one_shot,218360.50500080767,217717.52500080765,53,,measured,6024.364999575482,37232.894000226224,930
31.355999999999998,240.533,0.0,matmul-64x128x64,220996.6769996754,683.826,364081.6020000562,249.31199848651886,Current,one_shot,259983.69600017718,259299.87000017718,53,,measured,0.0,38007.920000382,930
28.024,135.36800000000002,0.0,matmul-64x128x64,220996.6769996754,522.085,363919.86100005615,194.07999515533447,Current,one_shot,259821.95500017717,259299.87000017718,54,,measured,0.0,38007.920000382,930
27.362000000000002,211.902,0.0,matmul-64x128x64,174459.18700013863,623.603,322439.03400068666,226.0800004005432,Predicted,one_shot,218341.12800080766,217717.52500080765,54,,measured,6024.364999575482,37232.894000226224,930
27.098999999999997,213.138,0.0,matmul-64x128x64,220996.6769996754,650.907,401365.247000377,252.41601467132568,Random,one_shot,297267.341000498,296616.434000498,54,37316.564000320795,measured,0.0,38007.920000382,930
26.445,207.57499999999996,0.0,matmul-64x128x64,174459.18700013863,620.858,322436.28900068667,230.5919975042343,Predicted,one_shot,218338.38300080766,217717.52500080765,55,,measured,6024.364999575482,37232.894000226224,930
26.655,209.00900000000001,0.0,matmul-64x128x64,220996.6769996754,897.088,401611.42800037697,239.23200368881226,Random,one_shot,297513.52200049796,296616.434000498,55,37316.564000320795,measured,0.0,38007.920000382,930
28.204,210.247,0.0,matmul-64x128x64,220996.6769996754,639.129,364036.90500005614,241.37599766254425,Current,one_shot,259938.99900017717,259299.87000017718,55,,measured,0.0,38007.920000382,930
26.740000000000002,208.461,0.0,matmul-64x128x64,174459.18700013863,650.206,322465.63700068666,255.71200251579285,Predicted,one_shot,218367.73100080766,217717.52500080765,56,,measured,6024.364999575482,37232.894000226224,930
26.303,209.954,0.0,matmul-64x128x64,220996.6769996754,623.269,364021.04500005615,229.88800704479218,Current,one_shot,259923.13900017718,259299.87000017718,56,,measured,0.0,38007.920000382,930
26.845,209.49299999999997,0.0,matmul-64x128x64,220996.6769996754,644.346,401358.686000377,250.04801154136658,Random,one_shot,297260.780000498,296616.434000498,56,37316.564000320795,measured,0.0,38007.920000382,930
27.409999999999997,131.15800000000002,0.0,matmul-64x128x64,220996.6769996754,527.027,401241.367000377,209.79200303554535,Random,one_shot,297143.461000498,296616.434000498,57,37316.564000320795,measured,0.0,38007.920000382,930
27.038,205.831,0.0,matmul-64x128x64,220996.6769996754,616.196,364013.9720000562,225.8560061454773,Current,one_shot,259916.06600017718,259299.87000017718,57,,measured,0.0,38007.920000382,930
26.991999999999997,221.85,0.0,matmul-64x128x64,174459.18700013863,661.276,322476.70700068667,257.34400749206543,Predicted,one_shot,218378.80100080767,217717.52500080765,57,,measured,6024.364999575482,37232.894000226224,930
25.881999999999998,130.851,0.0,matmul-64x128x64,174459.18700013863,508.306,322323.7370006867,196.76800072193146,Predicted,one_shot,218225.83100080767,217717.52500080765,58,,measured,6024.364999575482,37232.894000226224,930
27.918999999999997,207.569,0.0,matmul-64x128x64,220996.6769996754,639.991,401354.33100037696,250.5599856376648,Random,one_shot,297256.42500049795,296616.434000498,58,37316.564000320795,measured,0.0,38007.920000382,930
28.317,207.70600000000002,0.0,matmul-64x128x64,220996.6769996754,630.272,364028.0480000562,239.58399891853333,Current,one_shot,259930.14200017718,259299.87000017718,58,,measured,0.0,38007.920000382,930
25.875,133.915,0.0,matmul-64x128x64,220996.6769996754,509.078,363906.85400005616,193.66399943828583,Current,one_shot,259808.9480001772,259299.87000017718,59,,measured,0.0,38007.920000382,930
26.839,206.048,0.0,matmul-64x128x64,220996.6769996754,632.728,401347.068000377,244.60799992084503,Random,one_shot,297249.162000498,296616.434000498,59,37316.564000320795,measured,0.0,38007.920000382,930
27.424,210.036,0.0,matmul-64x128x64,174459.18700013863,647.036,322462.4670006867,254.5279860496521,Predicted,one_shot,218364.56100080765,217717.52500080765,59,,measured,6024.364999575482,37232.894000226224,930
25.923000000000002,133.89000000000001,0.0,matmul-64x128x64,174459.18700013863,510.843,322326.27400068665,195.8719938993454,Predicted,one_shot,218228.36800080765,217717.52500080765,60,,measured,6024.364999575482,37232.894000226224,930
26.335,210.831,0.0,matmul-64x128x64,220996.6769996754,636.47,401350.81000037695,244.25600469112396,Random,one_shot,297252.90400049795,296616.434000498,60,37316.564000320795,measured,0.0,38007.920000382,930
26.866,216.00300000000001,0.0,matmul-64x128x64,220996.6769996754,638.592,364036.3680000562,240.03200232982635,Current,one_shot,259938.46200017718,259299.87000017718,60,,measured,0.0,38007.920000382,930
26.356,206.18199999999996,0.0,matmul-64x128x64,174459.18700013863,644.059,322459.49000068667,255.87201118469238,Predicted,one_shot,218361.58400080766,217717.52500080765,61,,measured,6024.364999575482,37232.894000226224,930
26.697000000000003,209.393,0.0,matmul-64x128x64,220996.6769996754,620.839,364018.6150000562,230.1120012998581,Current,one_shot,259920.7090001772,259299.87000017718,61,,measured,0.0,38007.920000382,930
26.662999999999997,209.26600000000002,0.0,matmul-64x128x64,220996.6769996754,638.603,401352.943000377,251.16801261901855,Random,one_shot,297255.037000498,296616.434000498,61,37316.564000320795,measured,0.0,38007.920000382,930
26.971000000000004,207.393,0.0,matmul-64x128x64,174459.18700013863,643.127,322458.5580006867,255.42399287223816,Predicted,one_shot,218360.65200080766,217717.52500080765,62,,measured,6024.364999575482,37232.894000226224,930
27.319000000000003,204.482,0.0,matmul-64x128x64,220996.6769996754,630.183,401344.523000377,245.2159970998764,Random,one_shot,297246.617000498,296616.434000498,62,37316.564000320795,measured,0.0,38007.920000382,930
28.415,234.28300000000002,0.0,matmul-64x128x64,220996.6769996754,722.096,364119.8720000562,243.1039959192276,Current,one_shot,260021.96600017717,259299.87000017718,62,,measured,0.0,38007.920000382,930
27.146,208.58000000000004,0.0,matmul-64x128x64,220996.6769996754,639.101,401353.441000377,244.9599951505661,Random,one_shot,297255.535000498,296616.434000498,63,37316.564000320795,measured,0.0,38007.920000382,930
27.163,208.931,0.0,matmul-64x128x64,174459.18700013863,648.147,322463.57800068666,254.84800338745117,Predicted,one_shot,218365.67200080765,217717.52500080765,63,,measured,6024.364999575482,37232.894000226224,930
27.499000000000002,209.956,0.0,matmul-64x128x64,220996.6769996754,644.458,364042.23400005617,251.52000784873962,Current,one_shot,259944.3280001772,259299.87000017718,63,,measured,0.0,38007.920000382,930
