D2H_us,H2D_us,allocation_us,case,collect_us,execute_wall_us,graph_through_D2H_us,kernel_event_us,kernel_profiler_us,layout,mode,pack_through_D2H_us,pack_us,pair,permutation_us,phase,predict_us,remap_soa_us,seed
28.998,467.864,72.504,dot-1024x32,,998.948,,82.91199803352356,54.686,Current,initialize,,,-1,,initialization,,,
29.758,476.428,102.147,dot-1024x32,,1049.962,,104.51199859380722,78.975,Predicted,initialize,,,-1,,initialization,,,
29.391000000000002,522.374,94.848,dot-1024x32,,1072.852,,128.92800569534302,104.286,Random,initialize,,,-1,,initialization,,,928
28.771,477.90799999999996,101.075,dot-1024x32,,1029.341,,127.96799838542938,104.254,Random,initialize,,,-1,,initialization,,,929
28.624,475.539,111.401,dot-1024x32,,1050.636,,127.87200510501862,104.766,Random,initialize,,,-1,,initialization,,,930
30.573,,,dot-1024x32,,157.653,,122.81599640846252,105.79,Random,resident,,,0,,warmup,,,928
30.165,,,dot-1024x32,,134.084,,100.12800246477127,84.382,Predicted,resident,,,0,,warmup,,,928
28.368000000000002,,,dot-1024x32,,133.224,,99.80800002813339,83.999,Current,resident,,,0,,warmup,,,928
27.389,,,dot-1024x32,,153.452,,119.64800208806992,106.11,Random,resident,,,1,,warmup,,,928
27.247,,,dot-1024x32,,130.882,,97.98400104045868,84.254,Predicted,resident,,,1,,warmup,,,928
25.977,,,dot-1024x32,,129.641,,97.34400361776352,84.543,Current,resident,,,1,,warmup,,,928
28.997999999999998,,,dot-1024x32,,151.677,,118.56000125408173,105.629,Random,resident,,,2,,warmup,,,928
26.632,,,dot-1024x32,,129.234,,97.24800288677216,83.646,Current,resident,,,2,,warmup,,,928
25.957,,,dot-1024x32,,129.176,,96.96000069379807,84.063,Predicted,resident,,,2,,warmup,,,928
26.457,,,dot-1024x32,,154.315,,121.31199985742569,107.518,Random,resident,,,3,,warmup,,,928
26.134,,,dot-1024x32,,129.384,,96.76799923181534,84.382,Current,resident,,,3,,warmup,,,928
25.71,,,dot-1024x32,,129.719,,96.92800045013428,83.806,Predicted,resident,,,3,,warmup,,,928
25.066,,,dot-1024x32,,99.481,,66.65600091218948,54.079,Predicted,resident,,,4,,warmup,,,928
27.422,,,dot-1024x32,,128.411,,96.3520035147667,83.582,Current,resident,,,4,,warmup,,,928
26.87,,,dot-1024x32,,150.451,,118.33599954843521,105.63,Random,resident,,,4,,warmup,,,928
26.084,,,dot-1024x32,,128.993,,96.79999947547913,84.03,Predicted,resident,,,5,,warmup,,,928
26.058,,,dot-1024x32,,129.68,,96.99200093746185,84.255,Current,resident,,,5,,warmup,,,928
26.175,,,dot-1024x32,,150.444,,118.30399930477142,105.63,Random,resident,,,5,,warmup,,,928
26.265,,,dot-1024x32,,122.317,,89.50400352478027,77.502,Random,resident,,,6,,warmup,,,928
25.861,,,dot-1024x32,,128.809,,95.8079993724823,84.062,Predicted,resident,,,6,,warmup,,,928
25.725,,,dot-1024x32,,128.402,,96.54399752616882,84.062,Current,resident,,,6,,warmup,,,928
25.689999999999998,,,dot-1024x32,,128.323,,96.38399630784988,83.678,Predicted,resident,,,7,,warmup,,,928
26.28,,,dot-1024x32,,151.13,,118.367999792099,106.398,Random,resident,,,7,,warmup,,,928
25.939,,,dot-1024x32,,129.017,,97.02400118112564,84.35,Current,resident,,,7,,warmup,,,928
25.149,,,dot-1024x32,,99.1,,67.00800359249115,54.367,Current,resident,,,8,,warmup,,,928
25.497999999999998,,,dot-1024x32,,129.213,,97.21600264310837,84.19,Predicted,resident,,,8,,warmup,,,928
26.159,,,dot-1024x32,,151.298,,118.72000247240067,105.693,Random,resident,,,8,,warmup,,,928
26.261000000000003,,,dot-1024x32,,129.437,,96.92800045013428,84.414,Current,resident,,,9,,warmup,,,928
26.362000000000002,,,dot-1024x32,,128.332,,96.47999703884125,83.742,Predicted,resident,,,9,,warmup,,,928
25.582,,,dot-1024x32,,151.237,,118.84800344705582,106.366,Random,resident,,,9,,warmup,,,928
26.46,,,dot-1024x32,,128.028,,95.93600034713745,83.486,Predicted,resident,,,10,,warmup,,,928
26.334,,,dot-1024x32,,128.055,,97.120001912117,84.286,Current,resident,,,10,,warmup,,,928
25.575,,,dot-1024x32,,150.682,,118.40000003576279,106.238,Random,resident,,,10,,warmup,,,928
25.144,,,dot-1024x32,,122.706,,91.58399701118469,79.198,Random,resident,,,11,,warmup,,,928
25.86,,,dot-1024x32,,128.779,,96.3520035147667,83.71,Current,resident,,,11,,warmup,,,928
25.929000000000002,,,dot-1024x32,,128.069,,96.44799679517746,83.646,Predicted,resident,,,11,,warmup,,,928
26.427,,,dot-1024x32,,151.993,,119.35999989509583,106.493,Random,resident,,,12,,warmup,,,928
26.003,,,dot-1024x32,,128.848,,96.83199971914291,83.678,Predicted,resident,,,12,,warmup,,,928
26.122,,,dot-1024x32,,128.112,,96.47999703884125,83.998,Current,resident,,,12,,warmup,,,928
26.307000000000002,,,dot-1024x32,,151.447,,119.1679984331131,106.366,Random,resident,,,13,,warmup,,,928
26.875999999999998,,,dot-1024x32,,128.423,,96.16000205278397,83.742,Current,resident,,,13,,warmup,,,928
25.343,,,dot-1024x32,,128.177,,96.28800302743912,83.806,Predicted,resident,,,13,,warmup,,,928
26.158,,,dot-1024x32,,150.505,,118.33599954843521,105.694,Random,resident,,,14,,warmup,,,928
26.899,,,dot-1024x32,,129.28,,96.83199971914291,84.286,Current,resident,,,14,,warmup,,,928
26.667,,,dot-1024x32,,129.548,,97.02400118112564,84.126,Predicted,resident,,,14,,warmup,,,928
24.729,,,dot-1024x32,,98.99,,66.91200286149979,54.111,Predicted,resident,,,15,,warmup,,,928
26.426000000000002,,,dot-1024x32,,150.463,,118.27199906110764,105.63,Random,resident,,,15,,warmup,,,928
26.305999999999997,,,dot-1024x32,,129.405,,96.67199850082397,84.191,Current,resident,,,15,,warmup,,,928
25.011000000000003,,,dot-1024x32,,98.751,,66.94400310516357,54.27,Current,resident,,,0,,measured,,,928
26.395,,,dot-1024x32,,129.202,,96.70399874448776,83.998,Predicted,resident,,,0,,measured,,,928
25.677999999999997,,,dot-1024x32,,150.947,,118.78400295972824,106.397,Random,resident,,,0,,measured,,,928
25.55,,,dot-1024x32,,122.782,,90.91199934482574,78.463,Random,resident,,,1,,measured,,,928
26.085,,,dot-1024x32,,128.482,,96.67199850082397,83.774,Predicted,resident,,,1,,measured,,,928
26.753,,,dot-1024x32,,129.529,,97.31200337409973,84.286,Current,resident,,,1,,measured,,,928
26.064999999999998,,,dot-1024x32,,128.544,,95.90400010347366,83.454,Predicted,resident,,,2,,measured,,,928
27.238999999999997,,,dot-1024x32,,128.185,,96.25600278377533,83.87,Current,resident,,,2,,measured,,,928
26.223999999999997,,,dot-1024x32,,150.879,,118.1119978427887,105.982,Random,resident,,,2,,measured,,,928
25.951999999999998,,,dot-1024x32,,128.518,,96.57599776983261,83.902,Predicted,resident,,,3,,measured,,,928
26.078,,,dot-1024x32,,150.326,,118.17599833011627,105.501,Random,resident,,,3,,measured,,,928
25.561,,,dot-1024x32,,129.534,,96.8639999628067,84.254,Current,resident,,,3,,measured,,,928
25.645,,,dot-1024x32,,98.27,,66.6240006685257,54.175,Current,resident,,,4,,measured,,,928
26.252000000000002,,,dot-1024x32,,129.032,,97.24800288677216,84.287,Predicted,resident,,,4,,measured,,,928
26.192999999999998,,,dot-1024x32,,151.232,,118.72000247240067,105.758,Random,resident,,,4,,measured,,,928
25.697,,,dot-1024x32,,121.153,,89.37600255012512,76.798,Random,resident,,,5,,measured,,,928
26.152,,,dot-1024x32,,128.231,,96.09600156545639,83.518,Predicted,resident,,,5,,measured,,,928
26.113,,,dot-1024x32,,128.888,,96.76799923181534,84.19,Current,resident,,,5,,measured,,,928
25.284999999999997,,,dot-1024x32,,97.523,,66.14399701356888,54.303,Current,resident,,,6,,measured,,,928
25.69,,,dot-1024x32,,126.83,,95.87199985980988,83.55,Predicted,resident,,,6,,measured,,,928
25.784,,,dot-1024x32,,155.976,,119.9679970741272,107.326,Random,resident,,,6,,measured,,,928
25.784,,,dot-1024x32,,128.849,,97.05600142478943,84.191,Current,resident,,,7,,measured,,,928
25.752000000000002,,,dot-1024x32,,149.32,,118.14399808645248,105.598,Random,resident,,,7,,measured,,,928
25.392000000000003,,,dot-1024x32,,128.15,,96.41599655151367,84.031,Predicted,resident,,,7,,measured,,,928
25.796,,,dot-1024x32,,97.55,,66.39999896287918,54.079,Predicted,resident,,,8,,measured,,,928
26.487000000000002,,,dot-1024x32,,127.947,,96.63999825716019,84.158,Current,resident,,,8,,measured,,,928
26.528,,,dot-1024x32,,151.011,,119.52000111341476,107.07,Random,resident,,,8,,measured,,,928
28.581000000000003,,,dot-1024x32,,121.272,,89.59999680519104,77.694,Random,resident,,,9,,measured,,,928
41.504999999999995,,,dot-1024x32,,144.93,,111.10399663448334,84.318,Predicted,resident,,,9,,measured,,,928
25.665999999999997,,,dot-1024x32,,128.432,,96.99200093746185,84.222,Current,resident,,,9,,measured,,,928
26.462,,,dot-1024x32,,195.083,,133.40799510478973,106.237,Random,resident,,,10,,measured,,,928
26.103,,,dot-1024x32,,161.602,,110.88000237941742,84.063,Current,resident,,,10,,measured,,,928
26.938,,,dot-1024x32,,128.255,,96.6079980134964,84.03,Predicted,resident,,,10,,measured,,,928
24.875,,,dot-1024x32,,98.693,,66.65600091218948,54.398,Predicted,resident,,,11,,measured,,,928
25.245,,,dot-1024x32,,151.368,,119.4240003824234,106.814,Random,resident,,,11,,measured,,,928
25.958,,,dot-1024x32,,128.406,,96.8639999628067,84.542,Current,resident,,,11,,measured,,,928
26.128,,,dot-1024x32,,132.589,,100.51199793815613,83.742,Predicted,resident,,,12,,measured,,,928
25.988,,,dot-1024x32,,128.868,,96.67199850082397,83.902,Current,resident,,,12,,measured,,,928
25.701,,,dot-1024x32,,149.008,,117.66400188207626,105.406,Random,resident,,,12,,measured,,,928
25.17,,,dot-1024x32,,127.777,,91.71199798583984,79.166,Random,resident,,,13,,measured,,,928
25.655,,,dot-1024x32,,128.454,,96.38399630784988,83.71,Current,resident,,,13,,measured,,,928
25.389000000000003,,,dot-1024x32,,127.29,,96.92800045013428,84.094,Predicted,resident,,,13,,measured,,,928
25.54,,,dot-1024x32,,97.907,,66.30399823188782,54.431,Predicted,resident,,,14,,measured,,,928
26.613,,,dot-1024x32,,128.057,,95.83999961614609,83.711,Current,resident,,,14,,measured,,,928
44.834,,,dot-1024x32,,202.384,,147.45600521564484,107.133,Random,resident,,,14,,measured,,,928
25.266,,,dot-1024x32,,125.738,,92.54399687051773,79.263,Random,resident,,,15,,measured,,,928
26.573,,,dot-1024x32,,129.174,,97.21600264310837,83.998,Predicted,resident,,,15,,measured,,,928
26.644,,,dot-1024x32,,128.743,,96.83199971914291,84.126,Current,resident,,,15,,measured,,,928
26.793,,,dot-1024x32,,149.084,,118.49600076675415,105.758,Random,resident,,,16,,measured,,,928
25.738,,,dot-1024x32,,128.464,,96.44799679517746,84.158,Predicted,resident,,,16,,measured,,,928
26.503,,,dot-1024x32,,128.963,,96.8639999628067,83.934,Current,resident,,,16,,measured,,,928
26.375999999999998,,,dot-1024x32,,149.961,,118.68800222873688,106.333,Random,resident,,,17,,measured,,,928
41.872,,,dot-1024x32,,150.808,,96.3520035147667,83.902,Current,resident,,,17,,measured,,,928
25.248,,,dot-1024x32,,128.09,,96.28800302743912,83.806,Predicted,resident,,,17,,measured,,,928
28.246000000000002,,,dot-1024x32,,154.746,,120.06399780511856,105.502,Random,resident,,,18,,measured,,,928
27.148,,,dot-1024x32,,128.911,,96.76799923181534,84.03,Current,resident,,,18,,measured,,,928
26.756999999999998,,,dot-1024x32,,129.223,,96.67199850082397,84.062,Predicted,resident,,,18,,measured,,,928
26.106,,,dot-1024x32,,127.51,,95.61599791049957,83.454,Current,resident,,,19,,measured,,,928
28.374000000000002,,,dot-1024x32,,168.212,,105.76000064611435,83.678,Predicted,resident,,,19,,measured,,,928
31.171,,,dot-1024x32,,152.866,,119.9679970741272,106.173,Random,resident,,,19,,measured,,,928
26.715,,,dot-1024x32,,159.184,,90.91199934482574,77.727,Random,resident,,,20,,measured,,,928
27.072,,,dot-1024x32,,130.692,,97.37599641084671,83.518,Predicted,resident,,,20,,measured,,,928
26.274,,,dot-1024x32,,128.488,,97.05600142478943,84.19,Current,resident,,,20,,measured,,,928
26.657,,,dot-1024x32,,128.833,,96.76799923181534,83.646,Predicted,resident,,,21,,measured,,,928
27.855,,,dot-1024x32,,164.582,,121.8239963054657,106.589,Random,resident,,,21,,measured,,,928
26.145,,,dot-1024x32,,129.502,,97.28000313043594,84.254,Current,resident,,,21,,measured,,,928
25.776,,,dot-1024x32,,98.969,,67.26399809122086,54.367,Current,resident,,,22,,measured,,,928
74.884,,,dot-1024x32,,209.572,,125.05599856376648,106.013,Random,resident,,,22,,measured,,,928
43.963,,,dot-1024x32,,130.834,,97.6639986038208,83.966,Predicted,resident,,,22,,measured,,,928
27.164,,,dot-1024x32,,170.695,,136.4160031080246,105.406,Random,resident,,,23,,measured,,,928
42.286,,,dot-1024x32,,134.531,,98.75199943780899,84.446,Current,resident,,,23,,measured,,,928
25.904,,,dot-1024x32,,129.727,,97.05600142478943,83.87,Predicted,resident,,,23,,measured,,,928
26.744,,,dot-1024x32,,131.062,,97.34400361776352,83.582,Current,resident,,,24,,measured,,,928
26.532,,,dot-1024x32,,128.784,,96.51199728250504,83.55,Predicted,resident,,,24,,measured,,,928
129.951,,,dot-1024x32,,194.531,,135.83999872207642,105.982,Random,resident,,,24,,measured,,,928
26.028,,,dot-1024x32,,125.944,,91.74399822950363,76.863,Random,resident,,,25,,measured,,,928
41.507000000000005,,,dot-1024x32,,130.066,,97.08800166845322,83.454,Predicted,resident,,,25,,measured,,,928
26.357,,,dot-1024x32,,130.188,,97.72799909114838,84.286,Current,resident,,,25,,measured,,,928
26.803,,,dot-1024x32,,129.457,,96.41599655151367,83.486,Predicted,resident,,,26,,measured,,,928
26.541,,,dot-1024x32,,151.874,,118.49600076675415,105.214,Random,resident,,,26,,measured,,,928
32.938,,,dot-1024x32,,146.702,,98.4639972448349,84.094,Current,resident,,,26,,measured,,,928
26.903,,,dot-1024x32,,151.821,,118.9119964838028,105.181,Random,resident,,,27,,measured,,,928
26.162,,,dot-1024x32,,129.498,,96.73599898815155,83.678,Current,resident,,,27,,measured,,,928
26.786,,,dot-1024x32,,127.709,,96.63999825716019,83.742,Predicted,resident,,,27,,measured,,,928
26.096,,,dot-1024x32,,128.055,,96.54399752616882,83.678,Current,resident,,,28,,measured,,,928
28.329,,,dot-1024x32,,151.73,,118.81600320339203,105.789,Random,resident,,,28,,measured,,,928
28.146,,,dot-1024x32,,131.284,,98.4639972448349,84.094,Predicted,resident,,,28,,measured,,,928
25.310000000000002,,,dot-1024x32,,98.311,,66.49599969387054,54.174,Predicted,resident,,,29,,measured,,,928
26.456,,,dot-1024x32,,129.471,,96.79999947547913,83.966,Current,resident,,,29,,measured,,,928
36.498999999999995,,,dot-1024x32,,152.661,,119.52000111341476,106.397,Random,resident,,,29,,measured,,,928
26.166,,,dot-1024x32,,130.408,,97.02400118112564,84.222,Predicted,resident,,,30,,measured,,,928
26.811999999999998,,,dot-1024x32,,143.441,,96.79999947547913,84.03,Current,resident,,,30,,measured,,,928
26.096,,,dot-1024x32,,151.218,,118.27199906110764,105.758,Random,resident,,,30,,measured,,,928
25.789,,,dot-1024x32,,134.105,,100.92800110578537,78.654,Random,resident,,,31,,measured,,,928
25.872,,,dot-1024x32,,129.512,,96.99200093746185,83.966,Predicted,resident,,,31,,measured,,,928
26.104,,,dot-1024x32,,128.939,,96.73599898815155,84.158,Current,resident,,,31,,measured,,,928
25.657,,,dot-1024x32,,99.548,,67.32799857854843,54.335,Current,resident,,,32,,measured,,,928
25.466,,,dot-1024x32,,128.242,,96.28800302743912,83.646,Predicted,resident,,,32,,measured,,,928
26.65,,,dot-1024x32,,150.457,,117.95199662446976,105.405,Random,resident,,,32,,measured,,,928
25.555,,,dot-1024x32,,121.591,,89.85599875450134,77.471,Random,resident,,,33,,measured,,,928
25.704,,,dot-1024x32,,128.098,,96.22400254011154,83.775,Predicted,resident,,,33,,measured,,,928
25.561,,,dot-1024x32,,128.468,,96.76799923181534,84.318,Current,resident,,,33,,measured,,,928
29.691000000000003,,,dot-1024x32,,142.312,,100.5759984254837,83.551,Predicted,resident,,,34,,measured,,,928
26.813,,,dot-1024x32,,129.985,,97.47199714183807,83.678,Current,resident,,,34,,measured,,,928
26.207,,,dot-1024x32,,151.209,,119.26399916410446,106.365,Random,resident,,,34,,measured,,,928
26.439,,,dot-1024x32,,128.229,,96.38399630784988,83.518,Current,resident,,,35,,measured,,,928
25.904,,,dot-1024x32,,151.608,,119.35999989509583,106.749,Random,resident,,,35,,measured,,,928
25.750999999999998,,,dot-1024x32,,127.959,,96.70399874448776,84.158,Predicted,resident,,,35,,measured,,,928
26.352,,,dot-1024x32,,150.967,,118.8800036907196,105.854,Random,resident,,,36,,measured,,,928
26.576999999999998,,,dot-1024x32,,129.361,,97.120001912117,84.222,Current,resident,,,36,,measured,,,928
25.686999999999998,,,dot-1024x32,,128.008,,96.09600156545639,83.806,Predicted,resident,,,36,,measured,,,928
41.589,,,dot-1024x32,,168.042,,131.71200454235077,83.71,Current,resident,,,37,,measured,,,928
26.023,,,dot-1024x32,,150.11,,118.14399808645248,105.566,Random,resident,,,37,,measured,,,928
26.072000000000003,,,dot-1024x32,,128.362,,96.6079980134964,84.191,Predicted,resident,,,37,,measured,,,928
26.94,,,dot-1024x32,,150.536,,118.30399930477142,105.726,Random,resident,,,38,,measured,,,928
25.371000000000002,,,dot-1024x32,,127.791,,96.12800180912018,83.774,Predicted,resident,,,38,,measured,,,928
26.599,,,dot-1024x32,,128.359,,96.3200032711029,84.222,Current,resident,,,38,,measured,,,928
25.755000000000003,,,dot-1024x32,,151.326,,119.9679970741272,107.23,Random,resident,,,39,,measured,,,928
25.735,,,dot-1024x32,,128.753,,96.89600020647049,84.254,Current,resident,,,39,,measured,,,928
26.939,,,dot-1024x32,,188.306,,111.90400272607803,83.998,Predicted,resident,,,39,,measured,,,928
26.336,,,dot-1024x32,,151.145,,118.9119964838028,106.045,Random,resident,,,40,,measured,,,928
26.107999999999997,,,dot-1024x32,,127.892,,96.12800180912018,83.582,Predicted,resident,,,40,,measured,,,928
26.509999999999998,,,dot-1024x32,,128.165,,96.57599776983261,84.126,Current,resident,,,40,,measured,,,928
26.295,,,dot-1024x32,,149.282,,117.76000261306763,105.182,Random,resident,,,41,,measured,,,928
25.945,,,dot-1024x32,,127.793,,95.96800059080124,83.646,Current,resident,,,41,,measured,,,928
26.304000000000002,,,dot-1024x32,,128.193,,96.70399874448776,84.254,Predicted,resident,,,41,,measured,,,928
25.053,,,dot-1024x32,,97.84,,66.04799628257751,53.982,Predicted,resident,,,42,,measured,,,928
26.061,,,dot-1024x32,,143.367,,96.47999703884125,83.614,Current,resident,,,42,,measured,,,928
26.384,,,dot-1024x32,,150.238,,118.52800101041794,106.109,Random,resident,,,42,,measured,,,928
26.15,,,dot-1024x32,,127.767,,96.3200032711029,83.742,Current,resident,,,43,,measured,,,928
25.44,,,dot-1024x32,,149.123,,116.7680025100708,104.606,Random,resident,,,43,,measured,,,928
26.089,,,dot-1024x32,,128.884,,96.51199728250504,84.574,Predicted,resident,,,43,,measured,,,928
26.599,,,dot-1024x32,,149.316,,117.21599847078323,104.382,Random,resident,,,44,,measured,,,928
25.752000000000002,,,dot-1024x32,,139.698,,108.12799632549286,83.55,Predicted,resident,,,44,,measured,,,928
26.522,,,dot-1024x32,,128.556,,96.96000069379807,84.03,Current,resident,,,44,,measured,,,928
26.166,,,dot-1024x32,,129.134,,96.92800045013428,83.679,Predicted,resident,,,45,,measured,,,928
25.796,,,dot-1024x32,,151.158,,119.23199892044067,106.461,Random,resident,,,45,,measured,,,928
26.512,,,dot-1024x32,,128.535,,97.08800166845322,84.318,Current,resident,,,45,,measured,,,928
25.828000000000003,,,dot-1024x32,,128.309,,96.47999703884125,83.838,Predicted,resident,,,46,,measured,,,928
26.067999999999998,,,dot-1024x32,,127.845,,95.87199985980988,83.487,Current,resident,,,46,,measured,,,928
25.936,,,dot-1024x32,,150.483,,118.68800222873688,105.918,Random,resident,,,46,,measured,,,928
24.904,,,dot-1024x32,,121.37,,89.50400352478027,77.31,Random,resident,,,47,,measured,,,928
25.726,,,dot-1024x32,,127.852,,95.93600034713745,83.678,Current,resident,,,47,,measured,,,928
25.903,,,dot-1024x32,,128.051,,96.54399752616882,84.03,Predicted,resident,,,47,,measured,,,928
26.432,,,dot-1024x32,,150.931,,119.48800086975098,106.397,Random,resident,,,48,,measured,,,928
26.232,,,dot-1024x32,,128.743,,97.15200215578079,84.286,Current,resident,,,48,,measured,,,928
25.96,,,dot-1024x32,,128.555,,96.89600020647049,84.222,Predicted,resident,,,48,,measured,,,928
26.491999999999997,,,dot-1024x32,,127.7,,96.12800180912018,83.678,Current,resident,,,49,,measured,,,928
25.359,,,dot-1024x32,,127.166,,95.87199985980988,83.454,Predicted,resident,,,49,,measured,,,928
42.265,,,dot-1024x32,,149.175,,117.85600334405899,105.533,Random,resident,,,49,,measured,,,928
39.42,,,dot-1024x32,,129.754,,96.89600020647049,84.19,Current,resident,,,50,,measured,,,928
25.865000000000002,,,dot-1024x32,,128.265,,96.57599776983261,84.414,Predicted,resident,,,50,,measured,,,928
25.872,,,dot-1024x32,,149.792,,118.20799857378006,105.95,Random,resident,,,50,,measured,,,928
25.872999999999998,,,dot-1024x32,,130.972,,98.7199991941452,84.478,Current,resident,,,51,,measured,,,928
25.789,,,dot-1024x32,,149.32,,117.53600090742111,105.437,Random,resident,,,51,,measured,,,928
40.307,,,dot-1024x32,,159.144,,110.23999750614166,83.903,Predicted,resident,,,51,,measured,,,928
25.628,,,dot-1024x32,,149.272,,118.01599711179733,105.374,Random,resident,,,52,,measured,,,928
25.881999999999998,,,dot-1024x32,,127.488,,96.3200032711029,83.614,Predicted,resident,,,52,,measured,,,928
53.093,,,dot-1024x32,,144.821,,97.05600142478943,84.35,Current,resident,,,52,,measured,,,928
26.014000000000003,,,dot-1024x32,,143.803,,95.74399888515472,83.422,Predicted,resident,,,53,,measured,,,928
26.28,,,dot-1024x32,,149.728,,118.30399930477142,105.982,Random,resident,,,53,,measured,,,928
25.71,,,dot-1024x32,,128.437,,96.6079980134964,84.222,Current,resident,,,53,,measured,,,928
25.575,,,dot-1024x32,,128.567,,96.70399874448776,84.126,Predicted,resident,,,54,,measured,,,928
26.729999999999997,,,dot-1024x32,,150.747,,119.07199770212173,106.59,Random,resident,,,54,,measured,,,928
26.295,,,dot-1024x32,,128.345,,96.57599776983261,84.446,Current,resident,,,54,,measured,,,928
25.959,,,dot-1024x32,,128.205,,96.83199971914291,84.094,Predicted,resident,,,55,,measured,,,928
31.776,,,dot-1024x32,,185.702,,127.48800218105316,106.173,Random,resident,,,55,,measured,,,928
27.233,,,dot-1024x32,,133.209,,99.10400211811066,84.286,Current,resident,,,55,,measured,,,928
26.936999999999998,,,dot-1024x32,,101.307,,67.58400052785873,54.175,Current,resident,,,56,,measured,,,928
28.484,,,dot-1024x32,,136.661,,98.4639972448349,84.159,Predicted,resident,,,56,,measured,,,928
30.215,,,dot-1024x32,,158.274,,120.44800072908401,106.269,Random,resident,,,56,,measured,,,928
27.716,,,dot-1024x32,,132.874,,98.52799773216248,83.998,Current,resident,,,57,,measured,,,928
28.606,,,dot-1024x32,,155.656,,118.8800036907196,104.893,Random,resident,,,57,,measured,,,928
28.282000000000004,,,dot-1024x32,,130.947,,97.59999811649323,84.158,Predicted,resident,,,57,,measured,,,928
25.685000000000002,,,dot-1024x32,,101.506,,67.55200028419495,54.335,Predicted,resident,,,58,,measured,,,928
26.32,,,dot-1024x32,,150.406,,117.88800358772278,105.437,Random,resident,,,58,,measured,,,928
27.137,,,dot-1024x32,,130.583,,97.21600264310837,84.414,Current,resident,,,58,,measured,,,928
54.775999999999996,,,dot-1024x32,,116.672,,66.81600213050842,54.27,Current,resident,,,59,,measured,,,928
28.801,,,dot-1024x32,,171.539,,122.52800166606903,106.109,Random,resident,,,59,,measured,,,928
43.482,,,dot-1024x32,,168.091,,106.91200196743011,84.19,Predicted,resident,,,59,,measured,,,928
28.357,,,dot-1024x32,,132.511,,99.32799637317657,84.318,Current,resident,,,60,,measured,,,928
26.471,,,dot-1024x32,,130.752,,97.69599884748459,83.71,Predicted,resident,,,60,,measured,,,928
27.713,,,dot-1024x32,,157.873,,119.10399794578552,104.638,Random,resident,,,60,,measured,,,928
27.036,,,dot-1024x32,,131.408,,98.33600372076035,84.511,Current,resident,,,61,,measured,,,928
27.094,,,dot-1024x32,,130.043,,96.96000069379807,84.03,Predicted,resident,,,61,,measured,,,928
26.296,,,dot-1024x32,,152.427,,119.4240003824234,106.43,Random,resident,,,61,,measured,,,928
26.880000000000003,,,dot-1024x32,,130.55,,97.37599641084671,84.03,Predicted,resident,,,62,,measured,,,928
27.501,,,dot-1024x32,,161.577,,128.51199507713318,105.47,Random,resident,,,62,,measured,,,928
26.393,,,dot-1024x32,,130.577,,97.43999689817429,84.382,Current,resident,,,62,,measured,,,928
26.36,,,dot-1024x32,,130.122,,97.53599762916565,84.255,Predicted,resident,,,63,,measured,,,928
40.099,,,dot-1024x32,,154.14,,119.23199892044067,106.525,Random,resident,,,63,,measured,,,928
39.691,,,dot-1024x32,,165.693,,106.175996363163,84.414,Current,resident,,,63,,measured,,,928
41.516,608.304,0.0,dot-1024x32,731825.3729999925,1170.416,1356752.2080005212,126.0479986667633,103.678,Random,one_shot,1037539.1769997214,1036368.7609997215,0,160158.32299945032,warmup,0.0,143345.3350000491,928
42.74,639.9010000000002,0.0,dot-1024x32,647744.1850001924,1140.808,1142464.7180011196,107.64800012111664,83.166,Predicted,one_shot,823251.68700032,822110.87900032,0,,warmup,23593.693999828247,150772.5430001301,928
41.047,605.618,0.0,dot-1024x32,731825.3729999925,1097.357,1196520.8260010707,106.97600245475769,82.622,Current,one_shot,877307.795000271,876210.4380002711,0,,warmup,0.0,143345.3350000491,928
40.387,615.4440000000001,0.0,dot-1024x32,731825.3729999925,1119.503,1356701.2950005212,128.92800569534302,104.861,Random,one_shot,1037488.2639997215,1036368.7609997215,1,160158.32299945032,warmup,0.0,143345.3350000491,928
43.222,609.594,0.0,dot-1024x32,647744.1850001924,1065.47,1142389.3800011196,105.27999699115753,83.55,Predicted,one_shot,823176.34900032,822110.87900032,1,,warmup,23593.693999828247,150772.5430001301,928
39.97,596.8829999999999,0.0,dot-1024x32,731825.3729999925,1075.853,1196499.3220010707,106.39999806880951,82.686,Current,one_shot,877286.2910002711,876210.4380002711,1,,warmup,0.0,143345.3350000491,928
40.013999999999996,587.936,0.0,dot-1024x32,731825.3729999925,1087.365,1356669.1570005212,129.12000715732574,105.885,Random,one_shot,1037456.1259997215,1036368.7609997215,2,160158.32299945032,warmup,0.0,143345.3350000491,928
38.689,624.393,0.0,dot-1024x32,731825.3729999925,1092.767,1196516.2360010708,105.69600015878677,81.182,Current,one_shot,877303.2050002711,876210.4380002711,2,,warmup,0.0,143345.3350000491,928
36.351,618.4739999999999,0.0,dot-1024x32,647744.1850001924,1087.1,1142411.0100011197,107.29599744081497,83.006,Predicted,one_shot,823197.97900032,822110.87900032,2,,warmup,23593.693999828247,150772.5430001301,928
40.694,596.027,0.0,dot-1024x32,731825.3729999925,1102.236,1356684.0280005212,130.3039938211441,105.437,Random,one_shot,1037470.9969997215,1036368.7609997215,3,160158.32299945032,warmup,0.0,143345.3350000491,928
40.563,606.4530000000001,0.0,dot-1024x32,731825.3729999925,1091.159,1196514.6280010708,106.88000172376633,82.942,Current,one_shot,877301.5970002711,876210.4380002711,3,,warmup,0.0,143345.3350000491,928
38.988,625.9310000000002,0.0,dot-1024x32,647744.1850001924,1107.447,1142431.3570011198,108.70400071144104,82.911,Predicted,one_shot,823218.32600032,822110.87900032,3,,warmup,23593.693999828247,150772.5430001301,928
28.404,464.221,0.0,dot-1024x32,647744.1850001924,997.384,1142321.2940011197,73.18399846553802,54.975,Predicted,one_shot,823108.26300032,822110.87900032,4,,warmup,23593.693999828247,150772.5430001301,928
27.902,543.553,0.0,dot-1024x32,731825.3729999925,862.837,1196286.306001071,97.37599641084671,81.758,Current,one_shot,877073.2750002712,876210.4380002711,4,,warmup,0.0,143345.3350000491,928
29.134,569.09,0.0,dot-1024x32,731825.3729999925,924.069,1356505.861000521,120.41600048542023,104.67,Random,one_shot,1037292.8299997215,1036368.7609997215,4,160158.32299945032,warmup,0.0,143345.3350000491,928
27.739,501.118,0.0,dot-1024x32,647744.1850001924,819.012,1142142.9220011197,98.1760025024414,83.423,Predicted,one_shot,822929.89100032,822110.87900032,5,,warmup,23593.693999828247,150772.5430001301,928
28.598,537.392,0.0,dot-1024x32,731825.3729999925,853.579,1196277.0480010707,98.39999675750732,82.75,Current,one_shot,877064.0170002711,876210.4380002711,5,,warmup,0.0,143345.3350000491,928
27.929000000000002,524.2439999999999,0.0,dot-1024x32,731825.3729999925,861.446,1356443.2380005212,120.4800009727478,104.958,Random,one_shot,1037230.2069997215,1036368.7609997215,5,160158.32299945032,warmup,0.0,143345.3350000491,928
26.886000000000003,377.868,0.0,dot-1024x32,731825.3729999925,688.317,1356270.1090005212,93.91999989748001,79.423,Random,one_shot,1037057.0779997215,1036368.7609997215,6,160158.32299945032,warmup,0.0,143345.3350000491,928
27.033,505.56399999999996,0.0,dot-1024x32,647744.1850001924,818.826,1142142.7360011197,97.63199836015701,83.038,Predicted,one_shot,822929.70500032,822110.87900032,6,,warmup,23593.693999828247,150772.5430001301,928
28.131999999999998,507.8809999999999,0.0,dot-1024x32,731825.3729999925,822.606,1196246.0750010707,98.24000298976898,82.654,Current,one_shot,877033.0440002711,876210.4380002711,6,,warmup,0.0,143345.3350000491,928
27.246000000000002,453.415,0.0,dot-1024x32,647744.1850001924,786.187,1142110.0970011197,97.21600264310837,82.462,Predicted,one_shot,822897.06600032,822110.87900032,7,,warmup,23593.693999828247,150772.5430001301,928
28.061,502.952,0.0,dot-1024x32,731825.3729999925,841.238,1356423.030000521,120.60800194740295,105.15,Random,one_shot,1037209.9989997215,1036368.7609997215,7,160158.32299945032,warmup,0.0,143345.3350000491,928
28.615000000000002,512.35,0.0,dot-1024x32,731825.3729999925,829.214,1196252.6830010707,97.75999933481216,82.911,Current,one_shot,877039.6520002711,876210.4380002711,7,,warmup,0.0,143345.3350000491,928
29.317999999999998,416.73,0.0,dot-1024x32,731825.3729999925,707.408,1196130.8770010709,69.023996591568,54.303,Current,one_shot,876917.8460002712,876210.4380002711,8,,warmup,0.0,143345.3350000491,928
27.921,502.03299999999996,0.0,dot-1024x32,647744.1850001924,828.447,1142152.3570011198,98.27200323343277,82.974,Predicted,one_shot,822939.32600032,822110.87900032,8,,warmup,23593.693999828247,150772.5430001301,928
27.494,503.76500000000004,0.0,dot-1024x32,731825.3729999925,841.747,1356423.5390005212,120.64000219106674,105.629,Random,one_shot,1037210.5079997214,1036368.7609997215,8,160158.32299945032,warmup,0.0,143345.3350000491,928
29.990000000000002,500.6140000000001,0.0,dot-1024x32,731825.3729999925,856.202,1196279.6710010709,103.04000228643417,82.75,Current,one_shot,877066.6400002711,876210.4380002711,9,,warmup,0.0,143345.3350000491,928
28.078,520.6,0.0,dot-1024x32,647744.1850001924,840.703,1142164.6130011196,98.08000177145004,83.326,Predicted,one_shot,822951.58200032,822110.87900032,9,,warmup,23593.693999828247,150772.5430001301,928
27.902,516.201,0.0,dot-1024x32,731825.3729999925,856.393,1356438.1850005211,120.25599926710129,104.99,Random,one_shot,1037225.1539997215,1036368.7609997215,9,160158.32299945032,warmup,0.0,143345.3350000491,928
27.366,486.9539999999999,0.0,dot-1024x32,647744.1850001924,815.921,1142139.8310011197,97.56799787282944,82.75,Predicted,one_shot,822926.80000032,822110.87900032,10,,warmup,23593.693999828247,150772.5430001301,928
28.218000000000004,508.359,0.0,dot-1024x32,731825.3729999925,831.169,1196254.6380010708,98.24000298976898,82.591,Current,one_shot,877041.6070002711,876210.4380002711,10,,warmup,0.0,143345.3350000491,928
27.293,472.91700000000003,0.0,dot-1024x32,731825.3729999925,809.275,1356391.067000521,119.84000355005264,104.606,Random,one_shot,1037178.0359997215,1036368.7609997215,10,160158.32299945032,warmup,0.0,143345.3350000491,928
26.622,365.7989999999999,0.0,dot-1024x32,731825.3729999925,688.445,1356270.237000521,93.50399672985077,78.687,Random,one_shot,1037057.2059997214,1036368.7609997215,11,160158.32299945032,warmup,0.0,143345.3350000491,928
28.195,489.66499999999996,0.0,dot-1024x32,731825.3729999925,802.971,1196226.4400010707,95.74399888515472,81.598,Current,one_shot,877013.4090002711,876210.4380002711,11,,warmup,0.0,143345.3350000491,928
27.741,473.38100000000003,0.0,dot-1024x32,647744.1850001924,810.655,1142134.5650011196,97.72799909114838,82.814,Predicted,one_shot,822921.53400032,822110.87900032,11,,warmup,23593.693999828247,150772.5430001301,928
36.944,456.974,0.0,dot-1024x32,731825.3729999925,815.436,1356397.2280005212,120.57600170373917,106.014,Random,one_shot,1037184.1969997215,1036368.7609997215,12,160158.32299945032,warmup,0.0,143345.3350000491,928
27.588,454.77899999999994,0.0,dot-1024x32,647744.1850001924,772.045,1142095.9550011198,97.53599762916565,82.591,Predicted,one_shot,822882.92400032,822110.87900032,12,,warmup,23593.693999828247,150772.5430001301,928
27.43,463.201,0.0,dot-1024x32,731825.3729999925,776.379,1196199.8480010708,97.18400239944458,82.718,Current,one_shot,876986.817000271,876210.4380002711,12,,warmup,0.0,143345.3350000491,928
27.551000000000002,458.004,0.0,dot-1024x32,731825.3729999925,794.528,1356376.3200005211,120.89599668979645,106.206,Random,one_shot,1037163.2889997215,1036368.7609997215,13,160158.32299945032,warmup,0.0,143345.3350000491,928
28.412,481.44599999999997,0.0,dot-1024x32,731825.3729999925,811.404,1196234.8730010707,97.15200215578079,81.15,Current,one_shot,877021.8420002711,876210.4380002711,13,,warmup,0.0,143345.3350000491,928
37.529,470.96299999999997,0.0,dot-1024x32,647744.1850001924,806.521,1142130.4310011195,97.98400104045868,83.23,Predicted,one_shot,822917.4000003199,822110.87900032,13,,warmup,23593.693999828247,150772.5430001301,928
28.021,480.51099999999997,0.0,dot-1024x32,731825.3729999925,819.682,1356401.4740005212,120.09599804878235,105.31,Random,one_shot,1037188.4429997215,1036368.7609997215,14,160158.32299945032,warmup,0.0,143345.3350000491,928
27.11,475.842,0.0,dot-1024x32,731825.3729999925,787.191,1196210.6600010707,97.85600006580353,83.295,Current,one_shot,876997.6290002711,876210.4380002711,14,,warmup,0.0,143345.3350000491,928
28.432000000000002,464.575,0.0,dot-1024x32,647744.1850001924,780.487,1142104.3970011196,97.53599762916565,82.974,Predicted,one_shot,822891.36600032,822110.87900032,14,,warmup,23593.693999828247,150772.5430001301,928
26.284,363.129,0.0,dot-1024x32,647744.1850001924,646.923,1141970.8330011196,68.41599941253662,54.078,Predicted,one_shot,822757.8020003199,822110.87900032,15,,warmup,23593.693999828247,150772.5430001301,928
27.709,469.178,0.0,dot-1024x32,731825.3729999925,805.818,1356387.6100005212,120.60800194740295,106.046,Random,one_shot,1037174.5789997214,1036368.7609997215,15,160158.32299945032,warmup,0.0,143345.3350000491,928
27.596,469.768,0.0,dot-1024x32,731825.3729999925,783.922,1196207.3910010708,97.69599884748459,83.071,Current,one_shot,876994.3600002711,876210.4380002711,15,,warmup,0.0,143345.3350000491,928
26.793999999999997,359.1620000000001,0.0,dot-1024x32,731825.3729999925,642.527,1196065.9960010708,68.51200014352798,54.43,Current,one_shot,876852.9650002711,876210.4380002711,0,,measured,0.0,143345.3350000491,928
27.06,460.22499999999997,0.0,dot-1024x32,647744.1850001924,773.752,1142097.6620011197,97.4079966545105,83.07,Predicted,one_shot,822884.63100032,822110.87900032,0,,measured,23593.693999828247,150772.5430001301,928
27.869,453.53799999999995,0.0,dot-1024x32,731825.3729999925,787.6,1356369.392000521,119.35999989509583,104.894,Random,one_shot,1037156.3609997215,1036368.7609997215,0,160158.32299945032,measured,0.0,143345.3350000491,928
26.903,357.83500000000004,0.0,dot-1024x32,731825.3729999925,667.245,1356249.037000521,95.77599912881851,81.534,Random,one_shot,1037036.0059997215,1036368.7609997215,1,160158.32299945032,measured,0.0,143345.3350000491,928
27.543999999999997,451.77000000000004,0.0,dot-1024x32,647744.1850001924,768.753,1142092.6630011196,97.02400118112564,82.527,Predicted,one_shot,822879.63200032,822110.87900032,1,,measured,23593.693999828247,150772.5430001301,928
27.482999999999997,455.73799999999994,0.0,dot-1024x32,731825.3729999925,770.931,1196194.4000010707,97.18400239944458,82.783,Current,one_shot,876981.3690002711,876210.4380002711,1,,measured,0.0,143345.3350000491,928
27.439,442.59299999999996,0.0,dot-1024x32,647744.1850001924,755.821,1142079.7310011196,96.92800045013428,82.302,Predicted,one_shot,822866.70000032,822110.87900032,2,,measured,23593.693999828247,150772.5430001301,928
27.401,451.6770000000001,0.0,dot-1024x32,731825.3729999925,763.434,1196186.9030010707,96.19200229644775,81.598,Current,one_shot,876973.8720002711,876210.4380002711,2,,measured,0.0,143345.3350000491,928
27.802,453.451,0.0,dot-1024x32,731825.3729999925,791.043,1356372.835000521,120.57600170373917,105.694,Random,one_shot,1037159.8039997214,1036368.7609997215,2,160158.32299945032,measured,0.0,143345.3350000491,928
27.93,450.681,0.0,dot-1024x32,647744.1850001924,1071.769,1142395.6790011197,99.42399710416794,83.806,Predicted,one_shot,823182.64800032,822110.87900032,3,,measured,23593.693999828247,150772.5430001301,928
27.773,452.08000000000004,0.0,dot-1024x32,731825.3729999925,790.3,1356372.0920005213,120.2239990234375,105.63,Random,one_shot,1037159.0609997215,1036368.7609997215,3,160158.32299945032,measured,0.0,143345.3350000491,928
27.823,456.871,0.0,dot-1024x32,731825.3729999925,769.125,1196192.5940010708,97.18400239944458,82.558,Current,one_shot,876979.5630002711,876210.4380002711,3,,measured,0.0,143345.3350000491,928
26.425,377.82300000000004,0.0,dot-1024x32,731825.3729999925,664.231,1196087.7000010707,68.9919963479042,54.431,Current,one_shot,876874.6690002711,876210.4380002711,4,,measured,0.0,143345.3350000491,928
27.401,463.40900000000005,0.0,dot-1024x32,647744.1850001924,775.612,1142099.5220011196,98.1760025024414,83.198,Predicted,one_shot,822886.49100032,822110.87900032,4,,measured,23593.693999828247,150772.5430001301,928
27.886000000000003,475.599,0.0,dot-1024x32,731825.3729999925,808.304,1356390.0960005212,119.77600306272507,104.958,Random,one_shot,1037177.0649997215,1036368.7609997215,4,160158.32299945032,measured,0.0,143345.3350000491,928
26.862000000000002,377.242,0.0,dot-1024x32,731825.3729999925,683.858,1356265.6500005212,92.38400310277939,78.046,Random,one_shot,1037052.6189997215,1036368.7609997215,5,160158.32299945032,measured,0.0,143345.3350000491,928
27.475,468.57399999999996,0.0,dot-1024x32,647744.1850001924,788.372,1142112.2820011196,97.53599762916565,82.814,Predicted,one_shot,822899.25100032,822110.87900032,5,,measured,23593.693999828247,150772.5430001301,928
27.908,472.819,0.0,dot-1024x32,731825.3729999925,785.938,1196209.4070010707,98.04800152778625,83.358,Current,one_shot,876996.3760002711,876210.4380002711,5,,measured,0.0,143345.3350000491,928
26.245,381.31100000000004,0.0,dot-1024x32,731825.3729999925,662.882,1196086.3510010708,68.86400282382965,54.366,Current,one_shot,876873.3200002711,876210.4380002711,6,,measured,0.0,143345.3350000491,928
27.201999999999998,448.517,0.0,dot-1024x32,647744.1850001924,760.899,1142084.8090011196,97.18400239944458,82.398,Predicted,one_shot,822871.77800032,822110.87900032,6,,measured,23593.693999828247,150772.5430001301,928
29.293,456.93399999999997,0.0,dot-1024x32,731825.3729999925,795.222,1356377.014000521,119.84000355005264,104.83,Random,one_shot,1037163.9829997214,1036368.7609997215,6,160158.32299945032,measured,0.0,143345.3350000491,928
29.759,495.42799999999994,0.0,dot-1024x32,731825.3729999925,819.578,1196243.0470010708,98.52799773216248,82.782,Current,one_shot,877030.0160002711,876210.4380002711,7,,measured,0.0,143345.3350000491,928
28.916000000000004,549.446,0.0,dot-1024x32,731825.3729999925,906.445,1356488.237000521,120.86399644613266,104.733,Random,one_shot,1037275.2059997214,1036368.7609997215,7,160158.32299945032,measured,0.0,143345.3350000491,928
30.066,555.0249999999999,0.0,dot-1024x32,647744.1850001924,897.492,1142221.4020011197,100.03200173377991,83.198,Predicted,one_shot,823008.37100032,822110.87900032,7,,measured,23593.693999828247,150772.5430001301,928
28.921,464.28700000000003,0.0,dot-1024x32,647744.1850001924,770.26,1142094.1700011196,69.40799951553345,54.079,Predicted,one_shot,822881.13900032,822110.87900032,8,,measured,23593.693999828247,150772.5430001301,928
27.490000000000002,554.3649999999999,0.0,dot-1024x32,731825.3729999925,884.012,1196307.4810010707,99.20000284910202,82.526,Current,one_shot,877094.4500002711,876210.4380002711,8,,measured,0.0,143345.3350000491,928
27.814999999999998,531.2489999999999,0.0,dot-1024x32,731825.3729999925,868.895,1356450.6870005212,120.12799829244614,105.245,Random,one_shot,1037237.6559997215,1036368.7609997215,8,160158.32299945032,measured,0.0,143345.3350000491,928
27.079,423.083,0.0,dot-1024x32,731825.3729999925,736.693,1356318.4850005212,96.96000069379807,82.142,Random,one_shot,1037105.4539997214,1036368.7609997215,9,160158.32299945032,measured,0.0,143345.3350000491,928
27.803,499.70699999999994,0.0,dot-1024x32,647744.1850001924,820.677,1142144.5870011197,98.08000177145004,83.038,Predicted,one_shot,822931.55600032,822110.87900032,9,,measured,23593.693999828247,150772.5430001301,928
28.060000000000002,521.1809999999999,0.0,dot-1024x32,731825.3729999925,836.842,1196260.3110010708,97.69599884748459,82.975,Current,one_shot,877047.280000271,876210.4380002711,9,,measured,0.0,143345.3350000491,928
27.511000000000003,469.48099999999994,0.0,dot-1024x32,731825.3729999925,805.013,1356386.8050005212,120.25599926710129,105.342,Random,one_shot,1037173.7739997215,1036368.7609997215,10,160158.32299945032,measured,0.0,143345.3350000491,928
27.351,450.097,0.0,dot-1024x32,731825.3729999925,761.293,1196184.7620010707,96.03200107812881,81.182,Current,one_shot,876971.731000271,876210.4380002711,10,,measured,0.0,143345.3350000491,928
27.823,490.12699999999995,0.0,dot-1024x32,647744.1850001924,805.109,1142129.0190011198,97.69599884748459,82.975,Predicted,one_shot,822915.98800032,822110.87900032,10,,measured,23593.693999828247,150772.5430001301,928
27.23,355.836,0.0,dot-1024x32,647744.1850001924,639.868,1141963.7780011196,68.2239979505539,54.334,Predicted,one_shot,822750.74700032,822110.87900032,11,,measured,23593.693999828247,150772.5430001301,928
27.413,462.94100000000003,0.0,dot-1024x32,731825.3729999925,798.728,1356380.520000521,120.35199999809265,105.982,Random,one_shot,1037167.4889997215,1036368.7609997215,11,160158.32299945032,measured,0.0,143345.3350000491,928
27.804,461.815,0.0,dot-1024x32,731825.3729999925,774.727,1196198.1960010708,97.08800166845322,82.878,Current,one_shot,876985.165000271,876210.4380002711,11,,measured,0.0,143345.3350000491,928
27.246000000000002,448.365,0.0,dot-1024x32,647744.1850001924,764.555,1142088.4650011198,97.21600264310837,83.006,Predicted,one_shot,822875.43400032,822110.87900032,12,,measured,23593.693999828247,150772.5430001301,928
27.383,456.74299999999994,0.0,dot-1024x32,731825.3729999925,768.037,1196191.5060010708,96.16000205278397,81.759,Current,one_shot,876978.4750002711,876210.4380002711,12,,measured,0.0,143345.3350000491,928
26.972,465.31999999999994,0.0,dot-1024x32,731825.3729999925,798.767,1356380.5590005212,119.90399658679962,106.205,Random,one_shot,1037167.5279997215,1036368.7609997215,12,160158.32299945032,measured,0.0,143345.3350000491,928
26.826,371.76,0.0,dot-1024x32,731825.3729999925,680.482,1356262.274000521,92.6079973578453,78.11,Random,one_shot,1037049.2429997214,1036368.7609997215,13,160158.32299945032,measured,0.0,143345.3350000491,928
27.162999999999997,460.42999999999995,0.0,dot-1024x32,731825.3729999925,773.249,1196196.7180010707,96.47999703884125,81.246,Current,one_shot,876983.687000271,876210.4380002711,13,,measured,0.0,143345.3350000491,928
27.88,460.4649999999999,0.0,dot-1024x32,647744.1850001924,772.803,1142096.7130011197,97.24800288677216,83.166,Predicted,one_shot,822883.6820003199,822110.87900032,13,,measured,23593.693999828247,150772.5430001301,928
27.101,368.006,0.0,dot-1024x32,647744.1850001924,652.527,1141976.4370011196,68.89600306749344,54.495,Predicted,one_shot,822763.40600032,822110.87900032,14,,measured,23593.693999828247,150772.5430001301,928
27.509999999999998,456.51300000000003,0.0,dot-1024x32,731825.3729999925,767.919,1196191.3880010708,96.38399630784988,81.918,Current,one_shot,876978.3570002711,876210.4380002711,14,,measured,0.0,143345.3350000491,928
27.1,451.937,0.0,dot-1024x32,731825.3729999925,792.46,1356374.2520005212,121.72800302505493,106.558,Random,one_shot,1037161.2209997214,1036368.7609997215,14,160158.32299945032,measured,0.0,143345.3350000491,928
26.896,359.93499999999995,0.0,dot-1024x32,731825.3729999925,666.522,1356248.314000521,91.5519967675209,77.918,Random,one_shot,1037035.2829997215,1036368.7609997215,15,160158.32299945032,measured,0.0,143345.3350000491,928
27.601,459.68999999999994,0.0,dot-1024x32,647744.1850001924,771.663,1142095.5730011195,97.43999689817429,83.006,Predicted,one_shot,822882.5420003199,822110.87900032,15,,measured,23593.693999828247,150772.5430001301,928
27.583,473.307,0.0,dot-1024x32,731825.3729999925,788.848,1196212.3170010708,98.52799773216248,82.878,Current,one_shot,876999.2860002711,876210.4380002711,15,,measured,0.0,143345.3350000491,928
27.383,469.975,0.0,dot-1024x32,731825.3729999925,811.925,1356393.7170005213,120.7360029220581,105.822,Random,one_shot,1037180.6859997215,1036368.7609997215,16,160158.32299945032,measured,0.0,143345.3350000491,928
27.229,464.458,0.0,dot-1024x32,647744.1850001924,776.511,1142100.4210011198,97.79199957847595,83.102,Predicted,one_shot,822887.39000032,822110.87900032,16,,measured,23593.693999828247,150772.5430001301,928
27.436,469.6939999999999,0.0,dot-1024x32,731825.3729999925,784.037,1196207.5060010708,97.08800166845322,82.622,Current,one_shot,876994.4750002711,876210.4380002711,16,,measured,0.0,143345.3350000491,928
28.302999999999997,460.757,0.0,dot-1024x32,731825.3729999925,799.165,1356380.9570005212,119.6800023317337,105.277,Random,one_shot,1037167.9259997215,1036368.7609997215,17,160158.32299945032,measured,0.0,143345.3350000491,928
27.227,449.3670000000001,0.0,dot-1024x32,731825.3729999925,758.899,1196182.3680010708,95.42399644851685,81.086,Current,one_shot,876969.3370002711,876210.4380002711,17,,measured,0.0,143345.3350000491,928
29.143,562.385,0.0,dot-1024x32,647744.1850001924,21647.724,1162971.6340011198,109.15199667215347,83.358,Predicted,one_shot,843758.60300032,822110.87900032,17,,measured,23593.693999828247,150772.5430001301,928
28.612000000000002,529.2889999999999,0.0,dot-1024x32,731825.3729999925,899.844,1356481.6360005212,121.2799996137619,105.053,Random,one_shot,1037268.6049997215,1036368.7609997215,18,160158.32299945032,measured,0.0,143345.3350000491,928
28.363999999999997,536.6449999999999,0.0,dot-1024x32,731825.3729999925,859.503,1196282.9720010709,99.32799637317657,82.846,Current,one_shot,877069.9410002711,876210.4380002711,18,,measured,0.0,143345.3350000491,928
27.982999999999997,521.203,0.0,dot-1024x32,647744.1850001924,837.392,1142161.3020011196,98.78399968147278,82.878,Predicted,one_shot,822948.27100032,822110.87900032,18,,measured,23593.693999828247,150772.5430001301,928
27.782,546.711,0.0,dot-1024x32,731825.3729999925,863.971,1196287.4400010707,97.63199836015701,81.47,Current,one_shot,877074.4090002711,876210.4380002711,19,,measured,0.0,143345.3350000491,928
27.887999999999998,493.712,0.0,dot-1024x32,647744.1850001924,807.897,1142131.8070011197,96.92800045013428,82.334,Predicted,one_shot,822918.77600032,822110.87900032,19,,measured,23593.693999828247,150772.5430001301,928
27.976999999999997,534.169,0.0,dot-1024x32,731825.3729999925,871.495,1356453.287000521,121.79200351238251,106.206,Random,one_shot,1037240.2559997215,1036368.7609997215,19,160158.32299945032,measured,0.0,143345.3350000491,928
26.469,361.645,0.0,dot-1024x32,731825.3729999925,668.84,1356250.632000521,92.83199906349182,78.334,Random,one_shot,1037037.6009997214,1036368.7609997215,20,160158.32299945032,measured,0.0,143345.3350000491,928
27.59,476.50300000000004,0.0,dot-1024x32,647744.1850001924,789.235,1142113.1450011197,97.24800288677216,82.495,Predicted,one_shot,822900.11400032,822110.87900032,20,,measured,23593.693999828247,150772.5430001301,928
28.373,502.9319999999999,0.0,dot-1024x32,731825.3729999925,818.46,1196241.9290010708,97.9200005531311,82.622,Current,one_shot,877028.8980002711,876210.4380002711,20,,measured,0.0,143345.3350000491,928
30.745,613.657,0.0,dot-1024x32,647744.1850001924,1019.851,1142343.7610011196,108.89600217342377,82.206,Predicted,one_shot,823130.73000032,822110.87900032,21,,measured,23593.693999828247,150772.5430001301,928
33.588,578.9979999999999,0.0,dot-1024x32,731825.3729999925,993.53,1356575.3220005212,123.23199957609177,105.278,Random,one_shot,1037362.2909997215,1036368.7609997215,21,160158.32299945032,measured,0.0,143345.3350000491,928
30.571,623.6270000000001,0.0,dot-1024x32,731825.3729999925,1028.342,1196451.8110010708,101.15200281143188,83.198,Current,one_shot,877238.780000271,876210.4380002711,21,,measured,0.0,143345.3350000491,928
28.546,485.41700000000003,0.0,dot-1024x32,731825.3729999925,793.926,1196217.3950010708,72.28799909353256,54.847,Current,one_shot,877004.3640002711,876210.4380002711,22,,measured,0.0,143345.3350000491,928
44.549,595.392,0.0,dot-1024x32,731825.3729999925,987.189,1356568.9810005212,122.56000190973282,105.342,Random,one_shot,1037355.9499997215,1036368.7609997215,22,160158.32299945032,measured,0.0,143345.3350000491,928
41.483999999999995,650.298,0.0,dot-1024x32,647744.1850001924,1075.768,1142399.6780011198,106.175996363163,83.422,Predicted,one_shot,823186.64700032,822110.87900032,22,,measured,23593.693999828247,150772.5430001301,928
31.77,699.5940000000002,0.0,dot-1024x32,731825.3729999925,1148.112,1356729.9040005212,130.94399869441986,104.35,Random,one_shot,1037516.8729997214,1036368.7609997215,23,160158.32299945032,measured,0.0,143345.3350000491,928
31.682000000000002,675.4979999999999,0.0,dot-1024x32,731825.3729999925,1142.389,1196565.8580010708,113.66400122642517,82.974,Current,one_shot,877352.8270002711,876210.4380002711,23,,measured,0.0,143345.3350000491,928
31.067,723.9910000000001,0.0,dot-1024x32,647744.1850001924,1120.265,1142444.1750011197,108.25599730014801,82.974,Predicted,one_shot,823231.14400032,822110.87900032,23,,measured,23593.693999828247,150772.5430001301,928
44.397,754.7900000000002,0.0,dot-1024x32,731825.3729999925,1235.322,1196658.7910010708,117.27999895811081,81.502,Current,one_shot,877445.7600002711,876210.4380002711,24,,measured,0.0,143345.3350000491,928
38.827,640.8320000000001,0.0,dot-1024x32,647744.1850001924,1094.196,1142418.1060011196,106.72000050544739,82.59,Predicted,one_shot,823205.07500032,822110.87900032,24,,measured,23593.693999828247,150772.5430001301,928
57.123,640.768,0.0,dot-1024x32,731825.3729999925,1140.001,1356721.7930005211,136.6720050573349,104.893,Random,one_shot,1037508.7619997215,1036368.7609997215,24,160158.32299945032,measured,0.0,143345.3350000491,928
29.348,595.048,0.0,dot-1024x32,731825.3729999925,1054.742,1356636.534000521,102.04800218343735,81.502,Random,one_shot,1037423.5029997214,1036368.7609997215,25,160158.32299945032,measured,0.0,143345.3350000491,928
29.256999999999998,596.3220000000001,0.0,dot-1024x32,647744.1850001924,951.2,1142275.1100011196,99.35999661684036,82.462,Predicted,one_shot,823062.0790003199,822110.87900032,25,,measured,23593.693999828247,150772.5430001301,928
29.275,545.695,0.0,dot-1024x32,731825.3729999925,915.289,1196338.7580010707,99.29600358009338,82.719,Current,one_shot,877125.7270002711,876210.4380002711,25,,measured,0.0,143345.3350000491,928
27.8,527.3269999999999,0.0,dot-1024x32,647744.1850001924,846.153,1142170.0630011198,98.1760025024414,82.239,Predicted,one_shot,822957.03200032,822110.87900032,26,,measured,23593.693999828247,150772.5430001301,928
27.907,539.3199999999998,0.0,dot-1024x32,731825.3729999925,885.086,1356466.878000521,122.14399874210358,106.045,Random,one_shot,1037253.8469997215,1036368.7609997215,26,160158.32299945032,measured,0.0,143345.3350000491,928
28.598999999999997,535.736,0.0,dot-1024x32,731825.3729999925,854.926,1196278.3950010708,98.78399968147278,83.07,Current,one_shot,877065.3640002711,876210.4380002711,26,,measured,0.0,143345.3350000491,928
28.593,510.42300000000006,0.0,dot-1024x32,731825.3729999925,853.632,1356435.4240005212,121.63200229406357,105.597,Random,one_shot,1037222.3929997215,1036368.7609997215,27,160158.32299945032,measured,0.0,143345.3350000491,928
28.098,462.386,0.0,dot-1024x32,731825.3729999925,782.67,1196206.1390010708,96.19200229644775,81.31,Current,one_shot,876993.1080002711,876210.4380002711,27,,measured,0.0,143345.3350000491,928
29.003,497.064,0.0,dot-1024x32,647744.1850001924,818.617,1142142.5270011197,98.01600128412247,82.91,Predicted,one_shot,822929.49600032,822110.87900032,27,,measured,23593.693999828247,150772.5430001301,928
32.958,472.192,0.0,dot-1024x32,731825.3729999925,805.418,1196228.8870010707,96.8639999628067,81.63,Current,one_shot,877015.856000271,876210.4380002711,28,,measured,0.0,143345.3350000491,928
27.308999999999997,505.215,0.0,dot-1024x32,731825.3729999925,846.374,1356428.166000521,120.70400267839432,105.534,Random,one_shot,1037215.1349997214,1036368.7609997215,28,160158.32299945032,measured,0.0,143345.3350000491,928
28.097,497.5499999999999,0.0,dot-1024x32,647744.1850001924,815.947,1142139.8570011198,98.14400225877762,83.166,Predicted,one_shot,822926.82600032,822110.87900032,28,,measured,23593.693999828247,150772.5430001301,928
32.87,458.295,0.0,dot-1024x32,647744.1850001924,797.498,1142121.4080011197,73.69600236415863,53.982,Predicted,one_shot,822908.37700032,822110.87900032,29,,measured,23593.693999828247,150772.5430001301,928
28.046,524.696,0.0,dot-1024x32,731825.3729999925,847.965,1196271.4340010707,97.47199714183807,82.846,Current,one_shot,877058.4030002711,876210.4380002711,29,,measured,0.0,143345.3350000491,928
27.984,505.33899999999994,0.0,dot-1024x32,731825.3729999925,844.849,1356426.6410005211,119.64800208806992,104.606,Random,one_shot,1037213.6099997215,1036368.7609997215,29,160158.32299945032,measured,0.0,143345.3350000491,928
27.304000000000002,485.587,0.0,dot-1024x32,647744.1850001924,801.462,1142125.3720011197,97.47199714183807,83.006,Predicted,one_shot,822912.34100032,822110.87900032,30,,measured,23593.693999828247,150772.5430001301,928
28.192,505.0470000000001,0.0,dot-1024x32,731825.3729999925,819.758,1196243.2270010707,97.120001912117,82.75,Current,one_shot,877030.1960002711,876210.4380002711,30,,measured,0.0,143345.3350000491,928
27.564999999999998,516.4139999999999,0.0,dot-1024x32,731825.3729999925,867.283,1356449.0750005213,120.51200121641159,104.926,Random,one_shot,1037236.0439997215,1036368.7609997215,30,160158.32299945032,measured,0.0,143345.3350000491,928
27.27,362.754,0.0,dot-1024x32,731825.3729999925,680.354,1356262.1460005213,99.84000027179718,85.086,Random,one_shot,1037049.1149997215,1036368.7609997215,31,160158.32299945032,measured,0.0,143345.3350000491,928
37.365,512.111,0.0,dot-1024x32,647744.1850001924,858.267,1142182.1770011196,100.73599964380264,82.846,Predicted,one_shot,822969.14600032,822110.87900032,31,,measured,23593.693999828247,150772.5430001301,928
32.181,552.2439999999999,0.0,dot-1024x32,731825.3729999925,941.651,1196365.1200010707,99.90400075912476,83.262,Current,one_shot,877152.089000271,876210.4380002711,31,,measured,0.0,143345.3350000491,928
27.659,370.25100000000003,0.0,dot-1024x32,731825.3729999925,660.734,1196084.2030010708,69.05599683523178,54.559,Current,one_shot,876871.1720002712,876210.4380002711,32,,measured,0.0,143345.3350000491,928
27.25,485.363,0.0,dot-1024x32,647744.1850001924,798.467,1142122.3770011195,96.8639999628067,82.207,Predicted,one_shot,822909.3460003199,822110.87900032,32,,measured,23593.693999828247,150772.5430001301,928
27.822000000000003,509.3070000000001,0.0,dot-1024x32,731825.3729999925,1198.281,1356780.0730005212,121.63200229406357,105.182,Random,one_shot,1037567.0419997214,1036368.7609997215,32,160158.32299945032,measured,0.0,143345.3350000491,928
27.201999999999998,403.44399999999996,0.0,dot-1024x32,731825.3729999925,717.688,1356299.480000521,94.36800330877304,79.87,Random,one_shot,1037086.4489997214,1036368.7609997215,33,160158.32299945032,measured,0.0,143345.3350000491,928
27.504,479.996,0.0,dot-1024x32,647744.1850001924,794.436,1142118.3460011196,97.50399738550186,82.654,Predicted,one_shot,822905.31500032,822110.87900032,33,,measured,23593.693999828247,150772.5430001301,928
27.925,487.18799999999993,0.0,dot-1024x32,731825.3729999925,800.012,1196223.4810010707,97.98400104045868,82.942,Current,one_shot,877010.4500002711,876210.4380002711,33,,measured,0.0,143345.3350000491,928
27.766,447.236,0.0,dot-1024x32,647744.1850001924,760.218,1142084.1280011197,96.6079980134964,82.27,Predicted,one_shot,822871.09700032,822110.87900032,34,,measured,23593.693999828247,150772.5430001301,928
27.484,491.093,0.0,dot-1024x32,731825.3729999925,802.663,1196226.1320010708,96.16000205278397,81.534,Current,one_shot,877013.101000271,876210.4380002711,34,,measured,0.0,143345.3350000491,928
27.672,487.23100000000005,0.0,dot-1024x32,731825.3729999925,823.744,1356405.5360005212,120.2239990234375,105.598,Random,one_shot,1037192.5049997214,1036368.7609997215,34,160158.32299945032,measured,0.0,143345.3350000491,928
27.424,459.40400000000005,0.0,dot-1024x32,731825.3729999925,768.945,1196192.4140010707,95.64799815416336,81.214,Current,one_shot,876979.383000271,876210.4380002711,35,,measured,0.0,143345.3350000491,928
28.417,472.32500000000005,0.0,dot-1024x32,731825.3729999925,806.465,1356388.257000521,118.97599697113037,104.893,Random,one_shot,1037175.2259997214,1036368.7609997215,35,160158.32299945032,measured,0.0,143345.3350000491,928
28.345000000000002,490.60200000000003,0.0,dot-1024x32,647744.1850001924,808.332,1142132.2420011198,97.95200079679489,83.262,Predicted,one_shot,822919.21100032,822110.87900032,35,,measured,23593.693999828247,150772.5430001301,928
27.168,461.734,0.0,dot-1024x32,731825.3729999925,796.833,1356378.625000521,119.03999745845795,104.094,Random,one_shot,1037165.5939997215,1036368.7609997215,36,160158.32299945032,measured,0.0,143345.3350000491,928
27.338,477.501,0.0,dot-1024x32,731825.3729999925,788.727,1196212.1960010708,97.59999811649323,82.91,Current,one_shot,876999.165000271,876210.4380002711,36,,measured,0.0,143345.3350000491,928
27.508,464.45899999999995,0.0,dot-1024x32,647744.1850001924,776.752,1142100.6620011197,97.72799909114838,83.134,Predicted,one_shot,822887.63100032,822110.87900032,36,,measured,23593.693999828247,150772.5430001301,928
29.818,511.25800000000015,0.0,dot-1024x32,731825.3729999925,854.959,1196278.4280010709,97.63199836015701,81.535,Current,one_shot,877065.3970002711,876210.4380002711,37,,measured,0.0,143345.3350000491,928
28.401,497.12399999999997,0.0,dot-1024x32,731825.3729999925,845.463,1356427.2550005212,120.35199999809265,104.798,Random,one_shot,1037214.2239997215,1036368.7609997215,37,160158.32299945032,measured,0.0,143345.3350000491,928
27.593,484.44900000000007,0.0,dot-1024x32,647744.1850001924,802.614,1142126.5240011197,97.9200005531311,83.134,Predicted,one_shot,822913.4930003199,822110.87900032,37,,measured,23593.693999828247,150772.5430001301,928
29.565,489.541,0.0,dot-1024x32,731825.3729999925,837.293,1356419.085000521,120.70400267839432,105.117,Random,one_shot,1037206.0539997214,1036368.7609997215,38,160158.32299945032,measured,0.0,143345.3350000491,928
26.953000000000003,489.49299999999994,0.0,dot-1024x32,647744.1850001924,802.907,1142126.8170011197,97.59999811649323,82.783,Predicted,one_shot,822913.78600032,822110.87900032,38,,measured,23593.693999828247,150772.5430001301,928
28.117,518.106,0.0,dot-1024x32,731825.3729999925,863.212,1196286.681001071,98.2080027461052,82.91,Current,one_shot,877073.6500002712,876210.4380002711,38,,measured,0.0,143345.3350000491,928
27.644,493.549,0.0,dot-1024x32,731825.3729999925,834.557,1356416.3490005212,120.44800072908401,105.502,Random,one_shot,1037203.3179997215,1036368.7609997215,39,160158.32299945032,measured,0.0,143345.3350000491,928
27.929000000000002,497.56000000000006,0.0,dot-1024x32,731825.3729999925,813.163,1196236.6320010708,95.93600034713745,81.278,Current,one_shot,877023.601000271,876210.4380002711,39,,measured,0.0,143345.3350000491,928
27.601,484.722,0.0,dot-1024x32,647744.1850001924,797.8,1142121.7100011196,97.59999811649323,83.23,Predicted,one_shot,822908.67900032,822110.87900032,39,,measured,23593.693999828247,150772.5430001301,928
27.318,487.88199999999995,0.0,dot-1024x32,731825.3729999925,820.972,1356402.764000521,119.13599818944931,104.317,Random,one_shot,1037189.7329997214,1036368.7609997215,40,160158.32299945032,measured,0.0,143345.3350000491,928
27.158,487.26599999999996,0.0,dot-1024x32,647744.1850001924,799.404,1142123.3140011197,96.73599898815155,82.558,Predicted,one_shot,822910.28300032,822110.87900032,40,,measured,23593.693999828247,150772.5430001301,928
28.233,477.26000000000005,0.0,dot-1024x32,731825.3729999925,790.606,1196214.0750010707,97.28000313043594,82.558,Current,one_shot,877001.0440002711,876210.4380002711,40,,measured,0.0,143345.3350000491,928
27.700000000000003,459.2929999999999,0.0,dot-1024x32,731825.3729999925,796.703,1356378.4950005212,120.44800072908401,105.534,Random,one_shot,1037165.4639997215,1036368.7609997215,41,160158.32299945032,measured,0.0,143345.3350000491,928
27.496000000000002,444.19300000000004,0.0,dot-1024x32,731825.3729999925,754.744,1196178.2130010708,95.93600034713745,81.087,Current,one_shot,876965.182000271,876210.4380002711,41,,measured,0.0,143345.3350000491,928
28.195999999999998,449.482,0.0,dot-1024x32,647744.1850001924,760.713,1142084.6230011196,97.56799787282944,83.294,Predicted,one_shot,822871.59200032,822110.87900032,41,,measured,23593.693999828247,150772.5430001301,928
26.745,360.773,0.0,dot-1024x32,647744.1850001924,644.886,1141968.7960011198,68.67200136184692,54.399,Predicted,one_shot,822755.76500032,822110.87900032,42,,measured,23593.693999828247,150772.5430001301,928
27.372999999999998,447.22499999999997,0.0,dot-1024x32,731825.3729999925,760.581,1196184.0500010708,96.3520035147667,81.95,Current,one_shot,876971.0190002711,876210.4380002711,42,,measured,0.0,143345.3350000491,928
27.59,447.366,0.0,dot-1024x32,731825.3729999925,781.86,1356363.652000521,119.32799965143204,104.893,Random,one_shot,1037150.6209997215,1036368.7609997215,42,160158.32299945032,measured,0.0,143345.3350000491,928
28.387999999999998,440.376,0.0,dot-1024x32,731825.3729999925,753.131,1196176.6000010709,96.00000083446503,81.311,Current,one_shot,876963.5690002711,876210.4380002711,43,,measured,0.0,143345.3350000491,928
27.413,452.44100000000003,0.0,dot-1024x32,731825.3729999925,788.761,1356370.5530005211,119.45600062608719,104.797,Random,one_shot,1037157.5219997215,1036368.7609997215,43,160158.32299945032,measured,0.0,143345.3350000491,928
27.387,460.6199999999999,0.0,dot-1024x32,647744.1850001924,772.885,1142096.7950011196,97.6639986038208,83.454,Predicted,one_shot,822883.76400032,822110.87900032,43,,measured,23593.693999828247,150772.5430001301,928
28.139,449.731,0.0,dot-1024x32,731825.3729999925,787.426,1356369.2180005212,119.71200257539749,104.958,Random,one_shot,1037156.1869997215,1036368.7609997215,44,160158.32299945032,measured,0.0,143345.3350000491,928
26.987000000000002,455.333,0.0,dot-1024x32,647744.1850001924,768.645,1142092.5550011196,96.96000069379807,82.686,Predicted,one_shot,822879.52400032,822110.87900032,44,,measured,23593.693999828247,150772.5430001301,928
27.747999999999998,480.236,0.0,dot-1024x32,731825.3729999925,794.022,1196217.4910010707,96.99200093746185,82.302,Current,one_shot,877004.4600002711,876210.4380002711,44,,measured,0.0,143345.3350000491,928
27.622,441.1979999999999,0.0,dot-1024x32,647744.1850001924,753.771,1142077.6810011195,96.54399752616882,82.302,Predicted,one_shot,822864.6500003199,822110.87900032,45,,measured,23593.693999828247,150772.5430001301,928
27.471,443.95399999999995,0.0,dot-1024x32,731825.3729999925,780.431,1356362.223000521,120.67200243473053,105.598,Random,one_shot,1037149.1919997215,1036368.7609997215,45,160158.32299945032,measured,0.0,143345.3350000491,928
28.727,463.76000000000005,0.0,dot-1024x32,731825.3729999925,777.16,1196200.6290010707,97.43999689817429,83.198,Current,one_shot,876987.5980002711,876210.4380002711,45,,measured,0.0,143345.3350000491,928
28.103,452.00900000000007,0.0,dot-1024x32,647744.1850001924,802.388,1142126.2980011196,98.30400347709656,82.974,Predicted,one_shot,822913.26700032,822110.87900032,46,,measured,23593.693999828247,150772.5430001301,928
27.799999999999997,453.78599999999994,0.0,dot-1024x32,731825.3729999925,766.043,1196189.5120010707,96.22400254011154,81.95,Current,one_shot,876976.481000271,876210.4380002711,46,,measured,0.0,143345.3350000491,928
27.09,454.408,0.0,dot-1024x32,731825.3729999925,789.051,1356370.8430005212,119.87199634313583,104.638,Random,one_shot,1037157.8119997215,1036368.7609997215,46,160158.32299945032,measured,0.0,143345.3350000491,928
26.877,359.047,0.0,dot-1024x32,731825.3729999925,669.635,1356251.4270005212,93.28000247478485,78.43,Random,one_shot,1037038.3959997215,1036368.7609997215,47,160158.32299945032,measured,0.0,143345.3350000491,928
28.888,453.38199999999995,0.0,dot-1024x32,731825.3729999925,1082.478,1196505.9470010707,98.68799895048141,81.278,Current,one_shot,877292.9160002711,876210.4380002711,47,,measured,0.0,143345.3350000491,928
27.192,465.89200000000005,0.0,dot-1024x32,647744.1850001924,781.595,1142105.5050011196,97.75999933481216,83.134,Predicted,one_shot,822892.47400032,822110.87900032,47,,measured,23593.693999828247,150772.5430001301,928
27.162,454.9410000000001,0.0,dot-1024x32,731825.3729999925,790.249,1356372.041000521,119.07199770212173,104.413,Random,one_shot,1037159.0099997214,1036368.7609997215,48,160158.32299945032,measured,0.0,143345.3350000491,928
27.967,461.5400000000001,0.0,dot-1024x32,731825.3729999925,777.527,1196200.9960010708,97.63199836015701,83.166,Current,one_shot,876987.9650002711,876210.4380002711,48,,measured,0.0,143345.3350000491,928
27.238,522.4480000000001,0.0,dot-1024x32,647744.1850001924,846.205,1142170.1150011197,99.39199686050415,83.165,Predicted,one_shot,822957.0840003199,822110.87900032,48,,measured,23593.693999828247,150772.5430001301,928
27.738999999999997,499.327,0.0,dot-1024x32,731825.3729999925,815.823,1196239.2920010707,96.3200032711029,81.598,Current,one_shot,877026.2610002711,876210.4380002711,49,,measured,0.0,143345.3350000491,928
27.72,498.835,0.0,dot-1024x32,647744.1850001924,810.496,1142134.4060011196,96.83199971914291,82.399,Predicted,one_shot,822921.37500032,822110.87900032,49,,measured,23593.693999828247,150772.5430001301,928
27.711,519.061,0.0,dot-1024x32,731825.3729999925,868.539,1356450.331000521,120.2239990234375,105.341,Random,one_shot,1037237.2999997215,1036368.7609997215,49,160158.32299945032,measured,0.0,143345.3350000491,928
28.075000000000003,545.973,0.0,dot-1024x32,731825.3729999925,867.028,1196290.4970010708,97.95200079679489,82.846,Current,one_shot,877077.4660002711,876210.4380002711,50,,measured,0.0,143345.3350000491,928
27.828000000000003,498.04499999999996,0.0,dot-1024x32,647744.1850001924,814.678,1142138.5880011197,98.11200201511383,83.454,Predicted,one_shot,822925.5570003199,822110.87900032,50,,measured,23593.693999828247,150772.5430001301,928
27.979999999999997,513.749,0.0,dot-1024x32,731825.3729999925,861.921,1356443.713000521,119.77600306272507,105.021,Random,one_shot,1037230.6819997214,1036368.7609997215,50,160158.32299945032,measured,0.0,143345.3350000491,928
28.914,515.0260000000002,0.0,dot-1024x32,731825.3729999925,847.721,1196271.1900010707,101.34399682283401,83.198,Current,one_shot,877058.1590002711,876210.4380002711,51,,measured,0.0,143345.3350000491,928
27.96,481.67600000000004,0.0,dot-1024x32,731825.3729999925,838.308,1356420.1000005212,120.95999717712402,105.054,Random,one_shot,1037207.0689997214,1036368.7609997215,51,160158.32299945032,measured,0.0,143345.3350000491,928
27.812,499.3469999999999,0.0,dot-1024x32,647744.1850001924,818.477,1142142.3870011196,98.75199943780899,83.326,Predicted,one_shot,822929.3560003199,822110.87900032,51,,measured,23593.693999828247,150772.5430001301,928
27.653,476.6079999999999,0.0,dot-1024x32,731825.3729999925,813.434,1356395.226000521,118.27199906110764,103.326,Random,one_shot,1037182.1949997215,1036368.7609997215,52,160158.32299945032,measured,0.0,143345.3350000491,928
27.948999999999998,498.54200000000003,0.0,dot-1024x32,647744.1850001924,816.512,1142140.4220011197,97.34400361776352,82.494,Predicted,one_shot,822927.39100032,822110.87900032,52,,measured,23593.693999828247,150772.5430001301,928
27.606,500.06200000000007,0.0,dot-1024x32,731825.3729999925,813.565,1196237.0340010708,97.4079966545105,82.494,Current,one_shot,877024.003000271,876210.4380002711,52,,measured,0.0,143345.3350000491,928
27.455,454.39099999999996,0.0,dot-1024x32,647744.1850001924,766.134,1142090.0440011197,96.8639999628067,82.206,Predicted,one_shot,822877.01300032,822110.87900032,53,,measured,23593.693999828247,150772.5430001301,928
27.832,475.544,0.0,dot-1024x32,731825.3729999925,813.27,1356395.0620005212,119.61600184440613,104.83,Random,one_shot,1037182.0309997215,1036368.7609997215,53,160158.32299945032,measured,0.0,143345.3350000491,928
28.474,479.34600000000006,0.0,dot-1024x32,731825.3729999925,796.451,1196219.9200010707,98.1760025024414,83.39,Current,one_shot,877006.8890002711,876210.4380002711,53,,measured,0.0,143345.3350000491,928
27.983,476.75299999999993,0.0,dot-1024x32,647744.1850001924,792.735,1142116.6450011197,97.95200079679489,83.262,Predicted,one_shot,822903.61400032,822110.87900032,54,,measured,23593.693999828247,150772.5430001301,928
27.395,479.3380000000001,0.0,dot-1024x32,731825.3729999925,816.183,1356397.9750005212,120.35199999809265,105.373,Random,one_shot,1037184.9439997214,1036368.7609997215,54,160158.32299945032,measured,0.0,143345.3350000491,928
28.694000000000003,477.345,0.0,dot-1024x32,731825.3729999925,804.083,1196227.5520010707,98.36799651384354,82.686,Current,one_shot,877014.5210002711,876210.4380002711,54,,measured,0.0,143345.3350000491,928
28.009,461.103,0.0,dot-1024x32,647744.1850001924,777.016,1142100.9260011197,97.72799909114838,82.878,Predicted,one_shot,822887.8950003199,822110.87900032,55,,measured,23593.693999828247,150772.5430001301,928
27.457,466.754,0.0,dot-1024x32,731825.3729999925,803.488,1356385.280000521,120.99199742078781,105.886,Random,one_shot,1037172.2489997215,1036368.7609997215,55,160158.32299945032,measured,0.0,143345.3350000491,928
27.671,461.427,0.0,dot-1024x32,731825.3729999925,776.01,1196199.4790010708,98.01600128412247,83.038,Current,one_shot,876986.4480002711,876210.4380002711,55,,measured,0.0,143345.3350000491,928
26.976,359.13,0.0,dot-1024x32,731825.3729999925,650.532,1196074.0010010707,69.7920024394989,54.591,Current,one_shot,876860.9700002711,876210.4380002711,56,,measured,0.0,143345.3350000491,928
27.735,452.649,0.0,dot-1024x32,647744.1850001924,770.295,1142094.2050011198,97.88800030946732,83.038,Predicted,one_shot,822881.17400032,822110.87900032,56,,measured,23593.693999828247,150772.5430001301,928
27.685000000000002,458.296,0.0,dot-1024x32,731825.3729999925,796.577,1356378.3690005213,119.29599940776825,104.765,Random,one_shot,1037165.3379997215,1036368.7609997215,56,160158.32299945032,measured,0.0,143345.3350000491,928
27.727,468.063,0.0,dot-1024x32,731825.3729999925,786.157,1196209.6260010707,97.63199836015701,82.974,Current,one_shot,876996.5950002711,876210.4380002711,57,,measured,0.0,143345.3350000491,928
27.904,472.07199999999995,0.0,dot-1024x32,731825.3729999925,811.997,1356393.7890005212,119.45600062608719,104.733,Random,one_shot,1037180.7579997214,1036368.7609997215,57,160158.32299945032,measured,0.0,143345.3350000491,928
29.423000000000002,460.74300000000005,0.0,dot-1024x32,647744.1850001924,779.617,1142103.5270011197,97.69599884748459,83.358,Predicted,one_shot,822890.49600032,822110.87900032,57,,measured,23593.693999828247,150772.5430001301,928
26.931,362.03700000000003,0.0,dot-1024x32,647744.1850001924,647.36,1141971.2700011197,69.21599805355072,54.399,Predicted,one_shot,822758.23900032,822110.87900032,58,,measured,23593.693999828247,150772.5430001301,928
28.48,454.95,0.0,dot-1024x32,731825.3729999925,799.123,1356380.915000521,123.61600250005722,105.246,Random,one_shot,1037167.8839997215,1036368.7609997215,58,160158.32299945032,measured,0.0,143345.3350000491,928
27.706000000000003,481.24700000000007,0.0,dot-1024x32,731825.3729999925,799.151,1196222.6200010707,97.6639986038208,83.006,Current,one_shot,877009.589000271,876210.4380002711,58,,measured,0.0,143345.3350000491,928
27.229,359.40799999999996,0.0,dot-1024x32,731825.3729999925,645.657,1196069.1260010707,68.67200136184692,54.367,Current,one_shot,876856.0950002711,876210.4380002711,59,,measured,0.0,143345.3350000491,928
27.943,446.09499999999997,0.0,dot-1024x32,731825.3729999925,785.225,1356367.017000521,120.12799829244614,105.406,Random,one_shot,1037153.9859997215,1036368.7609997215,59,160158.32299945032,measured,0.0,143345.3350000491,928
27.754,455.976,0.0,dot-1024x32,647744.1850001924,770.442,1142094.3520011196,98.30400347709656,83.294,Predicted,one_shot,822881.32100032,822110.87900032,59,,measured,23593.693999828247,150772.5430001301,928
28.643,444.369,0.0,dot-1024x32,731825.3729999925,764.724,1196188.1930010708,101.88800096511841,82.814,Current,one_shot,876975.1620002711,876210.4380002711,60,,measured,0.0,143345.3350000491,928
27.972,447.60699999999997,0.0,dot-1024x32,647744.1850001924,763.113,1142087.0230011197,96.96000069379807,82.27,Predicted,one_shot,822873.99200032,822110.87900032,60,,measured,23593.693999828247,150772.5430001301,928
27.209,468.585,0.0,dot-1024x32,731825.3729999925,804.132,1356385.9240005212,118.8800036907196,104.414,Random,one_shot,1037172.8929997215,1036368.7609997215,60,160158.32299945032,measured,0.0,143345.3350000491,928
28.102999999999998,473.459,0.0,dot-1024x32,731825.3729999925,789.798,1196213.2670010708,97.72799909114838,82.974,Current,one_shot,877000.236000271,876210.4380002711,61,,measured,0.0,143345.3350000491,928
27.789,472.39500000000004,0.0,dot-1024x32,647744.1850001924,787.423,1142111.3330011196,97.69599884748459,83.038,Predicted,one_shot,822898.3020003199,822110.87900032,61,,measured,23593.693999828247,150772.5430001301,928
30.555999999999997,467.9440000000001,0.0,dot-1024x32,731825.3729999925,814.364,1356396.156000521,119.80800330638885,104.861,Random,one_shot,1037183.1249997214,1036368.7609997215,61,160158.32299945032,measured,0.0,143345.3350000491,928
27.727,468.394,0.0,dot-1024x32,647744.1850001924,784.209,1142108.1190011196,97.72799909114838,82.783,Predicted,one_shot,822895.08800032,822110.87900032,62,,measured,23593.693999828247,150772.5430001301,928
28.378,462.323,0.0,dot-1024x32,731825.3729999925,1141.199,1356722.9910005212,121.66400253772736,105.469,Random,one_shot,1037509.9599997215,1036368.7609997215,62,160158.32299945032,measured,0.0,143345.3350000491,928
28.668999999999997,490.813,0.0,dot-1024x32,731825.3729999925,821.509,1196244.9780010707,98.39999675750732,83.07,Current,one_shot,877031.9470002711,876210.4380002711,62,,measured,0.0,143345.3350000491,928
28.061999999999998,474.294,0.0,dot-1024x32,647744.1850001924,791.139,1142115.0490011196,98.08000177145004,83.07,Predicted,one_shot,822902.01800032,822110.87900032,63,,measured,23593.693999828247,150772.5430001301,928
27.636000000000003,471.50100000000003,0.0,dot-1024x32,731825.3729999925,807.915,1356389.7070005212,120.70400267839432,105.822,Random,one_shot,1037176.6759997215,1036368.7609997215,63,160158.32299945032,measured,0.0,143345.3350000491,928
28.004,481.33900000000006,0.0,dot-1024x32,731825.3729999925,797.681,1196221.1500010707,98.68799895048141,83.454,Current,one_shot,877008.1190002711,876210.4380002711,63,,measured,0.0,143345.3350000491,928
33.641,,,dot-1024x32,,158.157,,122.40000069141388,106.43,Random,resident,,,0,,warmup,,,929
27.832,,,dot-1024x32,,132.88,,99.16800260543823,83.678,Current,resident,,,0,,warmup,,,929
29.906,,,dot-1024x32,,157.867,,104.41599786281586,83.806,Predicted,resident,,,0,,warmup,,,929
26.523,,,dot-1024x32,,101.76,,68.15999746322632,54.079,Predicted,resident,,,1,,warmup,,,929
27.055999999999997,,,dot-1024x32,,153.777,,120.41600048542023,105.822,Random,resident,,,1,,warmup,,,929
26.301000000000002,,,dot-1024x32,,130.815,,97.47199714183807,84.286,Current,resident,,,1,,warmup,,,929
27.32,,,dot-1024x32,,130.461,,96.89600020647049,83.87,Predicted,resident,,,2,,warmup,,,929
27.298000000000002,,,dot-1024x32,,155.957,,121.76000326871872,107.805,Random,resident,,,2,,warmup,,,929
26.403,,,dot-1024x32,,130.485,,97.47199714183807,84.254,Current,resident,,,2,,warmup,,,929
26.96,,,dot-1024x32,,130.478,,97.37599641084671,83.998,Predicted,resident,,,3,,warmup,,,929
26.862000000000002,,,dot-1024x32,,130.2,,97.28000313043594,83.774,Current,resident,,,3,,warmup,,,929
25.966,,,dot-1024x32,,151.041,,118.20799857378006,105.213,Random,resident,,,3,,warmup,,,929
26.976,,,dot-1024x32,,131.028,,97.79199957847595,84.222,Predicted,resident,,,4,,warmup,,,929
26.156,,,dot-1024x32,,129.98,,97.43999689817429,84.35,Current,resident,,,4,,warmup,,,929
26.641,,,dot-1024x32,,151.371,,118.75200271606445,105.405,Random,resident,,,4,,warmup,,,929
26.031,,,dot-1024x32,,130.69,,97.4079966545105,84.286,Predicted,resident,,,5,,warmup,,,929
25.896,,,dot-1024x32,,130.551,,97.63199836015701,84.158,Current,resident,,,5,,warmup,,,929
26.643,,,dot-1024x32,,152.224,,119.03999745845795,106.014,Random,resident,,,5,,warmup,,,929
25.639,,,dot-1024x32,,123.894,,91.07200056314468,78.654,Random,resident,,,6,,warmup,,,929
26.893,,,dot-1024x32,,128.791,,96.19200229644775,83.614,Current,resident,,,6,,warmup,,,929
26.722,,,dot-1024x32,,130.037,,96.76799923181534,84.062,Predicted,resident,,,6,,warmup,,,929
25.341,,,dot-1024x32,,99.798,,67.1359971165657,54.078,Predicted,resident,,,7,,warmup,,,929
26.111,,,dot-1024x32,,151.257,,118.56000125408173,105.661,Random,resident,,,7,,warmup,,,929
26.491,,,dot-1024x32,,130.668,,97.28000313043594,84.446,Current,resident,,,7,,warmup,,,929
26.403,,,dot-1024x32,,129.445,,97.08800166845322,83.934,Predicted,resident,,,8,,warmup,,,929
26.474,,,dot-1024x32,,151.807,,119.1679984331131,105.182,Random,resident,,,8,,warmup,,,929
26.991,,,dot-1024x32,,129.89,,97.59999811649323,84.479,Current,resident,,,8,,warmup,,,929
26.342,,,dot-1024x32,,150.515,,118.1119978427887,105.085,Random,resident,,,9,,warmup,,,929
26.552,,,dot-1024x32,,129.62,,97.15200215578079,83.934,Predicted,resident,,,9,,warmup,,,929
27.014,,,dot-1024x32,,130.263,,97.85600006580353,84.926,Current,resident,,,9,,warmup,,,929
25.58,,,dot-1024x32,,99.054,,66.81600213050842,54.111,Current,resident,,,10,,warmup,,,929
26.985,,,dot-1024x32,,151.596,,118.94399672746658,105.918,Random,resident,,,10,,warmup,,,929
26.793,,,dot-1024x32,,130.544,,97.34400361776352,84.542,Predicted,resident,,,10,,warmup,,,929
26.241,,,dot-1024x32,,150.371,,117.98399686813354,104.83,Random,resident,,,11,,warmup,,,929
26.322,,,dot-1024x32,,130.574,,98.04800152778625,84.094,Current,resident,,,11,,warmup,,,929
27.045,,,dot-1024x32,,129.185,,96.8639999628067,83.998,Predicted,resident,,,11,,warmup,,,929
26.267,,,dot-1024x32,,152.646,,120.2239990234375,106.397,Random,resident,,,12,,warmup,,,929
26.718,,,dot-1024x32,,130.186,,98.14400225877762,85.022,Current,resident,,,12,,warmup,,,929
27.628999999999998,,,dot-1024x32,,130.752,,97.63199836015701,84.286,Predicted,resident,,,12,,warmup,,,929
25.521,,,dot-1024x32,,99.224,,67.00800359249115,54.143,Predicted,resident,,,13,,warmup,,,929
26.482,,,dot-1024x32,,128.818,,96.6079980134964,83.742,Current,resident,,,13,,warmup,,,929
26.694,,,dot-1024x32,,151.583,,118.9119964838028,106.141,Random,resident,,,13,,warmup,,,929
26.646,,,dot-1024x32,,129.494,,96.89600020647049,83.839,Predicted,resident,,,14,,warmup,,,929
26.854,,,dot-1024x32,,129.435,,97.08800166845322,84.446,Current,resident,,,14,,warmup,,,929
26.726,,,dot-1024x32,,150.901,,118.33599954843521,105.022,Random,resident,,,14,,warmup,,,929
25.747,,,dot-1024x32,,122.459,,90.01599997282028,76.926,Random,resident,,,15,,warmup,,,929
28.014,,,dot-1024x32,,129.323,,96.70399874448776,83.902,Current,resident,,,15,,warmup,,,929
26.368000000000002,,,dot-1024x32,,129.642,,96.83199971914291,83.934,Predicted,resident,,,15,,warmup,,,929
26.04,,,dot-1024x32,,151.526,,119.03999745845795,105.886,Random,resident,,,0,,measured,,,929
26.646,,,dot-1024x32,,130.034,,97.98400104045868,84.83,Current,resident,,,0,,measured,,,929
25.839,,,dot-1024x32,,130.05,,97.31200337409973,83.966,Predicted,resident,,,0,,measured,,,929
31.348999999999997,,,dot-1024x32,,99.392,,67.23199784755707,53.951,Predicted,resident,,,1,,measured,,,929
29.936,,,dot-1024x32,,156.521,,120.35199999809265,105.822,Random,resident,,,1,,measured,,,929
26.471,,,dot-1024x32,,139.693,,97.05600142478943,84.159,Current,resident,,,1,,measured,,,929
25.194000000000003,,,dot-1024x32,,99.98,,67.32799857854843,54.239,Current,resident,,,2,,measured,,,929
26.164,,,dot-1024x32,,129.801,,96.79999947547913,83.871,Predicted,resident,,,2,,measured,,,929
26.18,,,dot-1024x32,,151.576,,118.65600198507309,105.63,Random,resident,,,2,,measured,,,929
26.298000000000002,,,dot-1024x32,,128.975,,96.00000083446503,83.582,Predicted,resident,,,3,,measured,,,929
26.148,,,dot-1024x32,,129.654,,97.43999689817429,84.478,Current,resident,,,3,,measured,,,929
25.929000000000002,,,dot-1024x32,,150.217,,118.65600198507309,105.821,Random,resident,,,3,,measured,,,929
27.551000000000002,,,dot-1024x32,,132.089,,97.08800166845322,83.518,Current,resident,,,4,,measured,,,929
29.304000000000002,,,dot-1024x32,,152.964,,119.45600062608719,104.125,Random,resident,,,4,,measured,,,929
28.302,,,dot-1024x32,,136.06,,100.41599720716476,84.318,Predicted,resident,,,4,,measured,,,929
25.912,,,dot-1024x32,,100.277,,66.94400310516357,54.142,Predicted,resident,,,5,,measured,,,929
26.642,,,dot-1024x32,,151.121,,118.6240017414093,105.118,Random,resident,,,5,,measured,,,929
26.969,,,dot-1024x32,,129.797,,97.34400361776352,84.19,Current,resident,,,5,,measured,,,929
27.233,,,dot-1024x32,,129.988,,97.08800166845322,84.03,Predicted,resident,,,6,,measured,,,929
27.631999999999998,,,dot-1024x32,,130.769,,97.31200337409973,83.486,Current,resident,,,6,,measured,,,929
34.973,,,dot-1024x32,,159.493,,123.77600371837616,105.406,Random,resident,,,6,,measured,,,929
34.64,,,dot-1024x32,,160.563,,103.5199984908104,84.19,Predicted,resident,,,7,,measured,,,929
32.407,,,dot-1024x32,,159.495,,103.07200253009796,84.51,Current,resident,,,7,,measured,,,929
33.74,,,dot-1024x32,,180.46,,123.16799908876419,104.798,Random,resident,,,7,,measured,,,929
33.67,,,dot-1024x32,,157.196,,101.05600208044052,83.487,Current,resident,,,8,,measured,,,929
33.111000000000004,,,dot-1024x32,,158.673,,102.20800340175629,83.934,Predicted,resident,,,8,,measured,,,929
45.04600000000001,,,dot-1024x32,,182.621,,125.44000148773193,105.501,Random,resident,,,8,,measured,,,929
32.609,,,dot-1024x32,,155.391,,98.14400225877762,78.75,Random,resident,,,9,,measured,,,929
34.691,,,dot-1024x32,,160.187,,102.7199998497963,83.774,Predicted,resident,,,9,,measured,,,929
32.997,,,dot-1024x32,,158.856,,102.39999741315842,84.447,Current,resident,,,9,,measured,,,929
32.045,,,dot-1024x32,,128.961,,72.41600006818771,54.239,Current,resident,,,10,,measured,,,929
32.922000000000004,,,dot-1024x32,,158.771,,101.85600072145462,83.614,Predicted,resident,,,10,,measured,,,929
32.959,,,dot-1024x32,,178.919,,123.87199699878693,105.053,Random,resident,,,10,,measured,,,929
27.906,,,dot-1024x32,,132.375,,98.62399846315384,84.19,Current,resident,,,11,,measured,,,929
26.677,,,dot-1024x32,,151.255,,118.27199906110764,104.797,Random,resident,,,11,,measured,,,929
27.894,,,dot-1024x32,,139.6,,98.81599992513657,84.318,Predicted,resident,,,11,,measured,,,929
26.958,,,dot-1024x32,,151.299,,117.24799871444702,104.51,Random,resident,,,12,,measured,,,929
26.962,,,dot-1024x32,,129.009,,96.44799679517746,83.646,Predicted,resident,,,12,,measured,,,929
26.875999999999998,,,dot-1024x32,,130.381,,97.4079966545105,84.35,Current,resident,,,12,,measured,,,929
26.526,,,dot-1024x32,,129.843,,96.70399874448776,83.454,Predicted,resident,,,13,,measured,,,929
26.083,,,dot-1024x32,,129.438,,96.38399630784988,83.678,Current,resident,,,13,,measured,,,929
26.146,,,dot-1024x32,,150.163,,117.91999638080597,105.117,Random,resident,,,13,,measured,,,929
26.146,,,dot-1024x32,,129.861,,96.67199850082397,83.838,Current,resident,,,14,,measured,,,929
27.493000000000002,,,dot-1024x32,,152.085,,119.26399916410446,106.526,Random,resident,,,14,,measured,,,929
26.403,,,dot-1024x32,,130.391,,97.47199714183807,84.478,Predicted,resident,,,14,,measured,,,929
26.595,,,dot-1024x32,,130.773,,97.47199714183807,84.478,Current,resident,,,15,,measured,,,929
27.48,,,dot-1024x32,,130.256,,96.3200032711029,83.518,Predicted,resident,,,15,,measured,,,929
27.139,,,dot-1024x32,,151.671,,118.23999881744385,105.31,Random,resident,,,15,,measured,,,929
26.648,,,dot-1024x32,,129.85,,96.57599776983261,83.71,Predicted,resident,,,16,,measured,,,929
26.5,,,dot-1024x32,,151.478,,118.65600198507309,104.766,Random,resident,,,16,,measured,,,929
26.351,,,dot-1024x32,,130.274,,97.02400118112564,84.19,Current,resident,,,16,,measured,,,929
26.276,,,dot-1024x32,,130.156,,97.43999689817429,84.158,Predicted,resident,,,17,,measured,,,929
25.713,,,dot-1024x32,,129.104,,96.38399630784988,83.582,Current,resident,,,17,,measured,,,929
26.287999999999997,,,dot-1024x32,,150.375,,117.69600212574005,104.605,Random,resident,,,17,,measured,,,929
27.151,,,dot-1024x32,,131.23,,97.02400118112564,83.614,Current,resident,,,18,,measured,,,929
27.524,,,dot-1024x32,,130.497,,97.63199836015701,84.095,Predicted,resident,,,18,,measured,,,929
26.451999999999998,,,dot-1024x32,,152.279,,119.13599818944931,106.173,Random,resident,,,18,,measured,,,929
26.265,,,dot-1024x32,,130.35,,97.6639986038208,84.382,Current,resident,,,19,,measured,,,929
26.268,,,dot-1024x32,,129.866,,96.96000069379807,84.094,Predicted,resident,,,19,,measured,,,929
26.630000000000003,,,dot-1024x32,,151.859,,119.07199770212173,105.726,Random,resident,,,19,,measured,,,929
27.575000000000003,,,dot-1024x32,,123.22,,90.7839983701706,77.886,Random,resident,,,20,,measured,,,929
26.976,,,dot-1024x32,,130.243,,97.69599884748459,84.479,Current,resident,,,20,,measured,,,929
26.33,,,dot-1024x32,,131.032,,97.79199957847595,84.062,Predicted,resident,,,20,,measured,,,929
25.509,,,dot-1024x32,,99.404,,66.75200164318085,53.982,Predicted,resident,,,21,,measured,,,929
26.093,,,dot-1024x32,,128.622,,96.44799679517746,83.678,Current,resident,,,21,,measured,,,929
26.192,,,dot-1024x32,,152.015,,119.23199892044067,106.302,Random,resident,,,21,,measured,,,929
26.895,,,dot-1024x32,,130.925,,97.82399982213974,84.414,Predicted,resident,,,22,,measured,,,929
26.886,,,dot-1024x32,,129.37,,96.70399874448776,84.159,Current,resident,,,22,,measured,,,929
27.119,,,dot-1024x32,,152.893,,119.90399658679962,107.262,Random,resident,,,22,,measured,,,929
27.979999999999997,,,dot-1024x32,,129.622,,97.34400361776352,84.286,Predicted,resident,,,23,,measured,,,929
26.314,,,dot-1024x32,,130.138,,97.43999689817429,84.478,Current,resident,,,23,,measured,,,929
26.918,,,dot-1024x32,,151.689,,118.94399672746658,106.59,Random,resident,,,23,,measured,,,929
26.43,,,dot-1024x32,,129.887,,97.56799787282944,84.158,Predicted,resident,,,24,,measured,,,929
26.028,,,dot-1024x32,,129.484,,97.37599641084671,84.254,Current,resident,,,24,,measured,,,929
26.144,,,dot-1024x32,,151.838,,119.00799721479416,105.598,Random,resident,,,24,,measured,,,929
26.688000000000002,,,dot-1024x32,,130.054,,97.43999689817429,84.222,Predicted,resident,,,25,,measured,,,929
26.205,,,dot-1024x32,,129.535,,97.15200215578079,84.446,Current,resident,,,25,,measured,,,929
30.537,,,dot-1024x32,,150.512,,118.23999881744385,105.309,Random,resident,,,25,,measured,,,929
28.996000000000002,,,dot-1024x32,,131.314,,97.6639986038208,84.542,Predicted,resident,,,26,,measured,,,929
27.915,,,dot-1024x32,,151.12,,118.23999881744385,104.861,Random,resident,,,26,,measured,,,929
26.482,,,dot-1024x32,,129.666,,97.08800166845322,84.382,Current,resident,,,26,,measured,,,929
25.849,,,dot-1024x32,,99.595,,67.26399809122086,54.238,Current,resident,,,27,,measured,,,929
26.092,,,dot-1024x32,,149.913,,117.0239970088005,103.933,Random,resident,,,27,,measured,,,929
26.326,,,dot-1024x32,,129.336,,96.8639999628067,83.838,Predicted,resident,,,27,,measured,,,929
26.012,,,dot-1024x32,,99.602,,66.78400188684464,53.919,Predicted,resident,,,28,,measured,,,929
26.167,,,dot-1024x32,,150.089,,117.66400188207626,104.478,Random,resident,,,28,,measured,,,929
26.211,,,dot-1024x32,,130.241,,97.6639986038208,84.414,Current,resident,,,28,,measured,,,929
26.445999999999998,,,dot-1024x32,,150.511,,117.44000017642975,104.766,Random,resident,,,29,,measured,,,929
26.153,,,dot-1024x32,,129.43,,96.92800045013428,84.03,Current,resident,,,29,,measured,,,929
26.304000000000002,,,dot-1024x32,,129.266,,96.83199971914291,83.966,Predicted,resident,,,29,,measured,,,929
26.087,,,dot-1024x32,,129.334,,96.54399752616882,83.774,Current,resident,,,30,,measured,,,929
26.186999999999998,,,dot-1024x32,,153.281,,120.60800194740295,107.742,Random,resident,,,30,,measured,,,929
26.619,,,dot-1024x32,,129.746,,96.99200093746185,84.286,Predicted,resident,,,30,,measured,,,929
26.810000000000002,,,dot-1024x32,,149.919,,117.15199798345566,104.446,Random,resident,,,31,,measured,,,929
26.646,,,dot-1024x32,,129.223,,96.47999703884125,83.519,Predicted,resident,,,31,,measured,,,929
26.805,,,dot-1024x32,,130.075,,97.31200337409973,84.414,Current,resident,,,31,,measured,,,929
27.046,,,dot-1024x32,,151.341,,118.27199906110764,105.022,Random,resident,,,32,,measured,,,929
26.43,,,dot-1024x32,,130.491,,97.69599884748459,84.414,Predicted,resident,,,32,,measured,,,929
26.806,,,dot-1024x32,,130.553,,97.9200005531311,84.415,Current,resident,,,32,,measured,,,929
26.567999999999998,,,dot-1024x32,,129.186,,96.44799679517746,83.422,Predicted,resident,,,33,,measured,,,929
26.58,,,dot-1024x32,,129.349,,96.57599776983261,83.646,Current,resident,,,33,,measured,,,929
27.502000000000002,,,dot-1024x32,,152.737,,119.26399916410446,106.013,Random,resident,,,33,,measured,,,929
26.395,,,dot-1024x32,,122.209,,89.1840010881424,76.35,Random,resident,,,34,,measured,,,929
26.22,,,dot-1024x32,,129.478,,96.92800045013428,83.967,Predicted,resident,,,34,,measured,,,929
26.378,,,dot-1024x32,,129.512,,97.15200215578079,84.35,Current,resident,,,34,,measured,,,929
26.029,,,dot-1024x32,,128.995,,96.51199728250504,83.614,Predicted,resident,,,35,,measured,,,929
26.125,,,dot-1024x32,,129.336,,96.63999825716019,83.678,Current,resident,,,35,,measured,,,929
26.051000000000002,,,dot-1024x32,,150.703,,118.52800101041794,105.662,Random,resident,,,35,,measured,,,929
26.438000000000002,,,dot-1024x32,,129.546,,97.15200215578079,83.71,Current,resident,,,36,,measured,,,929
26.471,,,dot-1024x32,,150.385,,117.53600090742111,104.254,Random,resident,,,36,,measured,,,929
26.988,,,dot-1024x32,,129.144,,97.02400118112564,84.158,Predicted,resident,,,36,,measured,,,929
27.819000000000003,,,dot-1024x32,,129.988,,97.28000313043594,84.286,Current,resident,,,37,,measured,,,929
26.381,,,dot-1024x32,,128.761,,96.38399630784988,83.39,Predicted,resident,,,37,,measured,,,929
34.647999999999996,,,dot-1024x32,,162.227,,121.0239976644516,106.526,Random,resident,,,37,,measured,,,929
43.257999999999996,,,dot-1024x32,,137.461,,100.70399940013885,83.998,Current,resident,,,38,,measured,,,929
27.356,,,dot-1024x32,,132.5,,98.52799773216248,84.19,Predicted,resident,,,38,,measured,,,929
28.069000000000003,,,dot-1024x32,,151.732,,117.8240031003952,104.67,Random,resident,,,38,,measured,,,929
26.823999999999998,,,dot-1024x32,,130.782,,98.04800152778625,84.191,Current,resident,,,39,,measured,,,929
26.822,,,dot-1024x32,,151.086,,118.14399808645248,104.83,Random,resident,,,39,,measured,,,929
26.732,,,dot-1024x32,,130.632,,97.75999933481216,84.126,Predicted,resident,,,39,,measured,,,929
26.064999999999998,,,dot-1024x32,,99.631,,67.16799736022949,54.079,Predicted,resident,,,40,,measured,,,929
26.701,,,dot-1024x32,,129.361,,97.05600142478943,83.998,Current,resident,,,40,,measured,,,929
26.543,,,dot-1024x32,,151.752,,119.19999867677689,106.014,Random,resident,,,40,,measured,,,929
25.714,,,dot-1024x32,,123.745,,90.97599983215332,78.334,Random,resident,,,41,,measured,,,929
28.023000000000003,,,dot-1024x32,,130.38,,96.51199728250504,83.582,Current,resident,,,41,,measured,,,929
27.121000000000002,,,dot-1024x32,,130.111,,97.24800288677216,84.19,Predicted,resident,,,41,,measured,,,929
25.468,,,dot-1024x32,,99.119,,66.59200042486191,54.079,Predicted,resident,,,42,,measured,,,929
33.745999999999995,,,dot-1024x32,,153.916,,120.2239990234375,107.422,Random,resident,,,42,,measured,,,929
26.97,,,dot-1024x32,,131.027,,97.37599641084671,83.806,Current,resident,,,42,,measured,,,929
26.458,,,dot-1024x32,,129.768,,96.57599776983261,83.678,Predicted,resident,,,43,,measured,,,929
26.925,,,dot-1024x32,,150.037,,117.88800358772278,104.221,Random,resident,,,43,,measured,,,929
26.235,,,dot-1024x32,,130.235,,97.69599884748459,84.446,Current,resident,,,43,,measured,,,929
28.586999999999996,,,dot-1024x32,,100.077,,67.45599955320358,54.495,Current,resident,,,44,,measured,,,929
26.695,,,dot-1024x32,,129.796,,96.73599898815155,83.87,Predicted,resident,,,44,,measured,,,929
29.747999999999998,,,dot-1024x32,,151.467,,118.04799735546112,104.798,Random,resident,,,44,,measured,,,929
25.847,,,dot-1024x32,,125.019,,92.41600334644318,78.943,Random,resident,,,45,,measured,,,929
26.889,,,dot-1024x32,,129.431,,96.54399752616882,83.582,Predicted,resident,,,45,,measured,,,929
26.636000000000003,,,dot-1024x32,,129.896,,97.4079966545105,84.542,Current,resident,,,45,,measured,,,929
26.742,,,dot-1024x32,,129.945,,96.63999825716019,83.646,Predicted,resident,,,46,,measured,,,929
26.180999999999997,,,dot-1024x32,,150.386,,117.79200285673141,105.118,Random,resident,,,46,,measured,,,929
28.571,,,dot-1024x32,,130.553,,96.67199850082397,83.998,Current,resident,,,46,,measured,,,929
28.852,,,dot-1024x32,,152.085,,118.49600076675415,105.246,Random,resident,,,47,,measured,,,929
26.147,,,dot-1024x32,,130.096,,96.99200093746185,83.646,Current,resident,,,47,,measured,,,929
26.073999999999998,,,dot-1024x32,,129.368,,96.92800045013428,83.998,Predicted,resident,,,47,,measured,,,929
26.942,,,dot-1024x32,,151.421,,118.49600076675415,104.733,Random,resident,,,48,,measured,,,929
27.39,,,dot-1024x32,,129.793,,96.83199971914291,83.902,Current,resident,,,48,,measured,,,929
26.475,,,dot-1024x32,,128.96,,96.57599776983261,83.774,Predicted,resident,,,48,,measured,,,929
26.512999999999998,,,dot-1024x32,,152.815,,120.12799829244614,107.198,Random,resident,,,49,,measured,,,929
26.435,,,dot-1024x32,,129.694,,97.21600264310837,83.742,Predicted,resident,,,49,,measured,,,929
26.597,,,dot-1024x32,,129.912,,96.79999947547913,84.286,Current,resident,,,49,,measured,,,929
25.637,,,dot-1024x32,,99.577,,66.94400310516357,53.982,Current,resident,,,50,,measured,,,929
26.781,,,dot-1024x32,,129.067,,96.16000205278397,83.486,Predicted,resident,,,50,,measured,,,929
26.925,,,dot-1024x32,,151.773,,118.43200027942657,105.534,Random,resident,,,50,,measured,,,929
26.47,,,dot-1024x32,,129.678,,96.96000069379807,83.742,Predicted,resident,,,51,,measured,,,929
27.72,,,dot-1024x32,,151.544,,117.53600090742111,104.51,Random,resident,,,51,,measured,,,929
26.228,,,dot-1024x32,,129.829,,97.34400361776352,84.222,Current,resident,,,51,,measured,,,929
27.442999999999998,,,dot-1024x32,,130.684,,97.6639986038208,84.127,Predicted,resident,,,52,,measured,,,929
26.32,,,dot-1024x32,,129.68,,96.89600020647049,83.454,Current,resident,,,52,,measured,,,929
26.913,,,dot-1024x32,,153.605,,120.41600048542023,106.59,Random,resident,,,52,,measured,,,929
26.503,,,dot-1024x32,,129.319,,96.41599655151367,83.582,Current,resident,,,53,,measured,,,929
26.437,,,dot-1024x32,,130.581,,97.120001912117,83.998,Predicted,resident,,,53,,measured,,,929
26.177999999999997,,,dot-1024x32,,151.835,,119.39200013875961,106.365,Random,resident,,,53,,measured,,,929
26.613,,,dot-1024x32,,128.905,,96.38399630784988,83.199,Predicted,resident,,,54,,measured,,,929
26.343,,,dot-1024x32,,129.252,,96.96000069379807,84.158,Current,resident,,,54,,measured,,,929
26.242,,,dot-1024x32,,151.2,,118.43200027942657,105.566,Random,resident,,,54,,measured,,,929
26.435,,,dot-1024x32,,129.373,,96.73599898815155,83.742,Current,resident,,,55,,measured,,,929
26.17,,,dot-1024x32,,151.437,,118.56000125408173,105.054,Random,resident,,,55,,measured,,,929
26.858,,,dot-1024x32,,131.52,,97.63199836015701,84.254,Predicted,resident,,,55,,measured,,,929
26.722,,,dot-1024x32,,152.216,,119.6800023317337,106.142,Random,resident,,,56,,measured,,,929
25.945,,,dot-1024x32,,129.017,,96.28800302743912,83.423,Predicted,resident,,,56,,measured,,,929
26.016,,,dot-1024x32,,129.505,,97.120001912117,84.222,Current,resident,,,56,,measured,,,929
26.709,,,dot-1024x32,,129.892,,96.67199850082397,83.71,Predicted,resident,,,57,,measured,,,929
28.268,,,dot-1024x32,,162.032,,104.89600151777267,83.646,Current,resident,,,57,,measured,,,929
26.497999999999998,,,dot-1024x32,,152.53,,119.45600062608719,105.917,Random,resident,,,57,,measured,,,929
26.819,,,dot-1024x32,,130.018,,96.6079980134964,83.998,Predicted,resident,,,58,,measured,,,929
26.893,,,dot-1024x32,,151.034,,117.95199662446976,105.118,Random,resident,,,58,,measured,,,929
25.964,,,dot-1024x32,,129.908,,96.96000069379807,84.03,Current,resident,,,58,,measured,,,929
25.893,,,dot-1024x32,,150.85,,117.98399686813354,104.734,Random,resident,,,59,,measured,,,929
26.058,,,dot-1024x32,,130.029,,97.31200337409973,84.446,Predicted,resident,,,59,,measured,,,929
26.508000000000003,,,dot-1024x32,,130.69,,97.59999811649323,84.318,Current,resident,,,59,,measured,,,929
27.15,,,dot-1024x32,,152.549,,119.45600062608719,105.629,Random,resident,,,60,,measured,,,929
26.227,,,dot-1024x32,,129.476,,96.92800045013428,83.582,Current,resident,,,60,,measured,,,929
26.862000000000002,,,dot-1024x32,,129.692,,96.96000069379807,83.71,Predicted,resident,,,60,,measured,,,929
26.306,,,dot-1024x32,,129.114,,96.0640013217926,83.486,Current,resident,,,61,,measured,,,929
26.756999999999998,,,dot-1024x32,,151.888,,119.23199892044067,106.141,Random,resident,,,61,,measured,,,929
26.167,,,dot-1024x32,,129.381,,96.63999825716019,83.838,Predicted,resident,,,61,,measured,,,929
25.979,,,dot-1024x32,,129.808,,97.02400118112564,84.03,Current,resident,,,62,,measured,,,929
26.833,,,dot-1024x32,,151.823,,118.75200271606445,105.758,Random,resident,,,62,,measured,,,929
27.070999999999998,,,dot-1024x32,,129.563,,96.89600020647049,83.998,Predicted,resident,,,62,,measured,,,929
26.442,,,dot-1024x32,,150.86,,117.98399686813354,104.99,Random,resident,,,63,,measured,,,929
26.189999999999998,,,dot-1024x32,,129.321,,96.92800045013428,84.095,Current,resident,,,63,,measured,,,929
26.125999999999998,,,dot-1024x32,,129.589,,96.83199971914291,83.774,Predicted,resident,,,63,,measured,,,929
27.557000000000002,551.6809999999999,0.0,dot-1024x32,731825.3729999925,926.839,1358514.8070010985,118.75200271606445,104.35,Random,one_shot,1039301.7760002989,1038374.9370002989,0,162164.49900002772,warmup,0.0,143345.3350000491,929
27.666,524.613,0.0,dot-1024x32,731825.3729999925,893.648,1196317.1170010709,97.34400361776352,82.878,Current,one_shot,877104.0860002711,876210.4380002711,0,,warmup,0.0,143345.3350000491,929
27.24,522.053,0.0,dot-1024x32,647744.1850001924,845.365,1142169.2750011196,97.56799787282944,82.942,Predicted,one_shot,822956.24400032,822110.87900032,0,,warmup,23593.693999828247,150772.5430001301,929
26.927,422.963,0.0,dot-1024x32,647744.1850001924,709.166,1142033.0760011196,68.2239979505539,54.239,Predicted,one_shot,822820.04500032,822110.87900032,1,,warmup,23593.693999828247,150772.5430001301,929
27.573,532.3309999999999,0.0,dot-1024x32,731825.3729999925,865.775,1358453.7430010985,118.56000125408173,104.253,Random,one_shot,1039240.7120002989,1038374.9370002989,1,162164.49900002772,warmup,0.0,143345.3350000491,929
27.637999999999998,528.465,0.0,dot-1024x32,731825.3729999925,841.439,1196264.9080010708,97.28000313043594,82.878,Current,one_shot,877051.8770002711,876210.4380002711,1,,warmup,0.0,143345.3350000491,929
27.408,498.314,0.0,dot-1024x32,647744.1850001924,814.556,1142138.4660011197,97.98400104045868,83.134,Predicted,one_shot,822925.43500032,822110.87900032,2,,warmup,23593.693999828247,150772.5430001301,929
27.092,482.17699999999996,0.0,dot-1024x32,731825.3729999925,814.144,1358402.1120010985,118.23999881744385,104.062,Random,one_shot,1039189.0810002988,1038374.9370002989,2,162164.49900002772,warmup,0.0,143345.3350000491,929
27.521,470.412,0.0,dot-1024x32,731825.3729999925,826.506,1196249.9750010709,97.63199836015701,82.718,Current,one_shot,877036.9440002711,876210.4380002711,2,,warmup,0.0,143345.3350000491,929
28.344,497.38000000000017,0.0,dot-1024x32,647744.1850001924,817.779,1142141.6890011197,98.36799651384354,83.262,Predicted,one_shot,822928.65800032,822110.87900032,3,,warmup,23593.693999828247,150772.5430001301,929
27.294,471.08600000000007,0.0,dot-1024x32,731825.3729999925,782.586,1196206.0550010707,96.00000083446503,81.791,Current,one_shot,876993.0240002711,876210.4380002711,3,,warmup,0.0,143345.3350000491,929
27.265,482.3039999999999,0.0,dot-1024x32,731825.3729999925,814.852,1358402.8200010986,118.6240017414093,104.254,Random,one_shot,1039189.7890002988,1038374.9370002989,3,162164.49900002772,warmup,0.0,143345.3350000491,929
27.973,493.067,0.0,dot-1024x32,647744.1850001924,804.855,1142128.7650011196,97.82399982213974,83.07,Predicted,one_shot,822915.73400032,822110.87900032,4,,warmup,23593.693999828247,150772.5430001301,929
28.008000000000003,472.33,0.0,dot-1024x32,731825.3729999925,784.43,1196207.8990010708,97.31200337409973,82.75,Current,one_shot,876994.8680002711,876210.4380002711,4,,warmup,0.0,143345.3350000491,929
27.972,476.534,0.0,dot-1024x32,731825.3729999925,810.805,1358398.7730010985,119.39200013875961,104.797,Random,one_shot,1039185.7420002989,1038374.9370002989,4,162164.49900002772,warmup,0.0,143345.3350000491,929
28.4,477.62600000000003,0.0,dot-1024x32,647744.1850001924,791.273,1142115.1830011196,97.56799787282944,83.102,Predicted,one_shot,822902.15200032,822110.87900032,5,,warmup,23593.693999828247,150772.5430001301,929
27.832,515.3989999999999,0.0,dot-1024x32,731825.3729999925,828.394,1196251.8630010707,97.95200079679489,83.454,Current,one_shot,877038.8320002711,876210.4380002711,5,,warmup,0.0,143345.3350000491,929
27.512,472.525,0.0,dot-1024x32,731825.3729999925,805.689,1358393.6570010986,118.97599697113037,104.765,Random,one_shot,1039180.6260002989,1038374.9370002989,5,162164.49900002772,warmup,0.0,143345.3350000491,929
26.892,359.93499999999995,0.0,dot-1024x32,731825.3729999925,665.206,1358253.1740010986,92.79999881982803,78.719,Random,one_shot,1039040.1430002989,1038374.9370002989,6,162164.49900002772,warmup,0.0,143345.3350000491,929
27.061,446.62800000000004,0.0,dot-1024x32,731825.3729999925,756.579,1196180.0480010707,95.96800059080124,81.246,Current,one_shot,876967.0170002711,876210.4380002711,6,,warmup,0.0,143345.3350000491,929
26.917,515.312,0.0,dot-1024x32,647744.1850001924,823.445,1142147.3550011197,97.34400361776352,82.782,Predicted,one_shot,822934.3240003199,822110.87900032,6,,warmup,23593.693999828247,150772.5430001301,929
26.249,355.86800000000005,0.0,dot-1024x32,647744.1850001924,634.661,1141958.5710011197,68.2239979505539,54.238,Predicted,one_shot,822745.54000032,822110.87900032,7,,warmup,23593.693999828247,150772.5430001301,929
27.97,454.22200000000004,0.0,dot-1024x32,731825.3729999925,787.767,1358375.7350010986,119.64800208806992,104.925,Random,one_shot,1039162.7040002989,1038374.9370002989,7,162164.49900002772,warmup,0.0,143345.3350000491,929
28.342,450.8329999999999,0.0,dot-1024x32,731825.3729999925,761.988,1196185.4570010707,97.15200215578079,82.782,Current,one_shot,876972.4260002711,876210.4380002711,7,,warmup,0.0,143345.3350000491,929
27.839,439.595,0.0,dot-1024x32,647744.1850001924,750.853,1142074.7630011197,97.31200337409973,82.942,Predicted,one_shot,822861.73200032,822110.87900032,8,,warmup,23593.693999828247,150772.5430001301,929
27.716,459.49399999999997,0.0,dot-1024x32,731825.3729999925,796.988,1358384.9560010985,119.6800023317337,104.574,Random,one_shot,1039171.9250002989,1038374.9370002989,8,162164.49900002772,warmup,0.0,143345.3350000491,929
28.695999999999998,456.79800000000006,0.0,dot-1024x32,731825.3729999925,771.56,1196195.029001071,97.50399738550186,82.878,Current,one_shot,876981.9980002712,876210.4380002711,8,,warmup,0.0,143345.3350000491,929
27.451,451.15299999999996,0.0,dot-1024x32,731825.3729999925,786.877,1358374.8450010985,120.19199877977371,105.502,Random,one_shot,1039161.8140002989,1038374.9370002989,9,162164.49900002772,warmup,0.0,143345.3350000491,929
31.222,501.9829999999999,0.0,dot-1024x32,647744.1850001924,1039.731,1142363.6410011197,97.24800288677216,82.814,Predicted,one_shot,823150.61000032,822110.87900032,9,,warmup,23593.693999828247,150772.5430001301,929
81.564,466.152,0.0,dot-1024x32,731825.3729999925,851.196,1196274.6650010708,101.27999633550644,83.038,Current,one_shot,877061.6340002711,876210.4380002711,9,,warmup,0.0,143345.3350000491,929
27.688000000000002,395.153,0.0,dot-1024x32,731825.3729999925,718.118,1196141.5870010708,69.56800073385239,54.559,Current,one_shot,876928.5560002711,876210.4380002711,10,,warmup,0.0,143345.3350000491,929
27.87,481.25700000000006,0.0,dot-1024x32,731825.3729999925,817.986,1358405.9540010986,120.25599926710129,105.117,Random,one_shot,1039192.9230002989,1038374.9370002989,10,162164.49900002772,warmup,0.0,143345.3350000491,929
27.641,483.43700000000007,0.0,dot-1024x32,647744.1850001924,794.742,1142118.6520011197,97.6639986038208,83.166,Predicted,one_shot,822905.62100032,822110.87900032,10,,warmup,23593.693999828247,150772.5430001301,929
27.933999999999997,476.61899999999997,0.0,dot-1024x32,731825.3729999925,808.478,1358396.4460010985,119.1679984331131,104.83,Random,one_shot,1039183.4150002989,1038374.9370002989,11,162164.49900002772,warmup,0.0,143345.3350000491,929
27.521,461.586,0.0,dot-1024x32,731825.3729999925,769.075,1196192.5440010708,97.05600142478943,82.846,Current,one_shot,876979.513000271,876210.4380002711,11,,warmup,0.0,143345.3350000491,929
56.283,475.321,0.0,dot-1024x32,647744.1850001924,836.805,1142160.7150011198,97.24800288677216,82.75,Predicted,one_shot,822947.68400032,822110.87900032,11,,warmup,23593.693999828247,150772.5430001301,929
27.673000000000002,464.723,0.0,dot-1024x32,731825.3729999925,799.263,1358387.2310010986,119.90399658679962,104.445,Random,one_shot,1039174.2000002989,1038374.9370002989,12,162164.49900002772,warmup,0.0,143345.3350000491,929
27.653,481.058,0.0,dot-1024x32,731825.3729999925,801.314,1196224.7830010708,97.120001912117,82.59,Current,one_shot,877011.7520002711,876210.4380002711,12,,warmup,0.0,143345.3350000491,929
28.083,463.83799999999997,0.0,dot-1024x32,647744.1850001924,775.073,1142098.9830011197,97.47199714183807,82.91,Predicted,one_shot,822885.95200032,822110.87900032,12,,warmup,23593.693999828247,150772.5430001301,929
28.034999999999997,352.79799999999994,0.0,dot-1024x32,647744.1850001924,635.873,1141959.7830011197,68.41599941253662,54.271,Predicted,one_shot,822746.75200032,822110.87900032,13,,warmup,23593.693999828247,150772.5430001301,929
27.566,444.46600000000007,0.0,dot-1024x32,731825.3729999925,751.243,1196174.7120010708,96.28800302743912,81.95,Current,one_shot,876961.6810002711,876210.4380002711,13,,warmup,0.0,143345.3350000491,929
27.601,464.242,0.0,dot-1024x32,731825.3729999925,796.578,1358384.5460010986,121.44000083208084,106.973,Random,one_shot,1039171.5150002989,1038374.9370002989,13,162164.49900002772,warmup,0.0,143345.3350000491,929
27.413,458.51099999999997,0.0,dot-1024x32,647744.1850001924,767.949,1142091.8590011196,97.82399982213974,83.071,Predicted,one_shot,822878.82800032,822110.87900032,14,,warmup,23593.693999828247,150772.5430001301,929
28.81,466.74399999999997,0.0,dot-1024x32,731825.3729999925,795.176,1196218.6450010708,97.56799787282944,82.782,Current,one_shot,877005.6140002711,876210.4380002711,14,,warmup,0.0,143345.3350000491,929
27.677,472.14899999999994,0.0,dot-1024x32,731825.3729999925,802.924,1358390.8920010985,119.74400281906128,105.182,Random,one_shot,1039177.8610002989,1038374.9370002989,14,162164.49900002772,warmup,0.0,143345.3350000491,929
26.497999999999998,378.313,0.0,dot-1024x32,731825.3729999925,682.577,1358270.5450010987,92.79999881982803,78.846,Random,one_shot,1039057.5140002989,1038374.9370002989,15,162164.49900002772,warmup,0.0,143345.3350000491,929
27.619999999999997,471.394,0.0,dot-1024x32,731825.3729999925,780.207,1196203.6760010708,96.00000083446503,81.182,Current,one_shot,876990.6450002711,876210.4380002711,15,,warmup,0.0,143345.3350000491,929
29.39,470.436,0.0,dot-1024x32,647744.1850001924,785.591,1142109.5010011196,97.98400104045868,83.07,Predicted,one_shot,822896.47000032,822110.87900032,15,,warmup,23593.693999828247,150772.5430001301,929
27.14,461.50600000000003,0.0,dot-1024x32,731825.3729999925,794.587,1358382.5550010987,119.29599940776825,104.509,Random,one_shot,1039169.5240002989,1038374.9370002989,0,162164.49900002772,measured,0.0,143345.3350000491,929
27.637999999999998,452.089,0.0,dot-1024x32,731825.3729999925,761.904,1196185.3730010707,97.120001912117,82.654,Current,one_shot,876972.3420002711,876210.4380002711,0,,measured,0.0,143345.3350000491,929
27.024,474.28999999999996,0.0,dot-1024x32,647744.1850001924,782.724,1142106.6340011198,97.15200215578079,82.814,Predicted,one_shot,822893.60300032,822110.87900032,0,,measured,23593.693999828247,150772.5430001301,929
57.611999999999995,367.55,0.0,dot-1024x32,647744.1850001924,706.588,1142030.4980011196,73.47200065851212,54.335,Predicted,one_shot,822817.46700032,822110.87900032,1,,measured,23593.693999828247,150772.5430001301,929
27.245,465.454,0.0,dot-1024x32,731825.3729999925,797.605,1358385.5730010986,118.17599833011627,103.774,Random,one_shot,1039172.5420002989,1038374.9370002989,1,162164.49900002772,measured,0.0,143345.3350000491,929
27.240000000000002,461.978,0.0,dot-1024x32,731825.3729999925,772.959,1196196.4280010709,97.02400118112564,82.846,Current,one_shot,876983.3970002711,876210.4380002711,1,,measured,0.0,143345.3350000491,929
26.73,353.178,0.0,dot-1024x32,731825.3729999925,636.257,1196059.7260010708,69.2799985408783,54.558,Current,one_shot,876846.6950002711,876210.4380002711,2,,measured,0.0,143345.3350000491,929
27.337,453.211,0.0,dot-1024x32,647744.1850001924,761.497,1142085.4070011196,96.76799923181534,83.038,Predicted,one_shot,822872.37600032,822110.87900032,2,,measured,23593.693999828247,150772.5430001301,929
28.156,457.38799999999986,0.0,dot-1024x32,731825.3729999925,792.805,1358380.7730010985,120.4800009727478,105.406,Random,one_shot,1039167.7420002989,1038374.9370002989,2,162164.49900002772,measured,0.0,143345.3350000491,929
27.546999999999997,451.6840000000001,0.0,dot-1024x32,647744.1850001924,760.58,1142084.4900011197,96.3200032711029,81.95,Predicted,one_shot,822871.4590003199,822110.87900032,3,,measured,23593.693999828247,150772.5430001301,929
27.647,450.46700000000004,0.0,dot-1024x32,731825.3729999925,758.57,1196182.0390010707,97.82399982213974,83.358,Current,one_shot,876969.008000271,876210.4380002711,3,,measured,0.0,143345.3350000491,929
31.035,462.031,0.0,dot-1024x32,731825.3729999925,808.344,1358396.3120010986,119.4240003824234,104.478,Random,one_shot,1039183.2810002989,1038374.9370002989,3,162164.49900002772,measured,0.0,143345.3350000491,929
27.749,452.84100000000007,0.0,dot-1024x32,731825.3729999925,765.354,1196188.8230010709,96.00000083446503,81.31,Current,one_shot,876975.7920002711,876210.4380002711,4,,measured,0.0,143345.3350000491,929
27.215,458.97200000000004,0.0,dot-1024x32,731825.3729999925,792.048,1358380.0160010986,119.23199892044067,104.19,Random,one_shot,1039166.9850002988,1038374.9370002989,4,162164.49900002772,measured,0.0,143345.3350000491,929
26.945999999999998,478.2950000000001,0.0,dot-1024x32,647744.1850001924,787.135,1142111.0450011196,97.59999811649323,82.974,Predicted,one_shot,822898.01400032,822110.87900032,4,,measured,23593.693999828247,150772.5430001301,929
30.588,381.46799999999996,0.0,dot-1024x32,647744.1850001924,665.836,1141989.7460011197,68.51200014352798,54.27,Predicted,one_shot,822776.71500032,822110.87900032,5,,measured,23593.693999828247,150772.5430001301,929
28.125999999999998,471.17200000000014,0.0,dot-1024x32,731825.3729999925,801.941,1358389.9090010985,118.6240017414093,103.902,Random,one_shot,1039176.8780002989,1038374.9370002989,5,162164.49900002772,measured,0.0,143345.3350000491,929
27.12,467.72599999999994,0.0,dot-1024x32,731825.3729999925,776.27,1196199.7390010708,97.47199714183807,83.07,Current,one_shot,876986.7080002711,876210.4380002711,5,,measured,0.0,143345.3350000491,929
27.168,446.76500000000004,0.0,dot-1024x32,647744.1850001924,755.126,1142079.0360011198,97.69599884748459,83.198,Predicted,one_shot,822866.00500032,822110.87900032,6,,measured,23593.693999828247,150772.5430001301,929
43.366,461.697,0.0,dot-1024x32,731825.3729999925,789.756,1196213.2250010709,96.00000083446503,81.47,Current,one_shot,877000.1940002711,876210.4380002711,6,,measured,0.0,143345.3350000491,929
27.682000000000002,460.407,0.0,dot-1024x32,731825.3729999925,794.123,1358382.0910010985,119.71200257539749,104.894,Random,one_shot,1039169.0600002989,1038374.9370002989,6,162164.49900002772,measured,0.0,143345.3350000491,929
27.47,459.0180000000001,0.0,dot-1024x32,647744.1850001924,770.456,1142094.3660011196,97.85600006580353,83.422,Predicted,one_shot,822881.33500032,822110.87900032,7,,measured,23593.693999828247,150772.5430001301,929
27.6,449.45,0.0,dot-1024x32,731825.3729999925,757.587,1196181.056001071,97.56799787282944,82.943,Current,one_shot,876968.0250002712,876210.4380002711,7,,measured,0.0,143345.3350000491,929
29.876,449.11999999999995,0.0,dot-1024x32,731825.3729999925,785.853,1358373.8210010985,118.33599954843521,104.222,Random,one_shot,1039160.7900002989,1038374.9370002989,7,162164.49900002772,measured,0.0,143345.3350000491,929
32.163,445.42,0.0,dot-1024x32,731825.3729999925,1052.387,1196475.8560010707,95.8079993724823,81.374,Current,one_shot,877262.8250002711,876210.4380002711,8,,measured,0.0,143345.3350000491,929
27.427,451.70500000000004,0.0,dot-1024x32,647744.1850001924,762.918,1142086.8280011197,97.79199957847595,83.262,Predicted,one_shot,822873.7970003199,822110.87900032,8,,measured,23593.693999828247,150772.5430001301,929
27.671,457.36899999999997,0.0,dot-1024x32,731825.3729999925,791.886,1358379.8540010985,119.26399916410446,104.861,Random,one_shot,1039166.8230002989,1038374.9370002989,8,162164.49900002772,measured,0.0,143345.3350000491,929
27.064,401.35400000000004,0.0,dot-1024x32,731825.3729999925,709.586,1358297.5540010985,94.43199634552002,80.126,Random,one_shot,1039084.5230002989,1038374.9370002989,9,162164.49900002772,measured,0.0,143345.3350000491,929
27.488,462.309,0.0,dot-1024x32,647744.1850001924,770.901,1142094.8110011197,96.76799923181534,81.854,Predicted,one_shot,822881.7800003199,822110.87900032,9,,measured,23593.693999828247,150772.5430001301,929
27.897,472.6700000000001,0.0,dot-1024x32,731825.3729999925,781.022,1196204.4910010707,97.31200337409973,83.102,Current,one_shot,876991.4600002711,876210.4380002711,9,,measured,0.0,143345.3350000491,929
27.264,374.8379999999999,0.0,dot-1024x32,731825.3729999925,655.16,1196078.6290010707,68.80000233650208,54.367,Current,one_shot,876865.5980002711,876210.4380002711,10,,measured,0.0,143345.3350000491,929
27.839,459.492,0.0,dot-1024x32,647744.1850001924,768.357,1142092.2670011197,96.96000069379807,82.846,Predicted,one_shot,822879.23600032,822110.87900032,10,,measured,23593.693999828247,150772.5430001301,929
27.820999999999998,473.28099999999995,0.0,dot-1024x32,731825.3729999925,804.579,1358392.5470010985,119.52000111341476,104.894,Random,one_shot,1039179.5160002989,1038374.9370002989,10,162164.49900002772,measured,0.0,143345.3350000491,929
27.564,462.3,0.0,dot-1024x32,731825.3729999925,772.113,1196195.5820010707,97.9200005531311,83.134,Current,one_shot,876982.5510002711,876210.4380002711,11,,measured,0.0,143345.3350000491,929
27.402,464.8790000000001,0.0,dot-1024x32,731825.3729999925,797.173,1358385.1410010986,119.00799721479416,104.413,Random,one_shot,1039172.1100002988,1038374.9370002989,11,162164.49900002772,measured,0.0,143345.3350000491,929
27.572,467.435,0.0,dot-1024x32,647744.1850001924,777.5,1142101.4100011196,97.50399738550186,82.974,Predicted,one_shot,822888.37900032,822110.87900032,11,,measured,23593.693999828247,150772.5430001301,929
27.342,445.2679999999999,0.0,dot-1024x32,731825.3729999925,776.376,1358364.3440010985,119.19999867677689,104.957,Random,one_shot,1039151.3130002989,1038374.9370002989,12,162164.49900002772,measured,0.0,143345.3350000491,929
27.487000000000002,459.16400000000004,0.0,dot-1024x32,647744.1850001924,766.929,1142090.8390011196,96.41599655151367,82.046,Predicted,one_shot,822877.80800032,822110.87900032,12,,measured,23593.693999828247,150772.5430001301,929
27.911,466.7470000000001,0.0,dot-1024x32,731825.3729999925,781.49,1196204.9590010708,97.69599884748459,82.846,Current,one_shot,876991.9280002711,876210.4380002711,12,,measured,0.0,143345.3350000491,929
27.502000000000002,479.505,0.0,dot-1024x32,647744.1850001924,791.544,1142115.4540011196,97.21600264310837,82.59,Predicted,one_shot,822902.42300032,822110.87900032,13,,measured,23593.693999828247,150772.5430001301,929
27.514,455.95799999999997,0.0,dot-1024x32,731825.3729999925,765.218,1196188.6870010707,96.12800180912018,81.502,Current,one_shot,876975.6560002711,876210.4380002711,13,,measured,0.0,143345.3350000491,929
27.531,459.92400000000004,0.0,dot-1024x32,731825.3729999925,793.763,1358381.7310010986,120.54400146007538,105.789,Random,one_shot,1039168.7000002989,1038374.9370002989,13,162164.49900002772,measured,0.0,143345.3350000491,929
27.799,445.018,0.0,dot-1024x32,731825.3729999925,754.938,1196178.4070010707,95.67999839782715,81.278,Current,one_shot,876965.3760002711,876210.4380002711,14,,measured,0.0,143345.3350000491,929
27.869,447.72800000000007,0.0,dot-1024x32,731825.3729999925,781.284,1358369.2520010986,118.75200271606445,103.55,Random,one_shot,1039156.2210002989,1038374.9370002989,14,162164.49900002772,measured,0.0,143345.3350000491,929
26.985,453.795,0.0,dot-1024x32,647744.1850001924,766.052,1142089.9620011197,97.98400104045868,83.326,Predicted,one_shot,822876.93100032,822110.87900032,14,,measured,23593.693999828247,150772.5430001301,929
27.79,448.017,0.0,dot-1024x32,731825.3729999925,760.681,1196184.1500010707,97.69599884748459,83.07,Current,one_shot,876971.1190002711,876210.4380002711,15,,measured,0.0,143345.3350000491,929
27.733,438.553,0.0,dot-1024x32,647744.1850001924,750.969,1142074.8790011196,97.02400118112564,82.622,Predicted,one_shot,822861.84800032,822110.87900032,15,,measured,23593.693999828247,150772.5430001301,929
28.338,561.535,0.0,dot-1024x32,731825.3729999925,912.063,1358500.0310010985,120.67200243473053,105.021,Random,one_shot,1039287.0000002988,1038374.9370002989,15,162164.49900002772,measured,0.0,143345.3350000491,929
27.389000000000003,461.153,0.0,dot-1024x32,647744.1850001924,771.283,1142095.1930011197,96.16000205278397,81.662,Predicted,one_shot,822882.16200032,822110.87900032,16,,measured,23593.693999828247,150772.5430001301,929
27.725,461.986,0.0,dot-1024x32,731825.3729999925,795.274,1358383.2420010986,118.04799735546112,103.934,Random,one_shot,1039170.2110002988,1038374.9370002989,16,162164.49900002772,measured,0.0,143345.3350000491,929
27.380000000000003,473.636,0.0,dot-1024x32,731825.3729999925,784.825,1196208.2940010708,97.47199714183807,82.846,Current,one_shot,876995.263000271,876210.4380002711,16,,measured,0.0,143345.3350000491,929
28.098,599.4399999999999,0.0,dot-1024x32,647744.1850001924,1016.894,1142340.8040011197,98.27200323343277,83.23,Predicted,one_shot,823127.77300032,822110.87900032,17,,measured,23593.693999828247,150772.5430001301,929
28.05,537.997,0.0,dot-1024x32,731825.3729999925,851.742,1196275.2110010707,96.3520035147667,81.822,Current,one_shot,877062.1800002711,876210.4380002711,17,,measured,0.0,143345.3350000491,929
54.214,475.68199999999996,0.0,dot-1024x32,731825.3729999925,912.901,1358500.8690010984,156.63999319076538,105.726,Random,one_shot,1039287.8380002988,1038374.9370002989,17,162164.49900002772,measured,0.0,143345.3350000491,929
29.582,474.445,0.0,dot-1024x32,731825.3729999925,815.209,1196238.6780010709,96.28800302743912,81.31,Current,one_shot,877025.6470002711,876210.4380002711,18,,measured,0.0,143345.3350000491,929
27.558,534.226,0.0,dot-1024x32,647744.1850001924,855.562,1142179.4720011197,98.52799773216248,83.166,Predicted,one_shot,822966.44100032,822110.87900032,18,,measured,23593.693999828247,150772.5430001301,929
27.417,479.21,0.0,dot-1024x32,731825.3729999925,816.791,1358404.7590010986,118.84800344705582,104.094,Random,one_shot,1039191.7280002988,1038374.9370002989,18,162164.49900002772,measured,0.0,143345.3350000491,929
40.882999999999996,460.5280000000001,0.0,dot-1024x32,731825.3729999925,797.7,1196221.1690010708,97.24800288677216,82.686,Current,one_shot,877008.138000271,876210.4380002711,19,,measured,0.0,143345.3350000491,929
27.855,475.861,0.0,dot-1024x32,647744.1850001924,835.956,1142159.8660011196,98.81599992513657,83.166,Predicted,one_shot,822946.83500032,822110.87900032,19,,measured,23593.693999828247,150772.5430001301,929
69.825,522.1980000000001,0.0,dot-1024x32,731825.3729999925,931.891,1358519.8590010984,121.8239963054657,105.533,Random,one_shot,1039306.8280002988,1038374.9370002989,19,162164.49900002772,measured,0.0,143345.3350000491,929
27.05,396.73800000000006,0.0,dot-1024x32,731825.3729999925,751.337,1358339.3050010987,99.90400075912476,84.734,Random,one_shot,1039126.2740002989,1038374.9370002989,20,162164.49900002772,measured,0.0,143345.3350000491,929
44.95399999999999,574.8899999999999,0.0,dot-1024x32,731825.3729999925,914.402,1196337.8710010708,98.91200065612793,83.07,Current,one_shot,877124.8400002711,876210.4380002711,20,,measured,0.0,143345.3350000491,929
27.223,481.783,0.0,dot-1024x32,647744.1850001924,795.716,1142119.6260011196,97.85600006580353,82.879,Predicted,one_shot,822906.59500032,822110.87900032,20,,measured,23593.693999828247,150772.5430001301,929
47.028999999999996,427.0760000000001,0.0,dot-1024x32,647744.1850001924,730.797,1142054.7070011196,68.57600063085556,54.207,Predicted,one_shot,822841.67600032,822110.87900032,21,,measured,23593.693999828247,150772.5430001301,929
28.223,522.544,0.0,dot-1024x32,731825.3729999925,890.097,1196313.5660010707,97.50399738550186,81.822,Current,one_shot,877100.535000271,876210.4380002711,21,,measured,0.0,143345.3350000491,929
27.621000000000002,520.183,0.0,dot-1024x32,731825.3729999925,870.939,1358458.9070010986,119.10399794578552,104.349,Random,one_shot,1039245.8760002989,1038374.9370002989,21,162164.49900002772,measured,0.0,143345.3350000491,929
28.073,484.38199999999995,0.0,dot-1024x32,647744.1850001924,797.47,1142121.3800011196,97.98400104045868,83.358,Predicted,one_shot,822908.34900032,822110.87900032,22,,measured,23593.693999828247,150772.5430001301,929
27.426000000000002,460.22999999999996,0.0,dot-1024x32,731825.3729999925,772.928,1196196.3970010707,98.04800152778625,83.134,Current,one_shot,876983.366000271,876210.4380002711,22,,measured,0.0,143345.3350000491,929
27.474,485.887,0.0,dot-1024x32,731825.3729999925,818.624,1358406.5920010984,120.19199877977371,105.405,Random,one_shot,1039193.5610002988,1038374.9370002989,22,162164.49900002772,measured,0.0,143345.3350000491,929
27.644,476.57000000000005,0.0,dot-1024x32,647744.1850001924,1165.832,1142489.7420011198,98.2080027461052,83.454,Predicted,one_shot,823276.71100032,822110.87900032,23,,measured,23593.693999828247,150772.5430001301,929
27.858,466.59100000000007,0.0,dot-1024x32,731825.3729999925,777.394,1196200.8630010707,97.4079966545105,83.103,Current,one_shot,876987.8320002711,876210.4380002711,23,,measured,0.0,143345.3350000491,929
27.262,470.61100000000005,0.0,dot-1024x32,731825.3729999925,804.171,1358392.1390010985,120.67200243473053,105.886,Random,one_shot,1039179.1080002988,1038374.9370002989,23,162164.49900002772,measured,0.0,143345.3350000491,929
27.418,463.265,0.0,dot-1024x32,647744.1850001924,773.576,1142097.4860011197,97.75999933481216,83.326,Predicted,one_shot,822884.45500032,822110.87900032,24,,measured,23593.693999828247,150772.5430001301,929
28.105,463.5780000000001,0.0,dot-1024x32,731825.3729999925,777.867,1196201.3360010707,97.47199714183807,82.974,Current,one_shot,876988.3050002711,876210.4380002711,24,,measured,0.0,143345.3350000491,929
27.221,458.749,0.0,dot-1024x32,731825.3729999925,789.224,1358377.1920010985,118.30399930477142,103.966,Random,one_shot,1039164.1610002989,1038374.9370002989,24,162164.49900002772,measured,0.0,143345.3350000491,929
27.377000000000002,453.8639999999999,0.0,dot-1024x32,647744.1850001924,763.404,1142087.3140011197,97.6639986038208,83.166,Predicted,one_shot,822874.28300032,822110.87900032,25,,measured,23593.693999828247,150772.5430001301,929
27.816,447.3550000000001,0.0,dot-1024x32,731825.3729999925,755.284,1196178.7530010708,97.21600264310837,83.102,Current,one_shot,876965.7220002711,876210.4380002711,25,,measured,0.0,143345.3350000491,929
28.1,446.22499999999997,0.0,dot-1024x32,731825.3729999925,782.294,1358370.2620010986,120.99199742078781,106.301,Random,one_shot,1039157.2310002989,1038374.9370002989,25,162164.49900002772,measured,0.0,143345.3350000491,929
27.328,455.45300000000003,0.0,dot-1024x32,647744.1850001924,766.055,1142089.9650011198,97.53599762916565,83.007,Predicted,one_shot,822876.93400032,822110.87900032,26,,measured,23593.693999828247,150772.5430001301,929
27.704,455.55299999999994,0.0,dot-1024x32,731825.3729999925,791.128,1358379.0960010986,121.79200351238251,107.037,Random,one_shot,1039166.0650002989,1038374.9370002989,26,162164.49900002772,measured,0.0,143345.3350000491,929
27.948,481.92300000000006,0.0,dot-1024x32,731825.3729999925,796.915,1196220.3840010709,97.59999811649323,82.878,Current,one_shot,877007.3530002711,876210.4380002711,26,,measured,0.0,143345.3350000491,929
27.05,384.55999999999995,0.0,dot-1024x32,731825.3729999925,664.636,1196088.1050010708,68.1919977068901,54.175,Current,one_shot,876875.0740002712,876210.4380002711,27,,measured,0.0,143345.3350000491,929
27.465,471.21099999999996,0.0,dot-1024x32,731825.3729999925,802.84,1358390.8080010985,119.26399916410446,104.606,Random,one_shot,1039177.7770002988,1038374.9370002989,27,162164.49900002772,measured,0.0,143345.3350000491,929
29.638,479.60600000000005,0.0,dot-1024x32,647744.1850001924,794.795,1142118.7050011198,97.98400104045868,83.134,Predicted,one_shot,822905.67400032,822110.87900032,27,,measured,23593.693999828247,150772.5430001301,929
26.633000000000003,388.891,0.0,dot-1024x32,647744.1850001924,671.312,1141995.2220011197,68.86400282382965,54.079,Predicted,one_shot,822782.19100032,822110.87900032,28,,measured,23593.693999828247,150772.5430001301,929
27.512,469.481,0.0,dot-1024x32,731825.3729999925,803.246,1358391.2140010986,119.19999867677689,104.413,Random,one_shot,1039178.1830002989,1038374.9370002989,28,162164.49900002772,measured,0.0,143345.3350000491,929
27.656,473.7099999999999,0.0,dot-1024x32,731825.3729999925,783.925,1196207.3940010709,97.4079966545105,82.686,Current,one_shot,876994.3630002711,876210.4380002711,28,,measured,0.0,143345.3350000491,929
27.802,442.519,0.0,dot-1024x32,731825.3729999925,774.989,1358362.9570010984,119.80800330638885,105.501,Random,one_shot,1039149.9260002988,1038374.9370002989,29,162164.49900002772,measured,0.0,143345.3350000491,929
27.971999999999998,467.47799999999995,0.0,dot-1024x32,731825.3729999925,777.22,1196200.6890010708,96.03200107812881,81.438,Current,one_shot,876987.6580002711,876210.4380002711,29,,measured,0.0,143345.3350000491,929
27.853,456.468,0.0,dot-1024x32,647744.1850001924,767.573,1142091.4830011197,97.82399982213974,82.975,Predicted,one_shot,822878.45200032,822110.87900032,29,,measured,23593.693999828247,150772.5430001301,929
27.826,447.57699999999994,0.0,dot-1024x32,731825.3729999925,757.26,1196180.7290010708,96.8639999628067,82.398,Current,one_shot,876967.6980002711,876210.4380002711,30,,measured,0.0,143345.3350000491,929
27.055,453.89300000000003,0.0,dot-1024x32,731825.3729999925,787.874,1358375.8420010984,120.67200243473053,105.534,Random,one_shot,1039162.8110002988,1038374.9370002989,30,162164.49900002772,measured,0.0,143345.3350000491,929
27.883,465.38199999999995,0.0,dot-1024x32,647744.1850001924,777.622,1142101.5320011196,98.08000177145004,83.326,Predicted,one_shot,822888.50100032,822110.87900032,30,,measured,23593.693999828247,150772.5430001301,929
27.314,462.07000000000005,0.0,dot-1024x32,731825.3729999925,796.01,1358383.9780010986,119.99999731779099,105.374,Random,one_shot,1039170.9470002989,1038374.9370002989,31,162164.49900002772,measured,0.0,143345.3350000491,929
27.964,453.321,0.0,dot-1024x32,647744.1850001924,762.484,1142086.3940011198,96.28800302743912,81.886,Predicted,one_shot,822873.36300032,822110.87900032,31,,measured,23593.693999828247,150772.5430001301,929
71.206,471.49799999999993,0.0,dot-1024x32,731825.3729999925,826.987,1196250.4560010708,97.05600142478943,82.814,Current,one_shot,877037.4250002711,876210.4380002711,31,,measured,0.0,143345.3350000491,929
27.791,461.017,0.0,dot-1024x32,731825.3729999925,793.518,1358381.4860010985,118.8800036907196,104.606,Random,one_shot,1039168.4550002989,1038374.9370002989,32,162164.49900002772,measured,0.0,143345.3350000491,929
26.924,456.79400000000004,0.0,dot-1024x32,647744.1850001924,764.872,1142088.7820011196,97.6639986038208,83.23,Predicted,one_shot,822875.75100032,822110.87900032,32,,measured,23593.693999828247,150772.5430001301,929
27.482,471.014,0.0,dot-1024x32,731825.3729999925,780.264,1196203.7330010708,97.6639986038208,82.942,Current,one_shot,876990.7020002711,876210.4380002711,32,,measured,0.0,143345.3350000491,929
28.412999999999997,466.011,0.0,dot-1024x32,647744.1850001924,809.36,1142133.2700011197,125.21600723266602,82.431,Predicted,one_shot,822920.23900032,822110.87900032,33,,measured,23593.693999828247,150772.5430001301,929
27.61,449.70300000000003,0.0,dot-1024x32,731825.3729999925,761.661,1196185.1300010707,96.16000205278397,81.598,Current,one_shot,876972.0990002711,876210.4380002711,33,,measured,0.0,143345.3350000491,929
27.668999999999997,456.85900000000004,0.0,dot-1024x32,731825.3729999925,791.155,1358379.1230010986,120.25599926710129,105.374,Random,one_shot,1039166.0920002989,1038374.9370002989,33,162164.49900002772,measured,0.0,143345.3350000491,929
27.023,350.706,0.0,dot-1024x32,731825.3729999925,657.082,1358245.0500010985,92.79999881982803,78.271,Random,one_shot,1039032.0190002989,1038374.9370002989,34,162164.49900002772,measured,0.0,143345.3350000491,929
44.941,447.729,0.0,dot-1024x32,647744.1850001924,805.547,1142129.4570011196,97.24800288677216,82.974,Predicted,one_shot,822916.42600032,822110.87900032,34,,measured,23593.693999828247,150772.5430001301,929
28.281,448.715,0.0,dot-1024x32,731825.3729999925,761.052,1196184.5210010707,97.34400361776352,83.039,Current,one_shot,876971.4900002711,876210.4380002711,34,,measured,0.0,143345.3350000491,929
28.677,455.19900000000007,0.0,dot-1024x32,647744.1850001924,769.388,1142093.2980011196,96.63999825716019,82.335,Predicted,one_shot,822880.26700032,822110.87900032,35,,measured,23593.693999828247,150772.5430001301,929
27.957,453.96199999999993,0.0,dot-1024x32,731825.3729999925,765.257,1196188.7260010708,96.83199971914291,81.822,Current,one_shot,876975.6950002711,876210.4380002711,35,,measured,0.0,143345.3350000491,929
30.038,451.298,0.0,dot-1024x32,731825.3729999925,804.342,1358392.3100010986,121.44000083208084,104.51,Random,one_shot,1039179.2790002988,1038374.9370002989,35,162164.49900002772,measured,0.0,143345.3350000491,929
27.521,441.5370000000001,0.0,dot-1024x32,731825.3729999925,751.296,1196174.7650010707,95.90400010347366,81.63,Current,one_shot,876961.7340002711,876210.4380002711,36,,measured,0.0,143345.3350000491,929
27.878,446.7080000000001,0.0,dot-1024x32,731825.3729999925,778.722,1358366.6900010984,119.4240003824234,104.958,Random,one_shot,1039153.6590002988,1038374.9370002989,36,162164.49900002772,measured,0.0,143345.3350000491,929
27.494,446.75800000000004,0.0,dot-1024x32,647744.1850001924,755.798,1142079.7080011196,97.82399982213974,83.23,Predicted,one_shot,822866.6770003199,822110.87900032,36,,measured,23593.693999828247,150772.5430001301,929
28.168,457.928,0.0,dot-1024x32,731825.3729999925,769.479,1196192.9480010709,97.34400361776352,82.814,Current,one_shot,876979.9170002711,876210.4380002711,37,,measured,0.0,143345.3350000491,929
28.072,452.367,0.0,dot-1024x32,647744.1850001924,762.544,1142086.4540011196,96.96000069379807,82.334,Predicted,one_shot,822873.42300032,822110.87900032,37,,measured,23593.693999828247,150772.5430001301,929
28.576,458.86499999999995,0.0,dot-1024x32,731825.3729999925,1096.748,1358684.7160010985,120.51200121641159,104.19,Random,one_shot,1039471.6850002989,1038374.9370002989,37,162164.49900002772,measured,0.0,143345.3350000491,929
28.406,462.14099999999996,0.0,dot-1024x32,731825.3729999925,774.511,1196197.9800010708,97.50399738550186,83.006,Current,one_shot,876984.9490002712,876210.4380002711,38,,measured,0.0,143345.3350000491,929
27.508000000000003,456.1389999999999,0.0,dot-1024x32,647744.1850001924,768.327,1142092.2370011196,97.50399738550186,83.134,Predicted,one_shot,822879.20600032,822110.87900032,38,,measured,23593.693999828247,150772.5430001301,929
28.09,458.057,0.0,dot-1024x32,731825.3729999925,790.296,1358378.2640010985,119.77600306272507,105.053,Random,one_shot,1039165.2330002988,1038374.9370002989,38,162164.49900002772,measured,0.0,143345.3350000491,929
27.250999999999998,451.33399999999995,0.0,dot-1024x32,731825.3729999925,761.913,1196185.3820010708,96.83199971914291,82.718,Current,one_shot,876972.351000271,876210.4380002711,39,,measured,0.0,143345.3350000491,929
28.366,440.216,0.0,dot-1024x32,731825.3729999925,770.651,1358358.6190010984,118.84800344705582,104.318,Random,one_shot,1039145.5880002988,1038374.9370002989,39,162164.49900002772,measured,0.0,143345.3350000491,929
27.538,453.58700000000005,0.0,dot-1024x32,647744.1850001924,766.073,1142089.9830011197,98.30400347709656,83.294,Predicted,one_shot,822876.95200032,822110.87900032,39,,measured,23593.693999828247,150772.5430001301,929
31.339999999999996,380.367,0.0,dot-1024x32,647744.1850001924,716.015,1142039.9250011197,73.85600358247757,54.239,Predicted,one_shot,822826.89400032,822110.87900032,40,,measured,23593.693999828247,150772.5430001301,929
27.707,458.68100000000004,0.0,dot-1024x32,731825.3729999925,774.13,1196197.5990010707,97.88800030946732,83.102,Current,one_shot,876984.5680002711,876210.4380002711,40,,measured,0.0,143345.3350000491,929
27.222,456.108,0.0,dot-1024x32,731825.3729999925,787.128,1358375.0960010986,118.46400052309036,103.933,Random,one_shot,1039162.0650002989,1038374.9370002989,40,162164.49900002772,measured,0.0,143345.3350000491,929
37.224999999999994,395.788,0.0,dot-1024x32,731825.3729999925,725.726,1358313.6940010986,93.72799843549728,79.422,Random,one_shot,1039100.6630002989,1038374.9370002989,41,162164.49900002772,measured,0.0,143345.3350000491,929
30.477,453.8619999999999,0.0,dot-1024x32,731825.3729999925,795.495,1196218.9640010707,96.47999703884125,81.118,Current,one_shot,877005.9330002711,876210.4380002711,41,,measured,0.0,143345.3350000491,929
28.221000000000004,493.756,0.0,dot-1024x32,647744.1850001924,811.575,1142135.4850011196,97.63199836015701,83.23,Predicted,one_shot,822922.4540003199,822110.87900032,41,,measured,23593.693999828247,150772.5430001301,929
27.310000000000002,393.332,0.0,dot-1024x32,647744.1850001924,676.686,1142000.5960011196,68.96000355482101,54.174,Predicted,one_shot,822787.56500032,822110.87900032,42,,measured,23593.693999828247,150772.5430001301,929
28.465,532.324,0.0,dot-1024x32,731825.3729999925,868.357,1358456.3250010984,120.41600048542023,105.981,Random,one_shot,1039243.2940002988,1038374.9370002989,42,162164.49900002772,measured,0.0,143345.3350000491,929
28.408,480.932,0.0,dot-1024x32,731825.3729999925,792.15,1196215.6190010707,97.69599884748459,82.942,Current,one_shot,877002.5880002711,876210.4380002711,42,,measured,0.0,143345.3350000491,929
27.16,472.6550000000001,0.0,dot-1024x32,647744.1850001924,784.122,1142108.0320011196,98.1760025024414,83.486,Predicted,one_shot,822895.00100032,822110.87900032,43,,measured,23593.693999828247,150772.5430001301,929
27.845999999999997,484.169,0.0,dot-1024x32,731825.3729999925,815.776,1358403.7440010984,119.4240003824234,105.022,Random,one_shot,1039190.7130002988,1038374.9370002989,43,162164.49900002772,measured,0.0,143345.3350000491,929
27.618000000000002,488.812,0.0,dot-1024x32,731825.3729999925,803.9,1196227.3690010707,97.6639986038208,82.815,Current,one_shot,877014.3380002711,876210.4380002711,43,,measured,0.0,143345.3350000491,929
26.662,362.60200000000003,0.0,dot-1024x32,731825.3729999925,645.488,1196068.9570010707,68.41599941253662,54.174,Current,one_shot,876855.9260002711,876210.4380002711,44,,measured,0.0,143345.3350000491,929
27.814999999999998,473.06600000000003,0.0,dot-1024x32,647744.1850001924,783.806,1142107.7160011197,97.56799787282944,83.135,Predicted,one_shot,822894.68500032,822110.87900032,44,,measured,23593.693999828247,150772.5430001301,929
27.289,470.46899999999994,0.0,dot-1024x32,731825.3729999925,799.884,1358387.8520010985,118.07999759912491,103.998,Random,one_shot,1039174.8210002988,1038374.9370002989,44,162164.49900002772,measured,0.0,143345.3350000491,929
26.709000000000003,354.75899999999996,0.0,dot-1024x32,731825.3729999925,665.266,1358253.2340010984,93.12000125646591,78.879,Random,one_shot,1039040.2030002988,1038374.9370002989,45,162164.49900002772,measured,0.0,143345.3350000491,929
27.516,448.10800000000006,0.0,dot-1024x32,647744.1850001924,756.001,1142079.9110011198,96.83199971914291,81.758,Predicted,one_shot,822866.88000032,822110.87900032,45,,measured,23593.693999828247,150772.5430001301,929
28.416,460.45799999999997,0.0,dot-1024x32,731825.3729999925,769.597,1196193.0660010707,97.15200215578079,82.879,Current,one_shot,876980.035000271,876210.4380002711,45,,measured,0.0,143345.3350000491,929
27.401,437.858,0.0,dot-1024x32,647744.1850001924,746.935,1142070.8450011197,96.8639999628067,82.75,Predicted,one_shot,822857.81400032,822110.87900032,46,,measured,23593.693999828247,150772.5430001301,929
27.637,443.1330000000001,0.0,dot-1024x32,731825.3729999925,775.431,1358363.3990010985,119.32799965143204,104.765,Random,one_shot,1039150.3680002989,1038374.9370002989,46,162164.49900002772,measured,0.0,143345.3350000491,929
28.446,457.40400000000005,0.0,dot-1024x32,731825.3729999925,767.941,1196191.4100010707,96.79999947547913,82.59,Current,one_shot,876978.3790002711,876210.4380002711,46,,measured,0.0,143345.3350000491,929
27.748,442.86499999999995,0.0,dot-1024x32,731825.3729999925,775.655,1358363.6230010986,120.15999853610992,105.214,Random,one_shot,1039150.5920002989,1038374.9370002989,47,162164.49900002772,measured,0.0,143345.3350000491,929
27.463,438.92800000000005,0.0,dot-1024x32,731825.3729999925,745.125,1196168.5940010708,95.51999717950821,81.406,Current,one_shot,876955.5630002711,876210.4380002711,47,,measured,0.0,143345.3350000491,929
27.785,444.466,0.0,dot-1024x32,647744.1850001924,755.838,1142079.7480011196,97.4079966545105,83.134,Predicted,one_shot,822866.71700032,822110.87900032,47,,measured,23593.693999828247,150772.5430001301,929
27.402,457.33400000000006,0.0,dot-1024x32,731825.3729999925,791.162,1358379.1300010986,119.99999731779099,105.342,Random,one_shot,1039166.0990002989,1038374.9370002989,48,162164.49900002772,measured,0.0,143345.3350000491,929
27.407,459.986,0.0,dot-1024x32,731825.3729999925,770.883,1196194.3520010707,97.4079966545105,82.718,Current,one_shot,876981.3210002711,876210.4380002711,48,,measured,0.0,143345.3350000491,929
28.265,463.7559999999999,0.0,dot-1024x32,647744.1850001924,776.937,1142100.8470011197,98.08000177145004,83.39,Predicted,one_shot,822887.81600032,822110.87900032,48,,measured,23593.693999828247,150772.5430001301,929
28.241,457.8879999999999,0.0,dot-1024x32,731825.3729999925,801.198,1358389.1660010985,121.40800058841705,105.597,Random,one_shot,1039176.1350002988,1038374.9370002989,49,162164.49900002772,measured,0.0,143345.3350000491,929
27.613,460.51399999999995,0.0,dot-1024x32,647744.1850001924,774.349,1142098.2590011198,97.53599762916565,82.111,Predicted,one_shot,822885.22800032,822110.87900032,49,,measured,23593.693999828247,150772.5430001301,929
28.639,470.20199999999994,0.0,dot-1024x32,731825.3729999925,784.838,1196208.3070010708,97.72799909114838,82.974,Current,one_shot,876995.2760002711,876210.4380002711,49,,measured,0.0,143345.3350000491,929
27.148,365.15700000000004,0.0,dot-1024x32,731825.3729999925,648.762,1196072.2310010707,68.38399916887283,54.175,Current,one_shot,876859.2000002711,876210.4380002711,50,,measured,0.0,143345.3350000491,929
27.375999999999998,458.75100000000003,0.0,dot-1024x32,647744.1850001924,771.34,1142095.2500011197,97.21600264310837,82.622,Predicted,one_shot,822882.21900032,822110.87900032,50,,measured,23593.693999828247,150772.5430001301,929
27.682000000000002,462.43700000000007,0.0,dot-1024x32,731825.3729999925,796.439,1358384.4070010986,118.75200271606445,104.286,Random,one_shot,1039171.3760002989,1038374.9370002989,50,162164.49900002772,measured,0.0,143345.3350000491,929
28.326,444.42900000000003,0.0,dot-1024x32,647744.1850001924,756.249,1142080.1590011197,96.47999703884125,81.918,Predicted,one_shot,822867.1280003199,822110.87900032,51,,measured,23593.693999828247,150772.5430001301,929
27.715,453.69899999999996,0.0,dot-1024x32,731825.3729999925,785.82,1358373.7880010984,119.00799721479416,104.03,Random,one_shot,1039160.7570002988,1038374.9370002989,51,162164.49900002772,measured,0.0,143345.3350000491,929
27.813000000000002,449.9680000000001,0.0,dot-1024x32,731825.3729999925,767.68,1196191.1490010708,97.120001912117,82.782,Current,one_shot,876978.1180002711,876210.4380002711,51,,measured,0.0,143345.3350000491,929
27.622,439.68300000000005,0.0,dot-1024x32,647744.1850001924,751.56,1142075.4700011197,97.72799909114838,83.294,Predicted,one_shot,822862.43900032,822110.87900032,52,,measured,23593.693999828247,150772.5430001301,929
27.418999999999997,449.771,0.0,dot-1024x32,731825.3729999925,759.251,1196182.7200010708,96.3520035147667,81.918,Current,one_shot,876969.6890002711,876210.4380002711,52,,measured,0.0,143345.3350000491,929
27.756999999999998,470.05699999999996,0.0,dot-1024x32,731825.3729999925,1123.963,1358711.9310010986,120.25599926710129,105.117,Random,one_shot,1039498.9000002989,1038374.9370002989,52,162164.49900002772,measured,0.0,143345.3350000491,929
27.798000000000002,463.3349999999999,0.0,dot-1024x32,731825.3729999925,776.299,1196199.7680010707,95.74399888515472,81.246,Current,one_shot,876986.7370002711,876210.4380002711,53,,measured,0.0,143345.3350000491,929
27.781,459.517,0.0,dot-1024x32,647744.1850001924,772.192,1142096.1020011196,97.18400239944458,83.55,Predicted,one_shot,822883.07100032,822110.87900032,53,,measured,23593.693999828247,150772.5430001301,929
27.877000000000002,467.52899999999994,0.0,dot-1024x32,731825.3729999925,802.935,1358390.9030010987,119.99999731779099,105.374,Random,one_shot,1039177.8720002989,1038374.9370002989,53,162164.49900002772,measured,0.0,143345.3350000491,929
28.349,462.1649999999999,0.0,dot-1024x32,647744.1850001924,788.391,1142112.3010011197,96.83199971914291,81.727,Predicted,one_shot,822899.2700003199,822110.87900032,54,,measured,23593.693999828247,150772.5430001301,929
27.912,476.193,0.0,dot-1024x32,731825.3729999925,790.181,1196213.6500010707,97.47199714183807,82.91,Current,one_shot,877000.6190002711,876210.4380002711,54,,measured,0.0,143345.3350000491,929
27.712,470.59899999999993,0.0,dot-1024x32,731825.3729999925,808.363,1358396.3310010985,121.95199728012085,107.197,Random,one_shot,1039183.3000002989,1038374.9370002989,54,162164.49900002772,measured,0.0,143345.3350000491,929
27.87,454.527,0.0,dot-1024x32,731825.3729999925,765.117,1196188.5860010707,95.67999839782715,81.278,Current,one_shot,876975.5550002711,876210.4380002711,55,,measured,0.0,143345.3350000491,929
28.939,453.96400000000006,0.0,dot-1024x32,731825.3729999925,791.985,1358379.9530010985,119.74400281906128,105.022,Random,one_shot,1039166.9220002989,1038374.9370002989,55,162164.49900002772,measured,0.0,143345.3350000491,929
27.679000000000002,459.46199999999993,0.0,dot-1024x32,647744.1850001924,773.373,1142097.2830011197,98.7199991941452,83.55,Predicted,one_shot,822884.25200032,822110.87900032,55,,measured,23593.693999828247,150772.5430001301,929
27.708,449.851,0.0,dot-1024x32,731825.3729999925,783.587,1358371.5550010987,118.46400052309036,103.87,Random,one_shot,1039158.5240002989,1038374.9370002989,56,162164.49900002772,measured,0.0,143345.3350000491,929
27.762,453.18700000000007,0.0,dot-1024x32,647744.1850001924,767.783,1142091.6930011197,96.83199971914291,82.078,Predicted,one_shot,822878.66200032,822110.87900032,56,,measured,23593.693999828247,150772.5430001301,929
27.906,458.83,0.0,dot-1024x32,731825.3729999925,778.423,1196201.8920010708,97.43999689817429,82.846,Current,one_shot,876988.861000271,876210.4380002711,56,,measured,0.0,143345.3350000491,929
29.764,441.86,0.0,dot-1024x32,647744.1850001924,765.041,1142088.9510011196,96.8639999628067,82.334,Predicted,one_shot,822875.92000032,822110.87900032,57,,measured,23593.693999828247,150772.5430001301,929
28.143,461.8679999999999,0.0,dot-1024x32,731825.3729999925,774.338,1196197.8070010708,96.3520035147667,81.95,Current,one_shot,876984.7760002711,876210.4380002711,57,,measured,0.0,143345.3350000491,929
28.017,456.007,0.0,dot-1024x32,731825.3729999925,790.016,1358377.9840010984,119.10399794578552,104.349,Random,one_shot,1039164.9530002988,1038374.9370002989,57,162164.49900002772,measured,0.0,143345.3350000491,929
27.612000000000002,453.43900000000014,0.0,dot-1024x32,647744.1850001924,767.776,1142091.6860011197,97.88800030946732,83.39,Predicted,one_shot,822878.6550003199,822110.87900032,58,,measured,23593.693999828247,150772.5430001301,929
27.509999999999998,451.89099999999996,0.0,dot-1024x32,731825.3729999925,785.905,1358373.8730010986,119.23199892044067,104.477,Random,one_shot,1039160.8420002989,1038374.9370002989,58,162164.49900002772,measured,0.0,143345.3350000491,929
27.515,455.1890000000001,0.0,dot-1024x32,731825.3729999925,766.998,1196190.4670010707,97.56799787282944,83.135,Current,one_shot,876977.4360002711,876210.4380002711,58,,measured,0.0,143345.3350000491,929
27.683999999999997,455.94599999999997,0.0,dot-1024x32,731825.3729999925,791.914,1358379.8820010985,120.06399780511856,105.31,Random,one_shot,1039166.8510002989,1038374.9370002989,59,162164.49900002772,measured,0.0,143345.3350000491,929
28.429,463.74399999999997,0.0,dot-1024x32,647744.1850001924,778.775,1142102.6850011197,98.01600128412247,83.134,Predicted,one_shot,822889.65400032,822110.87900032,59,,measured,23593.693999828247,150772.5430001301,929
27.686,464.20400000000006,0.0,dot-1024x32,731825.3729999925,778.659,1196202.1280010708,97.75999933481216,83.166,Current,one_shot,876989.0970002711,876210.4380002711,59,,measured,0.0,143345.3350000491,929
27.503999999999998,448.31899999999996,0.0,dot-1024x32,731825.3729999925,785.522,1358373.4900010985,120.7360029220581,105.406,Random,one_shot,1039160.4590002989,1038374.9370002989,60,162164.49900002772,measured,0.0,143345.3350000491,929
28.326,452.59100000000007,0.0,dot-1024x32,731825.3729999925,764.394,1196187.8630010707,96.0640013217926,81.406,Current,one_shot,876974.8320002711,876210.4380002711,60,,measured,0.0,143345.3350000491,929
27.610999999999997,466.206,0.0,dot-1024x32,647744.1850001924,779.83,1142103.7400011197,98.33600372076035,83.646,Predicted,one_shot,822890.7090003199,822110.87900032,60,,measured,23593.693999828247,150772.5430001301,929
28.414,446.92999999999995,0.0,dot-1024x32,731825.3729999925,758.926,1196182.3950010708,95.90400010347366,81.694,Current,one_shot,876969.3640002711,876210.4380002711,61,,measured,0.0,143345.3350000491,929
27.923000000000002,451.918,0.0,dot-1024x32,731825.3729999925,785.196,1358373.1640010986,118.72000247240067,104.158,Random,one_shot,1039160.1330002989,1038374.9370002989,61,162164.49900002772,measured,0.0,143345.3350000491,929
28.353,445.34900000000005,0.0,dot-1024x32,647744.1850001924,758.565,1142082.4750011195,98.01600128412247,83.295,Predicted,one_shot,822869.4440003199,822110.87900032,61,,measured,23593.693999828247,150772.5430001301,929
27.581000000000003,448.049,0.0,dot-1024x32,731825.3729999925,760.699,1196184.1680010709,97.4079966545105,82.782,Current,one_shot,876971.1370002711,876210.4380002711,62,,measured,0.0,143345.3350000491,929
27.868000000000002,450.53700000000003,0.0,dot-1024x32,731825.3729999925,783.618,1358371.5860010986,119.39200013875961,104.766,Random,one_shot,1039158.5550002989,1038374.9370002989,62,162164.49900002772,measured,0.0,143345.3350000491,929
27.735,444.86799999999994,0.0,dot-1024x32,647744.1850001924,752.916,1142076.8260011196,97.56799787282944,83.358,Predicted,one_shot,822863.79500032,822110.87900032,62,,measured,23593.693999828247,150772.5430001301,929
27.845999999999997,443.231,0.0,dot-1024x32,731825.3729999925,777.735,1358365.7030010985,120.12799829244614,105.47,Random,one_shot,1039152.6720002989,1038374.9370002989,63,162164.49900002772,measured,0.0,143345.3350000491,929
28.169,460.93999999999994,0.0,dot-1024x32,731825.3729999925,774.024,1196197.4930010708,97.50399738550186,82.942,Current,one_shot,876984.4620002711,876210.4380002711,63,,measured,0.0,143345.3350000491,929
28.158,456.99100000000004,0.0,dot-1024x32,647744.1850001924,771.867,1142095.7770011197,97.79199957847595,82.974,Predicted,one_shot,822882.74600032,822110.87900032,63,,measured,23593.693999828247,150772.5430001301,929
30.094,,,dot-1024x32,,131.793,,97.05600142478943,83.614,Current,resident,,,0,,warmup,,,930
29.368000000000002,,,dot-1024x32,,155.301,,121.91999703645706,106.045,Random,resident,,,0,,warmup,,,930
27.084,,,dot-1024x32,,130.765,,97.6639986038208,84.19,Predicted,resident,,,0,,warmup,,,930
25.917,,,dot-1024x32,,98.938,,66.43199920654297,53.919,Predicted,resident,,,1,,warmup,,,930
26.802999999999997,,,dot-1024x32,,152.116,,119.13599818944931,106.269,Random,resident,,,1,,warmup,,,930
28.075,,,dot-1024x32,,129.651,,97.34400361776352,83.935,Current,resident,,,1,,warmup,,,930
26.6,,,dot-1024x32,,151.216,,118.30399930477142,105.117,Random,resident,,,2,,warmup,,,930
26.503999999999998,,,dot-1024x32,,129.444,,96.44799679517746,84.062,Current,resident,,,2,,warmup,,,930
26.967,,,dot-1024x32,,130.214,,97.05600142478943,83.838,Predicted,resident,,,2,,warmup,,,930
26.357,,,dot-1024x32,,151.247,,118.84800344705582,105.374,Random,resident,,,3,,warmup,,,930
27.105,,,dot-1024x32,,130.084,,97.24800288677216,84.382,Current,resident,,,3,,warmup,,,930
26.874000000000002,,,dot-1024x32,,129.793,,97.53599762916565,84.35,Predicted,resident,,,3,,warmup,,,930
26.003,,,dot-1024x32,,99.988,,67.391999065876,54.143,Predicted,resident,,,4,,warmup,,,930
26.490000000000002,,,dot-1024x32,,152.478,,119.6800023317337,105.917,Random,resident,,,4,,warmup,,,930
26.290999999999997,,,dot-1024x32,,129.362,,97.02400118112564,84.03,Current,resident,,,4,,warmup,,,930
26.122999999999998,,,dot-1024x32,,99.193,,67.00800359249115,54.175,Current,resident,,,5,,warmup,,,930
26.143,,,dot-1024x32,,150.832,,118.367999792099,104.958,Random,resident,,,5,,warmup,,,930
26.407,,,dot-1024x32,,129.7,,97.63199836015701,84.51,Predicted,resident,,,5,,warmup,,,930
26.767,,,dot-1024x32,,98.962,,66.68800115585327,53.983,Predicted,resident,,,6,,warmup,,,930
26.236,,,dot-1024x32,,128.984,,96.12800180912018,83.87,Current,resident,,,6,,warmup,,,930
26.74,,,dot-1024x32,,151.967,,119.6800023317337,106.717,Random,resident,,,6,,warmup,,,930
26.927,,,dot-1024x32,,129.146,,97.28000313043594,84.062,Predicted,resident,,,7,,warmup,,,930
26.027,,,dot-1024x32,,151.302,,118.72000247240067,105.725,Random,resident,,,7,,warmup,,,930
26.64,,,dot-1024x32,,130.052,,97.34400361776352,84.382,Current,resident,,,7,,warmup,,,930
26.911,,,dot-1024x32,,129.782,,96.8639999628067,83.774,Predicted,resident,,,8,,warmup,,,930
26.207,,,dot-1024x32,,152.776,,119.99999731779099,106.397,Random,resident,,,8,,warmup,,,930
26.226,,,dot-1024x32,,130.004,,97.31200337409973,84.158,Current,resident,,,8,,warmup,,,930
28.395,,,dot-1024x32,,129.483,,97.120001912117,84.062,Predicted,resident,,,9,,warmup,,,930
27.137,,,dot-1024x32,,151.447,,118.81600320339203,105.854,Random,resident,,,9,,warmup,,,930
26.134999999999998,,,dot-1024x32,,129.639,,97.15200215578079,84.287,Current,resident,,,9,,warmup,,,930
25.282,,,dot-1024x32,,98.993,,66.20799750089645,54.43,Current,resident,,,10,,warmup,,,930
26.484,,,dot-1024x32,,129.181,,96.79999947547913,83.998,Predicted,resident,,,10,,warmup,,,930
26.301000000000002,,,dot-1024x32,,151.443,,118.68800222873688,105.822,Random,resident,,,10,,warmup,,,930
26.479,,,dot-1024x32,,128.279,,96.47999703884125,83.582,Predicted,resident,,,11,,warmup,,,930
25.764,,,dot-1024x32,,151.497,,118.97599697113037,105.789,Random,resident,,,11,,warmup,,,930
26.116,,,dot-1024x32,,130.562,,98.33600372076035,84.766,Current,resident,,,11,,warmup,,,930
27.32,,,dot-1024x32,,153.009,,119.55200135707855,106.174,Random,resident,,,12,,warmup,,,930
26.712,,,dot-1024x32,,129.253,,96.89600020647049,83.838,Current,resident,,,12,,warmup,,,930
26.64,,,dot-1024x32,,129.171,,96.8639999628067,83.966,Predicted,resident,,,12,,warmup,,,930
25.483,,,dot-1024x32,,99.255,,66.23999774456024,53.982,Predicted,resident,,,13,,warmup,,,930
26.313000000000002,,,dot-1024x32,,150.891,,118.23999881744385,105.117,Random,resident,,,13,,warmup,,,930
26.547,,,dot-1024x32,,128.752,,96.73599898815155,83.998,Current,resident,,,13,,warmup,,,930
25.939999999999998,,,dot-1024x32,,98.838,,66.49599969387054,54.239,Current,resident,,,14,,warmup,,,930
26.553,,,dot-1024x32,,151.126,,118.43200027942657,105.534,Random,resident,,,14,,warmup,,,930
27.338,,,dot-1024x32,,130.112,,97.15200215578079,84.03,Predicted,resident,,,14,,warmup,,,930
26.059,,,dot-1024x32,,150.889,,118.30399930477142,105.342,Random,resident,,,15,,warmup,,,930
27.319000000000003,,,dot-1024x32,,129.708,,97.34400361776352,84.446,Current,resident,,,15,,warmup,,,930
26.78,,,dot-1024x32,,129.275,,96.79999947547913,83.999,Predicted,resident,,,15,,warmup,,,930
26.570999999999998,,,dot-1024x32,,129.598,,96.57599776983261,83.774,Current,resident,,,0,,measured,,,930
26.613,,,dot-1024x32,,129.024,,95.90400010347366,83.326,Predicted,resident,,,0,,measured,,,930
26.525,,,dot-1024x32,,151.217,,118.97599697113037,105.821,Random,resident,,,0,,measured,,,930
25.554,,,dot-1024x32,,124.429,,92.28800237178802,79.166,Random,resident,,,1,,measured,,,930
27.277,,,dot-1024x32,,129.931,,96.73599898815155,84.35,Current,resident,,,1,,measured,,,930
26.247,,,dot-1024x32,,129.58,,96.73599898815155,84.318,Predicted,resident,,,1,,measured,,,930
25.807000000000002,,,dot-1024x32,,98.61,,66.3679987192154,53.887,Predicted,resident,,,2,,measured,,,930
26.363999999999997,,,dot-1024x32,,151.015,,118.72000247240067,105.982,Random,resident,,,2,,measured,,,930
26.849,,,dot-1024x32,,128.6,,96.3200032711029,84.19,Current,resident,,,2,,measured,,,930
25.708,,,dot-1024x32,,99.351,,66.84800237417221,54.398,Current,resident,,,3,,measured,,,930
26.497,,,dot-1024x32,,150.599,,118.9119964838028,106.013,Random,resident,,,3,,measured,,,930
26.785,,,dot-1024x32,,128.91,,96.79999947547913,84.094,Predicted,resident,,,3,,measured,,,930
26.483,,,dot-1024x32,,152.906,,120.15999853610992,106.622,Random,resident,,,4,,measured,,,930
26.409,,,dot-1024x32,,128.988,,96.6079980134964,83.582,Predicted,resident,,,4,,measured,,,930
26.544,,,dot-1024x32,,129.25,,96.96000069379807,83.87,Current,resident,,,4,,measured,,,930
26.676000000000002,,,dot-1024x32,,150.381,,118.30399930477142,105.277,Random,resident,,,5,,measured,,,930
26.522,,,dot-1024x32,,129.563,,97.34400361776352,84.126,Predicted,resident,,,5,,measured,,,930
26.058,,,dot-1024x32,,129.219,,96.8639999628067,84.094,Current,resident,,,5,,measured,,,930
26.48,,,dot-1024x32,,128.968,,96.22400254011154,83.358,Predicted,resident,,,6,,measured,,,930
26.369,,,dot-1024x32,,128.325,,96.12800180912018,83.518,Current,resident,,,6,,measured,,,930
28.032,,,dot-1024x32,,152.184,,119.13599818944931,106.077,Random,resident,,,6,,measured,,,930
26.567999999999998,,,dot-1024x32,,129.348,,96.99200093746185,83.934,Current,resident,,,7,,measured,,,930
27.103,,,dot-1024x32,,130.104,,97.69599884748459,84.222,Predicted,resident,,,7,,measured,,,930
26.743000000000002,,,dot-1024x32,,151.096,,118.94399672746658,105.79,Random,resident,,,7,,measured,,,930
26.811,,,dot-1024x32,,130.098,,97.43999689817429,84.446,Current,resident,,,8,,measured,,,930
27.027,,,dot-1024x32,,129.961,,97.21600264310837,84.158,Predicted,resident,,,8,,measured,,,930
26.508000000000003,,,dot-1024x32,,151.742,,119.23199892044067,106.046,Random,resident,,,8,,measured,,,930
26.232,,,dot-1024x32,,128.431,,96.41599655151367,83.582,Predicted,resident,,,9,,measured,,,930
26.289,,,dot-1024x32,,151.816,,119.19999867677689,105.886,Random,resident,,,9,,measured,,,930
26.042,,,dot-1024x32,,129.462,,97.50399738550186,84.606,Current,resident,,,9,,measured,,,930
26.479999999999997,,,dot-1024x32,,128.967,,96.70399874448776,83.902,Predicted,resident,,,10,,measured,,,930
26.652,,,dot-1024x32,,128.723,,96.63999825716019,83.742,Current,resident,,,10,,measured,,,930
26.555,,,dot-1024x32,,151.259,,118.8800036907196,105.629,Random,resident,,,10,,measured,,,930
26.118000000000002,,,dot-1024x32,,129.474,,96.89600020647049,83.807,Current,resident,,,11,,measured,,,930
26.881,,,dot-1024x32,,150.962,,118.52800101041794,104.926,Random,resident,,,11,,measured,,,930
26.595999999999997,,,dot-1024x32,,129.59,,96.89600020647049,83.998,Predicted,resident,,,11,,measured,,,930
31.314999999999998,,,dot-1024x32,,129.611,,96.92800045013428,83.87,Current,resident,,,12,,measured,,,930
26.927,,,dot-1024x32,,152.041,,119.07199770212173,105.885,Random,resident,,,12,,measured,,,930
26.978,,,dot-1024x32,,128.522,,96.8639999628067,83.71,Predicted,resident,,,12,,measured,,,930
26.378,,,dot-1024x32,,99.473,,66.97600334882736,54.047,Predicted,resident,,,13,,measured,,,930
26.066000000000003,,,dot-1024x32,,129.431,,97.02400118112564,84.222,Current,resident,,,13,,measured,,,930
26.39,,,dot-1024x32,,151.198,,118.78400295972824,106.238,Random,resident,,,13,,measured,,,930
26.01,,,dot-1024x32,,122.754,,90.11200070381165,77.406,Random,resident,,,14,,measured,,,930
27.162999999999997,,,dot-1024x32,,129.222,,96.6079980134964,83.871,Predicted,resident,,,14,,measured,,,930
26.757,,,dot-1024x32,,129.902,,96.96000069379807,84.254,Current,resident,,,14,,measured,,,930
26.322,,,dot-1024x32,,150.635,,118.14399808645248,104.862,Random,resident,,,15,,measured,,,930
26.793999999999997,,,dot-1024x32,,129.474,,97.02400118112564,84.03,Predicted,resident,,,15,,measured,,,930
26.598,,,dot-1024x32,,129.051,,96.54399752616882,83.774,Current,resident,,,15,,measured,,,930
26.938,,,dot-1024x32,,129.256,,97.21600264310837,83.582,Predicted,resident,,,16,,measured,,,930
26.669,,,dot-1024x32,,129.621,,96.89600020647049,83.647,Current,resident,,,16,,measured,,,930
26.072,,,dot-1024x32,,152.002,,119.45600062608719,105.982,Random,resident,,,16,,measured,,,930
26.511,,,dot-1024x32,,128.819,,96.79999947547913,83.646,Current,resident,,,17,,measured,,,930
26.222,,,dot-1024x32,,129.004,,96.51199728250504,83.998,Predicted,resident,,,17,,measured,,,930
26.482,,,dot-1024x32,,152.019,,118.97599697113037,105.47,Random,resident,,,17,,measured,,,930
26.802,,,dot-1024x32,,128.998,,96.38399630784988,83.486,Predicted,resident,,,18,,measured,,,930
26.689,,,dot-1024x32,,129.714,,97.05600142478943,84.318,Current,resident,,,18,,measured,,,930
26.247,,,dot-1024x32,,151.546,,119.19999867677689,106.494,Random,resident,,,18,,measured,,,930
26.108,,,dot-1024x32,,129.439,,96.63999825716019,83.806,Predicted,resident,,,19,,measured,,,930
25.628,,,dot-1024x32,,128.463,,96.6079980134964,83.838,Current,resident,,,19,,measured,,,930
40.35,,,dot-1024x32,,151.832,,119.45600062608719,106.43,Random,resident,,,19,,measured,,,930
26.334,,,dot-1024x32,,129.176,,96.92800045013428,83.87,Current,resident,,,20,,measured,,,930
26.149,,,dot-1024x32,,150.14,,118.04799735546112,104.99,Random,resident,,,20,,measured,,,930
26.127,,,dot-1024x32,,128.555,,96.47999703884125,83.806,Predicted,resident,,,20,,measured,,,930
25.83,,,dot-1024x32,,98.37,,66.59200042486191,53.951,Predicted,resident,,,21,,measured,,,930
25.945999999999998,,,dot-1024x32,,129.609,,96.76799923181534,84.51,Current,resident,,,21,,measured,,,930
25.951,,,dot-1024x32,,151.458,,119.64800208806992,106.878,Random,resident,,,21,,measured,,,930
25.08,,,dot-1024x32,,122.774,,90.36800265312195,78.078,Random,resident,,,22,,measured,,,930
25.837,,,dot-1024x32,,128.824,,96.6079980134964,84.286,Predicted,resident,,,22,,measured,,,930
26.352,,,dot-1024x32,,128.815,,96.96000069379807,84.062,Current,resident,,,22,,measured,,,930
26.973,,,dot-1024x32,,129.549,,97.4079966545105,83.454,Predicted,resident,,,23,,measured,,,930
26.012,,,dot-1024x32,,128.4,,96.57599776983261,83.838,Current,resident,,,23,,measured,,,930
25.788,,,dot-1024x32,,151.098,,119.29599940776825,105.822,Random,resident,,,23,,measured,,,930
25.423000000000002,,,dot-1024x32,,124.04,,92.03200042247772,78.75,Random,resident,,,24,,measured,,,930
26.657,,,dot-1024x32,,128.678,,97.05600142478943,84.031,Predicted,resident,,,24,,measured,,,930
26.671,,,dot-1024x32,,130.06,,97.72799909114838,84.606,Current,resident,,,24,,measured,,,930
26.235,,,dot-1024x32,,128.335,,96.57599776983261,83.551,Predicted,resident,,,25,,measured,,,930
26.133,,,dot-1024x32,,128.131,,96.12800180912018,83.582,Current,resident,,,25,,measured,,,930
25.799,,,dot-1024x32,,151.045,,118.97599697113037,105.981,Random,resident,,,25,,measured,,,930
26.525,,,dot-1024x32,,130.591,,96.99200093746185,84.03,Predicted,resident,,,26,,measured,,,930
26.764000000000003,,,dot-1024x32,,150.623,,118.72000247240067,105.566,Random,resident,,,26,,measured,,,930
26.506,,,dot-1024x32,,129.32,,96.89600020647049,84.19,Current,resident,,,26,,measured,,,930
25.149,,,dot-1024x32,,99.112,,67.23199784755707,54.239,Current,resident,,,27,,measured,,,930
26.121000000000002,,,dot-1024x32,,129.186,,96.79999947547913,84.03,Predicted,resident,,,27,,measured,,,930
26.252000000000002,,,dot-1024x32,,167.523,,119.23199892044067,106.014,Random,resident,,,27,,measured,,,930
26.281,,,dot-1024x32,,129.278,,96.76799923181534,83.774,Predicted,resident,,,28,,measured,,,930
26.054000000000002,,,dot-1024x32,,129.139,,97.24800288677216,84.606,Current,resident,,,28,,measured,,,930
26.298000000000002,,,dot-1024x32,,150.891,,119.13599818944931,106.398,Random,resident,,,28,,measured,,,930
25.738,,,dot-1024x32,,121.624,,90.14400094747543,77.598,Random,resident,,,29,,measured,,,930
26.66,,,dot-1024x32,,128.707,,96.76799923181534,84.126,Predicted,resident,,,29,,measured,,,930
26.683,,,dot-1024x32,,128.608,,96.8639999628067,84.19,Current,resident,,,29,,measured,,,930
25.887,,,dot-1024x32,,98.142,,66.39999896287918,54.11,Current,resident,,,30,,measured,,,930
26.674,,,dot-1024x32,,153.021,,121.05599790811539,107.645,Random,resident,,,30,,measured,,,930
26.171,,,dot-1024x32,,128.6,,96.8639999628067,84.254,Predicted,resident,,,30,,measured,,,930
26.424,,,dot-1024x32,,150.951,,118.8800036907196,106.014,Random,resident,,,31,,measured,,,930
25.721,,,dot-1024x32,,128.653,,96.83199971914291,84.062,Predicted,resident,,,31,,measured,,,930
25.711,,,dot-1024x32,,128.305,,96.38399630784988,83.998,Current,resident,,,31,,measured,,,930
25.547,,,dot-1024x32,,98.888,,66.65600091218948,54.271,Current,resident,,,32,,measured,,,930
25.896,,,dot-1024x32,,128.05,,96.47999703884125,83.519,Predicted,resident,,,32,,measured,,,930
25.951,,,dot-1024x32,,151.571,,119.45600062608719,106.494,Random,resident,,,32,,measured,,,930
25.08,,,dot-1024x32,,121.891,,90.11200070381165,77.182,Random,resident,,,33,,measured,,,930
25.598,,,dot-1024x32,,128.077,,97.21600264310837,84.191,Current,resident,,,33,,measured,,,930
25.753,,,dot-1024x32,,129.019,,97.24800288677216,84.254,Predicted,resident,,,33,,measured,,,930
26.851,,,dot-1024x32,,128.519,,96.0640013217926,83.614,Current,resident,,,34,,measured,,,930
25.592,,,dot-1024x32,,127.927,,95.87199985980988,83.454,Predicted,resident,,,34,,measured,,,930
26.303,,,dot-1024x32,,152.186,,119.77600306272507,106.909,Random,resident,,,34,,measured,,,930
25.948,,,dot-1024x32,,129.328,,97.4079966545105,84.67,Current,resident,,,35,,measured,,,930
25.951999999999998,,,dot-1024x32,,149.306,,117.69600212574005,104.99,Random,resident,,,35,,measured,,,930
26.165,,,dot-1024x32,,128.275,,96.63999825716019,83.806,Predicted,resident,,,35,,measured,,,930
26.006999999999998,,,dot-1024x32,,150.909,,118.94399672746658,105.437,Random,resident,,,36,,measured,,,930
25.922,,,dot-1024x32,,128.956,,97.31200337409973,84.382,Current,resident,,,36,,measured,,,930
26.515,,,dot-1024x32,,128.747,,96.96000069379807,84.222,Predicted,resident,,,36,,measured,,,930
26.28,,,dot-1024x32,,128.197,,96.57599776983261,83.678,Current,resident,,,37,,measured,,,930
26.016,,,dot-1024x32,,127.29,,96.28800302743912,83.518,Predicted,resident,,,37,,measured,,,930
25.858,,,dot-1024x32,,151.336,,119.29599940776825,106.494,Random,resident,,,37,,measured,,,930
25.116999999999997,,,dot-1024x32,,122.289,,90.2400016784668,77.694,Random,resident,,,38,,measured,,,930
25.968,,,dot-1024x32,,128.914,,96.28800302743912,84.126,Current,resident,,,38,,measured,,,930
26.23,,,dot-1024x32,,128.827,,96.73599898815155,84.063,Predicted,resident,,,38,,measured,,,930
26.04,,,dot-1024x32,,151.358,,119.35999989509583,106.237,Random,resident,,,39,,measured,,,930
26.14,,,dot-1024x32,,128.579,,96.96000069379807,84.318,Current,resident,,,39,,measured,,,930
26.368000000000002,,,dot-1024x32,,128.285,,96.3200032711029,83.742,Predicted,resident,,,39,,measured,,,930
26.302,,,dot-1024x32,,97.853,,66.52799993753433,54.047,Predicted,resident,,,40,,measured,,,930
26.836,,,dot-1024x32,,130.311,,97.08800166845322,83.678,Current,resident,,,40,,measured,,,930
26.274,,,dot-1024x32,,149.628,,118.30399930477142,105.277,Random,resident,,,40,,measured,,,930
26.211,,,dot-1024x32,,128.303,,96.57599776983261,83.55,Current,resident,,,41,,measured,,,930
26.201999999999998,,,dot-1024x32,,129.025,,96.83199971914291,83.934,Predicted,resident,,,41,,measured,,,930
26.235,,,dot-1024x32,,150.702,,118.59200149774551,105.822,Random,resident,,,41,,measured,,,930
25.563,,,dot-1024x32,,123.028,,90.84799885749817,78.142,Random,resident,,,42,,measured,,,930
26.929000000000002,,,dot-1024x32,,129.682,,97.53599762916565,84.51,Current,resident,,,42,,measured,,,930
26.392,,,dot-1024x32,,129.309,,97.28000313043594,84.094,Predicted,resident,,,42,,measured,,,930
26.03,,,dot-1024x32,,149.647,,118.04799735546112,105.086,Random,resident,,,43,,measured,,,930
26.239,,,dot-1024x32,,128.635,,96.70399874448776,84.19,Current,resident,,,43,,measured,,,930
76.41,,,dot-1024x32,,146.933,,114.14399743080139,84.286,Predicted,resident,,,43,,measured,,,930
26.649,,,dot-1024x32,,129.447,,96.70399874448776,83.647,Current,resident,,,44,,measured,,,930
26.163,,,dot-1024x32,,151.268,,119.1679984331131,105.918,Random,resident,,,44,,measured,,,930
26.941000000000003,,,dot-1024x32,,128.339,,97.28000313043594,84.094,Predicted,resident,,,44,,measured,,,930
25.371000000000002,,,dot-1024x32,,98.603,,66.59200042486191,54.143,Predicted,resident,,,45,,measured,,,930
25.592,,,dot-1024x32,,150.27,,118.56000125408173,105.501,Random,resident,,,45,,measured,,,930
25.966,,,dot-1024x32,,129.221,,96.89600020647049,84.254,Current,resident,,,45,,measured,,,930
25.874000000000002,,,dot-1024x32,,150.697,,118.14399808645248,105.662,Random,resident,,,46,,measured,,,930
26.765,,,dot-1024x32,,128.746,,96.3200032711029,83.871,Current,resident,,,46,,measured,,,930
26.698999999999998,,,dot-1024x32,,128.158,,96.57599776983261,83.966,Predicted,resident,,,46,,measured,,,930
25.729,,,dot-1024x32,,151.791,,119.87199634313583,106.846,Random,resident,,,47,,measured,,,930
25.691,,,dot-1024x32,,128.246,,96.79999947547913,84.318,Current,resident,,,47,,measured,,,930
26.346,,,dot-1024x32,,129.496,,96.96000069379807,84.158,Predicted,resident,,,47,,measured,,,930
26.286,,,dot-1024x32,,100.781,,67.90400296449661,54.079,Predicted,resident,,,48,,measured,,,930
26.895000000000003,,,dot-1024x32,,152.53,,120.28799951076508,106.302,Random,resident,,,48,,measured,,,930
26.506,,,dot-1024x32,,129.396,,97.24800288677216,84.254,Current,resident,,,48,,measured,,,930
26.841,,,dot-1024x32,,152.325,,119.58400160074234,106.014,Random,resident,,,49,,measured,,,930
27.341,,,dot-1024x32,,129.244,,97.37599641084671,84.126,Predicted,resident,,,49,,measured,,,930
26.198,,,dot-1024x32,,129.371,,96.67199850082397,84.19,Current,resident,,,49,,measured,,,930
26.123,,,dot-1024x32,,150.945,,118.68800222873688,105.822,Random,resident,,,50,,measured,,,930
26.179000000000002,,,dot-1024x32,,129.422,,96.47999703884125,84.19,Predicted,resident,,,50,,measured,,,930
26.117,,,dot-1024x32,,129.247,,96.70399874448776,83.966,Current,resident,,,50,,measured,,,930
25.842,,,dot-1024x32,,98.531,,66.49599969387054,54.047,Current,resident,,,51,,measured,,,930
25.799,,,dot-1024x32,,149.617,,117.72800236940384,104.734,Random,resident,,,51,,measured,,,930
26.164,,,dot-1024x32,,129.038,,96.99200093746185,83.934,Predicted,resident,,,51,,measured,,,930
25.197,,,dot-1024x32,,98.648,,66.56000018119812,53.919,Predicted,resident,,,52,,measured,,,930
26.539,,,dot-1024x32,,129.064,,96.89600020647049,83.998,Current,resident,,,52,,measured,,,930
26.231,,,dot-1024x32,,150.924,,119.10399794578552,106.334,Random,resident,,,52,,measured,,,930
25.221,,,dot-1024x32,,123.144,,91.48799628019333,79.07,Random,resident,,,53,,measured,,,930
26.157,,,dot-1024x32,,128.962,,96.57599776983261,84.062,Predicted,resident,,,53,,measured,,,930
26.213,,,dot-1024x32,,129.283,,96.96000069379807,84.126,Current,resident,,,53,,measured,,,930
25.387999999999998,,,dot-1024x32,,98.473,,66.56000018119812,54.207,Current,resident,,,54,,measured,,,930
26.637,,,dot-1024x32,,159.522,,122.8799968957901,83.55,Predicted,resident,,,54,,measured,,,930
26.482,,,dot-1024x32,,150.476,,118.27199906110764,105.438,Random,resident,,,54,,measured,,,930
26.406,,,dot-1024x32,,128.916,,96.47999703884125,83.678,Predicted,resident,,,55,,measured,,,930
25.810000000000002,,,dot-1024x32,,153.35,,121.08799815177917,108.125,Random,resident,,,55,,measured,,,930
26.333,,,dot-1024x32,,128.939,,96.83199971914291,84.286,Current,resident,,,55,,measured,,,930
26.337,,,dot-1024x32,,129.163,,96.99200093746185,83.87,Predicted,resident,,,56,,measured,,,930
25.892000000000003,,,dot-1024x32,,128.967,,96.63999825716019,83.678,Current,resident,,,56,,measured,,,930
26.039,,,dot-1024x32,,150.649,,118.56000125408173,105.725,Random,resident,,,56,,measured,,,930
25.659,,,dot-1024x32,,138.899,,91.39200299978256,78.91,Random,resident,,,57,,measured,,,930
25.851,,,dot-1024x32,,128.562,,96.6079980134964,83.678,Current,resident,,,57,,measured,,,930
25.843,,,dot-1024x32,,128.745,,96.57599776983261,83.902,Predicted,resident,,,57,,measured,,,930
25.84,,,dot-1024x32,,98.338,,66.27199798822403,53.951,Predicted,resident,,,58,,measured,,,930
26.623,,,dot-1024x32,,151.357,,119.10399794578552,106.686,Random,resident,,,58,,measured,,,930
26.339,,,dot-1024x32,,128.331,,96.41599655151367,84.094,Current,resident,,,58,,measured,,,930
25.331,,,dot-1024x32,,98.449,,66.3679987192154,54.014,Current,resident,,,59,,measured,,,930
26.204,,,dot-1024x32,,150.118,,118.14399808645248,105.278,Random,resident,,,59,,measured,,,930
41.563,,,dot-1024x32,,138.846,,104.63999956846237,83.966,Predicted,resident,,,59,,measured,,,930
25.963,,,dot-1024x32,,99.067,,67.03999638557434,54.174,Predicted,resident,,,60,,measured,,,930
25.859,,,dot-1024x32,,150.837,,118.33599954843521,105.822,Random,resident,,,60,,measured,,,930
25.727,,,dot-1024x32,,129.618,,97.120001912117,84.158,Current,resident,,,60,,measured,,,930
26.073999999999998,,,dot-1024x32,,127.824,,96.83199971914291,83.998,Predicted,resident,,,61,,measured,,,930
26.006999999999998,,,dot-1024x32,,127.557,,96.12800180912018,83.519,Current,resident,,,61,,measured,,,930
25.881,,,dot-1024x32,,151.478,,119.13599818944931,106.686,Random,resident,,,61,,measured,,,930
26.198999999999998,,,dot-1024x32,,128.556,,96.54399752616882,83.998,Predicted,resident,,,62,,measured,,,930
26.875,,,dot-1024x32,,152.395,,119.39200013875961,106.749,Random,resident,,,62,,measured,,,930
25.92,,,dot-1024x32,,128.642,,96.6079980134964,84.158,Current,resident,,,62,,measured,,,930
26.426000000000002,,,dot-1024x32,,149.733,,117.50400066375732,104.414,Random,resident,,,63,,measured,,,930
26.899,,,dot-1024x32,,129.269,,97.34400361776352,84.095,Predicted,resident,,,63,,measured,,,930
26.109,,,dot-1024x32,,129.606,,97.15200215578079,84.446,Current,resident,,,63,,measured,,,930
26.753,444.92999999999995,0.0,dot-1024x32,731825.3729999925,761.446,1196184.9150010708,68.92800331115723,54.495,Current,one_shot,876971.8840002711,876210.4380002711,0,,warmup,0.0,143345.3350000491,930
27.469,533.3800000000001,0.0,dot-1024x32,731825.3729999925,926.068,1361811.870001576,162.56000101566315,105.566,Random,one_shot,1042598.8390007762,1041672.7710007762,0,165462.33300050517,warmup,0.0,143345.3350000491,930
27.329,520.874,0.0,dot-1024x32,647744.1850001924,831.726,1142155.6360011196,97.53599762916565,83.294,Predicted,one_shot,822942.60500032,822110.87900032,0,,warmup,23593.693999828247,150772.5430001301,930
26.641,426.5280000000001,0.0,dot-1024x32,647744.1850001924,707.827,1142031.7370011196,68.09599697589874,54.239,Predicted,one_shot,822818.70600032,822110.87900032,1,,warmup,23593.693999828247,150772.5430001301,930
27.3,533.9010000000001,0.0,dot-1024x32,731825.3729999925,866.601,1361752.403001576,119.6800023317337,105.054,Random,one_shot,1042539.3720007762,1041672.7710007762,1,165462.33300050517,warmup,0.0,143345.3350000491,930
27.052,530.6610000000001,0.0,dot-1024x32,731825.3729999925,843.821,1196267.2900010708,98.1760025024414,83.038,Current,one_shot,877054.2590002711,876210.4380002711,1,,warmup,0.0,143345.3350000491,930
27.581,470.62699999999995,0.0,dot-1024x32,731825.3729999925,805.069,1361690.8710015758,119.45600062608719,105.15,Random,one_shot,1042477.8400007762,1041672.7710007762,2,165462.33300050517,warmup,0.0,143345.3350000491,930
27.276,455.008,0.0,dot-1024x32,731825.3729999925,764.518,1196187.9870010708,95.64799815416336,81.182,Current,one_shot,876974.9560002711,876210.4380002711,2,,warmup,0.0,143345.3350000491,930
27.041,492.87699999999995,0.0,dot-1024x32,647744.1850001924,802.673,1142126.5830011196,97.18400239944458,82.974,Predicted,one_shot,822913.5520003199,822110.87900032,2,,warmup,23593.693999828247,150772.5430001301,930
27.520000000000003,504.86099999999993,0.0,dot-1024x32,731825.3729999925,840.984,1361726.7860015759,119.90399658679962,104.862,Random,one_shot,1042513.7550007763,1041672.7710007762,3,165462.33300050517,warmup,0.0,143345.3350000491,930
40.18,479.941,0.0,dot-1024x32,731825.3729999925,858.633,1196282.1020010707,105.05600273609161,82.942,Current,one_shot,877069.0710002711,876210.4380002711,3,,warmup,0.0,143345.3350000491,930
39.781,552.323,0.0,dot-1024x32,647744.1850001924,1004.857,1142328.7670011197,104.96000200510025,83.038,Predicted,one_shot,823115.73600032,822110.87900032,3,,warmup,23593.693999828247,150772.5430001301,930
38.751000000000005,471.57,0.0,dot-1024x32,647744.1850001924,896.385,1142220.2950011196,75.19999891519547,54.142,Predicted,one_shot,823007.26400032,822110.87900032,4,,warmup,23593.693999828247,150772.5430001301,930
38.712,532.932,0.0,dot-1024x32,731825.3729999925,1005.937,1361891.7390015759,126.46399438381195,104.478,Random,one_shot,1042678.7080007762,1041672.7710007762,4,165462.33300050517,warmup,0.0,143345.3350000491,930
39.878,533.4749999999999,0.0,dot-1024x32,731825.3729999925,984.672,1196408.1410010708,104.12800312042236,82.782,Current,one_shot,877195.1100002711,876210.4380002711,4,,warmup,0.0,143345.3350000491,930
36.855000000000004,483.05800000000005,0.0,dot-1024x32,731825.3729999925,900.78,1196324.2490010709,75.55200159549713,54.463,Current,one_shot,877111.2180002711,876210.4380002711,5,,warmup,0.0,143345.3350000491,930
38.67,538.154,0.0,dot-1024x32,731825.3729999925,1012.495,1361898.2970015758,127.16799974441528,104.766,Random,one_shot,1042685.2660007762,1041672.7710007762,5,165462.33300050517,warmup,0.0,143345.3350000491,930
38.741,544.457,0.0,dot-1024x32,647744.1850001924,1007.886,1142331.7960011198,106.84800148010254,83.23,Predicted,one_shot,823118.76500032,822110.87900032,5,,warmup,23593.693999828247,150772.5430001301,930
27.037,408.08900000000006,0.0,dot-1024x32,647744.1850001924,766.318,1142090.2280011196,69.37599927186966,54.111,Predicted,one_shot,822877.19700032,822110.87900032,6,,warmup,23593.693999828247,150772.5430001301,930
27.222,480.7830000000001,0.0,dot-1024x32,731825.3729999925,793.299,1196216.7680010707,98.30400347709656,83.711,Current,one_shot,877003.7370002711,876210.4380002711,6,,warmup,0.0,143345.3350000491,930
27.402,471.98999999999995,0.0,dot-1024x32,731825.3729999925,807.314,1361693.116001576,121.98399752378464,105.982,Random,one_shot,1042480.0850007762,1041672.7710007762,6,165462.33300050517,warmup,0.0,143345.3350000491,930
27.465000000000003,457.49000000000007,0.0,dot-1024x32,647744.1850001924,768.669,1142092.5790011196,98.11200201511383,83.006,Predicted,one_shot,822879.54800032,822110.87900032,7,,warmup,23593.693999828247,150772.5430001301,930
27.289,444.856,0.0,dot-1024x32,731825.3729999925,785.311,1361671.113001576,119.74400281906128,105.086,Random,one_shot,1042458.0820007762,1041672.7710007762,7,165462.33300050517,warmup,0.0,143345.3350000491,930
27.179000000000002,475.97799999999995,0.0,dot-1024x32,731825.3729999925,788.192,1196211.6610010709,97.79199957847595,83.39,Current,one_shot,876998.6300002711,876210.4380002711,7,,warmup,0.0,143345.3350000491,930
27.173000000000002,455.50700000000006,0.0,dot-1024x32,647744.1850001924,767.949,1142091.8590011196,97.18400239944458,82.974,Predicted,one_shot,822878.82800032,822110.87900032,8,,warmup,23593.693999828247,150772.5430001301,930
27.621000000000002,455.78899999999993,0.0,dot-1024x32,731825.3729999925,789.037,1361674.839001576,120.99199742078781,106.334,Random,one_shot,1042461.8080007762,1041672.7710007762,8,165462.33300050517,warmup,0.0,143345.3350000491,930
26.994,450.69399999999996,0.0,dot-1024x32,731825.3729999925,769.008,1196192.4770010707,97.6639986038208,83.038,Current,one_shot,876979.4460002711,876210.4380002711,8,,warmup,0.0,143345.3350000491,930
27.233,448.71600000000007,0.0,dot-1024x32,647744.1850001924,757.762,1142081.6720011197,97.4079966545105,83.038,Predicted,one_shot,822868.64100032,822110.87900032,9,,warmup,23593.693999828247,150772.5430001301,930
27.369,465.158,0.0,dot-1024x32,731825.3729999925,797.663,1361683.4650015759,119.93599683046341,105.053,Random,one_shot,1042470.4340007761,1041672.7710007762,9,165462.33300050517,warmup,0.0,143345.3350000491,930
27.879,466.278,0.0,dot-1024x32,731825.3729999925,777.459,1196200.9280010709,97.56799787282944,82.911,Current,one_shot,876987.8970002711,876210.4380002711,9,,warmup,0.0,143345.3350000491,930
28.232,481.04200000000003,0.0,dot-1024x32,731825.3729999925,773.503,1196196.9720010709,71.99999690055847,54.366,Current,one_shot,876983.9410002711,876210.4380002711,10,,warmup,0.0,143345.3350000491,930
27.963,492.37,0.0,dot-1024x32,647744.1850001924,818.613,1142142.5230011197,100.22400319576263,83.358,Predicted,one_shot,822929.49200032,822110.87900032,10,,warmup,23593.693999828247,150772.5430001301,930
29.119,497.09299999999996,0.0,dot-1024x32,731825.3729999925,846.437,1361732.2390015759,120.60800194740295,105.342,Random,one_shot,1042519.2080007762,1041672.7710007762,10,165462.33300050517,warmup,0.0,143345.3350000491,930
29.314,484.13499999999993,0.0,dot-1024x32,647744.1850001924,817.67,1142141.5800011198,99.45599734783173,82.495,Predicted,one_shot,822928.54900032,822110.87900032,11,,warmup,23593.693999828247,150772.5430001301,930
27.604,487.19599999999997,0.0,dot-1024x32,731825.3729999925,831.442,1361717.244001576,118.75200271606445,103.23,Random,one_shot,1042504.2130007762,1041672.7710007762,11,165462.33300050517,warmup,0.0,143345.3350000491,930
27.447000000000003,485.1739999999999,0.0,dot-1024x32,731825.3729999925,796.053,1196219.5220010707,97.56799787282944,83.038,Current,one_shot,877006.491000271,876210.4380002711,11,,warmup,0.0,143345.3350000491,930
27.542,447.60900000000004,0.0,dot-1024x32,731825.3729999925,786.78,1361672.582001576,120.41600048542023,105.47,Random,one_shot,1042459.5510007762,1041672.7710007762,12,165462.33300050517,warmup,0.0,143345.3350000491,930
27.262,504.90500000000003,0.0,dot-1024x32,731825.3729999925,813.846,1196237.3150010707,95.551997423172,81.406,Current,one_shot,877024.2840002711,876210.4380002711,12,,warmup,0.0,143345.3350000491,930
27.408,472.983,0.0,dot-1024x32,647744.1850001924,780.901,1142104.8110011197,97.31200337409973,82.91,Predicted,one_shot,822891.7800003199,822110.87900032,12,,warmup,23593.693999828247,150772.5430001301,930
26.806,353.426,0.0,dot-1024x32,647744.1850001924,635.208,1141959.1180011197,70.01599669456482,55.838,Predicted,one_shot,822746.08700032,822110.87900032,13,,warmup,23593.693999828247,150772.5430001301,930
27.448999999999998,458.1050000000001,0.0,dot-1024x32,731825.3729999925,788.757,1361674.559001576,119.84000355005264,105.245,Random,one_shot,1042461.5280007762,1041672.7710007762,13,165462.33300050517,warmup,0.0,143345.3350000491,930
27.838,464.19999999999993,0.0,dot-1024x32,731825.3729999925,819.004,1196242.4730010708,97.53599762916565,83.166,Current,one_shot,877029.442000271,876210.4380002711,13,,warmup,0.0,143345.3350000491,930
26.614,380.5849999999999,0.0,dot-1024x32,731825.3729999925,972.105,1196395.5740010708,68.28799843788147,54.367,Current,one_shot,877182.5430002711,876210.4380002711,14,,warmup,0.0,143345.3350000491,930
27.523000000000003,465.466,0.0,dot-1024x32,731825.3729999925,796.904,1361682.7060015758,119.03999745845795,104.702,Random,one_shot,1042469.6750007762,1041672.7710007762,14,165462.33300050517,warmup,0.0,143345.3350000491,930
27.518,465.30400000000003,0.0,dot-1024x32,647744.1850001924,778.983,1142102.8930011196,97.79199957847595,83.23,Predicted,one_shot,822889.86200032,822110.87900032,14,,warmup,23593.693999828247,150772.5430001301,930
27.397,464.233,0.0,dot-1024x32,731825.3729999925,796.403,1361682.2050015759,118.56000125408173,103.965,Random,one_shot,1042469.1740007763,1041672.7710007762,15,165462.33300050517,warmup,0.0,143345.3350000491,930
27.614,459.579,0.0,dot-1024x32,731825.3729999925,769.67,1196193.1390010708,97.6639986038208,83.135,Current,one_shot,876980.1080002711,876210.4380002711,15,,warmup,0.0,143345.3350000491,930
28.154,469.493,0.0,dot-1024x32,647744.1850001924,781.397,1142105.3070011197,97.31200337409973,83.038,Predicted,one_shot,822892.27600032,822110.87900032,15,,warmup,23593.693999828247,150772.5430001301,930
27.639000000000003,452.675,0.0,dot-1024x32,731825.3729999925,761.875,1196185.3440010708,95.90400010347366,81.662,Current,one_shot,876972.3130002711,876210.4380002711,0,,measured,0.0,143345.3350000491,930
27.717,482.4549999999999,0.0,dot-1024x32,647744.1850001924,792.046,1142115.9560011197,96.54399752616882,82.334,Predicted,one_shot,822902.92500032,822110.87900032,0,,measured,23593.693999828247,150772.5430001301,930
26.936,473.148,0.0,dot-1024x32,731825.3729999925,805.218,1361691.0200015758,119.77600306272507,105.47,Random,one_shot,1042477.9890007762,1041672.7710007762,0,165462.33300050517,measured,0.0,143345.3350000491,930
26.369,378.00700000000006,0.0,dot-1024x32,731825.3729999925,682.728,1361568.5300015758,93.59999746084213,79.294,Random,one_shot,1042355.4990007762,1041672.7710007762,1,165462.33300050517,measured,0.0,143345.3350000491,930
27.634,464.01500000000004,0.0,dot-1024x32,731825.3729999925,771.8,1196195.2690010709,97.53599762916565,83.038,Current,one_shot,876982.2380002711,876210.4380002711,1,,measured,0.0,143345.3350000491,930
28.814,468.187,0.0,dot-1024x32,647744.1850001924,784.968,1142108.8780011197,98.27200323343277,83.166,Predicted,one_shot,822895.84700032,822110.87900032,1,,measured,23593.693999828247,150772.5430001301,930
28.907,385.691,0.0,dot-1024x32,647744.1850001924,683.15,1142007.0600011197,71.35999947786331,54.175,Predicted,one_shot,822794.02900032,822110.87900032,2,,measured,23593.693999828247,150772.5430001301,930
29.39,485.8,0.0,dot-1024x32,731825.3729999925,834.493,1361720.295001576,121.47200107574463,105.214,Random,one_shot,1042507.2640007762,1041672.7710007762,2,165462.33300050517,measured,0.0,143345.3350000491,930
30.8,478.59200000000004,0.0,dot-1024x32,731825.3729999925,806.791,1196230.2600010708,98.33600372076035,83.166,Current,one_shot,877017.2290002711,876210.4380002711,2,,measured,0.0,143345.3350000491,930
26.936,414.84499999999997,0.0,dot-1024x32,731825.3729999925,701.768,1196125.2370010708,68.60800087451935,54.334,Current,one_shot,876912.2060002711,876210.4380002711,3,,measured,0.0,143345.3350000491,930
27.797000000000004,466.661,0.0,dot-1024x32,731825.3729999925,800.705,1361686.5070015758,119.45600062608719,104.638,Random,one_shot,1042473.4760007762,1041672.7710007762,3,165462.33300050517,measured,0.0,143345.3350000491,930
27.317,469.11899999999997,0.0,dot-1024x32,647744.1850001924,779.567,1142103.4770011196,97.56799787282944,83.23,Predicted,one_shot,822890.44600032,822110.87900032,3,,measured,23593.693999828247,150772.5430001301,930
27.444000000000003,462.20199999999994,0.0,dot-1024x32,731825.3729999925,795.918,1361681.7200015758,119.00799721479416,104.125,Random,one_shot,1042468.6890007762,1041672.7710007762,4,165462.33300050517,measured,0.0,143345.3350000491,930
27.89,475.38,0.0,dot-1024x32,647744.1850001924,788.684,1142112.5940011197,97.15200215578079,82.654,Predicted,one_shot,822899.56300032,822110.87900032,4,,measured,23593.693999828247,150772.5430001301,930
27.570999999999998,477.2060000000001,0.0,dot-1024x32,731825.3729999925,789.753,1196213.2220010709,98.01600128412247,83.454,Current,one_shot,877000.1910002711,876210.4380002711,4,,measured,0.0,143345.3350000491,930
27.309,463.75899999999996,0.0,dot-1024x32,731825.3729999925,799.689,1361685.491001576,122.04799801111221,105.821,Random,one_shot,1042472.4600007762,1041672.7710007762,5,165462.33300050517,measured,0.0,143345.3350000491,930
27.292,450.56800000000004,0.0,dot-1024x32,647744.1850001924,759.4,1142083.3100011197,97.56799787282944,83.07,Predicted,one_shot,822870.27900032,822110.87900032,5,,measured,23593.693999828247,150772.5430001301,930
28.418,471.651,0.0,dot-1024x32,731825.3729999925,790.008,1196213.4770010707,98.30400347709656,83.55,Current,one_shot,877000.4460002711,876210.4380002711,5,,measured,0.0,143345.3350000491,930
27.147,450.87,0.0,dot-1024x32,647744.1850001924,759.871,1142083.7810011196,96.92800045013428,82.366,Predicted,one_shot,822870.75000032,822110.87900032,6,,measured,23593.693999828247,150772.5430001301,930
27.876,451.164,0.0,dot-1024x32,731825.3729999925,765.146,1196188.6150010708,95.83999961614609,81.598,Current,one_shot,876975.584000271,876210.4380002711,6,,measured,0.0,143345.3350000491,930
27.724,464.94699999999995,0.0,dot-1024x32,731825.3729999925,799.117,1361684.9190015758,121.37600034475327,106.238,Random,one_shot,1042471.8880007762,1041672.7710007762,6,165462.33300050517,measured,0.0,143345.3350000491,930
28.127,444.292,0.0,dot-1024x32,731825.3729999925,754.957,1196178.4260010708,95.83999961614609,81.31,Current,one_shot,876965.3950002711,876210.4380002711,7,,measured,0.0,143345.3350000491,930
27.619999999999997,444.25299999999993,0.0,dot-1024x32,647744.1850001924,754.302,1142078.2120011197,96.83199971914291,83.23,Predicted,one_shot,822865.18100032,822110.87900032,7,,measured,23593.693999828247,150772.5430001301,930
27.040999999999997,450.8810000000001,0.0,dot-1024x32,731825.3729999925,782.711,1361668.5130015758,121.34400010108948,106.43,Random,one_shot,1042455.4820007762,1041672.7710007762,7,165462.33300050517,measured,0.0,143345.3350000491,930
27.55,447.323,0.0,dot-1024x32,731825.3729999925,754.815,1196178.2840010708,97.28000313043594,82.91,Current,one_shot,876965.253000271,876210.4380002711,8,,measured,0.0,143345.3350000491,930
28.79,581.0189999999999,0.0,dot-1024x32,647744.1850001924,973.006,1142296.9160011197,99.32799637317657,83.455,Predicted,one_shot,823083.88500032,822110.87900032,8,,measured,23593.693999828247,150772.5430001301,930
28.325,565.713,0.0,dot-1024x32,731825.3729999925,932.081,1361817.883001576,121.76000326871872,104.414,Random,one_shot,1042604.8520007762,1041672.7710007762,8,165462.33300050517,measured,0.0,143345.3350000491,930
30.747999999999998,530.8669999999998,0.0,dot-1024x32,647744.1850001924,873.001,1142196.9110011198,99.20000284910202,82.494,Predicted,one_shot,822983.88000032,822110.87900032,9,,measured,23593.693999828247,150772.5430001301,930
29.39,529.434,0.0,dot-1024x32,731825.3729999925,893.495,1361779.2970015758,121.11999839544296,104.926,Random,one_shot,1042566.2660007762,1041672.7710007762,9,165462.33300050517,measured,0.0,143345.3350000491,930
30.002000000000002,562.599,0.0,dot-1024x32,731825.3729999925,893.396,1196316.8650010708,101.43999755382538,83.294,Current,one_shot,877103.834000271,876210.4380002711,9,,measured,0.0,143345.3350000491,930
39.57,632.0029999999999,0.0,dot-1024x32,647744.1850001924,1023.683,1142347.5930011196,105.27999699115753,82.91,Predicted,one_shot,823134.56200032,822110.87900032,10,,measured,23593.693999828247,150772.5430001301,930
60.889,585.541,0.0,dot-1024x32,731825.3729999925,1047.572,1196471.0410010708,99.13600236177444,81.567,Current,one_shot,877258.0100002711,876210.4380002711,10,,measured,0.0,143345.3350000491,930
27.636000000000003,582.019,0.0,dot-1024x32,731825.3729999925,945.734,1361831.5360015759,121.95199728012085,105.47,Random,one_shot,1042618.5050007763,1041672.7710007762,10,165462.33300050517,measured,0.0,143345.3350000491,930
28.386000000000003,534.6149999999999,0.0,dot-1024x32,731825.3729999925,881.05,1196304.5190010709,97.05600142478943,81.47,Current,one_shot,877091.4880002711,876210.4380002711,11,,measured,0.0,143345.3350000491,930
28.134999999999998,522.0160000000001,0.0,dot-1024x32,731825.3729999925,865.574,1361751.376001576,120.64000219106674,104.541,Random,one_shot,1042538.3450007762,1041672.7710007762,11,165462.33300050517,measured,0.0,143345.3350000491,930
28.987000000000002,531.622,0.0,dot-1024x32,647744.1850001924,849.334,1142173.2440011196,98.65599870681763,83.166,Predicted,one_shot,822960.21300032,822110.87900032,11,,measured,23593.693999828247,150772.5430001301,930
27.871000000000002,505.78000000000003,0.0,dot-1024x32,731825.3729999925,818.19,1196241.6590010708,97.95200079679489,83.198,Current,one_shot,877028.628000271,876210.4380002711,12,,measured,0.0,143345.3350000491,930
27.994999999999997,481.57499999999993,0.0,dot-1024x32,731825.3729999925,815.288,1361701.0900015759,121.11999839544296,106.621,Random,one_shot,1042488.0590007761,1041672.7710007762,12,165462.33300050517,measured,0.0,143345.3350000491,930
29.604,561.2519999999998,0.0,dot-1024x32,647744.1850001924,1243.377,1142567.2870011197,100.41599720716476,83.55,Predicted,one_shot,823354.25600032,822110.87900032,12,,measured,23593.693999828247,150772.5430001301,930
26.156,368.0969999999999,0.0,dot-1024x32,647744.1850001924,652.225,1141976.1350011197,67.9360032081604,54.111,Predicted,one_shot,822763.10400032,822110.87900032,13,,measured,23593.693999828247,150772.5430001301,930
27.797000000000004,483.85900000000004,0.0,dot-1024x32,731825.3729999925,794.741,1196218.2100010708,97.75999933481216,83.326,Current,one_shot,877005.1790002711,876210.4380002711,13,,measured,0.0,143345.3350000491,930
27.544,483.021,0.0,dot-1024x32,731825.3729999925,817.671,1361703.4730015758,121.2799996137619,106.462,Random,one_shot,1042490.4420007762,1041672.7710007762,13,165462.33300050517,measured,0.0,143345.3350000491,930
26.493000000000002,395.953,0.0,dot-1024x32,731825.3729999925,719.897,1361605.6990015758,93.91999989748001,79.55,Random,one_shot,1042392.6680007762,1041672.7710007762,14,165462.33300050517,measured,0.0,143345.3350000491,930
27.808,479.33400000000006,0.0,dot-1024x32,647744.1850001924,791.525,1142115.4350011197,98.08000177145004,83.23,Predicted,one_shot,822902.40400032,822110.87900032,14,,measured,23593.693999828247,150772.5430001301,930
28.529,481.83899999999994,0.0,dot-1024x32,731825.3729999925,791.577,1196215.0460010709,97.75999933481216,83.167,Current,one_shot,877002.0150002711,876210.4380002711,14,,measured,0.0,143345.3350000491,930
27.347,460.06800000000004,0.0,dot-1024x32,731825.3729999925,792.888,1361678.690001576,119.61600184440613,104.413,Random,one_shot,1042465.6590007762,1041672.7710007762,15,165462.33300050517,measured,0.0,143345.3350000491,930
28.610999999999997,535.777,0.0,dot-1024x32,647744.1850001924,849.95,1142173.8600011196,98.01600128412247,83.326,Predicted,one_shot,822960.8290003199,822110.87900032,15,,measured,23593.693999828247,150772.5430001301,930
27.736,457.35800000000006,0.0,dot-1024x32,731825.3729999925,768.821,1196192.2900010708,98.04800152778625,83.39,Current,one_shot,876979.2590002711,876210.4380002711,15,,measured,0.0,143345.3350000491,930
27.355,445.31299999999993,0.0,dot-1024x32,647744.1850001924,755.976,1142079.8860011196,97.69599884748459,82.366,Predicted,one_shot,822866.85500032,822110.87900032,16,,measured,23593.693999828247,150772.5430001301,930
27.226,454.41799999999995,0.0,dot-1024x32,731825.3729999925,765.263,1196188.7320010709,96.12800180912018,81.823,Current,one_shot,876975.7010002711,876210.4380002711,16,,measured,0.0,143345.3350000491,930
27.677,470.022,0.0,dot-1024x32,731825.3729999925,873.952,1361759.754001576,119.32799965143204,104.51,Random,one_shot,1042546.7230007763,1041672.7710007762,16,165462.33300050517,measured,0.0,143345.3350000491,930
28.193,445.87800000000004,0.0,dot-1024x32,731825.3729999925,758.635,1196182.1040010708,96.0640013217926,81.214,Current,one_shot,876969.0730002711,876210.4380002711,17,,measured,0.0,143345.3350000491,930
27.587,455.2660000000001,0.0,dot-1024x32,647744.1850001924,767.566,1142091.4760011197,97.98400104045868,83.134,Predicted,one_shot,822878.44500032,822110.87900032,17,,measured,23593.693999828247,150772.5430001301,930
27.681,455.176,0.0,dot-1024x32,731825.3729999925,791.186,1361676.988001576,121.15199863910675,105.885,Random,one_shot,1042463.9570007762,1041672.7710007762,17,165462.33300050517,measured,0.0,143345.3350000491,930
27.691000000000003,450.889,0.0,dot-1024x32,647744.1850001924,761.964,1142085.8740011198,97.18400239944458,82.718,Predicted,one_shot,822872.84300032,822110.87900032,18,,measured,23593.693999828247,150772.5430001301,930
27.649,459.65900000000005,0.0,dot-1024x32,731825.3729999925,776.762,1196200.2310010707,98.7199991941452,83.262,Current,one_shot,876987.2000002711,876210.4380002711,18,,measured,0.0,143345.3350000491,930
28.201,455.69200000000006,0.0,dot-1024x32,731825.3729999925,791.096,1361676.8980015758,120.70400267839432,105.406,Random,one_shot,1042463.8670007762,1041672.7710007762,18,165462.33300050517,measured,0.0,143345.3350000491,930
27.457,444.58299999999997,0.0,dot-1024x32,647744.1850001924,755.221,1142079.1310011197,97.47199714183807,83.166,Predicted,one_shot,822866.10000032,822110.87900032,19,,measured,23593.693999828247,150772.5430001301,930
27.838,468.693,0.0,dot-1024x32,731825.3729999925,780.792,1196204.2610010707,97.75999933481216,83.134,Current,one_shot,876991.2300002711,876210.4380002711,19,,measured,0.0,143345.3350000491,930
27.276,465.43600000000004,0.0,dot-1024x32,731825.3729999925,797.611,1361683.413001576,119.71200257539749,105.277,Random,one_shot,1042470.3820007762,1041672.7710007762,19,165462.33300050517,measured,0.0,143345.3350000491,930
27.607999999999997,449.504,0.0,dot-1024x32,731825.3729999925,758.075,1196181.5440010708,95.48799693584442,80.99,Current,one_shot,876968.513000271,876210.4380002711,20,,measured,0.0,143345.3350000491,930
28.947,456.40500000000003,0.0,dot-1024x32,731825.3729999925,852.091,1361737.893001576,119.58400160074234,104.574,Random,one_shot,1042524.8620007762,1041672.7710007762,20,165462.33300050517,measured,0.0,143345.3350000491,930
27.805999999999997,468.209,0.0,dot-1024x32,647744.1850001924,780.072,1142103.9820011198,97.50399738550186,83.007,Predicted,one_shot,822890.95100032,822110.87900032,20,,measured,23593.693999828247,150772.5430001301,930
26.467,376.591,0.0,dot-1024x32,647744.1850001924,656.583,1141980.4930011197,68.51200014352798,54.239,Predicted,one_shot,822767.46200032,822110.87900032,21,,measured,23593.693999828247,150772.5430001301,930
27.875,459.797,0.0,dot-1024x32,731825.3729999925,770.049,1196193.5180010707,97.63199836015701,83.134,Current,one_shot,876980.4870002711,876210.4380002711,21,,measured,0.0,143345.3350000491,930
28.714,469.95200000000006,0.0,dot-1024x32,731825.3729999925,846.473,1361732.275001576,119.64800208806992,105.054,Random,one_shot,1042519.2440007762,1041672.7710007762,21,165462.33300050517,measured,0.0,143345.3350000491,930
28.424999999999997,509.572,0.0,dot-1024x32,731825.3729999925,999.896,1361885.698001576,110.49599945545197,89.598,Random,one_shot,1042672.6670007762,1041672.7710007762,22,165462.33300050517,measured,0.0,143345.3350000491,930
27.363999999999997,489.4559999999999,0.0,dot-1024x32,647744.1850001924,805.879,1142129.7890011196,98.24000298976898,83.134,Predicted,one_shot,822916.7580003199,822110.87900032,22,,measured,23593.693999828247,150772.5430001301,930
28.028,490.729,0.0,dot-1024x32,731825.3729999925,803.928,1196227.3970010707,98.1760025024414,83.487,Current,one_shot,877014.366000271,876210.4380002711,22,,measured,0.0,143345.3350000491,930
27.684,529.2669999999999,0.0,dot-1024x32,647744.1850001924,842.588,1142166.4980011196,97.120001912117,82.174,Predicted,one_shot,822953.46700032,822110.87900032,23,,measured,23593.693999828247,150772.5430001301,930
27.977,487.55400000000003,0.0,dot-1024x32,731825.3729999925,797.084,1196220.5530010709,95.71199864149094,81.47,Current,one_shot,877007.5220002711,876210.4380002711,23,,measured,0.0,143345.3350000491,930
27.411,490.8199999999999,0.0,dot-1024x32,731825.3729999925,822.978,1361708.7800015758,120.83200365304947,105.63,Random,one_shot,1042495.7490007762,1041672.7710007762,23,165462.33300050517,measured,0.0,143345.3350000491,930
26.518,388.5680000000001,0.0,dot-1024x32,731825.3729999925,691.796,1361577.5980015758,92.83199906349182,78.623,Random,one_shot,1042364.5670007762,1041672.7710007762,24,165462.33300050517,measured,0.0,143345.3350000491,930
27.588,506.888,0.0,dot-1024x32,647744.1850001924,838.752,1142162.6620011197,98.04800152778625,83.391,Predicted,one_shot,822949.63100032,822110.87900032,24,,measured,23593.693999828247,150772.5430001301,930
27.755000000000003,473.90899999999993,0.0,dot-1024x32,731825.3729999925,785.348,1196208.8170010708,98.1760025024414,83.583,Current,one_shot,876995.7860002711,876210.4380002711,24,,measured,0.0,143345.3350000491,930
27.735999999999997,456.571,0.0,dot-1024x32,647744.1850001924,766.106,1142090.0160011197,96.79999947547913,82.334,Predicted,one_shot,822876.98500032,822110.87900032,25,,measured,23593.693999828247,150772.5430001301,930
27.814999999999998,463.19399999999996,0.0,dot-1024x32,731825.3729999925,775.15,1196198.6190010707,95.8079993724823,81.279,Current,one_shot,876985.5880002711,876210.4380002711,25,,measured,0.0,143345.3350000491,930
27.258000000000003,478.92999999999995,0.0,dot-1024x32,731825.3729999925,816.922,1361702.724001576,120.64000219106674,105.822,Random,one_shot,1042489.6930007762,1041672.7710007762,25,165462.33300050517,measured,0.0,143345.3350000491,930
27.095,449.306,0.0,dot-1024x32,647744.1850001924,760.779,1142084.6890011197,97.98400104045868,83.422,Predicted,one_shot,822871.65800032,822110.87900032,26,,measured,23593.693999828247,150772.5430001301,930
27.284,467.646,0.0,dot-1024x32,731825.3729999925,802.414,1361688.2160015758,120.28799951076508,105.021,Random,one_shot,1042475.1850007762,1041672.7710007762,26,165462.33300050517,measured,0.0,143345.3350000491,930
28.153,458.997,0.0,dot-1024x32,731825.3729999925,772.576,1196196.0450010707,97.34400361776352,82.974,Current,one_shot,876983.0140002711,876210.4380002711,26,,measured,0.0,143345.3350000491,930
26.666,359.39599999999996,0.0,dot-1024x32,731825.3729999925,643.593,1196067.0620010707,68.2239979505539,53.886,Current,one_shot,876854.0310002711,876210.4380002711,27,,measured,0.0,143345.3350000491,930
27.363,450.27599999999995,0.0,dot-1024x32,647744.1850001924,761.976,1142085.8860011196,97.79199957847595,83.134,Predicted,one_shot,822872.85500032,822110.87900032,27,,measured,23593.693999828247,150772.5430001301,930
28.353,462.13399999999996,0.0,dot-1024x32,731825.3729999925,1551.135,1362436.937001576,120.41600048542023,104.829,Random,one_shot,1043223.9060007762,1041672.7710007762,27,165462.33300050517,measured,0.0,143345.3350000491,930
27.811999999999998,448.795,0.0,dot-1024x32,647744.1850001924,766.9,1142090.8100011197,97.56799787282944,82.462,Predicted,one_shot,822877.77900032,822110.87900032,28,,measured,23593.693999828247,150772.5430001301,930
27.616,460.148,0.0,dot-1024x32,731825.3729999925,774.812,1196198.2810010707,98.08000177145004,83.102,Current,one_shot,876985.2500002711,876210.4380002711,28,,measured,0.0,143345.3350000491,930
27.572000000000003,460.0559999999999,0.0,dot-1024x32,731825.3729999925,798.506,1361684.308001576,121.5360015630722,106.718,Random,one_shot,1042471.2770007763,1041672.7710007762,28,165462.33300050517,measured,0.0,143345.3350000491,930
26.898,357.17200000000014,0.0,dot-1024x32,731825.3729999925,670.669,1361556.471001576,98.39999675750732,84.03,Random,one_shot,1042343.4400007762,1041672.7710007762,29,165462.33300050517,measured,0.0,143345.3350000491,930
28.108999999999998,450.51400000000007,0.0,dot-1024x32,647744.1850001924,766.305,1142090.2150011198,98.49599748849869,83.198,Predicted,one_shot,822877.18400032,822110.87900032,29,,measured,23593.693999828247,150772.5430001301,930
27.753999999999998,452.74899999999997,0.0,dot-1024x32,731825.3729999925,767.356,1196190.8250010707,99.39199686050415,83.262,Current,one_shot,876977.7940002711,876210.4380002711,29,,measured,0.0,143345.3350000491,930
26.902,374.38200000000006,0.0,dot-1024x32,731825.3729999925,658.458,1196081.9270010707,69.72800195217133,54.943,Current,one_shot,876868.8960002711,876210.4380002711,30,,measured,0.0,143345.3350000491,930
27.377000000000002,471.35900000000004,0.0,dot-1024x32,731825.3729999925,808.757,1361694.559001576,120.28799951076508,105.373,Random,one_shot,1042481.5280007762,1041672.7710007762,30,165462.33300050517,measured,0.0,143345.3350000491,930
27.991999999999997,460.5129999999999,0.0,dot-1024x32,647744.1850001924,775.645,1142099.5550011196,98.2080027461052,83.294,Predicted,one_shot,822886.52400032,822110.87900032,30,,measured,23593.693999828247,150772.5430001301,930
27.805999999999997,456.63100000000003,0.0,dot-1024x32,731825.3729999925,793.397,1361679.1990015758,120.31999975442886,104.926,Random,one_shot,1042466.1680007762,1041672.7710007762,31,165462.33300050517,measured,0.0,143345.3350000491,930
27.852000000000004,454.382,0.0,dot-1024x32,647744.1850001924,766.763,1142090.6730011196,97.18400239944458,82.526,Predicted,one_shot,822877.64200032,822110.87900032,31,,measured,23593.693999828247,150772.5430001301,930
27.969,471.12399999999997,0.0,dot-1024x32,731825.3729999925,785.986,1196209.4550010709,98.27200323343277,83.678,Current,one_shot,876996.4240002711,876210.4380002711,31,,measured,0.0,143345.3350000491,930
26.523,372.679,0.0,dot-1024x32,731825.3729999925,657.721,1196081.1900010707,68.35199892520905,54.111,Current,one_shot,876868.1590002711,876210.4380002711,32,,measured,0.0,143345.3350000491,930
27.203,455.223,0.0,dot-1024x32,647744.1850001924,766.104,1142090.0140011196,96.83199971914291,82.27,Predicted,one_shot,822876.98300032,822110.87900032,32,,measured,23593.693999828247,150772.5430001301,930
27.683999999999997,472.781,0.0,dot-1024x32,731825.3729999925,806.713,1361692.515001576,119.35999989509583,104.158,Random,one_shot,1042479.4840007762,1041672.7710007762,32,165462.33300050517,measured,0.0,143345.3350000491,930
26.526,371.1140000000001,0.0,dot-1024x32,731825.3729999925,683.257,1361569.059001576,94.04800087213516,79.422,Random,one_shot,1042356.0280007762,1041672.7710007762,33,165462.33300050517,measured,0.0,143345.3350000491,930
27.934,459.64399999999995,0.0,dot-1024x32,731825.3729999925,776.193,1196199.6620010708,98.11200201511383,83.23,Current,one_shot,876986.6310002711,876210.4380002711,33,,measured,0.0,143345.3350000491,930
27.799,460.17699999999996,0.0,dot-1024x32,647744.1850001924,778.864,1142102.7740011197,97.98400104045868,83.166,Predicted,one_shot,822889.7430003199,822110.87900032,33,,measured,23593.693999828247,150772.5430001301,930
27.529,456.609,0.0,dot-1024x32,731825.3729999925,768.139,1196191.6080010708,95.90400010347366,81.438,Current,one_shot,876978.5770002711,876210.4380002711,34,,measured,0.0,143345.3350000491,930
28.002,453.086,0.0,dot-1024x32,647744.1850001924,766.194,1142090.1040011197,96.8639999628067,82.367,Predicted,one_shot,822877.07300032,822110.87900032,34,,measured,23593.693999828247,150772.5430001301,930
27.616999999999997,460.5710000000001,0.0,dot-1024x32,731825.3729999925,796.565,1361682.3670015759,118.94399672746658,104.221,Random,one_shot,1042469.3360007762,1041672.7710007762,34,165462.33300050517,measured,0.0,143345.3350000491,930
27.631999999999998,449.0539999999999,0.0,dot-1024x32,731825.3729999925,763.576,1196187.0450010707,97.88800030946732,83.07,Current,one_shot,876974.0140002711,876210.4380002711,35,,measured,0.0,143345.3350000491,930
27.77,455.6,0.0,dot-1024x32,731825.3729999925,790.699,1361676.501001576,119.4240003824234,104.478,Random,one_shot,1042463.4700007762,1041672.7710007762,35,165462.33300050517,measured,0.0,143345.3350000491,930
27.912999999999997,453.26499999999993,0.0,dot-1024x32,647744.1850001924,765.924,1142089.8340011197,98.11200201511383,83.326,Predicted,one_shot,822876.80300032,822110.87900032,35,,measured,23593.693999828247,150772.5430001301,930
28.274,455.73599999999993,0.0,dot-1024x32,731825.3729999925,789.859,1361675.6610015759,119.03999745845795,104.094,Random,one_shot,1042462.6300007763,1041672.7710007762,36,165462.33300050517,measured,0.0,143345.3350000491,930
27.741,465.91400000000004,0.0,dot-1024x32,731825.3729999925,779.609,1196203.0780010708,97.75999933481216,83.102,Current,one_shot,876990.0470002712,876210.4380002711,36,,measured,0.0,143345.3350000491,930
27.23,456.78099999999995,0.0,dot-1024x32,647744.1850001924,769.214,1142093.1240011198,97.95200079679489,83.102,Predicted,one_shot,822880.09300032,822110.87900032,36,,measured,23593.693999828247,150772.5430001301,930
28.022,455.101,0.0,dot-1024x32,731825.3729999925,768.348,1196191.8170010708,96.51199728250504,82.046,Current,one_shot,876978.7860002711,876210.4380002711,37,,measured,0.0,143345.3350000491,930
28.173000000000002,444.41799999999995,0.0,dot-1024x32,647744.1850001924,757.621,1142081.5310011196,97.28000313043594,82.558,Predicted,one_shot,822868.50000032,822110.87900032,37,,measured,23593.693999828247,150772.5430001301,930
27.442,470.7049999999999,0.0,dot-1024x32,731825.3729999925,804.936,1361690.738001576,119.74400281906128,105.054,Random,one_shot,1042477.7070007762,1041672.7710007762,37,165462.33300050517,measured,0.0,143345.3350000491,930
27.142000000000003,362.246,0.0,dot-1024x32,731825.3729999925,671.642,1361557.444001576,93.88799965381622,79.326,Random,one_shot,1042344.4130007762,1041672.7710007762,38,165462.33300050517,measured,0.0,143345.3350000491,930
28.103,457.18499999999995,0.0,dot-1024x32,731825.3729999925,768.884,1196192.3530010707,97.9200005531311,83.134,Current,one_shot,876979.3220002711,876210.4380002711,38,,measured,0.0,143345.3350000491,930
27.8,453.413,0.0,dot-1024x32,647744.1850001924,766.261,1142090.1710011198,98.01600128412247,83.262,Predicted,one_shot,822877.14000032,822110.87900032,38,,measured,23593.693999828247,150772.5430001301,930
27.738,448.54800000000006,0.0,dot-1024x32,731825.3729999925,782.912,1361668.714001576,119.10399794578552,104.35,Random,one_shot,1042455.6830007762,1041672.7710007762,39,165462.33300050517,measured,0.0,143345.3350000491,930
27.628999999999998,454.32599999999996,0.0,dot-1024x32,731825.3729999925,767.079,1196190.5480010707,97.31200337409973,82.91,Current,one_shot,876977.5170002711,876210.4380002711,39,,measured,0.0,143345.3350000491,930
28.018,447.23799999999994,0.0,dot-1024x32,647744.1850001924,759.686,1142083.5960011196,97.9200005531311,83.039,Predicted,one_shot,822870.56500032,822110.87900032,39,,measured,23593.693999828247,150772.5430001301,930
27.023,353.96900000000005,0.0,dot-1024x32,647744.1850001924,638.798,1141962.7080011196,68.28799843788147,54.014,Predicted,one_shot,822749.6770003199,822110.87900032,40,,measured,23593.693999828247,150772.5430001301,930
28.146,444.703,0.0,dot-1024x32,731825.3729999925,757.246,1196180.7150010709,96.57599776983261,81.822,Current,one_shot,876967.6840002711,876210.4380002711,40,,measured,0.0,143345.3350000491,930
27.664,455.54699999999997,0.0,dot-1024x32,731825.3729999925,791.599,1361677.4010015759,120.64000219106674,105.726,Random,one_shot,1042464.3700007763,1041672.7710007762,40,165462.33300050517,measured,0.0,143345.3350000491,930
27.887999999999998,447.96099999999996,0.0,dot-1024x32,731825.3729999925,760.019,1196183.4880010707,95.96800059080124,81.31,Current,one_shot,876970.4570002711,876210.4380002711,41,,measured,0.0,143345.3350000491,930
28.031,472.37699999999995,0.0,dot-1024x32,647744.1850001924,788.029,1142111.9390011197,97.9200005531311,83.135,Predicted,one_shot,822898.90800032,822110.87900032,41,,measured,23593.693999828247,150772.5430001301,930
27.843,473.5329999999999,0.0,dot-1024x32,731825.3729999925,809.39,1361695.1920015758,120.60800194740295,105.054,Random,one_shot,1042482.1610007762,1041672.7710007762,41,165462.33300050517,measured,0.0,143345.3350000491,930
26.506999999999998,373.4239999999999,0.0,dot-1024x32,731825.3729999925,685.233,1361571.035001576,96.83199971914291,82.206,Random,one_shot,1042358.0040007762,1041672.7710007762,42,165462.33300050517,measured,0.0,143345.3350000491,930
29.268,466.3469999999999,0.0,dot-1024x32,731825.3729999925,1113.91,1196537.3790010707,100.73599964380264,83.39,Current,one_shot,877324.3480002711,876210.4380002711,42,,measured,0.0,143345.3350000491,930
29.052999999999997,522.125,0.0,dot-1024x32,647744.1850001924,852.943,1142176.8530011196,98.68799895048141,83.006,Predicted,one_shot,822963.82200032,822110.87900032,42,,measured,23593.693999828247,150772.5430001301,930
31.044000000000004,533.7330000000001,0.0,dot-1024x32,731825.3729999925,897.122,1361782.924001576,123.80799651145935,104.862,Random,one_shot,1042569.8930007762,1041672.7710007762,43,165462.33300050517,measured,0.0,143345.3350000491,930
33.586,526.1940000000001,0.0,dot-1024x32,731825.3729999925,873.227,1196296.6960010708,99.2640033364296,82.942,Current,one_shot,877083.665000271,876210.4380002711,43,,measured,0.0,143345.3350000491,930
31.911,548.5780000000001,0.0,dot-1024x32,647744.1850001924,925.052,1142248.9620011197,107.58399963378906,83.23,Predicted,one_shot,823035.93100032,822110.87900032,43,,measured,23593.693999828247,150772.5430001301,930
28.572,548.9029999999999,0.0,dot-1024x32,731825.3729999925,912.783,1196336.2520010709,98.33600372076035,81.566,Current,one_shot,877123.2210002712,876210.4380002711,44,,measured,0.0,143345.3350000491,930
35.844,574.365,0.0,dot-1024x32,731825.3729999925,991.373,1361877.1750015758,127.77599692344666,105.246,Random,one_shot,1042664.1440007762,1041672.7710007762,44,165462.33300050517,measured,0.0,143345.3350000491,930
28.772,530.061,0.0,dot-1024x32,647744.1850001924,920.513,1142244.4230011196,116.41599982976913,82.91,Predicted,one_shot,823031.39200032,822110.87900032,44,,measured,23593.693999828247,150772.5430001301,930
27.406,452.19,0.0,dot-1024x32,647744.1850001924,745.415,1142069.3250011196,69.18399780988693,54.015,Predicted,one_shot,822856.29400032,822110.87900032,45,,measured,23593.693999828247,150772.5430001301,930
28.073,553.5769999999999,0.0,dot-1024x32,731825.3729999925,903.265,1361789.0670015758,121.5360015630722,105.277,Random,one_shot,1042576.0360007762,1041672.7710007762,45,165462.33300050517,measured,0.0,143345.3350000491,930
28.598,545.2269999999999,0.0,dot-1024x32,731825.3729999925,876.259,1196299.7280010707,99.93600100278854,83.038,Current,one_shot,877086.6970002711,876210.4380002711,45,,measured,0.0,143345.3350000491,930
28.829,491.24699999999996,0.0,dot-1024x32,731825.3729999925,836.244,1361722.046001576,120.54400146007538,104.797,Random,one_shot,1042509.0150007762,1041672.7710007762,46,165462.33300050517,measured,0.0,143345.3350000491,930
27.981,535.4919999999998,0.0,dot-1024x32,731825.3729999925,853.163,1196276.6320010708,96.57599776983261,80.958,Current,one_shot,877063.601000271,876210.4380002711,46,,measured,0.0,143345.3350000491,930
27.648,520.6510000000001,0.0,dot-1024x32,647744.1850001924,838.934,1142162.8440011197,96.96000069379807,82.814,Predicted,one_shot,822949.81300032,822110.87900032,46,,measured,23593.693999828247,150772.5430001301,930
27.706,489.76599999999996,0.0,dot-1024x32,731825.3729999925,828.21,1361714.012001576,119.64800208806992,104.798,Random,one_shot,1042500.9810007762,1041672.7710007762,47,165462.33300050517,measured,0.0,143345.3350000491,930
27.707,486.7369999999999,0.0,dot-1024x32,731825.3729999925,813.0,1196236.4690010708,98.2080027461052,82.654,Current,one_shot,877023.4380002711,876210.4380002711,47,,measured,0.0,143345.3350000491,930
28.744999999999997,510.15500000000003,0.0,dot-1024x32,647744.1850001924,826.309,1142150.2190011197,97.63199836015701,83.198,Predicted,one_shot,822937.18800032,822110.87900032,47,,measured,23593.693999828247,150772.5430001301,930
27.033,364.2370000000001,0.0,dot-1024x32,647744.1850001924,650.754,1141974.6640011196,68.96000355482101,54.591,Predicted,one_shot,822761.6330003199,822110.87900032,48,,measured,23593.693999828247,150772.5430001301,930
28.006999999999998,494.697,0.0,dot-1024x32,731825.3729999925,834.973,1361720.775001576,120.80000340938568,105.118,Random,one_shot,1042507.7440007762,1041672.7710007762,48,165462.33300050517,measured,0.0,143345.3350000491,930
28.256,477.92100000000005,0.0,dot-1024x32,731825.3729999925,794.491,1196217.9600010708,97.31200337409973,82.942,Current,one_shot,877004.9290002711,876210.4380002711,48,,measured,0.0,143345.3350000491,930
27.749000000000002,451.33700000000005,0.0,dot-1024x32,731825.3729999925,789.153,1361674.9550015759,120.03199756145477,105.214,Random,one_shot,1042461.9240007763,1041672.7710007762,49,165462.33300050517,measured,0.0,143345.3350000491,930
28.176,463.653,0.0,dot-1024x32,647744.1850001924,777.101,1142101.0110011196,97.18400239944458,82.814,Predicted,one_shot,822887.98000032,822110.87900032,49,,measured,23593.693999828247,150772.5430001301,930
28.301000000000002,446.02500000000003,0.0,dot-1024x32,731825.3729999925,761.059,1196184.5280010707,97.88800030946732,83.23,Current,one_shot,876971.4970002711,876210.4380002711,49,,measured,0.0,143345.3350000491,930
27.422,439.53900000000004,0.0,dot-1024x32,731825.3729999925,776.788,1361662.5900015759,120.95999717712402,105.918,Random,one_shot,1042449.5590007761,1041672.7710007762,50,165462.33300050517,measured,0.0,143345.3350000491,930
27.317999999999998,455.716,0.0,dot-1024x32,647744.1850001924,769.58,1142093.4900011197,97.56799787282944,82.814,Predicted,one_shot,822880.4590003199,822110.87900032,50,,measured,23593.693999828247,150772.5430001301,930
27.53,446.9460000000001,0.0,dot-1024x32,731825.3729999925,762.22,1196185.6890010708,97.6639986038208,82.974,Current,one_shot,876972.6580002711,876210.4380002711,50,,measured,0.0,143345.3350000491,930
27.185000000000002,358.647,0.0,dot-1024x32,731825.3729999925,642.32,1196065.7890010707,68.76800209283829,54.143,Current,one_shot,876852.758000271,876210.4380002711,51,,measured,0.0,143345.3350000491,930
28.238,452.7199999999999,0.0,dot-1024x32,731825.3729999925,791.135,1361676.937001576,120.57600170373917,105.15,Random,one_shot,1042463.9060007762,1041672.7710007762,51,165462.33300050517,measured,0.0,143345.3350000491,930
28.16,464.029,0.0,dot-1024x32,647744.1850001924,780.369,1142104.2790011195,97.72799909114838,83.006,Predicted,one_shot,822891.2480003199,822110.87900032,51,,measured,23593.693999828247,150772.5430001301,930
26.787,368.626,0.0,dot-1024x32,647744.1850001924,656.675,1141980.5850011196,68.57600063085556,54.047,Predicted,one_shot,822767.55400032,822110.87900032,52,,measured,23593.693999828247,150772.5430001301,930
27.974,459.645,0.0,dot-1024x32,731825.3729999925,774.346,1196197.8150010707,97.50399738550186,83.038,Current,one_shot,876984.7840002711,876210.4380002711,52,,measured,0.0,143345.3350000491,930
27.549999999999997,475.21200000000005,0.0,dot-1024x32,731825.3729999925,814.976,1361700.778001576,121.63200229406357,106.685,Random,one_shot,1042487.7470007762,1041672.7710007762,52,165462.33300050517,measured,0.0,143345.3350000491,930
26.320999999999998,378.99199999999996,0.0,dot-1024x32,731825.3729999925,689.106,1361574.9080015759,94.40000355243683,79.358,Random,one_shot,1042361.8770007762,1041672.7710007762,53,165462.33300050517,measured,0.0,143345.3350000491,930
27.985999999999997,458.89799999999997,0.0,dot-1024x32,647744.1850001924,772.95,1142096.8600011196,97.47199714183807,82.814,Predicted,one_shot,822883.8290003199,822110.87900032,53,,measured,23593.693999828247,150772.5430001301,930
29.052999999999997,472.5469999999999,0.0,dot-1024x32,731825.3729999925,787.186,1196210.6550010708,97.79199957847595,83.23,Current,one_shot,876997.6240002711,876210.4380002711,53,,measured,0.0,143345.3350000491,930
26.913,372.4239999999999,0.0,dot-1024x32,731825.3729999925,659.004,1196082.4730010708,69.60000097751617,55.39,Current,one_shot,876869.442000271,876210.4380002711,54,,measured,0.0,143345.3350000491,930
27.161,463.09900000000005,0.0,dot-1024x32,647744.1850001924,775.117,1142099.0270011197,97.05600142478943,82.463,Predicted,one_shot,822885.99600032,822110.87900032,54,,measured,23593.693999828247,150772.5430001301,930
27.775,465.41299999999995,0.0,dot-1024x32,731825.3729999925,802.919,1361688.721001576,121.34400010108948,106.366,Random,one_shot,1042475.6900007762,1041672.7710007762,54,165462.33300050517,measured,0.0,143345.3350000491,930
27.72,447.227,0.0,dot-1024x32,647744.1850001924,759.353,1142083.2630011197,96.8639999628067,82.334,Predicted,one_shot,822870.23200032,822110.87900032,55,,measured,23593.693999828247,150772.5430001301,930
27.584,464.88000000000005,0.0,dot-1024x32,731825.3729999925,806.745,1361692.5470015758,119.87199634313583,105.021,Random,one_shot,1042479.5160007762,1041672.7710007762,55,165462.33300050517,measured,0.0,143345.3350000491,930
27.525,458.377,0.0,dot-1024x32,731825.3729999925,771.229,1196194.6980010709,97.50399738550186,83.103,Current,one_shot,876981.6670002711,876210.4380002711,55,,measured,0.0,143345.3350000491,930
28.516,444.45500000000004,0.0,dot-1024x32,647744.1850001924,757.788,1142081.6980011195,97.37599641084671,82.846,Predicted,one_shot,822868.6670003199,822110.87900032,56,,measured,23593.693999828247,150772.5430001301,930
27.286,452.6960000000001,0.0,dot-1024x32,731825.3729999925,762.297,1196185.7660010708,96.09600156545639,81.566,Current,one_shot,876972.7350002711,876210.4380002711,56,,measured,0.0,143345.3350000491,930
27.656,457.758,0.0,dot-1024x32,731825.3729999925,791.779,1361677.5810015758,119.58400160074234,104.894,Random,one_shot,1042464.5500007762,1041672.7710007762,56,165462.33300050517,measured,0.0,143345.3350000491,930
26.944000000000003,358.66299999999995,0.0,dot-1024x32,731825.3729999925,666.516,1361552.3180015758,93.88799965381622,79.102,Random,one_shot,1042339.2870007762,1041672.7710007762,57,165462.33300050517,measured,0.0,143345.3350000491,930
28.147999999999996,466.996,0.0,dot-1024x32,731825.3729999925,1131.272,1196554.7410010707,97.6639986038208,81.534,Current,one_shot,877341.7100002711,876210.4380002711,57,,measured,0.0,143345.3350000491,930
28.878999999999998,462.048,0.0,dot-1024x32,647744.1850001924,779.598,1142103.5080011196,97.82399982213974,82.942,Predicted,one_shot,822890.47700032,822110.87900032,57,,measured,23593.693999828247,150772.5430001301,930
26.785,373.266,0.0,dot-1024x32,647744.1850001924,657.59,1141981.5000011197,68.76800209283829,54.206,Predicted,one_shot,822768.46900032,822110.87900032,58,,measured,23593.693999828247,150772.5430001301,930
27.442,463.231,0.0,dot-1024x32,731825.3729999925,800.016,1361685.8180015758,121.2799996137619,105.822,Random,one_shot,1042472.7870007762,1041672.7710007762,58,165462.33300050517,measured,0.0,143345.3350000491,930
27.205,467.551,0.0,dot-1024x32,731825.3729999925,779.324,1196202.7930010709,97.37599641084671,82.814,Current,one_shot,876989.7620002711,876210.4380002711,58,,measured,0.0,143345.3350000491,930
27.042,363.516,0.0,dot-1024x32,731825.3729999925,646.27,1196069.7390010708,68.25599819421768,53.951,Current,one_shot,876856.7080002711,876210.4380002711,59,,measured,0.0,143345.3350000491,930
27.131999999999998,463.91999999999996,0.0,dot-1024x32,731825.3729999925,797.805,1361683.6070015759,118.9119964838028,104.189,Random,one_shot,1042470.5760007763,1041672.7710007762,59,165462.33300050517,measured,0.0,143345.3350000491,930
27.403,454.6979999999999,0.0,dot-1024x32,647744.1850001924,767.337,1142091.2470011197,97.63199836015701,83.198,Predicted,one_shot,822878.21600032,822110.87900032,59,,measured,23593.693999828247,150772.5430001301,930
26.431,360.9300000000001,0.0,dot-1024x32,647744.1850001924,644.506,1141968.4160011197,68.64000111818314,54.335,Predicted,one_shot,822755.38500032,822110.87900032,60,,measured,23593.693999828247,150772.5430001301,930
27.439999999999998,441.35999999999996,0.0,dot-1024x32,731825.3729999925,774.788,1361660.5900015759,119.52000111341476,104.957,Random,one_shot,1042447.5590007761,1041672.7710007762,60,165462.33300050517,measured,0.0,143345.3350000491,930
27.826,456.62800000000004,0.0,dot-1024x32,731825.3729999925,769.086,1196192.5550010707,97.43999689817429,82.846,Current,one_shot,876979.5240002711,876210.4380002711,60,,measured,0.0,143345.3350000491,930
27.852000000000004,440.87499999999994,0.0,dot-1024x32,647744.1850001924,753.814,1142077.7240011196,97.37599641084671,82.654,Predicted,one_shot,822864.69300032,822110.87900032,61,,measured,23593.693999828247,150772.5430001301,930
27.421999999999997,445.614,0.0,dot-1024x32,731825.3729999925,757.008,1196180.4770010707,96.19200229644775,81.63,Current,one_shot,876967.4460002711,876210.4380002711,61,,measured,0.0,143345.3350000491,930
27.729,449.55800000000005,0.0,dot-1024x32,731825.3729999925,786.068,1361671.870001576,121.08799815177917,106.142,Random,one_shot,1042458.8390007762,1041672.7710007762,61,165462.33300050517,measured,0.0,143345.3350000491,930
27.747,443.21899999999994,0.0,dot-1024x32,647744.1850001924,757.253,1142081.1630011196,98.36799651384354,83.006,Predicted,one_shot,822868.13200032,822110.87900032,62,,measured,23593.693999828247,150772.5430001301,930
27.485999999999997,439.91600000000005,0.0,dot-1024x32,731825.3729999925,776.482,1361662.2840015758,119.61600184440613,104.637,Random,one_shot,1042449.2530007762,1041672.7710007762,62,165462.33300050517,measured,0.0,143345.3350000491,930
27.661,450.8,0.0,dot-1024x32,731825.3729999925,765.47,1196188.9390010708,97.56799787282944,82.975,Current,one_shot,876975.9080002711,876210.4380002711,62,,measured,0.0,143345.3350000491,930
28.175,451.73199999999997,0.0,dot-1024x32,731825.3729999925,788.76,1361674.562001576,119.80800330638885,104.67,Random,one_shot,1042461.5310007762,1041672.7710007762,63,165462.33300050517,measured,0.0,143345.3350000491,930
27.892,452.71899999999994,0.0,dot-1024x32,647744.1850001924,767.534,1142091.4440011196,98.4639972448349,83.07,Predicted,one_shot,822878.41300032,822110.87900032,63,,measured,23593.693999828247,150772.5430001301,930
27.936,459.495,0.0,dot-1024x32,731825.3729999925,774.271,1196197.7400010708,98.1760025024414,83.166,Current,one_shot,876984.709000271,876210.4380002711,63,,measured,0.0,143345.3350000491,930
36.535,216.72299999999998,109.476,matmul-64x128x64,,869.534,,211.04000508785248,186.716,Current,initialize,,,-1,,initialization,,,
35.595,205.892,103.112,matmul-64x128x64,,868.003,,215.36000072956085,189.18,Predicted,initialize,,,-1,,initialization,,,
35.451,198.759,113.056,matmul-64x128x64,,885.47,,242.8160011768341,218.587,Random,initialize,,,-1,,initialization,,,928
35.745,204.36700000000002,107.362,matmul-64x128x64,,894.577,,251.52000784873962,226.747,Random,initialize,,,-1,,initialization,,,929
37.379000000000005,213.544,211.913,matmul-64x128x64,,1458.072,,249.31199848651886,221.403,Random,initialize,,,-1,,initialization,,,930
36.728,,,matmul-64x128x64,,294.682,,260.99199056625366,244.25,Random,resident,,,0,,warmup,,,928
35.9,,,matmul-64x128x64,,341.896,,308.9599907398224,293.562,Predicted,resident,,,0,,warmup,,,928
35.644000000000005,,,matmul-64x128x64,,329.389,,297.21599817276,282.169,Current,resident,,,0,,warmup,,,928
33.615,,,matmul-64x128x64,,284.431,,252.9599964618683,239.259,Random,resident,,,1,,warmup,,,928
81.356,,,matmul-64x128x64,,314.992,,264.44798707962036,250.97,Predicted,resident,,,1,,warmup,,,928
33.063,,,matmul-64x128x64,,291.615,,259.16799902915955,246.043,Current,resident,,,1,,warmup,,,928
33.079,,,matmul-64x128x64,,285.218,,253.12000513076782,240.187,Random,resident,,,2,,warmup,,,928
32.489000000000004,,,matmul-64x128x64,,231.157,,198.7839937210083,185.788,Current,resident,,,2,,warmup,,,928
32.611,,,matmul-64x128x64,,304.414,,272.3200023174286,259.706,Predicted,resident,,,2,,warmup,,,928
33.025,,,matmul-64x128x64,,284.33,,252.9599964618683,239.738,Random,resident,,,3,,warmup,,,928
33.655,,,matmul-64x128x64,,297.376,,265.56798815727234,252.698,Current,resident,,,3,,warmup,,,928
33.086,,,matmul-64x128x64,,306.474,,275.0079929828644,261.914,Predicted,resident,,,3,,warmup,,,928
31.14,,,matmul-64x128x64,,232.99,,201.37600600719452,188.348,Predicted,resident,,,4,,warmup,,,928
32.059,,,matmul-64x128x64,,230.436,,198.46400618553162,185.82,Current,resident,,,4,,warmup,,,928
32.991,,,matmul-64x128x64,,287.001,,254.27201390266418,240.218,Random,resident,,,4,,warmup,,,928
32.503,,,matmul-64x128x64,,299.52,,267.87200570106506,254.426,Predicted,resident,,,5,,warmup,,,928
32.284,,,matmul-64x128x64,,290.578,,259.13599133491516,245.722,Current,resident,,,5,,warmup,,,928
32.516999999999996,,,matmul-64x128x64,,285.792,,253.9840042591095,240.73,Random,resident,,,5,,warmup,,,928
32.532000000000004,,,matmul-64x128x64,,246.668,,214.04799818992615,201.404,Random,resident,,,6,,warmup,,,928
32.089999999999996,,,matmul-64x128x64,,300.098,,268.0000066757202,254.97,Predicted,resident,,,6,,warmup,,,928
32.211,,,matmul-64x128x64,,290.687,,258.65599513053894,246.01,Current,resident,,,6,,warmup,,,928
31.788999999999998,,,matmul-64x128x64,,233.46,,201.63199305534363,188.348,Predicted,resident,,,7,,warmup,,,928
32.768,,,matmul-64x128x64,,286.942,,254.62400913238525,241.723,Random,resident,,,7,,warmup,,,928
32.646,,,matmul-64x128x64,,292.213,,260.51199436187744,247.227,Current,resident,,,7,,warmup,,,928
31.65,,,matmul-64x128x64,,230.206,,198.46400618553162,185.98,Current,resident,,,8,,warmup,,,928
32.376,,,matmul-64x128x64,,306.901,,275.2000093460083,262.65,Predicted,resident,,,8,,warmup,,,928
33.048,,,matmul-64x128x64,,283.892,,252.128005027771,239.387,Random,resident,,,8,,warmup,,,928
33.053,,,matmul-64x128x64,,292.532,,260.73598861694336,247.899,Current,resident,,,9,,warmup,,,928
33.252,,,matmul-64x128x64,,304.283,,272.7679908275604,259.93,Predicted,resident,,,9,,warmup,,,928
32.643,,,matmul-64x128x64,,283.812,,252.41601467132568,239.611,Random,resident,,,9,,warmup,,,928
33.755,,,matmul-64x128x64,,233.257,,201.02399587631226,188.316,Predicted,resident,,,10,,warmup,,,928
32.275,,,matmul-64x128x64,,295.866,,264.2880082130432,251.578,Current,resident,,,10,,warmup,,,928
33.044,,,matmul-64x128x64,,315.424,,252.9599964618683,240.506,Random,resident,,,10,,warmup,,,928
31.759999999999998,,,matmul-64x128x64,,245.217,,213.98399770259857,201.404,Random,resident,,,11,,warmup,,,928
32.092,,,matmul-64x128x64,,230.402,,198.91199469566345,186.108,Current,resident,,,11,,warmup,,,928
32.114000000000004,,,matmul-64x128x64,,303.021,,271.13598585128784,258.682,Predicted,resident,,,11,,warmup,,,928
32.736000000000004,,,matmul-64x128x64,,284.647,,252.54398584365845,240.283,Random,resident,,,12,,warmup,,,928
32.796,,,matmul-64x128x64,,232.481,,201.4079988002777,188.38,Predicted,resident,,,12,,warmup,,,928
32.444,,,matmul-64x128x64,,295.903,,264.3199861049652,251.514,Current,resident,,,12,,warmup,,,928
31.700000000000003,,,matmul-64x128x64,,284.856,,253.37600708007812,240.666,Random,resident,,,13,,warmup,,,928
32.147,,,matmul-64x128x64,,244.943,,199.20000433921814,186.108,Current,resident,,,13,,warmup,,,928
32.083,,,matmul-64x128x64,,303.344,,271.7440128326416,259.034,Predicted,resident,,,13,,warmup,,,928
32.501,,,matmul-64x128x64,,284.548,,252.86400318145752,239.643,Random,resident,,,14,,warmup,,,928
72.017,,,matmul-64x128x64,,292.205,,259.5840096473694,246.65,Current,resident,,,14,,warmup,,,928
33.123,,,matmul-64x128x64,,307.494,,275.32801032066345,262.17,Predicted,resident,,,14,,warmup,,,928
31.61,,,matmul-64x128x64,,232.832,,201.05600357055664,188.284,Predicted,resident,,,15,,warmup,,,928
32.66,,,matmul-64x128x64,,284.384,,252.03201174736023,239.291,Random,resident,,,15,,warmup,,,928
32.243,,,matmul-64x128x64,,291.773,,260.3839933872223,247.482,Current,resident,,,15,,warmup,,,928
31.356,,,matmul-64x128x64,,230.5,,198.84799420833588,185.98,Current,resident,,,0,,measured,,,928
31.79,,,matmul-64x128x64,,304.935,,273.3759880065918,260.378,Predicted,resident,,,0,,measured,,,928
32.614999999999995,,,matmul-64x128x64,,282.841,,251.64800882339478,238.811,Random,resident,,,0,,measured,,,928
31.910999999999998,,,matmul-64x128x64,,244.985,,213.6320024728775,201.18,Random,resident,,,1,,measured,,,928
32.849000000000004,,,matmul-64x128x64,,233.088,,201.31200551986694,188.252,Predicted,resident,,,1,,measured,,,928
33.794,,,matmul-64x128x64,,297.33,,265.24800062179565,252.314,Current,resident,,,1,,measured,,,928
32.803,,,matmul-64x128x64,,232.777,,201.4400064945221,188.38,Predicted,resident,,,2,,measured,,,928
31.97,,,matmul-64x128x64,,229.488,,198.11199605464935,185.724,Current,resident,,,2,,measured,,,928
32.97,,,matmul-64x128x64,,286.022,,254.4960081577301,241.978,Random,resident,,,2,,measured,,,928
32.465,,,matmul-64x128x64,,299.749,,268.41598749160767,255.002,Predicted,resident,,,3,,measured,,,928
31.830000000000002,,,matmul-64x128x64,,244.972,,213.44000101089478,201.243,Random,resident,,,3,,measured,,,928
32.383,,,matmul-64x128x64,,296.397,,264.67201113700867,252.027,Current,resident,,,3,,measured,,,928
31.6,,,matmul-64x128x64,,230.229,,198.43199849128723,185.948,Current,resident,,,4,,measured,,,928
32.653,,,matmul-64x128x64,,306.042,,274.2399871349335,261.306,Predicted,resident,,,4,,measured,,,928
32.825,,,matmul-64x128x64,,283.89,,252.6400089263916,240.058,Random,resident,,,4,,measured,,,928
33.366,,,matmul-64x128x64,,246.017,,213.34399282932281,201.244,Random,resident,,,5,,measured,,,928
32.429,,,matmul-64x128x64,,232.202,,200.8640021085739,188.38,Predicted,resident,,,5,,measured,,,928
32.506,,,matmul-64x128x64,,298.798,,267.5839960575104,255.162,Current,resident,,,5,,measured,,,928
31.877,,,matmul-64x128x64,,230.259,,198.0160027742386,185.852,Current,resident,,,6,,measured,,,928
32.535,,,matmul-64x128x64,,232.474,,200.9280025959015,188.22,Predicted,resident,,,6,,measured,,,928
32.778999999999996,,,matmul-64x128x64,,285.589,,253.85600328445435,241.275,Random,resident,,,6,,measured,,,928
34.017,,,matmul-64x128x64,,291.985,,260.3839933872223,247.579,Current,resident,,,7,,measured,,,928
32.618,,,matmul-64x128x64,,247.395,,214.88000452518463,201.756,Random,resident,,,7,,measured,,,928
32.896,,,matmul-64x128x64,,310.503,,279.04000878334045,266.458,Predicted,resident,,,7,,measured,,,928
31.357999999999997,,,matmul-64x128x64,,233.24,,201.1519968509674,188.412,Predicted,resident,,,8,,measured,,,928
32.972,,,matmul-64x128x64,,299.585,,267.87200570106506,255.098,Current,resident,,,8,,measured,,,928
32.816,,,matmul-64x128x64,,285.069,,253.6959946155548,240.859,Random,resident,,,8,,measured,,,928
31.985,,,matmul-64x128x64,,245.871,,214.49600160121918,201.659,Random,resident,,,9,,measured,,,928
33.402,,,matmul-64x128x64,,302.306,,270.6559896469116,258.01,Predicted,resident,,,9,,measured,,,928
31.44,,,matmul-64x128x64,,290.789,,259.5840096473694,246.906,Current,resident,,,9,,measured,,,928
32.492,,,matmul-64x128x64,,286.143,,254.2400062084198,241.306,Random,resident,,,10,,measured,,,928
32.596,,,matmul-64x128x64,,229.976,,198.5280066728592,185.756,Current,resident,,,10,,measured,,,928
64.935,,,matmul-64x128x64,,321.837,,272.15999364852905,258.81,Predicted,resident,,,10,,measured,,,928
32.028,,,matmul-64x128x64,,232.59,,200.73600113391876,188.252,Predicted,resident,,,11,,measured,,,928
32.726,,,matmul-64x128x64,,283.677,,252.128005027771,239.195,Random,resident,,,11,,measured,,,928
32.717,,,matmul-64x128x64,,291.777,,259.20000672340393,246.682,Current,resident,,,11,,measured,,,928
32.544,,,matmul-64x128x64,,305.467,,274.01599287986755,260.73,Predicted,resident,,,12,,measured,,,928
32.735,,,matmul-64x128x64,,229.893,,198.55999946594238,185.852,Current,resident,,,12,,measured,,,928
33.141999999999996,,,matmul-64x128x64,,285.099,,253.4080147743225,240.218,Random,resident,,,12,,measured,,,928
31.556,,,matmul-64x128x64,,245.977,,213.919997215271,201.339,Random,resident,,,13,,measured,,,928
32.327,,,matmul-64x128x64,,231.076,,198.88000190258026,186.172,Current,resident,,,13,,measured,,,928
32.419,,,matmul-64x128x64,,303.446,,272.12798595428467,258.97,Predicted,resident,,,13,,measured,,,928
32.07,,,matmul-64x128x64,,232.753,,200.70399343967438,188.251,Predicted,resident,,,14,,measured,,,928
31.993000000000002,,,matmul-64x128x64,,230.05,,198.0160027742386,185.724,Current,resident,,,14,,measured,,,928
32.893,,,matmul-64x128x64,,286.562,,254.01601195335388,241.978,Random,resident,,,14,,measured,,,928
33.247,,,matmul-64x128x64,,246.393,,214.23999965190887,201.659,Random,resident,,,15,,measured,,,928
33.318,,,matmul-64x128x64,,299.791,,267.42398738861084,254.81,Predicted,resident,,,15,,measured,,,928
32.286,,,matmul-64x128x64,,290.303,,258.62398743629456,246.202,Current,resident,,,15,,measured,,,928
32.944,,,matmul-64x128x64,,286.555,,254.07999753952026,240.923,Random,resident,,,16,,measured,,,928
32.194,,,matmul-64x128x64,,298.988,,267.0400142669678,253.947,Predicted,resident,,,16,,measured,,,928
32.759,,,matmul-64x128x64,,290.887,,258.7839961051941,245.978,Current,resident,,,16,,measured,,,928
32.498000000000005,,,matmul-64x128x64,,284.98,,253.28001379966736,240.475,Random,resident,,,17,,measured,,,928
31.767000000000003,,,matmul-64x128x64,,230.539,,199.23199713230133,186.204,Current,resident,,,17,,measured,,,928
32.510000000000005,,,matmul-64x128x64,,301.815,,270.4640030860901,258.107,Predicted,resident,,,17,,measured,,,928
32.868,,,matmul-64x128x64,,283.719,,251.90401077270508,239.386,Random,resident,,,18,,measured,,,928
33.397000000000006,,,matmul-64x128x64,,290.591,,258.8160037994385,246.106,Current,resident,,,18,,measured,,,928
36.876,,,matmul-64x128x64,,307.428,,274.1439938545227,261.498,Predicted,resident,,,18,,measured,,,928
33.2,,,matmul-64x128x64,,232.434,,200.00000298023224,186.14,Current,resident,,,19,,measured,,,928
32.753,,,matmul-64x128x64,,232.957,,200.9280025959015,188.251,Predicted,resident,,,19,,measured,,,928
32.915,,,matmul-64x128x64,,286.998,,253.9519965648651,241.275,Random,resident,,,19,,measured,,,928
33.038,,,matmul-64x128x64,,245.961,,214.30400013923645,201.627,Random,resident,,,20,,measured,,,928
32.522999999999996,,,matmul-64x128x64,,232.467,,200.6080001592636,188.124,Predicted,resident,,,20,,measured,,,928
32.891999999999996,,,matmul-64x128x64,,298.214,,266.33599400520325,253.434,Current,resident,,,20,,measured,,,928
32.062,,,matmul-64x128x64,,232.617,,200.8640021085739,188.38,Predicted,resident,,,21,,measured,,,928
32.536,,,matmul-64x128x64,,286.577,,255.0399899482727,241.69,Random,resident,,,21,,measured,,,928
32.346000000000004,,,matmul-64x128x64,,291.206,,259.8080039024353,246.97,Current,resident,,,21,,measured,,,928
32.359,,,matmul-64x128x64,,230.004,,197.952002286911,185.852,Current,resident,,,22,,measured,,,928
32.161,,,matmul-64x128x64,,246.219,,214.1440063714981,201.659,Random,resident,,,22,,measured,,,928
33.579,,,matmul-64x128x64,,310.78,,275.4560112953186,262.554,Predicted,resident,,,22,,measured,,,928
32.585,,,matmul-64x128x64,,246.118,,214.04799818992615,201.499,Random,resident,,,23,,measured,,,928
31.906999999999996,,,matmul-64x128x64,,293.036,,261.21601462364197,248.602,Current,resident,,,23,,measured,,,928
32.504999999999995,,,matmul-64x128x64,,305.167,,273.4079957008362,260.762,Predicted,resident,,,23,,measured,,,928
32.462,,,matmul-64x128x64,,230.289,,198.5280066728592,185.947,Current,resident,,,24,,measured,,,928
31.959000000000003,,,matmul-64x128x64,,232.699,,200.8959949016571,188.38,Predicted,resident,,,24,,measured,,,928
33.086,,,matmul-64x128x64,,284.814,,253.60000133514404,240.634,Random,resident,,,24,,measured,,,928
32.024,,,matmul-64x128x64,,245.505,,213.85599672794342,201.467,Random,resident,,,25,,measured,,,928
32.878,,,matmul-64x128x64,,232.37,,200.19200444221497,188.251,Predicted,resident,,,25,,measured,,,928
32.534,,,matmul-64x128x64,,302.057,,270.4319953918457,257.786,Current,resident,,,25,,measured,,,928
32.027,,,matmul-64x128x64,,237.563,,201.1840045452118,188.412,Predicted,resident,,,26,,measured,,,928
32.498000000000005,,,matmul-64x128x64,,285.99,,253.88801097869873,241.53,Random,resident,,,26,,measured,,,928
33.56,,,matmul-64x128x64,,291.799,,259.8080039024353,247.29,Current,resident,,,26,,measured,,,928
32.187,,,matmul-64x128x64,,246.58,,214.9440050125122,201.915,Random,resident,,,27,,measured,,,928
31.868000000000002,,,matmul-64x128x64,,230.267,,198.30399751663208,186.076,Current,resident,,,27,,measured,,,928
33.67,,,matmul-64x128x64,,306.268,,274.6559977531433,261.338,Predicted,resident,,,27,,measured,,,928
31.941,,,matmul-64x128x64,,230.608,,198.97599518299103,185.948,Current,resident,,,28,,measured,,,928
32.408,,,matmul-64x128x64,,285.599,,254.2400062084198,240.891,Random,resident,,,28,,measured,,,928
32.094,,,matmul-64x128x64,,299.75,,267.93599128723145,254.395,Predicted,resident,,,28,,measured,,,928
31.454,,,matmul-64x128x64,,232.287,,201.02399587631226,188.315,Predicted,resident,,,29,,measured,,,928
32.98,,,matmul-64x128x64,,290.139,,258.432000875473,245.754,Current,resident,,,29,,measured,,,928
32.36,,,matmul-64x128x64,,284.34,,252.99200415611267,240.283,Random,resident,,,29,,measured,,,928
32.626,,,matmul-64x128x64,,298.39,,266.7199969291687,254.074,Predicted,resident,,,30,,measured,,,928
33.81,,,matmul-64x128x64,,290.759,,258.39999318122864,245.53,Current,resident,,,30,,measured,,,928
32.211,,,matmul-64x128x64,,286.054,,253.9519965648651,241.307,Random,resident,,,30,,measured,,,928
32.297,,,matmul-64x128x64,,245.774,,214.52799439430237,201.627,Random,resident,,,31,,measured,,,928
32.998000000000005,,,matmul-64x128x64,,298.17,,266.7199969291687,254.362,Predicted,resident,,,31,,measured,,,928
32.486,,,matmul-64x128x64,,291.913,,260.47998666763306,247.706,Current,resident,,,31,,measured,,,928
32.135,,,matmul-64x128x64,,230.211,,198.4959989786148,185.916,Current,resident,,,32,,measured,,,928
32.328,,,matmul-64x128x64,,232.828,,200.54399967193604,188.347,Predicted,resident,,,32,,measured,,,928
32.480999999999995,,,matmul-64x128x64,,285.497,,254.4960081577301,241.499,Random,resident,,,32,,measured,,,928
31.713,,,matmul-64x128x64,,245.122,,213.69600296020508,201.179,Random,resident,,,33,,measured,,,928
31.744,,,matmul-64x128x64,,233.159,,200.99200308322906,188.22,Predicted,resident,,,33,,measured,,,928
33.804,,,matmul-64x128x64,,297.43,,265.6959891319275,252.667,Current,resident,,,33,,measured,,,928
32.959,,,matmul-64x128x64,,232.83,,201.08799636363983,188.316,Predicted,resident,,,34,,measured,,,928
32.992,,,matmul-64x128x64,,229.715,,198.08000326156616,185.691,Current,resident,,,34,,measured,,,928
33.23,,,matmul-64x128x64,,285.963,,254.07999753952026,241.627,Random,resident,,,34,,measured,,,928
32.436,,,matmul-64x128x64,,231.472,,199.52000677585602,186.108,Current,resident,,,35,,measured,,,928
32.504,,,matmul-64x128x64,,246.749,,214.75200355052948,201.596,Random,resident,,,35,,measured,,,928
32.667,,,matmul-64x128x64,,303.963,,272.5439965724945,259.642,Predicted,resident,,,35,,measured,,,928
32.329,,,matmul-64x128x64,,246.469,,214.36800062656403,201.372,Random,resident,,,36,,measured,,,928
32.231,,,matmul-64x128x64,,294.776,,262.9759907722473,250.171,Current,resident,,,36,,measured,,,928
33.339,,,matmul-64x128x64,,304.939,,273.18400144577026,260.762,Predicted,resident,,,36,,measured,,,928
33.064,,,matmul-64x128x64,,230.591,,198.81600141525269,186.204,Current,resident,,,37,,measured,,,928
33.149,,,matmul-64x128x64,,284.359,,253.2159984111786,240.539,Random,resident,,,37,,measured,,,928
33.120000000000005,,,matmul-64x128x64,,298.741,,266.27200841903687,253.338,Predicted,resident,,,37,,measured,,,928
32.104,,,matmul-64x128x64,,246.376,,214.4320011138916,201.916,Random,resident,,,38,,measured,,,928
34.38,,,matmul-64x128x64,,233.941,,201.31200551986694,188.348,Predicted,resident,,,38,,measured,,,928
32.716,,,matmul-64x128x64,,297.076,,265.0560140609741,252.378,Current,resident,,,38,,measured,,,928
32.725,,,matmul-64x128x64,,286.448,,254.97600436210632,241.819,Random,resident,,,39,,measured,,,928
32.357,,,matmul-64x128x64,,230.885,,198.91199469566345,186.044,Current,resident,,,39,,measured,,,928
33.272,,,matmul-64x128x64,,303.002,,271.87201380729675,258.17,Predicted,resident,,,39,,measured,,,928
32.846000000000004,,,matmul-64x128x64,,284.138,,252.128005027771,239.003,Random,resident,,,40,,measured,,,928
33.516,,,matmul-64x128x64,,232.725,,201.1840045452118,188.347,Predicted,resident,,,40,,measured,,,928
33.43,,,matmul-64x128x64,,296.022,,264.47999477386475,251.866,Current,resident,,,40,,measured,,,928
32.266,,,matmul-64x128x64,,284.712,,253.1520128250122,240.763,Random,resident,,,41,,measured,,,928
32.774,,,matmul-64x128x64,,267.006,,198.40000569820404,186.075,Current,resident,,,41,,measured,,,928
31.843000000000004,,,matmul-64x128x64,,303.337,,271.9680070877075,258.97,Predicted,resident,,,41,,measured,,,928
31.467,,,matmul-64x128x64,,232.966,,201.08799636363983,188.348,Predicted,resident,,,42,,measured,,,928
32.149,,,matmul-64x128x64,,230.82,,199.26400482654572,186.044,Current,resident,,,42,,measured,,,928
33.317,,,matmul-64x128x64,,284.794,,253.05598974227905,240.667,Random,resident,,,42,,measured,,,928
32.512,,,matmul-64x128x64,,230.587,,199.16799664497375,186.14,Current,resident,,,43,,measured,,,928
31.935000000000002,,,matmul-64x128x64,,246.051,,214.27200734615326,201.595,Random,resident,,,43,,measured,,,928
32.230000000000004,,,matmul-64x128x64,,307.079,,275.7759988307953,262.394,Predicted,resident,,,43,,measured,,,928
32.961,,,matmul-64x128x64,,246.632,,214.39999341964722,201.82,Random,resident,,,44,,measured,,,928
32.87,,,matmul-64x128x64,,232.35,,200.8959949016571,188.284,Predicted,resident,,,44,,measured,,,928
32.657,,,matmul-64x128x64,,305.468,,273.6319899559021,256.602,Current,resident,,,44,,measured,,,928
32.138999999999996,,,matmul-64x128x64,,232.98,,201.24800503253937,188.316,Predicted,resident,,,45,,measured,,,928
33.087,,,matmul-64x128x64,,286.517,,254.72000241279602,241.946,Random,resident,,,45,,measured,,,928
32.405,,,matmul-64x128x64,,291.75,,259.8719894886017,246.938,Current,resident,,,45,,measured,,,928
32.816,,,matmul-64x128x64,,305.798,,274.04800057411194,261.114,Predicted,resident,,,46,,measured,,,928
32.095,,,matmul-64x128x64,,230.663,,198.17599654197693,185.723,Current,resident,,,46,,measured,,,928
32.623999999999995,,,matmul-64x128x64,,283.019,,252.06398963928223,239.547,Random,resident,,,46,,measured,,,928
31.993000000000002,,,matmul-64x128x64,,245.337,,213.59999477863312,201.467,Random,resident,,,47,,measured,,,928
31.936,,,matmul-64x128x64,,230.216,,198.71999323368073,186.044,Current,resident,,,47,,measured,,,928
33.718,,,matmul-64x128x64,,320.026,,272.8320062160492,260.186,Predicted,resident,,,47,,measured,,,928
33.164,,,matmul-64x128x64,,284.79,,252.9279887676239,239.93,Random,resident,,,48,,measured,,,928
32.894999999999996,,,matmul-64x128x64,,291.061,,259.5840096473694,246.555,Current,resident,,,48,,measured,,,928
32.729,,,matmul-64x128x64,,306.238,,274.3679881095886,261.498,Predicted,resident,,,48,,measured,,,928
32.759,,,matmul-64x128x64,,231.947,,199.0399956703186,186.076,Current,resident,,,49,,measured,,,928
33.144,,,matmul-64x128x64,,232.695,,200.95999538898468,188.348,Predicted,resident,,,49,,measured,,,928
32.841,,,matmul-64x128x64,,285.136,,253.88801097869873,241.242,Random,resident,,,49,,measured,,,928
32.260999999999996,,,matmul-64x128x64,,290.797,,258.7200105190277,246.586,Current,resident,,,50,,measured,,,928
33.045,,,matmul-64x128x64,,305.531,,273.47201108932495,260.858,Predicted,resident,,,50,,measured,,,928
33.597,,,matmul-64x128x64,,283.488,,251.64800882339478,239.227,Random,resident,,,50,,measured,,,928
32.59,,,matmul-64x128x64,,292.462,,260.73598861694336,247.642,Current,resident,,,51,,measured,,,928
32.339,,,matmul-64x128x64,,245.82,,214.36800062656403,201.275,Random,resident,,,51,,measured,,,928
32.667,,,matmul-64x128x64,,306.077,,274.3679881095886,261.402,Predicted,resident,,,51,,measured,,,928
32.843,,,matmul-64x128x64,,246.126,,214.59199488162994,201.979,Random,resident,,,52,,measured,,,928
33.336,,,matmul-64x128x64,,246.969,,201.1840045452118,188.412,Predicted,resident,,,52,,measured,,,928
33.23,,,matmul-64x128x64,,298.743,,266.9439911842346,254.491,Current,resident,,,52,,measured,,,928
31.939,,,matmul-64x128x64,,232.424,,200.83199441432953,188.22,Predicted,resident,,,53,,measured,,,928
39.260999999999996,,,matmul-64x128x64,,287.024,,255.0719976425171,242.395,Random,resident,,,53,,measured,,,928
32.607,,,matmul-64x128x64,,295.155,,263.3279860019684,250.299,Current,resident,,,53,,measured,,,928
32.721000000000004,,,matmul-64x128x64,,305.833,,273.72801303863525,260.506,Predicted,resident,,,54,,measured,,,928
33.32,,,matmul-64x128x64,,283.373,,251.16801261901855,238.906,Random,resident,,,54,,measured,,,928
32.342,,,matmul-64x128x64,,291.644,,259.96801257133484,246.907,Current,resident,,,54,,measured,,,928
32.900999999999996,,,matmul-64x128x64,,304.847,,273.3440101146698,260.602,Predicted,resident,,,55,,measured,,,928
32.888999999999996,,,matmul-64x128x64,,283.149,,251.67998671531677,239.259,Random,resident,,,55,,measured,,,928
32.911,,,matmul-64x128x64,,292.358,,260.73598861694336,247.482,Current,resident,,,55,,measured,,,928
31.156,,,matmul-64x128x64,,230.129,,198.62399995326996,186.044,Current,resident,,,56,,measured,,,928
33.085,,,matmul-64x128x64,,305.845,,273.6000120639801,260.218,Predicted,resident,,,56,,measured,,,928
33.274,,,matmul-64x128x64,,283.71,,252.03201174736023,239.451,Random,resident,,,56,,measured,,,928
31.897,,,matmul-64x128x64,,291.461,,260.1599991321564,246.971,Current,resident,,,57,,measured,,,928
33.007000000000005,,,matmul-64x128x64,,246.13,,214.11199867725372,201.404,Random,resident,,,57,,measured,,,928
32.711,,,matmul-64x128x64,,307.014,,275.10398626327515,262.138,Predicted,resident,,,57,,measured,,,928
33.162,,,matmul-64x128x64,,232.401,,200.6399929523468,188.348,Predicted,resident,,,58,,measured,,,928
47.315,,,matmul-64x128x64,,250.852,,218.27200055122375,201.595,Random,resident,,,58,,measured,,,928
32.275,,,matmul-64x128x64,,295.995,,264.6400034427643,252.507,Current,resident,,,58,,measured,,,928
31.487000000000002,,,matmul-64x128x64,,228.86,,197.76000082492828,184.956,Current,resident,,,59,,measured,,,928
32.424,,,matmul-64x128x64,,244.439,,212.8639966249466,200.283,Random,resident,,,59,,measured,,,928
33.036,,,matmul-64x128x64,,305.397,,273.8560140132904,261.37,Predicted,resident,,,59,,measured,,,928
32.842,,,matmul-64x128x64,,291.875,,259.99999046325684,246.874,Current,resident,,,60,,measured,,,928
31.983000000000004,,,matmul-64x128x64,,230.671,,199.16799664497375,186.876,Predicted,resident,,,60,,measured,,,928
32.620000000000005,,,matmul-64x128x64,,283.844,,252.6400089263916,239.898,Random,resident,,,60,,measured,,,928
33.694,,,matmul-64x128x64,,294.599,,262.11199164390564,249.05,Current,resident,,,61,,measured,,,928
31.307000000000002,,,matmul-64x128x64,,303.506,,271.93599939346313,259.29,Predicted,resident,,,61,,measured,,,928
33.296,,,matmul-64x128x64,,281.264,,250.04801154136658,237.658,Random,resident,,,61,,measured,,,928
31.927,,,matmul-64x128x64,,231.301,,199.39200580120087,186.844,Predicted,resident,,,62,,measured,,,928
33.048,,,matmul-64x128x64,,251.567,,213.50400149822235,200.027,Random,resident,,,62,,measured,,,928
32.763,,,matmul-64x128x64,,301.476,,269.79199051856995,256.986,Current,resident,,,62,,measured,,,928
33.076,,,matmul-64x128x64,,305.964,,274.0800082683563,261.306,Predicted,resident,,,63,,measured,,,928
33.659,,,matmul-64x128x64,,283.307,,251.90401077270508,239.066,Random,resident,,,63,,measured,,,928
33.211,,,matmul-64x128x64,,294.76,,263.16800713539124,250.554,Current,resident,,,63,,measured,,,928
34.207,254.54500000000002,0.0,matmul-64x128x64,220996.6769996754,751.919,401438.2599995276,241.7600005865097,227.098,Random,one_shot,297340.3539996486,296588.4349996486,0,37288.56499947142,warmup,0.0,38007.920000382,928
33.614999999999995,256.44399999999996,0.0,matmul-64x128x64,174459.18700013863,753.287,322568.71800068667,270.6240117549896,255.226,Predicted,one_shot,218470.81200080767,217717.52500080765,0,,warmup,6024.364999575482,37232.894000226224,928
33.753,254.16099999999997,0.0,matmul-64x128x64,220996.6769996754,730.187,364127.9630000562,259.8400115966797,245.787,Current,one_shot,260030.05700017718,259299.87000017718,0,,warmup,0.0,38007.920000382,928
34.818,247.82699999999997,0.0,matmul-64x128x64,220996.6769996754,723.776,401410.1169995276,255.36000728607178,240.027,Random,one_shot,297312.2109996486,296588.4349996486,1,37288.56499947142,warmup,0.0,38007.920000382,928
33.958999999999996,276.43699999999995,0.0,matmul-64x128x64,174459.18700013863,762.307,322577.73800068663,251.8399953842163,236.923,Predicted,one_shot,218479.83200080766,217717.52500080765,1,,warmup,6024.364999575482,37232.894000226224,928
34.524,249.373,0.0,matmul-64x128x64,220996.6769996754,722.29,364120.0660000562,256.1599910259247,241.466,Current,one_shot,260022.1600001772,259299.87000017718,1,,warmup,0.0,38007.920000382,928
34.113,231.94700000000003,0.0,matmul-64x128x64,220996.6769996754,705.116,401391.4569995276,254.88001108169556,240.059,Random,one_shot,297293.5509996486,296588.4349996486,2,37288.56499947142,warmup,0.0,38007.920000382,928
33.069,220.15399999999997,0.0,matmul-64x128x64,220996.6769996754,666.502,364064.27800005616,231.3919961452484,216.763,Current,one_shot,259966.3720001772,259299.87000017718,2,,warmup,0.0,38007.920000382,928
33.055,232.20499999999996,0.0,matmul-64x128x64,174459.18700013863,699.741,322515.17200068664,254.94399666786194,239.995,Predicted,one_shot,218417.26600080766,217717.52500080765,2,,warmup,6024.364999575482,37232.894000226224,928
33.496,222.022,0.0,matmul-64x128x64,220996.6769996754,691.407,401377.7479995276,254.59200143814087,239.45,Random,one_shot,297279.8419996486,296588.4349996486,3,37288.56499947142,warmup,0.0,38007.920000382,928
65.532,222.607,0.0,matmul-64x128x64,220996.6769996754,732.489,364130.2650000562,261.75999641418457,240.539,Current,one_shot,260032.35900017718,259299.87000017718,3,,warmup,0.0,38007.920000382,928
32.922,243.584,0.0,matmul-64x128x64,174459.18700013863,712.048,322527.47900068667,254.55999374389648,239.579,Predicted,one_shot,218429.57300080766,217717.52500080765,3,,warmup,6024.364999575482,37232.894000226224,928
32.149,142.301,0.0,matmul-64x128x64,174459.18700013863,557.571,322373.00200068665,202.04800367355347,187.452,Predicted,one_shot,218275.09600080765,217717.52500080765,4,,warmup,6024.364999575482,37232.894000226224,928
32.905,220.73899999999998,0.0,matmul-64x128x64,220996.6769996754,660.623,364058.3990000562,224.44799542427063,209.595,Current,one_shot,259960.49300017717,259299.87000017718,4,,warmup,0.0,38007.920000382,928
34.072,222.38500000000002,0.0,matmul-64x128x64,220996.6769996754,694.107,401380.4479995276,255.5840015411377,240.923,Random,one_shot,297282.5419996486,296588.4349996486,4,37288.56499947142,warmup,0.0,38007.920000382,928
32.864999999999995,220.21499999999997,0.0,matmul-64x128x64,174459.18700013863,688.382,322503.8130006867,252.16001272201538,236.987,Predicted,one_shot,218405.90700080767,217717.52500080765,5,,warmup,6024.364999575482,37232.894000226224,928
32.967999999999996,218.717,0.0,matmul-64x128x64,220996.6769996754,689.26,364087.0360000562,255.51998615264893,240.922,Current,one_shot,259989.1300001772,259299.87000017718,5,,warmup,0.0,38007.920000382,928
33.741,219.52900000000002,0.0,matmul-64x128x64,220996.6769996754,690.943,401377.28399952763,255.264014005661,240.218,Random,one_shot,297279.3779996486,296588.4349996486,5,37288.56499947142,warmup,0.0,38007.920000382,928
32.566,141.484,0.0,matmul-64x128x64,220996.6769996754,570.561,401256.9019995276,214.91199731826782,200.22,Random,one_shot,297158.9959996486,296588.4349996486,6,37288.56499947142,warmup,0.0,38007.920000382,928
34.429,221.72,0.0,matmul-64x128x64,174459.18700013863,690.774,322506.2050006867,251.13600492477417,236.603,Predicted,one_shot,218408.29900080766,217717.52500080765,6,,warmup,6024.364999575482,37232.894000226224,928
33.053,220.04800000000003,0.0,matmul-64x128x64,220996.6769996754,688.804,364086.5800000562,256.3839852809906,241.754,Current,one_shot,259988.67400017718,259299.87000017718,6,,warmup,0.0,38007.920000382,928
33.356,217.913,0.0,matmul-64x128x64,174459.18700013863,659.553,322474.9840006867,227.52000391483307,212.507,Predicted,one_shot,218377.07800080767,217717.52500080765,7,,warmup,6024.364999575482,37232.894000226224,928
33.052,220.918,0.0,matmul-64x128x64,220996.6769996754,689.416,401375.7569995276,254.59200143814087,239.45,Random,one_shot,297277.8509996486,296588.4349996486,7,37288.56499947142,warmup,0.0,38007.920000382,928
34.372,219.31599999999995,0.0,matmul-64x128x64,220996.6769996754,693.565,364091.3410000562,255.67999482154846,240.603,Current,one_shot,259993.43500017718,259299.87000017718,7,,warmup,0.0,38007.920000382,928
32.384,146.87,0.0,matmul-64x128x64,220996.6769996754,560.878,363958.6540000562,198.97599518299103,184.604,Current,one_shot,259860.74800017718,259299.87000017718,8,,warmup,0.0,38007.920000382,928
33.649,219.88000000000002,0.0,matmul-64x128x64,174459.18700013863,693.935,322509.36600068666,260.127991437912,245.306,Predicted,one_shot,218411.46000080765,217717.52500080765,8,,warmup,6024.364999575482,37232.894000226224,928
33.724999999999994,219.11800000000002,0.0,matmul-64x128x64,220996.6769996754,689.192,401375.5329995276,254.59200143814087,239.451,Random,one_shot,297277.6269996486,296588.4349996486,8,37288.56499947142,warmup,0.0,38007.920000382,928
34.806,224.552,0.0,matmul-64x128x64,220996.6769996754,730.781,364128.55700005614,255.3279995918274,240.539,Current,one_shot,260030.65100017717,259299.87000017718,9,,warmup,0.0,38007.920000382,928
33.328,226.72700000000003,0.0,matmul-64x128x64,174459.18700013863,697.316,322512.74700068665,254.4960081577301,239.291,Predicted,one_shot,218414.84100080765,217717.52500080765,9,,warmup,6024.364999575482,37232.894000226224,928
33.278,224.35800000000003,0.0,matmul-64x128x64,220996.6769996754,692.897,401379.2379995276,254.27201390266418,239.162,Random,one_shot,297281.3319996486,296588.4349996486,9,37288.56499947142,warmup,0.0,38007.920000382,928
33.447,224.59099999999998,0.0,matmul-64x128x64,174459.18700013863,673.535,322488.96600068663,229.76000607013702,214.907,Predicted,one_shot,218391.06000080766,217717.52500080765,10,,warmup,6024.364999575482,37232.894000226224,928
33.266999999999996,223.66499999999996,0.0,matmul-64x128x64,220996.6769996754,696.346,364094.1220000562,259.0399980545044,243.994,Current,one_shot,259996.21600017717,259299.87000017718,10,,warmup,0.0,38007.920000382,928
35.03,224.238,0.0,matmul-64x128x64,220996.6769996754,944.826,401631.1669995276,257.1839988231659,239.899,Random,one_shot,297533.2609996486,296588.4349996486,10,37288.56499947142,warmup,0.0,38007.920000382,928
33.024,188.81,0.0,matmul-64x128x64,220996.6769996754,652.625,401338.9659995276,214.7199958562851,199.899,Random,one_shot,297241.0599996486,296588.4349996486,11,37288.56499947142,warmup,0.0,38007.920000382,928
33.66,222.58300000000006,0.0,matmul-64x128x64,220996.6769996754,667.818,364065.59400005615,231.455996632576,216.667,Current,one_shot,259967.68800017718,259299.87000017718,11,,warmup,0.0,38007.920000382,928
33.997,222.302,0.0,matmul-64x128x64,174459.18700013863,691.647,322507.07800068666,254.68799471855164,239.707,Predicted,one_shot,218409.17200080765,217717.52500080765,11,,warmup,6024.364999575482,37232.894000226224,928
33.472,216.866,0.0,matmul-64x128x64,220996.6769996754,684.799,401371.1399995276,253.7280023097992,239.002,Random,one_shot,297273.2339996486,296588.4349996486,12,37288.56499947142,warmup,0.0,38007.920000382,928
34.636,221.007,0.0,matmul-64x128x64,174459.18700013863,665.137,322480.56800068665,229.21599447727203,214.523,Predicted,one_shot,218382.66200080764,217717.52500080765,12,,warmup,6024.364999575482,37232.894000226224,928
34.829,220.149,0.0,matmul-64x128x64,220996.6769996754,697.096,364094.8720000562,261.50399446487427,247.002,Current,one_shot,259996.96600017717,259299.87000017718,12,,warmup,0.0,38007.920000382,928
35.201,217.925,0.0,matmul-64x128x64,220996.6769996754,690.797,401377.1379995276,255.90398907661438,241.178,Random,one_shot,297279.2319996486,296588.4349996486,13,37288.56499947142,warmup,0.0,38007.920000382,928
33.239999999999995,216.399,0.0,matmul-64x128x64,220996.6769996754,658.647,364056.4230000562,229.21599447727203,214.587,Current,one_shot,259958.51700017718,259299.87000017718,13,,warmup,0.0,38007.920000382,928
33.99,219.86900000000003,0.0,matmul-64x128x64,174459.18700013863,693.743,322509.1740006866,259.45600867271423,244.283,Predicted,one_shot,218411.26800080764,217717.52500080765,13,,warmup,6024.364999575482,37232.894000226224,928
34.515,218.82100000000003,0.0,matmul-64x128x64,220996.6769996754,688.083,401374.4239995276,254.01601195335388,239.131,Random,one_shot,297276.5179996486,296588.4349996486,14,37288.56499947142,warmup,0.0,38007.920000382,928
34.06,217.52399999999997,0.0,matmul-64x128x64,220996.6769996754,703.022,364100.7980000562,256.25601410865784,241.338,Current,one_shot,260002.89200017718,259299.87000017718,14,,warmup,0.0,38007.920000382,928
34.084,220.777,0.0,matmul-64x128x64,174459.18700013863,688.996,322504.42700068664,253.7280023097992,239.002,Predicted,one_shot,218406.52100080767,217717.52500080765,14,,warmup,6024.364999575482,37232.894000226224,928
32.454,146.072,0.0,matmul-64x128x64,174459.18700013863,560.686,322376.11700068665,201.4079988002777,186.747,Predicted,one_shot,218278.21100080764,217717.52500080765,15,,warmup,6024.364999575482,37232.894000226224,928
33.86,218.46400000000003,0.0,matmul-64x128x64,220996.6769996754,686.153,401372.4939995276,254.14401292800903,239.323,Random,one_shot,297274.5879996486,296588.4349996486,15,37288.56499947142,warmup,0.0,38007.920000382,928
33.263,217.89099999999996,0.0,matmul-64x128x64,220996.6769996754,686.195,364083.9710000562,254.91198897361755,240.474,Current,one_shot,259986.0650001772,259299.87000017718,15,,warmup,0.0,38007.920000382,928
32.619,144.454,0.0,matmul-64x128x64,220996.6769996754,556.074,363953.8500000562,199.13600385189056,184.732,Current,one_shot,259855.94400017717,259299.87000017718,0,,measured,0.0,38007.920000382,928
47.46,220.411,0.0,matmul-64x128x64,174459.18700013863,721.643,322537.07400068664,254.07999753952026,239.098,Predicted,one_shot,218439.16800080767,217717.52500080765,0,,measured,6024.364999575482,37232.894000226224,928
34.477,221.634,0.0,matmul-64x128x64,220996.6769996754,690.479,401376.8199995276,254.04798984527588,239.194,Random,one_shot,297278.9139996486,296588.4349996486,0,37288.56499947142,measured,0.0,38007.920000382,928
33.137,145.02800000000002,0.0,matmul-64x128x64,220996.6769996754,573.788,401260.1289995276,215.42400121688843,200.763,Random,one_shot,297162.2229996486,296588.4349996486,1,37288.56499947142,measured,0.0,38007.920000382,928
32.628,217.143,0.0,matmul-64x128x64,174459.18700013863,657.724,322473.15500068665,228.09599339962006,213.275,Predicted,one_shot,218375.24900080764,217717.52500080765,1,,measured,6024.364999575482,37232.894000226224,928
33.737,224.051,0.0,matmul-64x128x64,220996.6769996754,697.463,364095.2390000562,260.4160010814667,245.115,Current,one_shot,259997.33300017717,259299.87000017718,1,,measured,0.0,38007.920000382,928
34.226,215.96099999999998,0.0,matmul-64x128x64,174459.18700013863,659.846,322475.2770006866,228.35199534893036,213.627,Predicted,one_shot,218377.37100080765,217717.52500080765,2,,measured,6024.364999575482,37232.894000226224,928
33.585,219.25300000000001,0.0,matmul-64x128x64,220996.6769996754,655.013,364052.7890000562,221.82400524616241,206.94,Current,one_shot,259954.8830001772,259299.87000017718,2,,measured,0.0,38007.920000382,928
33.826,247.63799999999998,0.0,matmul-64x128x64,220996.6769996754,717.68,401404.0209995276,254.40001487731934,239.258,Random,one_shot,297306.1149996486,296588.4349996486,2,37288.56499947142,measured,0.0,38007.920000382,928
32.29,219.43800000000002,0.0,matmul-64x128x64,174459.18700013863,689.907,322505.33800068666,252.16001272201538,236.954,Predicted,one_shot,218407.43200080766,217717.52500080765,3,,measured,6024.364999575482,37232.894000226224,928
33.951,218.439,0.0,matmul-64x128x64,220996.6769996754,680.86,401367.2009995276,247.871994972229,232.699,Random,one_shot,297269.2949996486,296588.4349996486,3,37288.56499947142,measured,0.0,38007.920000382,928
33.745000000000005,222.33499999999998,0.0,matmul-64x128x64,220996.6769996754,691.814,364089.5900000562,254.62400913238525,239.899,Current,one_shot,259991.6840001772,259299.87000017718,3,,measured,0.0,38007.920000382,928
33.387,143.796,0.0,matmul-64x128x64,220996.6769996754,558.406,363956.18200005614,199.42399859428406,184.636,Current,one_shot,259858.27600017717,259299.87000017718,4,,measured,0.0,38007.920000382,928
33.123,219.139,0.0,matmul-64x128x64,174459.18700013863,688.002,322503.4330006867,254.7839879989624,239.739,Predicted,one_shot,218405.52700080766,217717.52500080765,4,,measured,6024.364999575482,37232.894000226224,928
34.147999999999996,218.471,0.0,matmul-64x128x64,220996.6769996754,688.202,401374.5429995276,253.82399559020996,239.226,Random,one_shot,297276.6369996486,296588.4349996486,4,37288.56499947142,measured,0.0,38007.920000382,928
33.304,142.25799999999998,0.0,matmul-64x128x64,220996.6769996754,571.931,401258.2719995276,214.84799683094025,199.964,Random,one_shot,297160.3659996486,296588.4349996486,5,37288.56499947142,measured,0.0,38007.920000382,928
33.191,219.941,0.0,matmul-64x128x64,174459.18700013863,664.615,322480.04600068665,229.18400168418884,214.139,Predicted,one_shot,218382.14000080765,217717.52500080765,5,,measured,6024.364999575482,37232.894000226224,928
33.388,218.404,0.0,matmul-64x128x64,220996.6769996754,731.301,364129.07700005616,259.8719894886017,245.146,Current,one_shot,260031.1710001772,259299.87000017718,5,,measured,0.0,38007.920000382,928
32.179,145.318,0.0,matmul-64x128x64,220996.6769996754,557.89,363955.6660000562,199.23199713230133,184.572,Current,one_shot,259857.7600001772,259299.87000017718,6,,measured,0.0,38007.920000382,928
33.914,218.60600000000002,0.0,matmul-64x128x64,174459.18700013863,652.808,322468.2390006867,220.2879935503006,205.627,Predicted,one_shot,218370.33300080764,217717.52500080765,6,,measured,6024.364999575482,37232.894000226224,928
35.042,218.57600000000002,0.0,matmul-64x128x64,220996.6769996754,729.6,401415.9409995276,254.94399666786194,239.899,Random,one_shot,297318.0349996486,296588.4349996486,6,37288.56499947142,measured,0.0,38007.920000382,928
32.884,218.37800000000001,0.0,matmul-64x128x64,220996.6769996754,687.076,364084.8520000562,255.71200251579285,240.506,Current,one_shot,259986.94600017718,259299.87000017718,7,,measured,0.0,38007.920000382,928
38.991,217.727,0.0,matmul-64x128x64,220996.6769996754,686.194,401372.5349995276,249.63200092315674,235.067,Random,one_shot,297274.6289996486,296588.4349996486,7,37288.56499947142,measured,0.0,38007.920000382,928
33.721000000000004,278.333,0.0,matmul-64x128x64,174459.18700013863,763.557,322578.98800068663,269.27998661994934,237.371,Predicted,one_shot,218481.08200080766,217717.52500080765,7,,measured,6024.364999575482,37232.894000226224,928
66.319,147.64200000000002,0.0,matmul-64x128x64,174459.18700013863,597.568,322412.9990006867,201.7280012369156,187.355,Predicted,one_shot,218315.09300080765,217717.52500080765,8,,measured,6024.364999575482,37232.894000226224,928
34.075,225.14100000000002,0.0,matmul-64x128x64,220996.6769996754,696.359,364094.1350000562,255.8079957962036,241.211,Current,one_shot,259996.22900017718,259299.87000017718,8,,measured,0.0,38007.920000382,928
34.112,222.474,0.0,matmul-64x128x64,220996.6769996754,692.926,401379.2669995276,254.62400913238525,239.706,Random,one_shot,297281.3609996486,296588.4349996486,8,37288.56499947142,measured,0.0,38007.920000382,928
33.226,147.485,0.0,matmul-64x128x64,220996.6769996754,574.709,401261.0499995276,214.62400257587433,200.06,Random,one_shot,297163.1439996486,296588.4349996486,9,37288.56499947142,measured,0.0,38007.920000382,928
34.945,223.96599999999998,0.0,matmul-64x128x64,174459.18700013863,984.798,322800.22900068667,253.4399926662445,236.187,Predicted,one_shot,218702.32300080766,217717.52500080765,9,,measured,6024.364999575482,37232.894000226224,928
33.438,223.314,0.0,matmul-64x128x64,220996.6769996754,699.626,364097.4020000562,257.6960027217865,242.779,Current,one_shot,259999.49600017717,259299.87000017718,9,,measured,0.0,38007.920000382,928
64.456,219.125,0.0,matmul-64x128x64,220996.6769996754,738.476,401424.8169995276,254.68799471855164,239.643,Random,one_shot,297326.9109996486,296588.4349996486,10,37288.56499947142,measured,0.0,38007.920000382,928
34.501999999999995,220.84900000000002,0.0,matmul-64x128x64,220996.6769996754,663.961,364061.7370000562,228.41599583625793,213.499,Current,one_shot,259963.8310001772,259299.87000017718,10,,measured,0.0,38007.920000382,928
33.233,225.91800000000003,0.0,matmul-64x128x64,174459.18700013863,732.929,322548.36000068666,274.81600642204285,244.187,Predicted,one_shot,218450.45400080766,217717.52500080765,10,,measured,6024.364999575482,37232.894000226224,928
32.408,148.402,0.0,matmul-64x128x64,174459.18700013863,567.784,322383.2150006867,202.2079974412918,187.036,Predicted,one_shot,218285.30900080767,217717.52500080765,11,,measured,6024.364999575482,37232.894000226224,928
33.458,219.447,0.0,matmul-64x128x64,220996.6769996754,688.314,401374.6549995276,254.43199276924133,239.13,Random,one_shot,297276.7489996486,296588.4349996486,11,37288.56499947142,measured,0.0,38007.920000382,928
33.494,221.26,0.0,matmul-64x128x64,220996.6769996754,690.92,364088.6960000562,256.6399872303009,241.531,Current,one_shot,259990.7900001772,259299.87000017718,11,,measured,0.0,38007.920000382,928
33.986999999999995,219.97899999999998,0.0,matmul-64x128x64,174459.18700013863,688.289,322503.72000068665,254.65598702430725,239.771,Predicted,one_shot,218405.81400080764,217717.52500080765,12,,measured,6024.364999575482,37232.894000226224,928
33.166,216.36499999999998,0.0,matmul-64x128x64,220996.6769996754,656.553,364054.3290000562,227.80799865722656,213.371,Current,one_shot,259956.4230001772,259299.87000017718,12,,measured,0.0,38007.920000382,928
35.382999999999996,217.84499999999997,0.0,matmul-64x128x64,220996.6769996754,689.457,401375.7979995276,254.5279860496521,239.739,Random,one_shot,297277.8919996486,296588.4349996486,12,37288.56499947142,measured,0.0,38007.920000382,928
33.643,144.35,0.0,matmul-64x128x64,220996.6769996754,574.279,401260.6199995276,215.00800549983978,200.091,Random,one_shot,297162.7139996486,296588.4349996486,13,37288.56499947142,measured,0.0,38007.920000382,928
32.831,218.36999999999998,0.0,matmul-64x128x64,220996.6769996754,659.777,364057.5530000562,230.04800081253052,215.547,Current,one_shot,259959.64700017718,259299.87000017718,13,,measured,0.0,38007.920000382,928
33.765,219.901,0.0,matmul-64x128x64,174459.18700013863,688.521,322503.95200068667,255.39198517799377,240.379,Predicted,one_shot,218406.04600080766,217717.52500080765,13,,measured,6024.364999575482,37232.894000226224,928
33.061,143.88899999999998,0.0,matmul-64x128x64,174459.18700013863,558.376,322373.80700068665,201.21599733829498,186.78,Predicted,one_shot,218275.90100080764,217717.52500080765,14,,measured,6024.364999575482,37232.894000226224,928
33.144,216.44799999999998,0.0,matmul-64x128x64,220996.6769996754,654.595,364052.37100005616,226.30399465560913,211.707,Current,one_shot,259954.46500017718,259299.87000017718,14,,measured,0.0,38007.920000382,928
34.911,215.94200000000004,0.0,matmul-64x128x64,220996.6769996754,685.914,401372.2549995276,254.27201390266418,239.291,Random,one_shot,297274.3489996486,296588.4349996486,14,37288.56499947142,measured,0.0,38007.920000382,928
32.153999999999996,142.869,0.0,matmul-64x128x64,220996.6769996754,569.203,401255.5439995276,215.36000072956085,200.603,Random,one_shot,297157.6379996486,296588.4349996486,15,37288.56499947142,measured,0.0,38007.920000382,928
33.369,254.491,0.0,matmul-64x128x64,174459.18700013863,736.376,322551.80700068665,251.26400589942932,236.347,Predicted,one_shot,218453.90100080764,217717.52500080765,15,,measured,6024.364999575482,37232.894000226224,928
33.603,220.42499999999998,0.0,matmul-64x128x64,220996.6769996754,734.305,364132.0810000562,257.31199979782104,242.779,Current,one_shot,260034.17500017717,259299.87000017718,15,,measured,0.0,38007.920000382,928
34.31,222.523,0.0,matmul-64x128x64,220996.6769996754,692.468,401378.8089995276,254.46400046348572,239.483,Random,one_shot,297280.9029996486,296588.4349996486,16,37288.56499947142,measured,0.0,38007.920000382,928
33.879,221.94899999999998,0.0,matmul-64x128x64,174459.18700013863,686.604,322502.03500068665,251.16801261901855,236.474,Predicted,one_shot,218404.12900080765,217717.52500080765,16,,measured,6024.364999575482,37232.894000226224,928
34.156,222.914,0.0,matmul-64x128x64,220996.6769996754,693.141,364090.9170000562,255.87201118469238,241.243,Current,one_shot,259993.01100017718,259299.87000017718,16,,measured,0.0,38007.920000382,928
33.768,220.118,0.0,matmul-64x128x64,220996.6769996754,691.038,401377.3789995276,255.16799092292786,240.027,Random,one_shot,297279.4729996486,296588.4349996486,17,37288.56499947142,measured,0.0,38007.920000382,928
34.036,216.012,0.0,matmul-64x128x64,220996.6769996754,662.653,364060.4290000562,230.6559979915619,216.187,Current,one_shot,259962.52300017717,259299.87000017718,17,,measured,0.0,38007.920000382,928
33.761,221.285,0.0,matmul-64x128x64,174459.18700013863,689.719,322505.15000068664,254.62400913238525,239.514,Predicted,one_shot,218407.24400080767,217717.52500080765,17,,measured,6024.364999575482,37232.894000226224,928
34.477000000000004,218.929,0.0,matmul-64x128x64,220996.6769996754,691.498,401377.8389995276,254.17599081993103,239.29,Random,one_shot,297279.9329996486,296588.4349996486,18,37288.56499947142,measured,0.0,38007.920000382,928
33.273,217.82600000000002,0.0,matmul-64x128x64,220996.6769996754,726.699,364124.4750000562,255.13601303100586,240.571,Current,one_shot,260026.56900017717,259299.87000017718,18,,measured,0.0,38007.920000382,928
33.526,222.27200000000002,0.0,matmul-64x128x64,174459.18700013863,691.248,322506.6790006866,254.36800718307495,239.098,Predicted,one_shot,218408.77300080765,217717.52500080765,18,,measured,6024.364999575482,37232.894000226224,928
33.699,217.48100000000002,0.0,matmul-64x128x64,220996.6769996754,662.104,364059.8800000562,229.0560007095337,214.395,Current,one_shot,259961.97400017717,259299.87000017718,19,,measured,0.0,38007.920000382,928
33.199,218.53499999999997,0.0,matmul-64x128x64,174459.18700013863,658.076,322473.50700068666,225.95199942588806,211.515,Predicted,one_shot,218375.60100080766,217717.52500080765,19,,measured,6024.364999575482,37232.894000226224,928
34.767,219.41899999999998,0.0,matmul-64x128x64,220996.6769996754,688.508,401374.8489995276,254.59200143814087,239.802,Random,one_shot,297276.94299964857,296588.4349996486,19,37288.56499947142,measured,0.0,38007.920000382,928
34.345,147.042,0.0,matmul-64x128x64,220996.6769996754,578.388,401264.7289995276,215.03999829292297,200.348,Random,one_shot,297166.8229996486,296588.4349996486,20,37288.56499947142,measured,0.0,38007.920000382,928
34.400999999999996,223.68600000000004,0.0,matmul-64x128x64,174459.18700013863,668.133,322483.56400068663,228.2239943742752,213.307,Predicted,one_shot,218385.65800080766,217717.52500080765,20,,measured,6024.364999575482,37232.894000226224,928
33.638000000000005,225.015,0.0,matmul-64x128x64,220996.6769996754,698.503,364096.2790000562,259.42400097846985,245.019,Current,one_shot,259998.37300017718,259299.87000017718,20,,measured,0.0,38007.920000382,928
33.278999999999996,230.419,0.0,matmul-64x128x64,174459.18700013863,671.814,322487.2450006867,226.27200186252594,211.612,Predicted,one_shot,218389.33900080767,217717.52500080765,21,,measured,6024.364999575482,37232.894000226224,928
33.752,218.352,0.0,matmul-64x128x64,220996.6769996754,686.202,401372.5429995276,254.07999753952026,239.323,Random,one_shot,297274.6369996486,296588.4349996486,21,37288.56499947142,measured,0.0,38007.920000382,928
33.643,218.93999999999997,0.0,matmul-64x128x64,220996.6769996754,688.343,364086.1190000562,256.44800066947937,241.274,Current,one_shot,259988.21300017717,259299.87000017718,21,,measured,0.0,38007.920000382,928
32.669,142.24200000000002,0.0,matmul-64x128x64,220996.6769996754,554.386,363952.1620000562,198.71999323368073,184.572,Current,one_shot,259854.25600017718,259299.87000017718,22,,measured,0.0,38007.920000382,928
34.389,218.468,0.0,matmul-64x128x64,220996.6769996754,684.551,401370.8919995276,248.83200228214264,233.723,Random,one_shot,297272.9859996486,296588.4349996486,22,37288.56499947142,measured,0.0,38007.920000382,928
34.081,220.667,0.0,matmul-64x128x64,174459.18700013863,687.036,322502.4670006867,253.05598974227905,238.139,Predicted,one_shot,218404.56100080765,217717.52500080765,22,,measured,6024.364999575482,37232.894000226224,928
33.49,232.776,0.0,matmul-64x128x64,220996.6769996754,694.769,401381.1099995276,247.6159930229187,232.667,Random,one_shot,297283.20399964857,296588.4349996486,23,37288.56499947142,measured,0.0,38007.920000382,928
32.887,220.345,0.0,matmul-64x128x64,220996.6769996754,685.929,364083.7050000562,253.60000133514404,239.13,Current,one_shot,259985.79900017718,259299.87000017718,23,,measured,0.0,38007.920000382,928
33.305,221.61700000000002,0.0,matmul-64x128x64,174459.18700013863,737.414,322552.84500068665,270.4960107803345,240.443,Predicted,one_shot,218454.93900080764,217717.52500080765,23,,measured,6024.364999575482,37232.894000226224,928
33.73,219.5,0.0,matmul-64x128x64,220996.6769996754,658.137,364055.91300005617,225.15200078487396,210.652,Current,one_shot,259958.00700017717,259299.87000017718,24,,measured,0.0,38007.920000382,928
33.079,218.98999999999998,0.0,matmul-64x128x64,174459.18700013863,956.998,322772.4290006866,223.36000204086304,207.323,Predicted,one_shot,218674.52300080765,217717.52500080765,24,,measured,6024.364999575482,37232.894000226224,928
34.665,223.67700000000002,0.0,matmul-64x128x64,220996.6769996754,698.494,401384.8349995276,254.7520101070404,239.803,Random,one_shot,297286.9289996486,296588.4349996486,24,37288.56499947142,measured,0.0,38007.920000382,928
33.207,146.138,0.0,matmul-64x128x64,220996.6769996754,577.579,401263.9199995276,215.45599400997162,200.572,Random,one_shot,297166.0139996486,296588.4349996486,25,37288.56499947142,measured,0.0,38007.920000382,928
33.888000000000005,218.79399999999998,0.0,matmul-64x128x64,174459.18700013863,661.323,322476.7540006867,227.84000635147095,212.955,Predicted,one_shot,218378.84800080766,217717.52500080765,25,,measured,6024.364999575482,37232.894000226224,928
34.19,223.63000000000002,0.0,matmul-64x128x64,220996.6769996754,699.102,364096.8780000562,259.96801257133484,244.698,Current,one_shot,259998.9720001772,259299.87000017718,25,,measured,0.0,38007.920000382,928
32.791,219.378,0.0,matmul-64x128x64,174459.18700013863,659.09,322474.5210006867,227.07200050354004,212.315,Predicted,one_shot,218376.61500080765,217717.52500080765,26,,measured,6024.364999575482,37232.894000226224,928
34.120000000000005,220.65300000000002,0.0,matmul-64x128x64,220996.6769996754,690.356,401376.69699952763,254.14401292800903,239.194,Random,one_shot,297278.7909996486,296588.4349996486,26,37288.56499947142,measured,0.0,38007.920000382,928
33.527,221.62800000000001,0.0,matmul-64x128x64,220996.6769996754,691.46,364089.23600005615,255.0080120563507,240.443,Current,one_shot,259991.33000017717,259299.87000017718,26,,measured,0.0,38007.920000382,928
34.013999999999996,218.106,0.0,matmul-64x128x64,220996.6769996754,684.591,401370.9319995276,250.30401349067688,235.803,Random,one_shot,297273.0259996486,296588.4349996486,27,37288.56499947142,measured,0.0,38007.920000382,928
32.969,217.05899999999997,0.0,matmul-64x128x64,220996.6769996754,655.778,364053.5540000562,222.3680019378662,207.388,Current,one_shot,259955.64800017717,259299.87000017718,27,,measured,0.0,38007.920000382,928
34.439,217.55700000000002,0.0,matmul-64x128x64,174459.18700013863,690.179,322505.61000068666,255.67999482154846,240.795,Predicted,one_shot,218407.70400080766,217717.52500080765,27,,measured,6024.364999575482,37232.894000226224,928
33.526,217.13299999999998,0.0,matmul-64x128x64,220996.6769996754,660.667,364058.4430000562,228.99200022220612,214.203,Current,one_shot,259960.53700017717,259299.87000017718,28,,measured,0.0,38007.920000382,928
33.708,218.302,0.0,matmul-64x128x64,220996.6769996754,688.986,401375.3269995276,254.84800338745117,239.931,Random,one_shot,297277.4209996486,296588.4349996486,28,37288.56499947142,measured,0.0,38007.920000382,928
33.251999999999995,219.819,0.0,matmul-64x128x64,174459.18700013863,687.143,322502.57400068664,253.63200902938843,238.779,Predicted,one_shot,218404.66800080767,217717.52500080765,28,,measured,6024.364999575482,37232.894000226224,928
33.711,143.40200000000002,0.0,matmul-64x128x64,174459.18700013863,561.224,322376.65500068665,202.11200416088104,187.292,Predicted,one_shot,218278.74900080764,217717.52500080765,29,,measured,6024.364999575482,37232.894000226224,928
34.507000000000005,217.95299999999997,0.0,matmul-64x128x64,220996.6769996754,689.307,364087.0830000562,256.7040026187897,242.202,Current,one_shot,259989.17700017718,259299.87000017718,29,,measured,0.0,38007.920000382,928
33.397000000000006,217.31199999999998,0.0,matmul-64x128x64,220996.6769996754,685.54,401371.8809995276,255.23200631141663,240.411,Random,one_shot,297273.9749996486,296588.4349996486,29,37288.56499947142,measured,0.0,38007.920000382,928
34.347,217.63500000000002,0.0,matmul-64x128x64,174459.18700013863,694.286,322509.7170006867,251.8720030784607,236.571,Predicted,one_shot,218411.81100080765,217717.52500080765,30,,measured,6024.364999575482,37232.894000226224,928
34.024,262.09400000000005,0.0,matmul-64x128x64,220996.6769996754,733.866,364131.6420000562,256.00001215934753,240.891,Current,one_shot,260033.7360001772,259299.87000017718,30,,measured,0.0,38007.920000382,928
34.041000000000004,221.081,0.0,matmul-64x128x64,220996.6769996754,690.747,401377.0879995276,254.46400046348572,239.354,Random,one_shot,297279.1819996486,296588.4349996486,30,37288.56499947142,measured,0.0,38007.920000382,928
32.793,144.303,0.0,matmul-64x128x64,220996.6769996754,571.024,401257.3649995276,214.56000208854675,200.027,Random,one_shot,297159.4589996486,296588.4349996486,31,37288.56499947142,measured,0.0,38007.920000382,928
33.152,221.39600000000002,0.0,matmul-64x128x64,174459.18700013863,684.853,322500.28400068666,251.39200687408447,236.507,Predicted,one_shot,218402.37800080766,217717.52500080765,31,,measured,6024.364999575482,37232.894000226224,928
34.907,222.69799999999998,0.0,matmul-64x128x64,220996.6769996754,693.84,364091.61600005615,257.05599784851074,242.203,Current,one_shot,259993.71000017718,259299.87000017718,31,,measured,0.0,38007.920000382,928
32.363,145.99800000000002,0.0,matmul-64x128x64,220996.6769996754,557.06,363954.8360000562,198.33600521087646,184.572,Current,one_shot,259856.93000017718,259299.87000017718,32,,measured,0.0,38007.920000382,928
33.231,217.56099999999998,0.0,matmul-64x128x64,174459.18700013863,652.939,322468.3700006867,223.10400009155273,208.571,Predicted,one_shot,218370.46400080767,217717.52500080765,32,,measured,6024.364999575482,37232.894000226224,928
33.708,238.54399999999998,0.0,matmul-64x128x64,220996.6769996754,742.664,401429.0049995276,255.45600056648254,240.474,Random,one_shot,297331.0989996486,296588.4349996486,32,37288.56499947142,measured,0.0,38007.920000382,928
33.028999999999996,145.48000000000002,0.0,matmul-64x128x64,220996.6769996754,576.14,401262.4809995276,215.16799926757812,200.412,Random,one_shot,297164.5749996486,296588.4349996486,33,37288.56499947142,measured,0.0,38007.920000382,928
33.397000000000006,220.664,0.0,matmul-64x128x64,174459.18700013863,659.55,322474.98100068665,223.77599775791168,208.987,Predicted,one_shot,218377.07500080764,217717.52500080765,33,,measured,6024.364999575482,37232.894000226224,928
33.162,221.144,0.0,matmul-64x128x64,220996.6769996754,694.593,364092.3690000562,259.3599855899811,244.73,Current,one_shot,259994.46300017717,259299.87000017718,33,,measured,0.0,38007.920000382,928
32.798,221.089,0.0,matmul-64x128x64,174459.18700013863,661.111,322476.54200068663,226.3679951429367,211.803,Predicted,one_shot,218378.63600080766,217717.52500080765,34,,measured,6024.364999575482,37232.894000226224,928
32.628,217.63000000000002,0.0,matmul-64x128x64,220996.6769996754,652.014,364049.79000005615,221.50400280952454,206.811,Current,one_shot,259951.88400017718,259299.87000017718,34,,measured,0.0,38007.920000382,928
34.296,217.87,0.0,matmul-64x128x64,220996.6769996754,686.187,401372.5279995276,254.14401292800903,239.322,Random,one_shot,297274.6219996486,296588.4349996486,34,37288.56499947142,measured,0.0,38007.920000382,928
34.829,217.90999999999997,0.0,matmul-64x128x64,220996.6769996754,665.271,364063.0470000562,230.1120012998581,215.483,Current,one_shot,259965.1410001772,259299.87000017718,35,,measured,0.0,38007.920000382,928
34.987,216.71200000000005,0.0,matmul-64x128x64,220996.6769996754,677.423,401363.7639995276,246.14399671554565,231.707,Random,one_shot,297265.8579996486,296588.4349996486,35,37288.56499947142,measured,0.0,38007.920000382,928
33.632999999999996,219.881,0.0,matmul-64x128x64,174459.18700013863,686.537,322501.96800068667,252.06398963928223,237.179,Predicted,one_shot,218404.06200080767,217717.52500080765,35,,measured,6024.364999575482,37232.894000226224,928
33.783,217.028,0.0,matmul-64x128x64,220996.6769996754,678.087,401364.4279995276,247.3600059747696,232.73,Random,one_shot,297266.5219996486,296588.4349996486,36,37288.56499947142,measured,0.0,38007.920000382,928
33.935,222.032,0.0,matmul-64x128x64,220996.6769996754,691.195,364088.9710000562,254.30399179458618,239.355,Current,one_shot,259991.0650001772,259299.87000017718,36,,measured,0.0,38007.920000382,928
37.245000000000005,219.88199999999998,0.0,matmul-64x128x64,174459.18700013863,694.524,322509.9550006867,253.6959946155548,239.033,Predicted,one_shot,218412.04900080766,217717.52500080765,36,,measured,6024.364999575482,37232.894000226224,928
34.075,219.212,0.0,matmul-64x128x64,220996.6769996754,665.4,364063.1760000562,229.312002658844,214.427,Current,one_shot,259965.27000017717,259299.87000017718,37,,measured,0.0,38007.920000382,928
34.1,218.78300000000002,0.0,matmul-64x128x64,220996.6769996754,689.462,401375.8029995276,255.19999861717224,240.347,Random,one_shot,297277.8969996486,296588.4349996486,37,37288.56499947142,measured,0.0,38007.920000382,928
33.416,222.736,0.0,matmul-64x128x64,174459.18700013863,688.584,322504.01500068663,253.7280023097992,238.97,Predicted,one_shot,218406.10900080766,217717.52500080765,37,,measured,6024.364999575482,37232.894000226224,928
34.777,277.577,0.0,matmul-64x128x64,220996.6769996754,773.231,401459.57199952763,260.3200078010559,233.275,Random,one_shot,297361.6659996486,296588.4349996486,38,37288.56499947142,measured,0.0,38007.920000382,928
32.903,220.95300000000003,0.0,matmul-64x128x64,174459.18700013863,659.162,322474.59300068667,223.39199483394623,209.052,Predicted,one_shot,218376.68700080767,217717.52500080765,38,,measured,6024.364999575482,37232.894000226224,928
33.585,224.28699999999998,0.0,matmul-64x128x64,220996.6769996754,695.978,364093.7540000562,257.88798928260803,243.419,Current,one_shot,259995.84800017718,259299.87000017718,38,,measured,0.0,38007.920000382,928
35.059,252.85500000000002,0.0,matmul-64x128x64,220996.6769996754,1020.363,401706.7039995276,257.02399015426636,239.387,Random,one_shot,297608.7979996486,296588.4349996486,39,37288.56499947142,measured,0.0,38007.920000382,928
33.28,224.84400000000002,0.0,matmul-64x128x64,220996.6769996754,673.741,364071.5170000562,231.1999946832657,216.379,Current,one_shot,259973.6110001772,259299.87000017718,39,,measured,0.0,38007.920000382,928
32.888,223.833,0.0,matmul-64x128x64,174459.18700013863,693.315,322508.74600068666,255.16799092292786,239.739,Predicted,one_shot,218410.84000080766,217717.52500080765,39,,measured,6024.364999575482,37232.894000226224,928
34.195,218.88500000000002,0.0,matmul-64x128x64,220996.6769996754,689.06,401375.4009995276,254.68799471855164,239.707,Random,one_shot,297277.4949996486,296588.4349996486,40,37288.56499947142,measured,0.0,38007.920000382,928
34.739000000000004,220.716,0.0,matmul-64x128x64,174459.18700013863,663.276,322478.70700068667,228.89600694179535,214.363,Predicted,one_shot,218380.80100080767,217717.52500080765,40,,measured,6024.364999575482,37232.894000226224,928
34.363,227.92000000000002,0.0,matmul-64x128x64,220996.6769996754,701.811,364099.58700005617,259.2960000038147,244.73,Current,one_shot,260001.68100017717,259299.87000017718,40,,measured,0.0,38007.920000382,928
33.915,218.74900000000002,0.0,matmul-64x128x64,220996.6769996754,689.529,401375.8699995276,255.8079957962036,241.083,Random,one_shot,297277.9639996486,296588.4349996486,41,37288.56499947142,measured,0.0,38007.920000382,928
33.062,217.551,0.0,matmul-64x128x64,220996.6769996754,663.334,364061.1100000562,231.23200237751007,216.507,Current,one_shot,259963.20400017718,259299.87000017718,41,,measured,0.0,38007.920000382,928
34.233000000000004,222.727,0.0,matmul-64x128x64,174459.18700013863,698.984,322514.41500068665,260.25599241256714,245.307,Predicted,one_shot,218416.50900080765,217717.52500080765,41,,measured,6024.364999575482,37232.894000226224,928
32.616,144.95999999999998,0.0,matmul-64x128x64,174459.18700013863,558.908,322374.33900068665,201.4400064945221,186.972,Predicted,one_shot,218276.43300080765,217717.52500080765,42,,measured,6024.364999575482,37232.894000226224,928
33.217999999999996,219.09000000000003,0.0,matmul-64x128x64,220996.6769996754,657.449,364055.2250000562,226.0800004005432,211.387,Current,one_shot,259957.31900017717,259299.87000017718,42,,measured,0.0,38007.920000382,928
33.755,220.87199999999999,0.0,matmul-64x128x64,220996.6769996754,689.223,401375.5639995276,254.91198897361755,240.09,Random,one_shot,297277.6579996486,296588.4349996486,42,37288.56499947142,measured,0.0,38007.920000382,928
33.171,216.11299999999997,0.0,matmul-64x128x64,220996.6769996754,659.918,364057.6940000562,230.14399409294128,215.483,Current,one_shot,259959.78800017718,259299.87000017718,43,,measured,0.0,38007.920000382,928
34.264,215.47499999999997,0.0,matmul-64x128x64,220996.6769996754,676.229,401362.5699995276,246.0159957408905,231.387,Random,one_shot,297264.6639996486,296588.4349996486,43,37288.56499947142,measured,0.0,38007.920000382,928
33.382,218.49800000000002,0.0,matmul-64x128x64,174459.18700013863,683.022,322498.45300068666,251.52000784873962,236.698,Predicted,one_shot,218400.54700080765,217717.52500080765,43,,measured,6024.364999575482,37232.894000226224,928
33.729,216.647,0.0,matmul-64x128x64,220996.6769996754,677.176,401363.5169995276,247.23200500011444,232.731,Random,one_shot,297265.6109996486,296588.4349996486,44,37288.56499947142,measured,0.0,38007.920000382,928
33.126999999999995,222.12399999999994,0.0,matmul-64x128x64,174459.18700013863,661.411,322476.8420006867,224.83199834823608,210.043,Predicted,one_shot,218378.93600080765,217717.52500080765,44,,measured,6024.364999575482,37232.894000226224,928
33.542,219.68099999999998,0.0,matmul-64x128x64,220996.6769996754,691.39,364089.1660000562,257.27999210357666,242.906,Current,one_shot,259991.2600001772,259299.87000017718,44,,measured,0.0,38007.920000382,928
33.277,217.706,0.0,matmul-64x128x64,174459.18700013863,659.073,322474.5040006867,228.64000499248505,213.851,Predicted,one_shot,218376.59800080766,217717.52500080765,45,,measured,6024.364999575482,37232.894000226224,928
34.038,219.403,0.0,matmul-64x128x64,220996.6769996754,687.23,401373.5709995276,254.68799471855164,239.515,Random,one_shot,297275.6649996486,296588.4349996486,45,37288.56499947142,measured,0.0,38007.920000382,928
33.819,253.33799999999997,0.0,matmul-64x128x64,220996.6769996754,735.764,364133.54000005615,255.74401021003723,240.379,Current,one_shot,260035.63400017718,259299.87000017718,45,,measured,0.0,38007.920000382,928
34.634,222.31799999999998,0.0,matmul-64x128x64,174459.18700013863,691.213,322506.64400068665,253.91998887062073,238.81,Predicted,one_shot,218408.73800080764,217717.52500080765,46,,measured,6024.364999575482,37232.894000226224,928
32.756,217.76899999999998,0.0,matmul-64x128x64,220996.6769996754,656.16,364053.9360000562,225.79200565814972,210.779,Current,one_shot,259956.03000017718,259299.87000017718,46,,measured,0.0,38007.920000382,928
33.629,221.041,0.0,matmul-64x128x64,220996.6769996754,688.973,401375.3139995276,254.7839879989624,239.547,Random,one_shot,297277.4079996486,296588.4349996486,46,37288.56499947142,measured,0.0,38007.920000382,928
32.593,179.17699999999996,0.0,matmul-64x128x64,220996.6769996754,640.625,401326.9659995276,215.16799926757812,200.476,Random,one_shot,297229.0599996486,296588.4349996486,47,37288.56499947142,measured,0.0,38007.920000382,928
34.063,223.255,0.0,matmul-64x128x64,220996.6769996754,668.411,364066.18700005615,230.17600178718567,215.451,Current,one_shot,259968.28100017717,259299.87000017718,47,,measured,0.0,38007.920000382,928
33.867000000000004,223.36599999999999,0.0,matmul-64x128x64,174459.18700013863,713.881,322529.31200068665,257.56800174713135,242.778,Predicted,one_shot,218431.40600080765,217717.52500080765,47,,measured,6024.364999575482,37232.894000226224,928
33.885,220.06199999999998,0.0,matmul-64x128x64,220996.6769996754,689.363,401375.7039995276,254.30399179458618,239.515,Random,one_shot,297277.7979996486,296588.4349996486,48,37288.56499947142,measured,0.0,38007.920000382,928
33.596,220.46100000000004,0.0,matmul-64x128x64,220996.6769996754,689.137,364086.91300005617,254.55999374389648,240.218,Current,one_shot,259989.00700017717,259299.87000017718,48,,measured,0.0,38007.920000382,928
67.16,222.29700000000003,0.0,matmul-64x128x64,174459.18700013863,736.616,322552.04700068664,252.41601467132568,237.819,Predicted,one_shot,218454.14100080766,217717.52500080765,48,,measured,6024.364999575482,37232.894000226224,928
33.933,218.68,0.0,matmul-64x128x64,220996.6769996754,664.294,364062.0700000562,229.76000607013702,214.843,Current,one_shot,259964.16400017717,259299.87000017718,49,,measured,0.0,38007.920000382,928
33.753,218.139,0.0,matmul-64x128x64,174459.18700013863,657.214,322472.64500068664,226.30399465560913,211.643,Predicted,one_shot,218374.73900080766,217717.52500080765,49,,measured,6024.364999575482,37232.894000226224,928
34.06,230.091,0.0,matmul-64x128x64,220996.6769996754,698.924,401385.2649995276,254.20799851417542,239.163,Random,one_shot,297287.3589996486,296588.4349996486,49,37288.56499947142,measured,0.0,38007.920000382,928
34.828,217.93499999999997,0.0,matmul-64x128x64,220996.6769996754,686.912,364084.6880000562,254.27201390266418,239.579,Current,one_shot,259986.7820001772,259299.87000017718,50,,measured,0.0,38007.920000382,928
35.024,218.52000000000004,0.0,matmul-64x128x64,174459.18700013863,688.15,322503.5810006866,253.7280023097992,239.131,Predicted,one_shot,218405.67500080765,217717.52500080765,50,,measured,6024.364999575482,37232.894000226224,928
33.832,218.454,0.0,matmul-64x128x64,220996.6769996754,689.741,401376.0819995276,254.91198897361755,240.123,Random,one_shot,297278.1759996486,296588.4349996486,50,37288.56499947142,measured,0.0,38007.920000382,928
34.501,217.952,0.0,matmul-64x128x64,220996.6769996754,690.03,364087.8060000562,256.00001215934753,241.402,Current,one_shot,259989.90000017718,259299.87000017718,51,,measured,0.0,38007.920000382,928
33.518,216.833,0.0,matmul-64x128x64,220996.6769996754,681.861,401368.2019995276,251.0400116443634,235.643,Random,one_shot,297270.2959996486,296588.4349996486,51,37288.56499947142,measured,0.0,38007.920000382,928
33.331,217.875,0.0,matmul-64x128x64,174459.18700013863,686.084,322501.51500068663,252.76800990104675,238.043,Predicted,one_shot,218403.60900080766,217717.52500080765,51,,measured,6024.364999575482,37232.894000226224,928
33.507000000000005,216.91,0.0,matmul-64x128x64,220996.6769996754,676.959,401363.2999995276,246.5279996395111,231.931,Random,one_shot,297265.3939996486,296588.4349996486,52,37288.56499947142,measured,0.0,38007.920000382,928
33.464,219.651,0.0,matmul-64x128x64,174459.18700013863,658.464,322473.89500068664,223.64799678325653,209.403,Predicted,one_shot,218375.98900080766,217717.52500080765,52,,measured,6024.364999575482,37232.894000226224,928
32.933,223.78299999999996,0.0,matmul-64x128x64,220996.6769996754,697.283,364095.0590000562,257.88798928260803,243.227,Current,one_shot,259997.15300017718,259299.87000017718,52,,measured,0.0,38007.920000382,928
51.272000000000006,281.873,0.0,matmul-64x128x64,174459.18700013863,774.79,322590.22100068664,229.44000363349915,214.779,Predicted,one_shot,218492.31500080766,217717.52500080765,53,,measured,6024.364999575482,37232.894000226224,928
33.835,219.29,0.0,matmul-64x128x64,220996.6769996754,688.397,401374.7379995276,254.33599948883057,239.226,Random,one_shot,297276.8319996486,296588.4349996486,53,37288.56499947142,measured,0.0,38007.920000382,928
33.669,221.577,0.0,matmul-64x128x64,220996.6769996754,691.216,364088.9920000562,255.45600056648254,240.667,Current,one_shot,259991.08600017717,259299.87000017718,53,,measured,0.0,38007.920000382,928
36.206,221.17100000000002,0.0,matmul-64x128x64,174459.18700013863,1000.715,322816.1460006867,254.68799471855164,238.587,Predicted,one_shot,218718.24000080765,217717.52500080765,54,,measured,6024.364999575482,37232.894000226224,928
34.349000000000004,220.065,0.0,matmul-64x128x64,220996.6769996754,693.486,401379.8269995276,254.4960081577301,239.226,Random,one_shot,297281.9209996486,296588.4349996486,54,37288.56499947142,measured,0.0,38007.920000382,928
33.972,227.19799999999998,0.0,matmul-64x128x64,220996.6769996754,699.709,364097.4850000562,255.45600056648254,240.506,Current,one_shot,259999.57900017718,259299.87000017718,54,,measured,0.0,38007.920000382,928
34.22,226.578,0.0,matmul-64x128x64,174459.18700013863,703.677,322519.1080006866,260.0640058517456,245.082,Predicted,one_shot,218421.20200080765,217717.52500080765,55,,measured,6024.364999575482,37232.894000226224,928
33.75,225.77899999999997,0.0,matmul-64x128x64,220996.6769996754,696.721,401383.0619995276,255.48800826072693,239.739,Random,one_shot,297285.1559996486,296588.4349996486,55,37288.56499947142,measured,0.0,38007.920000382,928
34.69,226.12199999999999,0.0,matmul-64x128x64,220996.6769996754,698.564,364096.3400000562,256.415992975235,241.658,Current,one_shot,259998.4340001772,259299.87000017718,55,,measured,0.0,38007.920000382,928
33.887,146.98600000000002,0.0,matmul-64x128x64,220996.6769996754,561.327,363959.1030000562,198.88000190258026,184.732,Current,one_shot,259861.19700017717,259299.87000017718,56,,measured,0.0,38007.920000382,928
33.306,231.882,0.0,matmul-64x128x64,174459.18700013863,704.942,322520.37300068664,257.56800174713135,242.97,Predicted,one_shot,218422.46700080766,217717.52500080765,56,,measured,6024.364999575482,37232.894000226224,928
34.759,223.06399999999996,0.0,matmul-64x128x64,220996.6769996754,698.441,401384.7819995276,257.3759853839874,239.13,Random,one_shot,297286.8759996486,296588.4349996486,56,37288.56499947142,measured,0.0,38007.920000382,928
33.435,219.645,0.0,matmul-64x128x64,220996.6769996754,689.508,364087.2840000562,254.94399666786194,240.378,Current,one_shot,259989.37800017718,259299.87000017718,57,,measured,0.0,38007.920000382,928
34.103,217.03599999999997,0.0,matmul-64x128x64,220996.6769996754,681.587,401367.9279995276,249.82400238513947,235.163,Random,one_shot,297270.0219996486,296588.4349996486,57,37288.56499947142,measured,0.0,38007.920000382,928
33.2,220.733,0.0,matmul-64x128x64,174459.18700013863,687.315,322502.74600068666,252.22399830818176,237.019,Predicted,one_shot,218404.84000080766,217717.52500080765,57,,measured,6024.364999575482,37232.894000226224,928
33.374,145.02599999999998,0.0,matmul-64x128x64,174459.18700013863,561.897,322377.32800068666,201.92000269889832,187.228,Predicted,one_shot,218279.42200080765,217717.52500080765,58,,measured,6024.364999575482,37232.894000226224,928
33.649,216.56199999999998,0.0,matmul-64x128x64,220996.6769996754,678.116,401364.4569995276,246.848002076149,232.026,Random,one_shot,297266.5509996486,296588.4349996486,58,37288.56499947142,measured,0.0,38007.920000382,928
58.468,220.482,0.0,matmul-64x128x64,220996.6769996754,714.872,364112.64800005616,254.43199276924133,239.867,Current,one_shot,260014.74200017718,259299.87000017718,58,,measured,0.0,38007.920000382,928
32.343,143.527,0.0,matmul-64x128x64,220996.6769996754,556.698,363954.47400005616,199.52000677585602,184.7,Current,one_shot,259856.56800017718,259299.87000017718,59,,measured,0.0,38007.920000382,928
36.827,216.99600000000004,0.0,matmul-64x128x64,220996.6769996754,685.396,401371.7369995276,249.59999322891235,234.33,Random,one_shot,297273.8309996486,296588.4349996486,59,37288.56499947142,measured,0.0,38007.920000382,928
33.794,218.542,0.0,matmul-64x128x64,174459.18700013863,687.989,322503.42000068666,253.4720003604889,238.426,Predicted,one_shot,218405.51400080766,217717.52500080765,59,,measured,6024.364999575482,37232.894000226224,928
33.025000000000006,218.44699999999997,0.0,matmul-64x128x64,220996.6769996754,689.923,364087.6990000562,255.90398907661438,240.826,Current,one_shot,259989.7930001772,259299.87000017718,60,,measured,0.0,38007.920000382,928
48.589,258.83,0.0,matmul-64x128x64,174459.18700013863,772.621,322588.05200068664,248.03200364112854,213.819,Predicted,one_shot,218490.14600080767,217717.52500080765,60,,measured,6024.364999575482,37232.894000226224,928
33.466,220.742,0.0,matmul-64x128x64,220996.6769996754,691.563,401377.9039995276,254.68799471855164,239.803,Random,one_shot,297279.9979996486,296588.4349996486,60,37288.56499947142,measured,0.0,38007.920000382,928
33.452,227.244,0.0,matmul-64x128x64,220996.6769996754,697.045,364094.8210000562,255.96800446510315,240.763,Current,one_shot,259996.9150001772,259299.87000017718,61,,measured,0.0,38007.920000382,928
33.703,224.867,0.0,matmul-64x128x64,174459.18700013863,693.817,322509.24800068664,253.31199169158936,238.33,Predicted,one_shot,218411.34200080766,217717.52500080765,61,,measured,6024.364999575482,37232.894000226224,928
34.216,220.108,0.0,matmul-64x128x64,220996.6769996754,690.487,401376.8279995276,254.43199276924133,239.419,Random,one_shot,297278.9219996486,296588.4349996486,61,37288.56499947142,measured,0.0,38007.920000382,928
34.338,222.45199999999997,0.0,matmul-64x128x64,174459.18700013863,668.149,322483.5800006867,229.5359969139099,214.939,Predicted,one_shot,218385.67400080766,217717.52500080765,62,,measured,6024.364999575482,37232.894000226224,928
33.639,218.73199999999997,0.0,matmul-64x128x64,220996.6769996754,682.381,401368.7219995276,246.46399915218353,231.291,Random,one_shot,297270.8159996486,296588.4349996486,62,37288.56499947142,measured,0.0,38007.920000382,928
33.706,276.682,0.0,matmul-64x128x64,220996.6769996754,761.466,364159.2420000562,254.55999374389648,240.091,Current,one_shot,260061.33600017717,259299.87000017718,62,,measured,0.0,38007.920000382,928
33.941,237.62100000000004,0.0,matmul-64x128x64,174459.18700013863,739.697,322555.12800068664,258.4959864616394,238.33,Predicted,one_shot,218457.22200080764,217717.52500080765,63,,measured,6024.364999575482,37232.894000226224,928
34.328,219.96700000000004,0.0,matmul-64x128x64,220996.6769996754,688.529,401374.8699995276,253.66398692131042,238.843,Random,one_shot,297276.9639996486,296588.4349996486,63,37288.56499947142,measured,0.0,38007.920000382,928
33.168,223.86499999999998,0.0,matmul-64x128x64,220996.6769996754,692.972,364090.7480000562,255.67999482154846,240.89,Current,one_shot,259992.8420001772,259299.87000017718,63,,measured,0.0,38007.920000382,928
35.467,,,matmul-64x128x64,,295.474,,262.56000995635986,247.131,Random,resident,,,0,,warmup,,,929
32.828,,,matmul-64x128x64,,229.154,,197.66399264335632,184.444,Current,resident,,,0,,warmup,,,929
33.148,,,matmul-64x128x64,,322.317,,290.78400135040283,278.009,Predicted,resident,,,0,,warmup,,,929
31.393,,,matmul-64x128x64,,231.756,,199.90399479866028,186.972,Predicted,resident,,,1,,warmup,,,929
32.174,,,matmul-64x128x64,,282.837,,251.71199440956116,238.746,Random,resident,,,1,,warmup,,,929
32.933,,,matmul-64x128x64,,279.352,,248.19199740886688,235.771,Current,resident,,,1,,warmup,,,929
33.337,,,matmul-64x128x64,,283.514,,250.75200200080872,238.075,Predicted,resident,,,2,,warmup,,,929
32.509,,,matmul-64x128x64,,284.913,,253.31199169158936,240.891,Random,resident,,,2,,warmup,,,929
32.93,,,matmul-64x128x64,,281.87,,250.46399235725403,237.786,Current,resident,,,2,,warmup,,,929
32.094,,,matmul-64x128x64,,284.766,,253.50400805473328,240.347,Predicted,resident,,,3,,warmup,,,929
31.553,,,matmul-64x128x64,,228.974,,197.2160041332245,184.539,Current,resident,,,3,,warmup,,,929
32.735,,,matmul-64x128x64,,286.727,,254.33599948883057,240.474,Random,resident,,,3,,warmup,,,929
32.619,,,matmul-64x128x64,,282.569,,251.10399723052979,238.075,Predicted,resident,,,4,,warmup,,,929
31.942999999999998,,,matmul-64x128x64,,283.61,,251.96799635887146,239.098,Current,resident,,,4,,warmup,,,929
49.096,,,matmul-64x128x64,,284.847,,253.34399938583374,240.827,Random,resident,,,4,,warmup,,,929
31.825000000000003,,,matmul-64x128x64,,280.419,,249.439999461174,236.858,Predicted,resident,,,5,,warmup,,,929
32.991,,,matmul-64x128x64,,284.928,,253.66398692131042,241.147,Current,resident,,,5,,warmup,,,929
31.671,,,matmul-64x128x64,,284.028,,253.60000133514404,240.923,Random,resident,,,5,,warmup,,,929
31.212000000000003,,,matmul-64x128x64,,243.526,,212.2880071401596,199.964,Random,resident,,,6,,warmup,,,929
32.845,,,matmul-64x128x64,,228.828,,196.70400023460388,184.316,Current,resident,,,6,,warmup,,,929
31.918999999999997,,,matmul-64x128x64,,284.889,,252.83199548721313,240.283,Predicted,resident,,,6,,warmup,,,929
31.606,,,matmul-64x128x64,,229.945,,198.88000190258026,186.78,Predicted,resident,,,7,,warmup,,,929
32.359,,,matmul-64x128x64,,284.454,,252.8960108757019,240.507,Random,resident,,,7,,warmup,,,929
32.269999999999996,,,matmul-64x128x64,,284.121,,251.90401077270508,239.259,Current,resident,,,7,,warmup,,,929
32.245,,,matmul-64x128x64,,285.493,,253.85600328445435,241.371,Predicted,resident,,,8,,warmup,,,929
31.880000000000003,,,matmul-64x128x64,,285.73,,253.4720003604889,240.731,Random,resident,,,8,,warmup,,,929
31.535999999999998,,,matmul-64x128x64,,281.921,,250.71999430656433,237.754,Current,resident,,,8,,warmup,,,929
32.123000000000005,,,matmul-64x128x64,,244.528,,212.76800334453583,200.187,Random,resident,,,9,,warmup,,,929
32.153999999999996,,,matmul-64x128x64,,284.911,,253.85600328445435,241.275,Predicted,resident,,,9,,warmup,,,929
33.724000000000004,,,matmul-64x128x64,,283.433,,251.26400589942932,238.587,Current,resident,,,9,,warmup,,,929
31.33,,,matmul-64x128x64,,227.78,,196.383997797966,184.412,Current,resident,,,10,,warmup,,,929
32.006,,,matmul-64x128x64,,285.318,,253.82399559020996,241.306,Random,resident,,,10,,warmup,,,929
34.563,,,matmul-64x128x64,,281.15,,250.04801154136658,237.403,Predicted,resident,,,10,,warmup,,,929
32.725,,,matmul-64x128x64,,246.092,,214.49600160121918,201.212,Random,resident,,,11,,warmup,,,929
32.123000000000005,,,matmul-64x128x64,,289.455,,257.9840123653412,245.019,Current,resident,,,11,,warmup,,,929
32.08,,,matmul-64x128x64,,285.186,,254.14401292800903,241.562,Predicted,resident,,,11,,warmup,,,929
32.315,,,matmul-64x128x64,,285.351,,253.4720003604889,241.083,Random,resident,,,12,,warmup,,,929
31.808,,,matmul-64x128x64,,282.695,,250.97599625587463,237.914,Current,resident,,,12,,warmup,,,929
32.498000000000005,,,matmul-64x128x64,,286.44,,255.19999861717224,242.491,Predicted,resident,,,12,,warmup,,,929
31.200000000000003,,,matmul-64x128x64,,230.265,,199.23199713230133,186.78,Predicted,resident,,,13,,warmup,,,929
31.889000000000003,,,matmul-64x128x64,,228.123,,197.02400267124176,184.539,Current,resident,,,13,,warmup,,,929
32.241,,,matmul-64x128x64,,286.194,,253.79198789596558,240.571,Random,resident,,,13,,warmup,,,929
33.495000000000005,,,matmul-64x128x64,,324.437,,257.53599405288696,238.426,Predicted,resident,,,14,,warmup,,,929
32.044,,,matmul-64x128x64,,283.655,,252.06398963928223,238.811,Current,resident,,,14,,warmup,,,929
33.079,,,matmul-64x128x64,,285.816,,253.9519965648651,240.858,Random,resident,,,14,,warmup,,,929
31.674,,,matmul-64x128x64,,244.382,,212.8320038318634,200.252,Random,resident,,,15,,warmup,,,929
31.723,,,matmul-64x128x64,,227.899,,196.8960016965866,184.508,Current,resident,,,15,,warmup,,,929
32.176,,,matmul-64x128x64,,285.111,,253.02401185035706,240.891,Predicted,resident,,,15,,warmup,,,929
32.102000000000004,,,matmul-64x128x64,,284.414,,253.76001000404358,240.89,Random,resident,,,0,,measured,,,929
32.867,,,matmul-64x128x64,,285.92,,253.88801097869873,240.986,Current,resident,,,0,,measured,,,929
32.851,,,matmul-64x128x64,,288.969,,257.4400007724762,244.731,Predicted,resident,,,0,,measured,,,929
31.657,,,matmul-64x128x64,,230.182,,198.7839937210083,186.844,Predicted,resident,,,1,,measured,,,929
67.81700000000001,,,matmul-64x128x64,,309.413,,258.2080066204071,241.211,Random,resident,,,1,,measured,,,929
32.294,,,matmul-64x128x64,,285.326,,252.6719868183136,238.651,Current,resident,,,1,,measured,,,929
31.312,,,matmul-64x128x64,,228.647,,196.96000218391418,184.38,Current,resident,,,2,,measured,,,929
33.025,,,matmul-64x128x64,,286.607,,255.0080120563507,242.139,Predicted,resident,,,2,,measured,,,929
32.123000000000005,,,matmul-64x128x64,,284.522,,253.4080147743225,240.442,Random,resident,,,2,,measured,,,929
31.864,,,matmul-64x128x64,,231.798,,200.47999918460846,187.676,Predicted,resident,,,3,,measured,,,929
32.778999999999996,,,matmul-64x128x64,,286.543,,255.39198517799377,242.298,Current,resident,,,3,,measured,,,929
32.428,,,matmul-64x128x64,,285.195,,253.91998887062073,241.05,Random,resident,,,3,,measured,,,929
32.775,,,matmul-64x128x64,,228.266,,197.2160041332245,184.444,Current,resident,,,4,,measured,,,929
32.611999999999995,,,matmul-64x128x64,,243.493,,212.38400042057037,199.803,Random,resident,,,4,,measured,,,929
34.185,,,matmul-64x128x64,,284.284,,251.93598866462708,239.739,Predicted,resident,,,4,,measured,,,929
31.244,,,matmul-64x128x64,,230.949,,199.3280053138733,186.844,Predicted,resident,,,5,,measured,,,929
32.211999999999996,,,matmul-64x128x64,,246.445,,214.62400257587433,201.403,Random,resident,,,5,,measured,,,929
32.265,,,matmul-64x128x64,,286.998,,255.77598810195923,242.362,Current,resident,,,5,,measured,,,929
33.253,,,matmul-64x128x64,,293.967,,261.4400088787079,247.29,Predicted,resident,,,6,,measured,,,929
33.791,,,matmul-64x128x64,,229.147,,197.05599546432495,184.316,Current,resident,,,6,,measured,,,929
32.707,,,matmul-64x128x64,,285.808,,254.17599081993103,241.435,Random,resident,,,6,,measured,,,929
33.025,,,matmul-64x128x64,,281.3,,249.7279942035675,236.603,Predicted,resident,,,7,,measured,,,929
32.12,,,matmul-64x128x64,,283.708,,252.0959973335266,239.355,Current,resident,,,7,,measured,,,929
32.661,,,matmul-64x128x64,,285.416,,253.9840042591095,241.306,Random,resident,,,7,,measured,,,929
32.063,,,matmul-64x128x64,,228.85,,197.40800559520721,184.443,Current,resident,,,8,,measured,,,929
32.778999999999996,,,matmul-64x128x64,,284.108,,252.86400318145752,239.835,Predicted,resident,,,8,,measured,,,929
32.2,,,matmul-64x128x64,,285.652,,254.14401292800903,240.826,Random,resident,,,8,,measured,,,929
32.86,,,matmul-64x128x64,,244.591,,212.09600567817688,199.644,Random,resident,,,9,,measured,,,929
32.665,,,matmul-64x128x64,,232.003,,200.3840059041977,187.771,Predicted,resident,,,9,,measured,,,929
32.65,,,matmul-64x128x64,,286.624,,254.94399666786194,242.394,Current,resident,,,9,,measured,,,929
31.142,,,matmul-64x128x64,,228.333,,196.6720074415207,184.316,Current,resident,,,10,,measured,,,929
32.779,,,matmul-64x128x64,,231.587,,199.96799528598785,186.939,Predicted,resident,,,10,,measured,,,929
32.375,,,matmul-64x128x64,,285.554,,254.27201390266418,241.499,Random,resident,,,10,,measured,,,929
32.287,,,matmul-64x128x64,,283.007,,251.45599246025085,238.811,Current,resident,,,11,,measured,,,929
33.016,,,matmul-64x128x64,,244.517,,212.8639966249466,200.188,Random,resident,,,11,,measured,,,929
32.109,,,matmul-64x128x64,,290.948,,259.42400097846985,246.267,Predicted,resident,,,11,,measured,,,929
32.568,,,matmul-64x128x64,,244.96,,213.34399282932281,200.924,Random,resident,,,12,,measured,,,929
65.083,,,matmul-64x128x64,,282.045,,217.56799519062042,187.804,Predicted,resident,,,12,,measured,,,929
33.915,,,matmul-64x128x64,,306.575,,257.88798928260803,243.706,Current,resident,,,12,,measured,,,929
33.747,,,matmul-64x128x64,,233.061,,200.83199441432953,186.844,Predicted,resident,,,13,,measured,,,929
31.968,,,matmul-64x128x64,,230.23,,198.14400374889374,184.603,Current,resident,,,13,,measured,,,929
33.394999999999996,,,matmul-64x128x64,,305.2,,255.96800446510315,242.522,Random,resident,,,13,,measured,,,929
33.683,,,matmul-64x128x64,,235.298,,199.2959976196289,184.38,Current,resident,,,14,,measured,,,929
52.068,,,matmul-64x128x64,,247.627,,214.78399634361267,200.7,Random,resident,,,14,,measured,,,929
38.193,,,matmul-64x128x64,,287.686,,254.46400046348572,240.283,Predicted,resident,,,14,,measured,,,929
33.394,,,matmul-64x128x64,,286.173,,253.88801097869873,239.387,Current,resident,,,15,,measured,,,929
34.293,,,matmul-64x128x64,,233.497,,200.8640021085739,186.811,Predicted,resident,,,15,,measured,,,929
36.156,,,matmul-64x128x64,,289.04,,256.6399872303009,241.914,Random,resident,,,15,,measured,,,929
33.189,,,matmul-64x128x64,,235.087,,201.85600221157074,187.772,Predicted,resident,,,16,,measured,,,929
47.744,,,matmul-64x128x64,,260.94,,216.0000056028366,201.084,Random,resident,,,16,,measured,,,929
35.595,,,matmul-64x128x64,,296.091,,261.53600215911865,243.61,Current,resident,,,16,,measured,,,929
33.629,,,matmul-64x128x64,,289.901,,256.48000836372375,241.626,Predicted,resident,,,17,,measured,,,929
36.545,,,matmul-64x128x64,,261.306,,203.80799472332,184.604,Current,resident,,,17,,measured,,,929
34.681,,,matmul-64x128x64,,290.519,,256.8959891796112,241.467,Random,resident,,,17,,measured,,,929
33.68,,,matmul-64x128x64,,230.313,,197.34400510787964,184.348,Current,resident,,,18,,measured,,,929
33.337,,,matmul-64x128x64,,289.641,,256.1280131340027,241.498,Predicted,resident,,,18,,measured,,,929
35.601,,,matmul-64x128x64,,291.786,,257.24801421165466,240.603,Random,resident,,,18,,measured,,,929
41.662,,,matmul-64x128x64,,291.103,,254.40001487731934,238.971,Current,resident,,,19,,measured,,,929
37.019,,,matmul-64x128x64,,294.154,,258.65599513053894,241.882,Predicted,resident,,,19,,measured,,,929
39.73,,,matmul-64x128x64,,291.832,,256.73601031303406,240.602,Random,resident,,,19,,measured,,,929
33.582,,,matmul-64x128x64,,248.088,,214.91199731826782,200.315,Random,resident,,,20,,measured,,,929
35.456,,,matmul-64x128x64,,288.411,,254.72000241279602,238.074,Current,resident,,,20,,measured,,,929
33.888,,,matmul-64x128x64,,291.351,,257.53599405288696,242.075,Predicted,resident,,,20,,measured,,,929
32.28,,,matmul-64x128x64,,232.954,,200.25600492954254,186.876,Predicted,resident,,,21,,measured,,,929
34.699,,,matmul-64x128x64,,230.45,,197.91999459266663,184.539,Current,resident,,,21,,measured,,,929
34.378,,,matmul-64x128x64,,289.705,,255.64798712730408,241.818,Random,resident,,,21,,measured,,,929
33.182,,,matmul-64x128x64,,287.766,,254.72000241279602,241.306,Predicted,resident,,,22,,measured,,,929
32.935,,,matmul-64x128x64,,285.78,,252.9599964618683,240.027,Current,resident,,,22,,measured,,,929
32.525,,,matmul-64x128x64,,286.24,,254.04798984527588,241.242,Random,resident,,,22,,measured,,,929
32.993,,,matmul-64x128x64,,283.001,,251.6160011291504,239.003,Predicted,resident,,,23,,measured,,,929
33.018,,,matmul-64x128x64,,283.484,,252.19199061393738,239.067,Current,resident,,,23,,measured,,,929
32.453,,,matmul-64x128x64,,298.949,,253.82399559020996,240.891,Random,resident,,,23,,measured,,,929
32.679,,,matmul-64x128x64,,281.991,,250.0160038471222,236.955,Predicted,resident,,,24,,measured,,,929
48.164,,,matmul-64x128x64,,284.677,,252.48000025749207,239.387,Current,resident,,,24,,measured,,,929
35.197,,,matmul-64x128x64,,287.399,,254.36800718307495,241.307,Random,resident,,,24,,measured,,,929
32.922,,,matmul-64x128x64,,283.849,,250.68798661231995,237.178,Predicted,resident,,,25,,measured,,,929
32.472,,,matmul-64x128x64,,284.13,,251.8399953842163,238.747,Current,resident,,,25,,measured,,,929
32.216,,,matmul-64x128x64,,287.017,,254.01601195335388,240.987,Random,resident,,,25,,measured,,,929
33.195,,,matmul-64x128x64,,282.998,,250.97599625587463,237.339,Predicted,resident,,,26,,measured,,,929
32.207,,,matmul-64x128x64,,246.54,,213.98399770259857,201.243,Random,resident,,,26,,measured,,,929
32.164,,,matmul-64x128x64,,289.354,,255.74401021003723,242.651,Current,resident,,,26,,measured,,,929
31.828,,,matmul-64x128x64,,229.903,,197.88800179958344,184.572,Current,resident,,,27,,measured,,,929
32.348,,,matmul-64x128x64,,245.833,,213.18399906158447,200.219,Random,resident,,,27,,measured,,,929
32.914,,,matmul-64x128x64,,292.323,,259.93600487709045,246.938,Predicted,resident,,,27,,measured,,,929
31.671,,,matmul-64x128x64,,232.215,,199.8399943113327,186.811,Predicted,resident,,,28,,measured,,,929
33.228,,,matmul-64x128x64,,247.324,,214.88000452518463,201.788,Random,resident,,,28,,measured,,,929
33.638,,,matmul-64x128x64,,291.19,,258.8160037994385,245.69,Current,resident,,,28,,measured,,,929
36.127,,,matmul-64x128x64,,246.536,,212.79999613761902,200.092,Random,resident,,,29,,measured,,,929
32.51,,,matmul-64x128x64,,231.01,,197.9839950799942,184.539,Current,resident,,,29,,measured,,,929
33.205,,,matmul-64x128x64,,289.294,,257.05599784851074,244.155,Predicted,resident,,,29,,measured,,,929
32.411,,,matmul-64x128x64,,230.242,,197.1839964389801,184.316,Current,resident,,,30,,measured,,,929
32.838,,,matmul-64x128x64,,287.99,,254.7839879989624,241.595,Random,resident,,,30,,measured,,,929
33.037,,,matmul-64x128x64,,283.377,,250.59199333190918,237.658,Predicted,resident,,,30,,measured,,,929
32.592,,,matmul-64x128x64,,245.718,,213.53599429130554,200.668,Random,resident,,,31,,measured,,,929
33.211,,,matmul-64x128x64,,231.889,,200.70399343967438,187.771,Predicted,resident,,,31,,measured,,,929
33.671,,,matmul-64x128x64,,287.952,,255.67999482154846,242.619,Current,resident,,,31,,measured,,,929
33.484,,,matmul-64x128x64,,286.698,,254.5279860496521,241.402,Random,resident,,,32,,measured,,,929
32.814,,,matmul-64x128x64,,286.265,,254.11200523376465,240.635,Predicted,resident,,,32,,measured,,,929
32.406,,,matmul-64x128x64,,288.02,,255.64798712730408,242.554,Current,resident,,,32,,measured,,,929
32.586,,,matmul-64x128x64,,231.933,,199.68000054359436,186.94,Predicted,resident,,,33,,measured,,,929
32.845,,,matmul-64x128x64,,234.465,,197.4720060825348,184.603,Current,resident,,,33,,measured,,,929
33.1,,,matmul-64x128x64,,286.537,,254.04798984527588,240.987,Random,resident,,,33,,measured,,,929
31.835,,,matmul-64x128x64,,244.731,,212.41599321365356,200.284,Random,resident,,,34,,measured,,,929
32.833,,,matmul-64x128x64,,283.878,,251.48800015449524,238.49,Predicted,resident,,,34,,measured,,,929
33.4,,,matmul-64x128x64,,284.119,,251.77600979804993,239.003,Current,resident,,,34,,measured,,,929
32.108000000000004,,,matmul-64x128x64,,231.777,,199.61600005626678,186.876,Predicted,resident,,,35,,measured,,,929
32.837,,,matmul-64x128x64,,229.762,,197.34400510787964,184.539,Current,resident,,,35,,measured,,,929
33.683,,,matmul-64x128x64,,285.903,,254.40001487731934,241.339,Random,resident,,,35,,measured,,,929
32.918,,,matmul-64x128x64,,228.722,,197.6960003376007,184.444,Current,resident,,,36,,measured,,,929
32.813,,,matmul-64x128x64,,245.437,,213.31200003623962,200.06,Random,resident,,,36,,measured,,,929
32.314,,,matmul-64x128x64,,285.577,,253.60000133514404,240.538,Predicted,resident,,,36,,measured,,,929
32.604,,,matmul-64x128x64,,284.03,,251.8399953842163,238.843,Current,resident,,,37,,measured,,,929
32.217,,,matmul-64x128x64,,231.495,,199.2959976196289,186.812,Predicted,resident,,,37,,measured,,,929
33.125,,,matmul-64x128x64,,287.824,,254.94399666786194,242.17,Random,resident,,,37,,measured,,,929
32.265,,,matmul-64x128x64,,287.809,,255.0399899482727,242.33,Current,resident,,,38,,measured,,,929
32.55,,,matmul-64x128x64,,287.442,,254.43199276924133,241.626,Predicted,resident,,,38,,measured,,,929
35.305,,,matmul-64x128x64,,285.762,,253.02401185035706,240.411,Random,resident,,,38,,measured,,,929
33.003,,,matmul-64x128x64,,286.133,,253.24800610542297,239.483,Current,resident,,,39,,measured,,,929
32.329,,,matmul-64x128x64,,245.664,,213.34399282932281,200.188,Random,resident,,,39,,measured,,,929
33.126,,,matmul-64x128x64,,287.017,,255.0719976425171,242.043,Predicted,resident,,,39,,measured,,,929
31.468000000000004,,,matmul-64x128x64,,232.094,,199.64799284934998,186.876,Predicted,resident,,,40,,measured,,,929
32.892,,,matmul-64x128x64,,284.16,,251.6160011291504,238.107,Current,resident,,,40,,measured,,,929
33.37,,,matmul-64x128x64,,287.393,,254.65598702430725,241.274,Random,resident,,,40,,measured,,,929
32.228,,,matmul-64x128x64,,244.606,,212.41599321365356,199.548,Random,resident,,,41,,measured,,,929
32.556,,,matmul-64x128x64,,228.977,,197.37599790096283,184.572,Current,resident,,,41,,measured,,,929
32.206,,,matmul-64x128x64,,285.608,,253.28001379966736,239.994,Predicted,resident,,,41,,measured,,,929
32.08,,,matmul-64x128x64,,233.084,,199.45600628852844,186.907,Predicted,resident,,,42,,measured,,,929
32.683,,,matmul-64x128x64,,286.61,,253.82399559020996,240.731,Random,resident,,,42,,measured,,,929
32.347,,,matmul-64x128x64,,285.368,,251.55198574066162,238.779,Current,resident,,,42,,measured,,,929
32.381,,,matmul-64x128x64,,285.89,,253.91998887062073,240.827,Predicted,resident,,,43,,measured,,,929
31.979999999999997,,,matmul-64x128x64,,287.601,,254.88001108169556,241.85,Random,resident,,,43,,measured,,,929
32.55,,,matmul-64x128x64,,286.038,,253.60000133514404,240.539,Current,resident,,,43,,measured,,,929
32.974000000000004,,,matmul-64x128x64,,229.887,,197.6960003376007,184.476,Current,resident,,,44,,measured,,,929
32.716,,,matmul-64x128x64,,287.359,,255.0719976425171,241.69,Predicted,resident,,,44,,measured,,,929
32.857,,,matmul-64x128x64,,287.564,,254.84800338745117,241.466,Random,resident,,,44,,measured,,,929
31.339,,,matmul-64x128x64,,244.973,,212.67199516296387,199.836,Random,resident,,,45,,measured,,,929
33.358000000000004,,,matmul-64x128x64,,233.79,,201.1519968509674,187.932,Predicted,resident,,,45,,measured,,,929
32.913000000000004,,,matmul-64x128x64,,290.732,,255.3279995918274,242.458,Current,resident,,,45,,measured,,,929
32.811,,,matmul-64x128x64,,232.368,,199.48799908161163,186.907,Predicted,resident,,,46,,measured,,,929
34.222,,,matmul-64x128x64,,288.204,,254.2400062084198,241.242,Random,resident,,,46,,measured,,,929
33.548,,,matmul-64x128x64,,283.407,,250.88000297546387,238.107,Current,resident,,,46,,measured,,,929
32.623000000000005,,,matmul-64x128x64,,245.459,,213.05599808692932,200.22,Random,resident,,,47,,measured,,,929
32.949,,,matmul-64x128x64,,229.798,,197.24799692630768,184.54,Current,resident,,,47,,measured,,,929
32.567,,,matmul-64x128x64,,287.369,,254.27201390266418,241.658,Predicted,resident,,,47,,measured,,,929
33.699,,,matmul-64x128x64,,287.37,,254.33599948883057,240.698,Random,resident,,,48,,measured,,,929
34.016,,,matmul-64x128x64,,286.242,,252.0959973335266,239.067,Current,resident,,,48,,measured,,,929
33.656,,,matmul-64x128x64,,295.129,,262.04800605773926,247.738,Predicted,resident,,,48,,measured,,,929
33.552,,,matmul-64x128x64,,287.783,,254.7520101070404,241.306,Random,resident,,,49,,measured,,,929
32.061,,,matmul-64x128x64,,234.126,,200.76799392700195,187.708,Predicted,resident,,,49,,measured,,,929
33.363,,,matmul-64x128x64,,290.377,,257.1839988231659,243.898,Current,resident,,,49,,measured,,,929
32.134,,,matmul-64x128x64,,229.985,,197.1839964389801,184.38,Current,resident,,,50,,measured,,,929
33.619,,,matmul-64x128x64,,232.012,,199.68000054359436,186.908,Predicted,resident,,,50,,measured,,,929
33.422,,,matmul-64x128x64,,294.26,,262.1760070323944,242.746,Random,resident,,,50,,measured,,,929
32.894999999999996,,,matmul-64x128x64,,233.837,,200.9280025959015,187.74,Predicted,resident,,,51,,measured,,,929
32.348,,,matmul-64x128x64,,247.135,,214.01600539684296,200.444,Random,resident,,,51,,measured,,,929
35.513,,,matmul-64x128x64,,289.051,,256.54399394989014,243.418,Current,resident,,,51,,measured,,,929
32.457,,,matmul-64x128x64,,286.551,,254.40001487731934,241.21,Predicted,resident,,,52,,measured,,,929
33.095,,,matmul-64x128x64,,229.302,,196.76800072193146,184.507,Current,resident,,,52,,measured,,,929
33.199,,,matmul-64x128x64,,286.448,,253.79198789596558,241.05,Random,resident,,,52,,measured,,,929
31.684,,,matmul-64x128x64,,229.631,,197.4399983882904,184.636,Current,resident,,,53,,measured,,,929
33.109,,,matmul-64x128x64,,285.679,,252.99200415611267,240.666,Predicted,resident,,,53,,measured,,,929
31.596,,,matmul-64x128x64,,285.701,,253.9840042591095,241.051,Random,resident,,,53,,measured,,,929
33.069,,,matmul-64x128x64,,233.441,,201.47199928760529,188.028,Predicted,resident,,,54,,measured,,,929
32.094,,,matmul-64x128x64,,289.772,,257.7280104160309,245.019,Current,resident,,,54,,measured,,,929
32.391999999999996,,,matmul-64x128x64,,285.746,,253.82399559020996,241.211,Random,resident,,,54,,measured,,,929
32.209,,,matmul-64x128x64,,229.927,,197.56799936294556,184.668,Current,resident,,,55,,measured,,,929
31.92,,,matmul-64x128x64,,244.577,,212.6079946756363,200.092,Random,resident,,,55,,measured,,,929
31.741,,,matmul-64x128x64,,286.088,,254.17599081993103,241.307,Predicted,resident,,,55,,measured,,,929
32.629999999999995,,,matmul-64x128x64,,246.089,,214.04799818992615,201.243,Random,resident,,,56,,measured,,,929
32.867000000000004,,,matmul-64x128x64,,232.602,,200.80000162124634,187.867,Predicted,resident,,,56,,measured,,,929
32.685,,,matmul-64x128x64,,286.48,,255.71200251579285,242.299,Current,resident,,,56,,measured,,,929
33.493,,,matmul-64x128x64,,231.358,,199.39200580120087,186.876,Predicted,resident,,,57,,measured,,,929
31.753,,,matmul-64x128x64,,228.848,,197.08800315856934,184.604,Current,resident,,,57,,measured,,,929
32.087,,,matmul-64x128x64,,286.909,,254.68799471855164,241.755,Random,resident,,,57,,measured,,,929
32.465,,,matmul-64x128x64,,282.639,,250.11199712753296,238.01,Predicted,resident,,,58,,measured,,,929
33.492,,,matmul-64x128x64,,246.215,,213.56800198554993,201.403,Random,resident,,,58,,measured,,,929
31.529000000000003,,,matmul-64x128x64,,286.378,,254.30399179458618,241.85,Current,resident,,,58,,measured,,,929
31.981,,,matmul-64x128x64,,245.803,,213.34399282932281,200.252,Random,resident,,,59,,measured,,,929
33.681,,,matmul-64x128x64,,286.496,,254.55999374389648,241.819,Predicted,resident,,,59,,measured,,,929
31.895,,,matmul-64x128x64,,287.251,,255.19999861717224,242.587,Current,resident,,,59,,measured,,,929
32.458999999999996,,,matmul-64x128x64,,287.864,,255.51998615264893,241.882,Random,resident,,,60,,measured,,,929
32.071,,,matmul-64x128x64,,229.084,,197.31199741363525,184.507,Current,resident,,,60,,measured,,,929
33.489000000000004,,,matmul-64x128x64,,285.558,,252.99200415611267,240.474,Predicted,resident,,,60,,measured,,,929
32.25,,,matmul-64x128x64,,229.45,,197.40800559520721,184.571,Current,resident,,,61,,measured,,,929
32.061,,,matmul-64x128x64,,286.698,,254.04798984527588,241.242,Random,resident,,,61,,measured,,,929
32.482,,,matmul-64x128x64,,281.597,,249.79199469089508,237.114,Predicted,resident,,,61,,measured,,,929
32.309,,,matmul-64x128x64,,283.769,,251.77600979804993,238.682,Current,resident,,,62,,measured,,,929
32.632,,,matmul-64x128x64,,285.533,,253.08799743652344,240.602,Random,resident,,,62,,measured,,,929
32.177,,,matmul-64x128x64,,282.414,,249.85599517822266,237.242,Predicted,resident,,,62,,measured,,,929
32.236,,,matmul-64x128x64,,244.48,,212.8639966249466,200.091,Random,resident,,,63,,measured,,,929
32.256,,,matmul-64x128x64,,287.636,,255.0719976425171,242.267,Current,resident,,,63,,measured,,,929
36.19,,,matmul-64x128x64,,285.057,,253.88801097869873,240.955,Predicted,resident,,,63,,measured,,,929
33.986000000000004,256.116,0.0,matmul-64x128x64,220996.6769996754,778.094,401708.6779999797,258.1759989261627,242.778,Random,one_shot,297610.7720001007,296832.6780001007,0,37532.807999923534,warmup,0.0,38007.920000382,929
35.085,257.50899999999996,0.0,matmul-64x128x64,220996.6769996754,746.312,364144.0880000562,257.0880055427551,242.331,Current,one_shot,260046.18200017718,259299.87000017718,0,,warmup,0.0,38007.920000382,929
33.650999999999996,259.57200000000006,0.0,matmul-64x128x64,174459.18700013863,748.361,322563.79200068663,260.9280049800873,245.786,Predicted,one_shot,218465.88600080766,217717.52500080765,0,,warmup,6024.364999575482,37232.894000226224,929
33.094,164.355,0.0,matmul-64x128x64,174459.18700013863,587.588,322403.01900068665,203.3279985189438,188.54,Predicted,one_shot,218305.11300080764,217717.52500080765,1,,warmup,6024.364999575482,37232.894000226224,929
34.465,248.629,0.0,matmul-64x128x64,220996.6769996754,727.62,401658.2039999797,257.88798928260803,242.203,Random,one_shot,297560.2980001007,296832.6780001007,1,37532.807999923534,warmup,0.0,38007.920000382,929
33.658,250.147,0.0,matmul-64x128x64,220996.6769996754,725.869,364123.6450000562,254.94399666786194,240.315,Current,one_shot,260025.7390001772,259299.87000017718,1,,warmup,0.0,38007.920000382,929
35.002,231.96600000000004,0.0,matmul-64x128x64,174459.18700013863,1035.314,322850.7450006867,257.63198733329773,241.179,Predicted,one_shot,218752.83900080767,217717.52500080765,2,,warmup,6024.364999575482,37232.894000226224,929
34.397999999999996,231.29000000000002,0.0,matmul-64x128x64,220996.6769996754,709.565,401640.1489999797,256.3839852809906,241.146,Random,one_shot,297542.2430001007,296832.6780001007,2,37532.807999923534,warmup,0.0,38007.920000382,929
33.562,222.21099999999998,0.0,matmul-64x128x64,220996.6769996754,695.785,364093.5610000562,254.65598702430725,239.291,Current,one_shot,259995.65500017718,259299.87000017718,2,,warmup,0.0,38007.920000382,929
33.094,219.954,0.0,matmul-64x128x64,174459.18700013863,694.498,322509.9290006866,255.51998615264893,240.347,Predicted,one_shot,218412.02300080765,217717.52500080765,3,,warmup,6024.364999575482,37232.894000226224,929
34.552,216.54299999999998,0.0,matmul-64x128x64,220996.6769996754,655.046,364052.82200005616,217.75999665260315,202.875,Current,one_shot,259954.91600017718,259299.87000017718,3,,warmup,0.0,38007.920000382,929
33.605000000000004,218.71900000000002,0.0,matmul-64x128x64,220996.6769996754,693.489,401624.0729999797,257.1200132369995,242.395,Random,one_shot,297526.1670001007,296832.6780001007,3,37532.807999923534,warmup,0.0,38007.920000382,929
34.769,221.076,0.0,matmul-64x128x64,174459.18700013863,714.331,322529.76200068666,253.9840042591095,238.971,Predicted,one_shot,218431.85600080766,217717.52500080765,4,,warmup,6024.364999575482,37232.894000226224,929
33.766999999999996,223.67,0.0,matmul-64x128x64,220996.6769996754,702.421,364100.19700005616,260.0319981575012,245.147,Current,one_shot,260002.29100017718,259299.87000017718,4,,warmup,0.0,38007.920000382,929
33.735,222.25500000000002,0.0,matmul-64x128x64,220996.6769996754,697.079,401627.66299997974,256.6399872303009,241.914,Random,one_shot,297529.75700010074,296832.6780001007,4,37532.807999923534,warmup,0.0,38007.920000382,929
34.335,232.268,0.0,matmul-64x128x64,174459.18700013863,724.41,322539.84100068663,257.34400749206543,242.203,Predicted,one_shot,218441.93500080766,217717.52500080765,5,,warmup,6024.364999575482,37232.894000226224,929
33.574,225.665,0.0,matmul-64x128x64,220996.6769996754,704.933,364102.70900005614,260.80000400543213,246.171,Current,one_shot,260004.80300017717,259299.87000017718,5,,warmup,0.0,38007.920000382,929
34.579,226.791,0.0,matmul-64x128x64,220996.6769996754,701.281,401631.86499997973,257.1200132369995,242.746,Random,one_shot,297533.95900010073,296832.6780001007,5,37532.807999923534,warmup,0.0,38007.920000382,929
33.205,142.692,0.0,matmul-64x128x64,220996.6769996754,580.382,401510.9659999797,215.16799926757812,200.251,Random,one_shot,297413.0600001007,296832.6780001007,6,37532.807999923534,warmup,0.0,38007.920000382,929
33.841,219.756,0.0,matmul-64x128x64,220996.6769996754,661.952,364059.7280000562,224.70399737358093,209.787,Current,one_shot,259961.82200017717,259299.87000017718,6,,warmup,0.0,38007.920000382,929
34.704,226.84799999999996,0.0,matmul-64x128x64,174459.18700013863,701.077,322516.50800068665,256.1599910259247,241.083,Predicted,one_shot,218418.60200080764,217717.52500080765,6,,warmup,6024.364999575482,37232.894000226224,929
33.065,144.591,0.0,matmul-64x128x64,174459.18700013863,563.519,322378.9500006867,202.11200416088104,187.292,Predicted,one_shot,218281.04400080765,217717.52500080765,7,,warmup,6024.364999575482,37232.894000226224,929
35.106,223.46599999999995,0.0,matmul-64x128x64,220996.6769996754,699.063,401629.64699997974,257.31199979782104,241.626,Random,one_shot,297531.74100010074,296832.6780001007,7,37532.807999923534,warmup,0.0,38007.920000382,929
33.785,264.74199999999996,0.0,matmul-64x128x64,220996.6769996754,742.231,364140.0070000562,254.88001108169556,240.026,Current,one_shot,260042.10100017718,259299.87000017718,7,,warmup,0.0,38007.920000382,929
35.196,224.069,0.0,matmul-64x128x64,174459.18700013863,699.196,322514.62700068665,255.71200251579285,240.859,Predicted,one_shot,218416.72100080765,217717.52500080765,8,,warmup,6024.364999575482,37232.894000226224,929
33.525,222.59499999999997,0.0,matmul-64x128x64,220996.6769996754,695.554,401626.1379999797,256.28799200057983,241.403,Random,one_shot,297528.2320001007,296832.6780001007,8,37532.807999923534,warmup,0.0,38007.920000382,929
35.114000000000004,221.248,0.0,matmul-64x128x64,220996.6769996754,695.381,364093.1570000562,253.60000133514404,239.035,Current,one_shot,259995.25100017717,259299.87000017718,8,,warmup,0.0,38007.920000382,929
33.705,217.35999999999999,0.0,matmul-64x128x64,220996.6769996754,688.969,401619.5529999797,253.24800610542297,238.075,Random,one_shot,297521.6470001007,296832.6780001007,9,37532.807999923534,warmup,0.0,38007.920000382,929
34.201,221.507,0.0,matmul-64x128x64,174459.18700013863,695.779,322511.2100006867,254.7520101070404,239.291,Predicted,one_shot,218413.30400080766,217717.52500080765,9,,warmup,6024.364999575482,37232.894000226224,929
37.355999999999995,218.688,0.0,matmul-64x128x64,220996.6769996754,704.751,364102.5270000562,261.6960108280182,246.714,Current,one_shot,260004.62100017717,259299.87000017718,9,,warmup,0.0,38007.920000382,929
32.463,146.272,0.0,matmul-64x128x64,220996.6769996754,563.911,363961.68700005615,200.19200444221497,184.924,Current,one_shot,259863.78100017717,259299.87000017718,10,,warmup,0.0,38007.920000382,929
33.855999999999995,221.02999999999997,0.0,matmul-64x128x64,220996.6769996754,707.046,401637.6299999797,257.9199969768524,242.715,Random,one_shot,297539.7240001007,296832.6780001007,10,37532.807999923534,warmup,0.0,38007.920000382,929
33.141,224.15200000000002,0.0,matmul-64x128x64,174459.18700013863,696.74,322512.17100068665,253.85600328445435,238.779,Predicted,one_shot,218414.26500080765,217717.52500080765,10,,warmup,6024.364999575482,37232.894000226224,929
33.441,217.82799999999997,0.0,matmul-64x128x64,220996.6769996754,687.574,401618.15799997974,252.06398963928223,236.474,Random,one_shot,297520.25200010074,296832.6780001007,11,37532.807999923534,warmup,0.0,38007.920000382,929
32.928,222.38699999999997,0.0,matmul-64x128x64,220996.6769996754,695.873,364093.6490000562,256.1280131340027,241.274,Current,one_shot,259995.74300017717,259299.87000017718,11,,warmup,0.0,38007.920000382,929
33.19,219.97799999999995,0.0,matmul-64x128x64,174459.18700013863,694.167,322509.5980006866,255.87201118469238,241.338,Predicted,one_shot,218411.69200080764,217717.52500080765,11,,warmup,6024.364999575482,37232.894000226224,929
34.486,217.688,0.0,matmul-64x128x64,220996.6769996754,690.773,401621.3569999797,255.67999482154846,241.243,Random,one_shot,297523.4510001007,296832.6780001007,12,37532.807999923534,warmup,0.0,38007.920000382,929
34.02,217.809,0.0,matmul-64x128x64,220996.6769996754,702.221,364099.9970000562,267.2640085220337,239.643,Current,one_shot,260002.09100017717,259299.87000017718,12,,warmup,0.0,38007.920000382,929
33.881,221.325,0.0,matmul-64x128x64,174459.18700013863,693.297,322508.7280006866,255.264014005661,240.411,Predicted,one_shot,218410.82200080765,217717.52500080765,12,,warmup,6024.364999575482,37232.894000226224,929
32.341,147.75300000000001,0.0,matmul-64x128x64,174459.18700013863,564.183,322379.6140006867,202.2079974412918,187.356,Predicted,one_shot,218281.70800080764,217717.52500080765,13,,warmup,6024.364999575482,37232.894000226224,929
33.162,222.58,0.0,matmul-64x128x64,220996.6769996754,652.263,364050.0390000562,216.41600131988525,201.787,Current,one_shot,259952.1330001772,259299.87000017718,13,,warmup,0.0,38007.920000382,929
34.232,230.035,0.0,matmul-64x128x64,220996.6769996754,702.527,401633.1109999797,257.79199600219727,242.746,Random,one_shot,297535.2050001007,296832.6780001007,13,37532.807999923534,warmup,0.0,38007.920000382,929
34.131,228.701,0.0,matmul-64x128x64,174459.18700013863,700.657,322516.08800068666,255.74401021003723,240.539,Predicted,one_shot,218418.18200080766,217717.52500080765,14,,warmup,6024.364999575482,37232.894000226224,929
33.456,229.00899999999996,0.0,matmul-64x128x64,220996.6769996754,706.493,364104.2690000562,260.3200078010559,245.787,Current,one_shot,260006.36300017717,259299.87000017718,14,,warmup,0.0,38007.920000382,929
80.566,228.32600000000002,0.0,matmul-64x128x64,220996.6769996754,774.442,401705.0259999797,257.4400007724762,242.778,Random,one_shot,297607.1200001007,296832.6780001007,14,37532.807999923534,warmup,0.0,38007.920000382,929
32.137,146.43,0.0,matmul-64x128x64,220996.6769996754,574.903,401505.4869999797,215.29600024223328,199.771,Random,one_shot,297407.5810001007,296832.6780001007,15,37532.807999923534,warmup,0.0,38007.920000382,929
33.02,223.79900000000004,0.0,matmul-64x128x64,220996.6769996754,659.85,364057.62600005616,222.75200486183167,208.507,Current,one_shot,259959.72000017719,259299.87000017718,15,,warmup,0.0,38007.920000382,929
33.096,229.72699999999998,0.0,matmul-64x128x64,174459.18700013863,700.352,322515.7830006867,256.00001215934753,240.827,Predicted,one_shot,218417.87700080767,217717.52500080765,15,,warmup,6024.364999575482,37232.894000226224,929
33.265,219.11399999999998,0.0,matmul-64x128x64,220996.6769996754,691.28,401621.86399997975,256.03199005126953,240.891,Random,one_shot,297523.95800010074,296832.6780001007,0,37532.807999923534,measured,0.0,38007.920000382,929
35.045,220.874,0.0,matmul-64x128x64,220996.6769996754,690.633,364088.4090000562,253.9519965648651,239.13,Current,one_shot,259990.50300017718,259299.87000017718,0,,measured,0.0,38007.920000382,929
33.59,220.47299999999998,0.0,matmul-64x128x64,174459.18700013863,692.795,322508.22600068664,256.3520073890686,241.371,Predicted,one_shot,218410.32000080767,217717.52500080765,0,,measured,6024.364999575482,37232.894000226224,929
32.912,145.50500000000002,0.0,matmul-64x128x64,174459.18700013863,872.747,322688.1780006867,203.0079960823059,187.26,Predicted,one_shot,218590.27200080766,217717.52500080765,1,,measured,6024.364999575482,37232.894000226224,929
34.319,219.61999999999998,0.0,matmul-64x128x64,220996.6769996754,693.985,401624.5689999797,256.22400641441345,241.498,Random,one_shot,297526.6630001007,296832.6780001007,1,37532.807999923534,measured,0.0,38007.920000382,929
34.022,220.49000000000004,0.0,matmul-64x128x64,220996.6769996754,690.009,364087.78500005614,254.68799471855164,239.77,Current,one_shot,259989.87900017717,259299.87000017718,1,,measured,0.0,38007.920000382,929
34.207,142.95100000000002,0.0,matmul-64x128x64,220996.6769996754,556.261,363954.0370000562,199.61600005626678,185.339,Current,one_shot,259856.13100017718,259299.87000017718,2,,measured,0.0,38007.920000382,929
33.547,267.347,0.0,matmul-64x128x64,174459.18700013863,740.774,322556.2050006867,259.16799902915955,244.443,Predicted,one_shot,218458.29900080766,217717.52500080765,2,,measured,6024.364999575482,37232.894000226224,929
33.242,218.23100000000002,0.0,matmul-64x128x64,220996.6769996754,687.756,401618.3399999797,256.3520073890686,241.787,Random,one_shot,297520.4340001007,296832.6780001007,2,37532.807999923534,measured,0.0,38007.920000382,929
33.271,219.526,0.0,matmul-64x128x64,174459.18700013863,662.858,322478.28900068667,229.79199886322021,215.195,Predicted,one_shot,218380.38300080766,217717.52500080765,3,,measured,6024.364999575482,37232.894000226224,929
33.583,220.79199999999997,0.0,matmul-64x128x64,220996.6769996754,696.759,364094.53500005614,261.1840069293976,246.683,Current,one_shot,259996.62900017717,259299.87000017718,3,,measured,0.0,38007.920000382,929
33.480000000000004,218.525,0.0,matmul-64x128x64,220996.6769996754,689.225,401619.8089999797,257.6960027217865,242.875,Random,one_shot,297521.9030001007,296832.6780001007,3,37532.807999923534,measured,0.0,38007.920000382,929
34.056,281.671,0.0,matmul-64x128x64,220996.6769996754,773.311,364171.08700005617,223.9679992198944,209.468,Current,one_shot,260073.18100017717,259299.87000017718,4,,measured,0.0,38007.920000382,929
33.591,219.413,0.0,matmul-64x128x64,220996.6769996754,683.153,401613.7369999797,250.30401349067688,235.867,Random,one_shot,297515.8310001007,296832.6780001007,4,37532.807999923534,measured,0.0,38007.920000382,929
33.698,226.43199999999996,0.0,matmul-64x128x64,174459.18700013863,693.552,322508.9830006866,253.12000513076782,238.298,Predicted,one_shot,218411.07700080765,217717.52500080765,4,,measured,6024.364999575482,37232.894000226224,929
32.432,145.91600000000003,0.0,matmul-64x128x64,174459.18700013863,561.705,322377.1360006867,201.85600221157074,187.292,Predicted,one_shot,218279.23000080764,217717.52500080765,5,,measured,6024.364999575482,37232.894000226224,929
33.415,219.73700000000002,0.0,matmul-64x128x64,220996.6769996754,685.081,401615.6649999797,251.3599991798401,236.57,Random,one_shot,297517.7590001007,296832.6780001007,5,37532.807999923534,measured,0.0,38007.920000382,929
33.217,220.488,0.0,matmul-64x128x64,220996.6769996754,689.328,364087.10400005616,255.64798712730408,240.987,Current,one_shot,259989.1980001772,259299.87000017718,5,,measured,0.0,38007.920000382,929
35.168,218.83900000000003,0.0,matmul-64x128x64,174459.18700013863,692.905,322508.3360006866,257.2160065174103,242.075,Predicted,one_shot,218410.43000080765,217717.52500080765,6,,measured,6024.364999575482,37232.894000226224,929
33.836,236.97199999999998,0.0,matmul-64x128x64,220996.6769996754,670.94,364068.7160000562,218.1120067834854,203.004,Current,one_shot,259970.81000017718,259299.87000017718,6,,measured,0.0,38007.920000382,929
34.461,219.18399999999997,0.0,matmul-64x128x64,220996.6769996754,693.576,401624.1599999797,257.24801421165466,242.746,Random,one_shot,297526.2540001007,296832.6780001007,6,37532.807999923534,measured,0.0,38007.920000382,929
33.522,222.166,0.0,matmul-64x128x64,174459.18700013863,694.015,322509.4460006867,253.2159984111786,238.042,Predicted,one_shot,218411.54000080767,217717.52500080765,7,,measured,6024.364999575482,37232.894000226224,929
33.938,219.70000000000002,0.0,matmul-64x128x64,220996.6769996754,694.833,364092.60900005617,259.99999046325684,244.923,Current,one_shot,259994.7030001772,259299.87000017718,7,,measured,0.0,38007.920000382,929
36.948,241.11299999999997,0.0,matmul-64x128x64,220996.6769996754,726.514,401657.09799997974,257.82400369644165,242.203,Random,one_shot,297559.19200010074,296832.6780001007,7,37532.807999923534,measured,0.0,38007.920000382,929
33.75,219.19899999999996,0.0,matmul-64x128x64,220996.6769996754,660.748,364058.5240000562,224.5440036058426,209.403,Current,one_shot,259960.61800017717,259299.87000017718,8,,measured,0.0,38007.920000382,929
33.409,220.435,0.0,matmul-64x128x64,174459.18700013863,689.974,322505.40500068665,255.64798712730408,240.795,Predicted,one_shot,218407.49900080764,217717.52500080765,8,,measured,6024.364999575482,37232.894000226224,929
34.074,220.27499999999995,0.0,matmul-64x128x64,220996.6769996754,693.234,401623.8179999797,255.87201118469238,241.402,Random,one_shot,297525.9120001007,296832.6780001007,8,37532.807999923534,measured,0.0,38007.920000382,929
32.572,140.944,0.0,matmul-64x128x64,220996.6769996754,570.605,401501.1889999797,214.9440050125122,199.899,Random,one_shot,297403.2830001007,296832.6780001007,9,37532.807999923534,measured,0.0,38007.920000382,929
34.208,219.271,0.0,matmul-64x128x64,174459.18700013863,665.541,322480.9720006867,229.72799837589264,215.451,Predicted,one_shot,218383.06600080765,217717.52500080765,9,,measured,6024.364999575482,37232.894000226224,929
34.271,220.483,0.0,matmul-64x128x64,220996.6769996754,700.025,364097.8010000562,260.80000400543213,245.882,Current,one_shot,259999.89500017717,259299.87000017718,9,,measured,0.0,38007.920000382,929
32.72,145.23899999999998,0.0,matmul-64x128x64,220996.6769996754,560.0,363957.7760000562,199.71199333667755,185.243,Current,one_shot,259859.87000017718,259299.87000017718,10,,measured,0.0,38007.920000382,929
34.59,217.98499999999999,0.0,matmul-64x128x64,174459.18700013863,653.326,322468.75700068666,217.056006193161,202.332,Predicted,one_shot,218370.85100080766,217717.52500080765,10,,measured,6024.364999575482,37232.894000226224,929
33.086,219.91100000000003,0.0,matmul-64x128x64,220996.6769996754,690.485,401621.0689999797,256.6719949245453,241.594,Random,one_shot,297523.1630001007,296832.6780001007,10,37532.807999923534,measured,0.0,38007.920000382,929
33.804,218.057,0.0,matmul-64x128x64,220996.6769996754,686.804,364084.5800000562,253.85600328445435,239.194,Current,one_shot,259986.67400017718,259299.87000017718,11,,measured,0.0,38007.920000382,929
33.753,289.40999999999997,0.0,matmul-64x128x64,220996.6769996754,758.529,401689.1129999797,253.24800610542297,238.682,Random,one_shot,297591.2070001007,296832.6780001007,11,37532.807999923534,measured,0.0,38007.920000382,929
34.246,221.821,0.0,matmul-64x128x64,174459.18700013863,691.144,322506.5750006867,254.30399179458618,239.067,Predicted,one_shot,218408.66900080765,217717.52500080765,11,,measured,6024.364999575482,37232.894000226224,929
33.263,219.418,0.0,matmul-64x128x64,220996.6769996754,684.432,401615.0159999797,251.16801261901855,236.282,Random,one_shot,297517.1100001007,296832.6780001007,12,37532.807999923534,measured,0.0,38007.920000382,929
33.143,221.039,0.0,matmul-64x128x64,174459.18700013863,665.365,322480.79600068665,228.86399924755096,214.203,Predicted,one_shot,218382.89000080765,217717.52500080765,12,,measured,6024.364999575482,37232.894000226224,929
33.785,221.58299999999997,0.0,matmul-64x128x64,220996.6769996754,697.403,364095.1790000562,261.6640031337738,246.939,Current,one_shot,259997.27300017717,259299.87000017718,12,,measured,0.0,38007.920000382,929
48.656,219.632,0.0,matmul-64x128x64,174459.18700013863,687.018,322502.44900068664,236.12800240516663,205.916,Predicted,one_shot,218404.54300080767,217717.52500080765,13,,measured,6024.364999575482,37232.894000226224,929
33.672,216.616,0.0,matmul-64x128x64,220996.6769996754,644.656,364042.43200005614,214.65599536895752,199.867,Current,one_shot,259944.52600017717,259299.87000017718,13,,measured,0.0,38007.920000382,929
33.204,217.133,0.0,matmul-64x128x64,220996.6769996754,686.107,401616.69099997974,257.34400749206543,242.842,Random,one_shot,297518.78500010073,296832.6780001007,13,37532.807999923534,measured,0.0,38007.920000382,929
33.616,222.831,0.0,matmul-64x128x64,220996.6769996754,663.032,364060.8080000562,224.41600263118744,209.787,Current,one_shot,259962.9020001772,259299.87000017718,14,,measured,0.0,38007.920000382,929
32.858,218.123,0.0,matmul-64x128x64,220996.6769996754,680.847,401611.4309999797,250.75200200080872,235.803,Random,one_shot,297513.5250001007,296832.6780001007,14,37532.807999923534,measured,0.0,38007.920000382,929
33.847,222.949,0.0,matmul-64x128x64,174459.18700013863,691.273,322506.70400068664,254.2400062084198,238.938,Predicted,one_shot,218408.79800080764,217717.52500080765,14,,measured,6024.364999575482,37232.894000226224,929
33.805,219.47500000000002,0.0,matmul-64x128x64,220996.6769996754,696.797,364094.5730000562,260.3839933872223,245.562,Current,one_shot,259996.66700017717,259299.87000017718,15,,measured,0.0,38007.920000382,929
32.679,219.75900000000001,0.0,matmul-64x128x64,174459.18700013863,656.754,322472.1850006867,221.50400280952454,206.523,Predicted,one_shot,218374.27900080764,217717.52500080765,15,,measured,6024.364999575482,37232.894000226224,929
33.458,220.53300000000002,0.0,matmul-64x128x64,220996.6769996754,690.899,401621.4829999797,256.7040026187897,242.107,Random,one_shot,297523.5770001007,296832.6780001007,15,37532.807999923534,measured,0.0,38007.920000382,929
35.046,217.061,0.0,matmul-64x128x64,174459.18700013863,969.772,322785.20300068666,230.43200373649597,212.54,Predicted,one_shot,218687.29700080765,217717.52500080765,16,,measured,6024.364999575482,37232.894000226224,929
34.746,222.12900000000002,0.0,matmul-64x128x64,220996.6769996754,707.295,401637.8789999797,252.44799256324768,233.786,Random,one_shot,297539.9730001007,296832.6780001007,16,37532.807999923534,measured,0.0,38007.920000382,929
33.351,221.022,0.0,matmul-64x128x64,220996.6769996754,739.857,364137.63300005614,257.7280104160309,242.906,Current,one_shot,260039.72700017717,259299.87000017718,16,,measured,0.0,38007.920000382,929
33.482,219.35200000000003,0.0,matmul-64x128x64,174459.18700013863,694.11,322509.54100068664,258.14399123191833,241.338,Predicted,one_shot,218411.63500080764,217717.52500080765,17,,measured,6024.364999575482,37232.894000226224,929
33.795,220.14100000000002,0.0,matmul-64x128x64,220996.6769996754,655.58,364053.35600005614,218.176007270813,203.387,Current,one_shot,259955.45000017717,259299.87000017718,17,,measured,0.0,38007.920000382,929
33.454,220.761,0.0,matmul-64x128x64,220996.6769996754,694.929,401625.5129999797,257.05599784851074,242.138,Random,one_shot,297527.6070001007,296832.6780001007,17,37532.807999923534,measured,0.0,38007.920000382,929
37.028,218.937,0.0,matmul-64x128x64,220996.6769996754,668.003,364065.7790000562,225.92000663280487,210.875,Current,one_shot,259967.87300017718,259299.87000017718,18,,measured,0.0,38007.920000382,929
34.46,221.636,0.0,matmul-64x128x64,174459.18700013863,700.539,322515.97000068665,256.22400641441345,241.307,Predicted,one_shot,218418.06400080764,217717.52500080765,18,,measured,6024.364999575482,37232.894000226224,929
34.332,218.507,0.0,matmul-64x128x64,220996.6769996754,692.791,401623.37499997974,256.54399394989014,241.882,Random,one_shot,297525.46900010074,296832.6780001007,18,37532.807999923534,measured,0.0,38007.920000382,929
34.948,249.07600000000002,0.0,matmul-64x128x64,220996.6769996754,722.286,364120.06200005615,254.30399179458618,239.61,Current,one_shot,260022.15600017717,259299.87000017718,19,,measured,0.0,38007.920000382,929
33.541000000000004,222.62400000000002,0.0,matmul-64x128x64,174459.18700013863,710.855,322526.2860006867,256.28799200057983,240.923,Predicted,one_shot,218428.38000080767,217717.52500080765,19,,measured,6024.364999575482,37232.894000226224,929
34.247,221.55200000000002,0.0,matmul-64x128x64,220996.6769996754,693.603,401624.1869999797,256.415992975235,241.659,Random,one_shot,297526.2810001007,296832.6780001007,19,37532.807999923534,measured,0.0,38007.920000382,929
33.485,148.255,0.0,matmul-64x128x64,220996.6769996754,577.581,401508.1649999797,214.81600403785706,200.443,Random,one_shot,297410.2590001007,296832.6780001007,20,37532.807999923534,measured,0.0,38007.920000382,929
33.303,220.35199999999995,0.0,matmul-64x128x64,220996.6769996754,691.711,364089.4870000562,256.0960054397583,241.499,Current,one_shot,259991.5810001772,259299.87000017718,20,,measured,0.0,38007.920000382,929
33.147,224.41400000000002,0.0,matmul-64x128x64,174459.18700013863,694.586,322510.01700068667,256.8959891796112,241.722,Predicted,one_shot,218412.11100080766,217717.52500080765,20,,measured,6024.364999575482,37232.894000226224,929
45.730999999999995,208.712,0.0,matmul-64x128x64,174459.18700013863,790.04,322605.47100068664,208.6080014705658,187.228,Predicted,one_shot,218507.56500080766,217717.52500080765,21,,measured,6024.364999575482,37232.894000226224,929
48.53,259.342,0.0,matmul-64x128x64,220996.6769996754,834.282,364232.0580000562,225.21600127220154,203.483,Current,one_shot,260134.1520001772,259299.87000017718,21,,measured,0.0,38007.920000382,929
45.519000000000005,262.894,0.0,matmul-64x128x64,220996.6769996754,876.86,401807.4439999797,263.93601298332214,242.714,Random,one_shot,297709.5380001007,296832.6780001007,21,37532.807999923534,measured,0.0,38007.920000382,929
46.348,259.241,0.0,matmul-64x128x64,174459.18700013863,865.297,322680.7280006866,259.99999046325684,238.17,Predicted,one_shot,218582.82200080765,217717.52500080765,22,,measured,6024.364999575482,37232.894000226224,929
35.394000000000005,264.218,0.0,matmul-64x128x64,220996.6769996754,823.973,364221.7490000562,261.4719867706299,245.85,Current,one_shot,260123.84300017718,259299.87000017718,22,,measured,0.0,38007.920000382,929
33.812,226.93699999999998,0.0,matmul-64x128x64,220996.6769996754,702.923,401633.5069999797,258.2080066204071,243.067,Random,one_shot,297535.6010001007,296832.6780001007,22,37532.807999923534,measured,0.0,38007.920000382,929
33.991,228.324,0.0,matmul-64x128x64,174459.18700013863,698.931,322514.3620006867,253.56799364089966,238.426,Predicted,one_shot,218416.45600080767,217717.52500080765,23,,measured,6024.364999575482,37232.894000226224,929
34.076,227.35600000000002,0.0,matmul-64x128x64,220996.6769996754,708.671,364106.44700005616,261.4400088787079,246.011,Current,one_shot,260008.54100017718,259299.87000017718,23,,measured,0.0,38007.920000382,929
33.548,220.162,0.0,matmul-64x128x64,220996.6769996754,692.095,401622.6789999797,256.6399872303009,242.074,Random,one_shot,297524.7730001007,296832.6780001007,23,37532.807999923534,measured,0.0,38007.920000382,929
34.281,220.571,0.0,matmul-64x128x64,174459.18700013863,692.392,322507.82300068665,254.40001487731934,239.386,Predicted,one_shot,218409.91700080765,217717.52500080765,24,,measured,6024.364999575482,37232.894000226224,929
33.573,221.656,0.0,matmul-64x128x64,220996.6769996754,695.293,364093.0690000562,258.7200105190277,244.186,Current,one_shot,259995.16300017718,259299.87000017718,24,,measured,0.0,38007.920000382,929
33.564,249.26500000000001,0.0,matmul-64x128x64,220996.6769996754,736.848,401667.4319999797,256.8959891796112,242.107,Random,one_shot,297569.5260001007,296832.6780001007,24,37532.807999923534,measured,0.0,38007.920000382,929
33.504999999999995,221.31,0.0,matmul-64x128x64,174459.18700013863,690.127,322505.5580006867,253.66398692131042,238.651,Predicted,one_shot,218407.65200080766,217717.52500080765,25,,measured,6024.364999575482,37232.894000226224,929
34.819,219.98899999999998,0.0,matmul-64x128x64,220996.6769996754,696.604,364094.3800000562,262.0159983634949,247.034,Current,one_shot,259996.47400017717,259299.87000017718,25,,measured,0.0,38007.920000382,929
33.887,224.45099999999996,0.0,matmul-64x128x64,220996.6769996754,711.914,401642.4979999797,256.9600045681,242.203,Random,one_shot,297544.5920001007,296832.6780001007,25,37532.807999923534,measured,0.0,38007.920000382,929
33.638000000000005,225.44899999999998,0.0,matmul-64x128x64,174459.18700013863,692.921,322508.3520006867,253.63200902938843,238.618,Predicted,one_shot,218410.44600080766,217717.52500080765,26,,measured,6024.364999575482,37232.894000226224,929
33.108000000000004,220.104,0.0,matmul-64x128x64,220996.6769996754,687.657,401618.2409999797,251.64800882339478,236.635,Random,one_shot,297520.3350001007,296832.6780001007,26,37532.807999923534,measured,0.0,38007.920000382,929
33.224,225.254,0.0,matmul-64x128x64,220996.6769996754,698.045,364095.8210000562,256.25601410865784,241.179,Current,one_shot,259997.9150001772,259299.87000017718,26,,measured,0.0,38007.920000382,929
32.199,145.78899999999996,0.0,matmul-64x128x64,220996.6769996754,559.212,363956.9880000562,200.32000541687012,185.468,Current,one_shot,259859.08200017718,259299.87000017718,27,,measured,0.0,38007.920000382,929
33.456,227.306,0.0,matmul-64x128x64,220996.6769996754,691.934,401622.5179999797,251.3279914855957,236.379,Random,one_shot,297524.6120001007,296832.6780001007,27,37532.807999923534,measured,0.0,38007.920000382,929
34.553,222.564,0.0,matmul-64x128x64,174459.18700013863,690.265,322505.6960006867,253.2159984111786,238.01,Predicted,one_shot,218407.79000080767,217717.52500080765,27,,measured,6024.364999575482,37232.894000226224,929
32.011,175.65,0.0,matmul-64x128x64,174459.18700013863,589.339,322404.77000068664,201.9840031862259,187.1,Predicted,one_shot,218306.86400080766,217717.52500080765,28,,measured,6024.364999575482,37232.894000226224,929
34.22,220.005,0.0,matmul-64x128x64,220996.6769996754,685.634,401616.21799997974,250.75200200080872,235.802,Random,one_shot,297518.31200010073,296832.6780001007,28,37532.807999923534,measured,0.0,38007.920000382,929
33.722,221.826,0.0,matmul-64x128x64,220996.6769996754,694.213,364091.9890000562,257.60000944137573,242.875,Current,one_shot,259994.08300017717,259299.87000017718,28,,measured,0.0,38007.920000382,929
33.604,219.30999999999997,0.0,matmul-64x128x64,220996.6769996754,686.627,401617.2109999797,252.41601467132568,237.178,Random,one_shot,297519.3050001007,296832.6780001007,29,37532.807999923534,measured,0.0,38007.920000382,929
33.466,216.12800000000001,0.0,matmul-64x128x64,220996.6769996754,654.457,364052.2330000562,222.4320024251938,207.516,Current,one_shot,259954.32700017717,259299.87000017718,29,,measured,0.0,38007.920000382,929
33.515,222.269,0.0,matmul-64x128x64,174459.18700013863,692.904,322508.3350006867,256.1599910259247,241.242,Predicted,one_shot,218410.42900080766,217717.52500080765,29,,measured,6024.364999575482,37232.894000226224,929
34.251000000000005,217.573,0.0,matmul-64x128x64,220996.6769996754,653.962,364051.7380000562,218.4000015258789,203.451,Current,one_shot,259953.83200017718,259299.87000017718,30,,measured,0.0,38007.920000382,929
33.17,217.68500000000003,0.0,matmul-64x128x64,220996.6769996754,689.236,401619.8199999797,256.76798820495605,242.107,Random,one_shot,297521.9140001007,296832.6780001007,30,37532.807999923534,measured,0.0,38007.920000382,929
33.58,221.16199999999995,0.0,matmul-64x128x64,174459.18700013863,689.187,322504.61800068663,253.66398692131042,238.554,Predicted,one_shot,218406.71200080766,217717.52500080765,30,,measured,6024.364999575482,37232.894000226224,929
36.648,253.262,0.0,matmul-64x128x64,220996.6769996754,1290.528,402221.1119999797,812.4160170555115,236.635,Random,one_shot,298123.2060001007,296832.6780001007,31,37532.807999923534,measured,0.0,38007.920000382,929
33.223,220.085,0.0,matmul-64x128x64,174459.18700013863,668.514,322483.9450006867,230.14399409294128,214.363,Predicted,one_shot,218386.03900080765,217717.52500080765,31,,measured,6024.364999575482,37232.894000226224,929
34.012,222.53199999999998,0.0,matmul-64x128x64,220996.6769996754,707.986,364105.7620000562,267.10399985313416,247.162,Current,one_shot,260007.85600017718,259299.87000017718,31,,measured,0.0,38007.920000382,929
33.879000000000005,217.776,0.0,matmul-64x128x64,220996.6769996754,692.355,401622.9389999797,256.79999589920044,242.138,Random,one_shot,297525.0330001007,296832.6780001007,32,37532.807999923534,measured,0.0,38007.920000382,929
33.259,220.238,0.0,matmul-64x128x64,174459.18700013863,691.346,322506.7770006866,253.56799364089966,238.651,Predicted,one_shot,218408.87100080765,217717.52500080765,32,,measured,6024.364999575482,37232.894000226224,929
33.546,268.657,0.0,matmul-64x128x64,220996.6769996754,767.915,364165.6910000562,263.35999369621277,248.603,Current,one_shot,260067.7850001772,259299.87000017718,32,,measured,0.0,38007.920000382,929
33.578,222.268,0.0,matmul-64x128x64,174459.18700013863,690.701,322506.13200068666,236.80000007152557,207.259,Predicted,one_shot,218408.22600080766,217717.52500080765,33,,measured,6024.364999575482,37232.894000226224,929
33.811,219.998,0.0,matmul-64x128x64,220996.6769996754,648.66,364046.4360000562,213.82400393486023,199.324,Current,one_shot,259948.53000017718,259299.87000017718,33,,measured,0.0,38007.920000382,929
33.834,224.19299999999998,0.0,matmul-64x128x64,220996.6769996754,697.61,401628.1939999797,257.5039863586426,242.618,Random,one_shot,297530.2880001007,296832.6780001007,33,37532.807999923534,measured,0.0,38007.920000382,929
32.684,142.736,0.0,matmul-64x128x64,220996.6769996754,570.871,401501.4549999797,215.07200598716736,200.22,Random,one_shot,297403.5490001007,296832.6780001007,34,37532.807999923534,measured,0.0,38007.920000382,929
80.1,221.96400000000003,0.0,matmul-64x128x64,174459.18700013863,761.434,322576.86500068667,257.24801421165466,238.491,Predicted,one_shot,218478.95900080766,217717.52500080765,34,,measured,6024.364999575482,37232.894000226224,929
33.626000000000005,222.74400000000003,0.0,matmul-64x128x64,220996.6769996754,696.961,364094.7370000562,260.3200078010559,245.851,Current,one_shot,259996.8310001772,259299.87000017718,34,,measured,0.0,38007.920000382,929
33.227000000000004,224.664,0.0,matmul-64x128x64,174459.18700013863,661.166,322476.5970006867,221.5680032968521,206.3,Predicted,one_shot,218378.69100080765,217717.52500080765,35,,measured,6024.364999575482,37232.894000226224,929
33.132,223.75099999999998,0.0,matmul-64x128x64,220996.6769996754,710.334,364108.1100000562,213.76000344753265,199.26,Current,one_shot,260010.20400017718,259299.87000017718,35,,measured,0.0,38007.920000382,929
33.722,222.651,0.0,matmul-64x128x64,220996.6769996754,693.118,401623.70199997973,256.99201226234436,242.394,Random,one_shot,297525.79600010073,296832.6780001007,35,37532.807999923534,measured,0.0,38007.920000382,929
33.531,219.724,0.0,matmul-64x128x64,220996.6769996754,659.161,364056.93700005615,224.67200458049774,209.404,Current,one_shot,259959.03100017717,259299.87000017718,36,,measured,0.0,38007.920000382,929
33.717,219.25799999999998,0.0,matmul-64x128x64,220996.6769996754,684.965,401615.54899997974,250.71999430656433,236.187,Random,one_shot,297517.64300010074,296832.6780001007,36,37532.807999923534,measured,0.0,38007.920000382,929
33.259,224.84699999999998,0.0,matmul-64x128x64,174459.18700013863,692.612,322508.0430006867,254.30399179458618,239.674,Predicted,one_shot,218410.13700080765,217717.52500080765,36,,measured,6024.364999575482,37232.894000226224,929
34.397,219.425,0.0,matmul-64x128x64,220996.6769996754,698.125,364095.9010000562,262.84798979759216,248.058,Current,one_shot,259997.99500017718,259299.87000017718,37,,measured,0.0,38007.920000382,929
33.219,217.558,0.0,matmul-64x128x64,174459.18700013863,650.812,322466.24300068663,218.78400444984436,204.027,Predicted,one_shot,218368.33700080766,217717.52500080765,37,,measured,6024.364999575482,37232.894000226224,929
34.678,220.48,0.0,matmul-64x128x64,220996.6769996754,695.572,401626.1559999797,256.6719949245453,242.139,Random,one_shot,297528.2500001007,296832.6780001007,37,37532.807999923534,measured,0.0,38007.920000382,929
33.675,254.431,0.0,matmul-64x128x64,220996.6769996754,735.102,364132.8780000562,255.71200251579285,239.994,Current,one_shot,260034.9720001772,259299.87000017718,38,,measured,0.0,38007.920000382,929
33.832,217.684,0.0,matmul-64x128x64,174459.18700013863,690.185,322505.61600068666,257.1200132369995,242.106,Predicted,one_shot,218407.71000080765,217717.52500080765,38,,measured,6024.364999575482,37232.894000226224,929
33.183,217.888,0.0,matmul-64x128x64,220996.6769996754,688.163,401618.7469999797,256.7040026187897,241.147,Random,one_shot,297520.8410001007,296832.6780001007,38,37532.807999923534,measured,0.0,38007.920000382,929
33.489999999999995,219.06600000000003,0.0,matmul-64x128x64,220996.6769996754,687.49,364085.2660000562,254.7520101070404,240.059,Current,one_shot,259987.36000017717,259299.87000017718,39,,measured,0.0,38007.920000382,929
33.564,217.92600000000002,0.0,matmul-64x128x64,220996.6769996754,682.292,401612.87599997973,252.31999158859253,237.787,Random,one_shot,297514.97000010073,296832.6780001007,39,37532.807999923534,measured,0.0,38007.920000382,929
35.239000000000004,223.36900000000003,0.0,matmul-64x128x64,174459.18700013863,699.273,322514.70400068664,254.27201390266418,238.97,Predicted,one_shot,218416.79800080764,217717.52500080765,39,,measured,6024.364999575482,37232.894000226224,929
32.908,144.77499999999998,0.0,matmul-64x128x64,174459.18700013863,560.957,322376.38800068665,201.79200172424316,187.067,Predicted,one_shot,218278.48200080765,217717.52500080765,40,,measured,6024.364999575482,37232.894000226224,929
34.267,221.028,0.0,matmul-64x128x64,220996.6769996754,696.292,364094.0680000562,261.34398579597473,246.33,Current,one_shot,259996.16200017717,259299.87000017718,40,,measured,0.0,38007.920000382,929
34.79,220.94400000000002,0.0,matmul-64x128x64,220996.6769996754,692.058,401622.64199997974,256.3839852809906,242.043,Random,one_shot,297524.73600010073,296832.6780001007,40,37532.807999923534,measured,0.0,38007.920000382,929
32.61,144.98,0.0,matmul-64x128x64,220996.6769996754,572.207,401502.7909999797,214.88000452518463,199.964,Random,one_shot,297404.8850001007,296832.6780001007,41,37532.807999923534,measured,0.0,38007.920000382,929
33.266999999999996,217.91799999999998,0.0,matmul-64x128x64,220996.6769996754,654.516,364052.2920000562,224.0000069141388,209.563,Current,one_shot,259954.38600017718,259299.87000017718,41,,measured,0.0,38007.920000382,929
34.057,222.103,0.0,matmul-64x128x64,174459.18700013863,697.056,322512.4870006867,260.3839933872223,245.594,Predicted,one_shot,218414.58100080767,217717.52500080765,41,,measured,6024.364999575482,37232.894000226224,929
32.93,142.979,0.0,matmul-64x128x64,174459.18700013863,556.377,322371.8080006867,201.53599977493286,187.004,Predicted,one_shot,218273.90200080766,217717.52500080765,42,,measured,6024.364999575482,37232.894000226224,929
33.89,219.75,0.0,matmul-64x128x64,220996.6769996754,692.443,401623.02699997975,256.415992975235,241.403,Random,one_shot,297525.12100010074,296832.6780001007,42,37532.807999923534,measured,0.0,38007.920000382,929
33.416000000000004,221.09799999999998,0.0,matmul-64x128x64,220996.6769996754,694.032,364091.8080000562,257.4720084667206,242.65,Current,one_shot,259993.9020001772,259299.87000017718,42,,measured,0.0,38007.920000382,929
34.117,286.32,0.0,matmul-64x128x64,174459.18700013863,764.301,322579.7320006867,258.4959864616394,242.875,Predicted,one_shot,218481.82600080766,217717.52500080765,43,,measured,6024.364999575482,37232.894000226224,929
35.464999999999996,220.62999999999997,0.0,matmul-64x128x64,220996.6769996754,695.946,401626.5299999797,256.03199005126953,241.658,Random,one_shot,297528.6240001007,296832.6780001007,43,37532.807999923534,measured,0.0,38007.920000382,929
33.764,221.615,0.0,matmul-64x128x64,220996.6769996754,692.109,364089.8850000562,255.16799092292786,240.251,Current,one_shot,259991.97900017718,259299.87000017718,43,,measured,0.0,38007.920000382,929
32.616,147.853,0.0,matmul-64x128x64,220996.6769996754,563.086,363960.8620000562,199.8080015182495,185.34,Current,one_shot,259862.9560001772,259299.87000017718,44,,measured,0.0,38007.920000382,929
33.545,254.768,0.0,matmul-64x128x64,174459.18700013863,730.806,322546.2370006867,256.99201226234436,241.595,Predicted,one_shot,218448.33100080767,217717.52500080765,44,,measured,6024.364999575482,37232.894000226224,929
33.636,218.12,0.0,matmul-64x128x64,220996.6769996754,691.314,401621.89799997973,256.1599910259247,241.242,Random,one_shot,297523.9920001007,296832.6780001007,44,37532.807999923534,measured,0.0,38007.920000382,929
32.309,141.78099999999998,0.0,matmul-64x128x64,220996.6769996754,570.883,401501.4669999797,214.1440063714981,199.643,Random,one_shot,297403.5610001007,296832.6780001007,45,37532.807999923534,measured,0.0,38007.920000382,929
33.303,221.05700000000002,0.0,matmul-64x128x64,174459.18700013863,667.838,322483.26900068665,230.68800568580627,215.835,Predicted,one_shot,218385.36300080764,217717.52500080765,45,,measured,6024.364999575482,37232.894000226224,929
33.39,219.20400000000004,0.0,matmul-64x128x64,220996.6769996754,693.863,364091.6390000562,261.56800985336304,246.971,Current,one_shot,259993.7330001772,259299.87000017718,45,,measured,0.0,38007.920000382,929
33.964999999999996,219.13199999999998,0.0,matmul-64x128x64,174459.18700013863,655.813,322471.2440006867,221.27999365329742,206.267,Predicted,one_shot,218373.33800080765,217717.52500080765,46,,measured,6024.364999575482,37232.894000226224,929
33.443,219.782,0.0,matmul-64x128x64,220996.6769996754,972.133,401902.7169999797,256.9279968738556,241.563,Random,one_shot,297804.8110001007,296832.6780001007,46,37532.807999923534,measured,0.0,38007.920000382,929
33.799,220.527,0.0,matmul-64x128x64,220996.6769996754,691.8,364089.5760000562,255.16799092292786,239.931,Current,one_shot,259991.67000017717,259299.87000017718,46,,measured,0.0,38007.920000382,929
35.001,234.87500000000003,0.0,matmul-64x128x64,220996.6769996754,727.685,401658.2689999797,251.8399953842163,237.211,Random,one_shot,297560.3630001007,296832.6780001007,47,37532.807999923534,measured,0.0,38007.920000382,929
34.539,216.784,0.0,matmul-64x128x64,220996.6769996754,656.492,364054.26800005615,223.1680005788803,208.347,Current,one_shot,259956.36200017718,259299.87000017718,47,,measured,0.0,38007.920000382,929
63.001000000000005,220.022,0.0,matmul-64x128x64,174459.18700013863,719.321,322534.75200068665,256.03199005126953,240.922,Predicted,one_shot,218436.84600080765,217717.52500080765,47,,measured,6024.364999575482,37232.894000226224,929
33.666,224.528,0.0,matmul-64x128x64,220996.6769996754,697.362,401627.94599997974,256.3839852809906,241.339,Random,one_shot,297530.04000010074,296832.6780001007,48,37532.807999923534,measured,0.0,38007.920000382,929
33.528999999999996,223.67899999999997,0.0,matmul-64x128x64,220996.6769996754,692.413,364090.1890000562,253.91998887062073,239.418,Current,one_shot,259992.28300017718,259299.87000017718,48,,measured,0.0,38007.920000382,929
33.793,226.64599999999996,0.0,matmul-64x128x64,174459.18700013863,697.613,322513.04400068667,255.96800446510315,241.403,Predicted,one_shot,218415.13800080767,217717.52500080765,48,,measured,6024.364999575482,37232.894000226224,929
33.21,224.60200000000003,0.0,matmul-64x128x64,220996.6769996754,694.547,401625.13099997974,255.77598810195923,241.051,Random,one_shot,297527.22500010073,296832.6780001007,49,37532.807999923534,measured,0.0,38007.920000382,929
33.614000000000004,218.74599999999998,0.0,matmul-64x128x64,174459.18700013863,663.781,322479.2120006867,230.6559979915619,215.995,Predicted,one_shot,218381.30600080764,217717.52500080765,49,,measured,6024.364999575482,37232.894000226224,929
33.927,222.38200000000003,0.0,matmul-64x128x64,220996.6769996754,699.982,364097.75800005614,261.3759934902191,246.298,Current,one_shot,259999.85200017717,259299.87000017718,49,,measured,0.0,38007.920000382,929
32.765,143.928,0.0,matmul-64x128x64,220996.6769996754,557.533,363955.3090000562,200.00000298023224,185.244,Current,one_shot,259857.40300017718,259299.87000017718,50,,measured,0.0,38007.920000382,929
33.857,219.632,0.0,matmul-64x128x64,174459.18700013863,652.614,322468.04500068666,218.04800629615784,203.259,Predicted,one_shot,218370.13900080766,217717.52500080765,50,,measured,6024.364999575482,37232.894000226224,929
34.772999999999996,218.99099999999999,0.0,matmul-64x128x64,220996.6769996754,691.813,401622.39699997974,256.3839852809906,241.787,Random,one_shot,297524.49100010074,296832.6780001007,50,37532.807999923534,measured,0.0,38007.920000382,929
34.004000000000005,221.24599999999998,0.0,matmul-64x128x64,174459.18700013863,663.75,322479.18100068666,228.7359982728958,213.916,Predicted,one_shot,218381.27500080765,217717.52500080765,51,,measured,6024.364999575482,37232.894000226224,929
33.338,216.17499999999998,0.0,matmul-64x128x64,220996.6769996754,677.799,401608.3829999797,249.2160052061081,234.555,Random,one_shot,297510.4770001007,296832.6780001007,51,37532.807999923534,measured,0.0,38007.920000382,929
34.143,224.572,0.0,matmul-64x128x64,220996.6769996754,697.303,364095.0790000562,256.8640112876892,241.723,Current,one_shot,259997.1730001772,259299.87000017718,51,,measured,0.0,38007.920000382,929
33.387,219.90499999999997,0.0,matmul-64x128x64,174459.18700013863,690.652,322506.08300068666,256.415992975235,241.627,Predicted,one_shot,218408.17700080766,217717.52500080765,52,,measured,6024.364999575482,37232.894000226224,929
34.805,260.103,0.0,matmul-64x128x64,220996.6769996754,694.513,364092.2890000562,217.66400337219238,203.419,Current,one_shot,259994.3830001772,259299.87000017718,52,,measured,0.0,38007.920000382,929
34.385999999999996,219.476,0.0,matmul-64x128x64,220996.6769996754,690.571,401621.1549999797,257.31199979782104,242.171,Random,one_shot,297523.2490001007,296832.6780001007,52,37532.807999923534,measured,0.0,38007.920000382,929
33.477999999999994,217.83300000000003,0.0,matmul-64x128x64,220996.6769996754,654.935,364052.7110000562,224.5119959115982,209.947,Current,one_shot,259954.80500017718,259299.87000017718,53,,measured,0.0,38007.920000382,929
33.133,217.983,0.0,matmul-64x128x64,174459.18700013863,688.0,322503.43100068666,256.19199872016907,241.018,Predicted,one_shot,218405.52500080765,217717.52500080765,53,,measured,6024.364999575482,37232.894000226224,929
33.436,217.691,0.0,matmul-64x128x64,220996.6769996754,687.661,401618.24499997974,256.7040026187897,241.659,Random,one_shot,297520.33900010074,296832.6780001007,53,37532.807999923534,measured,0.0,38007.920000382,929
34.253,218.49200000000002,0.0,matmul-64x128x64,174459.18700013863,662.491,322477.92200068664,231.00799322128296,216.348,Predicted,one_shot,218380.01600080766,217717.52500080765,54,,measured,6024.364999575482,37232.894000226224,929
36.03,217.182,0.0,matmul-64x128x64,220996.6769996754,695.729,364093.5050000562,261.53600215911865,246.586,Current,one_shot,259995.59900017717,259299.87000017718,54,,measured,0.0,38007.920000382,929
33.401,216.989,0.0,matmul-64x128x64,220996.6769996754,688.019,401618.6029999797,256.6080093383789,241.978,Random,one_shot,297520.6970001007,296832.6780001007,54,37532.807999923534,measured,0.0,38007.920000382,929
35.059,221.263,0.0,matmul-64x128x64,220996.6769996754,669.508,364067.2840000562,229.5359969139099,214.619,Current,one_shot,259969.37800017718,259299.87000017718,55,,measured,0.0,38007.920000382,929
48.016999999999996,216.76,0.0,matmul-64x128x64,220996.6769996754,695.942,401626.5259999797,250.94398856163025,236.25,Random,one_shot,297528.6200001007,296832.6780001007,55,37532.807999923534,measured,0.0,38007.920000382,929
34.682,223.76500000000001,0.0,matmul-64x128x64,174459.18700013863,691.729,322507.16000068665,253.1839907169342,238.139,Predicted,one_shot,218409.25400080765,217717.52500080765,55,,measured,6024.364999575482,37232.894000226224,929
33.691,219.004,0.0,matmul-64x128x64,220996.6769996754,725.58,401656.16399997973,251.00800395011902,236.154,Random,one_shot,297558.25800010073,296832.6780001007,56,37532.807999923534,measured,0.0,38007.920000382,929
32.486,221.44700000000003,0.0,matmul-64x128x64,174459.18700013863,664.255,322479.68600068666,229.8559993505478,214.492,Predicted,one_shot,218381.78000080766,217717.52500080765,56,,measured,6024.364999575482,37232.894000226224,929
33.745,224.71800000000005,0.0,matmul-64x128x64,220996.6769996754,700.673,364098.4490000562,261.79200410842896,246.779,Current,one_shot,260000.5430001772,259299.87000017718,56,,measured,0.0,38007.920000382,929
33.047,220.26500000000001,0.0,matmul-64x128x64,174459.18700013863,656.625,322472.05600068666,221.72799706459045,207.26,Predicted,one_shot,218374.15000080765,217717.52500080765,57,,measured,6024.364999575482,37232.894000226224,929
34.507,219.356,0.0,matmul-64x128x64,220996.6769996754,651.709,364049.4850000562,215.7440036535263,200.571,Current,one_shot,259951.57900017718,259299.87000017718,57,,measured,0.0,38007.920000382,929
49.111000000000004,219.92000000000002,0.0,matmul-64x128x64,220996.6769996754,706.751,401637.3349999797,256.6719949245453,242.074,Random,one_shot,297539.4290001007,296832.6780001007,57,37532.807999923534,measured,0.0,38007.920000382,929
33.717,220.46799999999996,0.0,matmul-64x128x64,174459.18700013863,708.511,322523.94200068666,271.2959945201874,238.555,Predicted,one_shot,218426.03600080765,217717.52500080765,58,,measured,6024.364999575482,37232.894000226224,929
33.807,218.504,0.0,matmul-64x128x64,220996.6769996754,684.34,401614.92399997974,252.128005027771,236.539,Random,one_shot,297517.01800010074,296832.6780001007,58,37532.807999923534,measured,0.0,38007.920000382,929
33.742,268.71099999999996,0.0,matmul-64x128x64,220996.6769996754,738.56,364136.3360000562,255.71200251579285,241.147,Current,one_shot,260038.43000017718,259299.87000017718,58,,measured,0.0,38007.920000382,929
33.334,216.58800000000002,0.0,matmul-64x128x64,220996.6769996754,682.922,401613.50599997974,253.24800610542297,238.234,Random,one_shot,297515.60000010073,296832.6780001007,59,37532.807999923534,measured,0.0,38007.920000382,929
32.973,222.02199999999993,0.0,matmul-64x128x64,174459.18700013863,688.779,322504.2100006867,253.88801097869873,239.099,Predicted,one_shot,218406.30400080766,217717.52500080765,59,,measured,6024.364999575482,37232.894000226224,929
33.454,219.49699999999999,0.0,matmul-64x128x64,220996.6769996754,697.81,364095.5860000562,264.2560005187988,249.818,Current,one_shot,259997.68000017718,259299.87000017718,59,,measured,0.0,38007.920000382,929
33.501,218.85299999999998,0.0,matmul-64x128x64,220996.6769996754,690.723,401621.3069999797,256.8320035934448,242.555,Random,one_shot,297523.4010001007,296832.6780001007,60,37532.807999923534,measured,0.0,38007.920000382,929
41.2,219.488,0.0,matmul-64x128x64,220996.6769996754,669.562,364067.3380000562,224.95999932289124,210.203,Current,one_shot,259969.43200017718,259299.87000017718,60,,measured,0.0,38007.920000382,929
34.624,220.11999999999995,0.0,matmul-64x128x64,174459.18700013863,693.897,322509.32800068666,256.3520073890686,241.595,Predicted,one_shot,218411.42200080765,217717.52500080765,60,,measured,6024.364999575482,37232.894000226224,929
33.61,216.321,0.0,matmul-64x128x64,220996.6769996754,649.459,364047.2350000562,217.98400580883026,203.163,Current,one_shot,259949.32900017718,259299.87000017718,61,,measured,0.0,38007.920000382,929
34.525999999999996,221.50000000000003,0.0,matmul-64x128x64,220996.6769996754,972.734,401903.3179999797,258.976012468338,242.65,Random,one_shot,297805.4120001007,296832.6780001007,61,37532.807999923534,measured,0.0,38007.920000382,929
34.254999999999995,221.851,0.0,matmul-64x128x64,174459.18700013863,694.661,322510.0920006867,253.63200902938843,238.426,Predicted,one_shot,218412.18600080765,217717.52500080765,61,,measured,6024.364999575482,37232.894000226224,929
34.67,222.68200000000004,0.0,matmul-64x128x64,220996.6769996754,698.537,364096.3130000562,260.5440020561218,245.594,Current,one_shot,259998.4070001772,259299.87000017718,62,,measured,0.0,38007.920000382,929
34.112,219.00299999999996,0.0,matmul-64x128x64,220996.6769996754,692.084,401622.6679999797,257.31199979782104,242.395,Random,one_shot,297524.7620001007,296832.6780001007,62,37532.807999923534,measured,0.0,38007.920000382,929
33.624,220.419,0.0,matmul-64x128x64,174459.18700013863,689.762,322505.19300068665,254.40001487731934,238.778,Predicted,one_shot,218407.28700080764,217717.52500080765,62,,measured,6024.364999575482,37232.894000226224,929
33.574,219.077,0.0,matmul-64x128x64,220996.6769996754,685.524,401616.1079999797,251.13600492477417,236.571,Random,one_shot,297518.2020001007,296832.6780001007,63,37532.807999923534,measured,0.0,38007.920000382,929
34.192,220.95399999999998,0.0,matmul-64x128x64,220996.6769996754,694.94,364092.7160000562,259.10401344299316,244.475,Current,one_shot,259994.81000017718,259299.87000017718,63,,measured,0.0,38007.920000382,929
33.736,220.59799999999998,0.0,matmul-64x128x64,174459.18700013863,692.858,322508.28900068667,257.24801421165466,241.594,Predicted,one_shot,218410.38300080766,217717.52500080765,63,,measured,6024.364999575482,37232.894000226224,929
32.708,,,matmul-64x128x64,,231.523,,198.2720047235489,184.476,Current,resident,,,0,,warmup,,,930
35.635,,,matmul-64x128x64,,293.299,,260.70401072502136,246.395,Random,resident,,,0,,warmup,,,930
33.018,,,matmul-64x128x64,,262.267,,230.78399896621704,217.595,Predicted,resident,,,0,,warmup,,,930
31.375999999999998,,,matmul-64x128x64,,231.098,,199.16799664497375,186.907,Predicted,resident,,,1,,warmup,,,930
31.755,,,matmul-64x128x64,,245.721,,214.49600160121918,201.34,Random,resident,,,1,,warmup,,,930
33.769999999999996,,,matmul-64x128x64,,290.263,,257.53599405288696,244.73,Current,resident,,,1,,warmup,,,930
32.455,,,matmul-64x128x64,,245.311,,213.3760005235672,200.763,Random,resident,,,2,,warmup,,,930
33.06,,,matmul-64x128x64,,228.429,,196.79999351501465,184.38,Current,resident,,,2,,warmup,,,930
32.312,,,matmul-64x128x64,,284.528,,252.31999158859253,239.547,Predicted,resident,,,2,,warmup,,,930
32.069,,,matmul-64x128x64,,278.822,,247.0400035381317,233.467,Random,resident,,,3,,warmup,,,930
33.153999999999996,,,matmul-64x128x64,,293.256,,261.56800985336304,248.506,Current,resident,,,3,,warmup,,,930
33.163,,,matmul-64x128x64,,282.337,,250.5599856376648,237.883,Predicted,resident,,,3,,warmup,,,930
32.297,,,matmul-64x128x64,,230.398,,198.59200716018677,186.62,Predicted,resident,,,4,,warmup,,,930
35.254,,,matmul-64x128x64,,277.873,,246.5279996395111,233.466,Random,resident,,,4,,warmup,,,930
33.157,,,matmul-64x128x64,,294.242,,262.65600323677063,249.402,Current,resident,,,4,,warmup,,,930
35.195,,,matmul-64x128x64,,230.901,,197.11999595165253,184.604,Current,resident,,,5,,warmup,,,930
32.476,,,matmul-64x128x64,,245.118,,212.92799711227417,199.931,Random,resident,,,5,,warmup,,,930
33.355,,,matmul-64x128x64,,288.337,,256.48000836372375,243.194,Predicted,resident,,,5,,warmup,,,930
32.984,,,matmul-64x128x64,,233.154,,200.6080001592636,186.652,Predicted,resident,,,6,,warmup,,,930
33.936,,,matmul-64x128x64,,297.327,,265.31198620796204,251.963,Current,resident,,,6,,warmup,,,930
32.192,,,matmul-64x128x64,,295.593,,249.02400374412537,235.867,Random,resident,,,6,,warmup,,,930
33.122,,,matmul-64x128x64,,281.699,,249.59999322891235,236.539,Predicted,resident,,,7,,warmup,,,930
32.359,,,matmul-64x128x64,,245.637,,213.53599429130554,201.276,Random,resident,,,7,,warmup,,,930
34.355,,,matmul-64x128x64,,300.707,,268.0320143699646,255.034,Current,resident,,,7,,warmup,,,930
33.329,,,matmul-64x128x64,,284.059,,253.12000513076782,239.835,Predicted,resident,,,8,,warmup,,,930
32.218,,,matmul-64x128x64,,280.083,,248.73599410057068,235.61,Random,resident,,,8,,warmup,,,930
33.353,,,matmul-64x128x64,,295.641,,263.71198892593384,250.362,Current,resident,,,8,,warmup,,,930
32.422,,,matmul-64x128x64,,282.83,,251.42401456832886,238.715,Predicted,resident,,,9,,warmup,,,930
31.584,,,matmul-64x128x64,,278.939,,247.0719963312149,234.266,Random,resident,,,9,,warmup,,,930
32.45,,,matmul-64x128x64,,294.976,,263.3279860019684,250.587,Current,resident,,,9,,warmup,,,930
32.424,,,matmul-64x128x64,,228.11,,196.79999351501465,184.444,Current,resident,,,10,,warmup,,,930
31.835,,,matmul-64x128x64,,284.112,,252.0959973335266,239.291,Predicted,resident,,,10,,warmup,,,930
32.162,,,matmul-64x128x64,,279.439,,247.6480007171631,235.035,Random,resident,,,10,,warmup,,,930
32.464,,,matmul-64x128x64,,233.202,,200.73600113391876,188.315,Predicted,resident,,,11,,warmup,,,930
31.271,,,matmul-64x128x64,,245.465,,213.69600296020508,201.115,Random,resident,,,11,,warmup,,,930
32.889,,,matmul-64x128x64,,301.531,,268.92799139022827,256.09,Current,resident,,,11,,warmup,,,930
31.802,,,matmul-64x128x64,,244.958,,213.59999477863312,200.795,Random,resident,,,12,,warmup,,,930
32.414,,,matmul-64x128x64,,228.621,,196.70400023460388,184.412,Current,resident,,,12,,warmup,,,930
33.7,,,matmul-64x128x64,,289.721,,257.7599883079529,245.018,Predicted,resident,,,12,,warmup,,,930
31.362000000000002,,,matmul-64x128x64,,230.611,,198.91199469566345,186.876,Predicted,resident,,,13,,warmup,,,930
32.245000000000005,,,matmul-64x128x64,,279.567,,248.03200364112854,235.323,Random,resident,,,13,,warmup,,,930
32.787,,,matmul-64x128x64,,296.601,,264.95999097824097,251.898,Current,resident,,,13,,warmup,,,930
32.21,,,matmul-64x128x64,,228.26,,196.79999351501465,184.283,Current,resident,,,14,,warmup,,,930
32.351,,,matmul-64x128x64,,245.604,,213.44000101089478,200.924,Random,resident,,,14,,warmup,,,930
31.953000000000003,,,matmul-64x128x64,,287.854,,256.25601410865784,243.738,Predicted,resident,,,14,,warmup,,,930
32.447,,,matmul-64x128x64,,245.715,,213.79199624061584,201.147,Random,resident,,,15,,warmup,,,930
32.704,,,matmul-64x128x64,,301.25,,268.095999956131,255.258,Current,resident,,,15,,warmup,,,930
31.783,,,matmul-64x128x64,,284.373,,252.70399451255798,239.93,Predicted,resident,,,15,,warmup,,,930
32.59,,,matmul-64x128x64,,228.934,,197.37599790096283,184.476,Current,resident,,,0,,measured,,,930
31.669,,,matmul-64x128x64,,231.832,,199.8080015182495,186.78,Predicted,resident,,,0,,measured,,,930
31.876,,,matmul-64x128x64,,282.272,,250.59199333190918,237.787,Random,resident,,,0,,measured,,,930
31.215,,,matmul-64x128x64,,244.429,,212.5760018825531,199.868,Random,resident,,,1,,measured,,,930
31.838,,,matmul-64x128x64,,310.402,,264.5759880542755,251.707,Current,resident,,,1,,measured,,,930
32.882999999999996,,,matmul-64x128x64,,284.344,,252.19199061393738,239.611,Predicted,resident,,,1,,measured,,,930
32.721000000000004,,,matmul-64x128x64,,230.494,,199.0399956703186,186.812,Predicted,resident,,,2,,measured,,,930
32.745,,,matmul-64x128x64,,280.555,,248.86399507522583,236.442,Random,resident,,,2,,measured,,,930
31.840999999999998,,,matmul-64x128x64,,296.628,,264.8960053920746,252.602,Current,resident,,,2,,measured,,,930
31.261,,,matmul-64x128x64,,228.041,,196.76800072193146,184.572,Current,resident,,,3,,measured,,,930
31.840000000000003,,,matmul-64x128x64,,245.418,,212.92799711227417,200.699,Random,resident,,,3,,measured,,,930
31.83,,,matmul-64x128x64,,287.743,,255.67999482154846,243.194,Predicted,resident,,,3,,measured,,,930
31.301000000000002,,,matmul-64x128x64,,246.112,,214.1759991645813,201.467,Random,resident,,,4,,measured,,,930
31.972,,,matmul-64x128x64,,232.798,,201.4079988002777,188.54,Predicted,resident,,,4,,measured,,,930
33.326,,,matmul-64x128x64,,300.28,,269.0880000591278,256.09,Current,resident,,,4,,measured,,,930
68.783,,,matmul-64x128x64,,279.354,,248.6400008201599,236.026,Random,resident,,,5,,measured,,,930
32.107,,,matmul-64x128x64,,282.488,,250.91201066970825,238.011,Predicted,resident,,,5,,measured,,,930
32.839,,,matmul-64x128x64,,296.107,,264.70398902893066,252.09,Current,resident,,,5,,measured,,,930
33.553,,,matmul-64x128x64,,230.571,,198.81600141525269,186.747,Predicted,resident,,,6,,measured,,,930
33.176,,,matmul-64x128x64,,228.684,,196.79999351501465,184.284,Current,resident,,,6,,measured,,,930
31.490000000000002,,,matmul-64x128x64,,281.35,,250.0160038471222,237.722,Random,resident,,,6,,measured,,,930
32.147,,,matmul-64x128x64,,227.371,,196.86399400234222,184.476,Current,resident,,,7,,measured,,,930
33.706,,,matmul-64x128x64,,286.381,,254.91198897361755,241.914,Predicted,resident,,,7,,measured,,,930
31.683,,,matmul-64x128x64,,282.32,,250.7840096950531,238.042,Random,resident,,,7,,measured,,,930
31.812,,,matmul-64x128x64,,299.173,,267.7760124206543,254.426,Current,resident,,,8,,measured,,,930
33.826,,,matmul-64x128x64,,288.024,,255.93599677085876,243.227,Predicted,resident,,,8,,measured,,,930
31.939,,,matmul-64x128x64,,279.779,,248.35200607776642,235.675,Random,resident,,,8,,measured,,,930
32.424,,,matmul-64x128x64,,232.145,,200.9280025959015,188.251,Predicted,resident,,,9,,measured,,,930
31.177999999999997,,,matmul-64x128x64,,245.081,,213.50400149822235,201.244,Random,resident,,,9,,measured,,,930
32.784,,,matmul-64x128x64,,301.515,,270.01601457595825,257.242,Current,resident,,,9,,measured,,,930
34.059,,,matmul-64x128x64,,286.448,,254.94399666786194,241.562,Predicted,resident,,,10,,measured,,,930
32.039,,,matmul-64x128x64,,228.745,,196.76800072193146,184.348,Current,resident,,,10,,measured,,,930
31.731,,,matmul-64x128x64,,281.596,,250.11199712753296,237.402,Random,resident,,,10,,measured,,,930
31.613,,,matmul-64x128x64,,228.568,,197.08800315856934,184.476,Current,resident,,,11,,measured,,,930
31.75,,,matmul-64x128x64,,244.092,,212.73599565029144,199.963,Random,resident,,,11,,measured,,,930
32.726,,,matmul-64x128x64,,290.932,,259.16799902915955,246.362,Predicted,resident,,,11,,measured,,,930
32.695,,,matmul-64x128x64,,301.192,,269.82399821281433,256.634,Current,resident,,,12,,measured,,,930
31.595,,,matmul-64x128x64,,281.958,,250.5599856376648,237.562,Random,resident,,,12,,measured,,,930
37.61,,,matmul-64x128x64,,285.559,,254.04798984527588,240.571,Predicted,resident,,,12,,measured,,,930
31.714,,,matmul-64x128x64,,230.711,,199.39200580120087,186.94,Predicted,resident,,,13,,measured,,,930
32.87,,,matmul-64x128x64,,301.884,,269.9199914932251,257.818,Current,resident,,,13,,measured,,,930
61.143,,,matmul-64x128x64,,281.986,,250.11199712753296,237.435,Random,resident,,,13,,measured,,,930
31.255,,,matmul-64x128x64,,243.791,,212.73599565029144,200.315,Random,resident,,,14,,measured,,,930
32.272999999999996,,,matmul-64x128x64,,310.554,,278.8800001144409,266.106,Predicted,resident,,,14,,measured,,,930
33.163,,,matmul-64x128x64,,324.971,,291.9999957084656,279.514,Current,resident,,,14,,measured,,,930
32.620999999999995,,,matmul-64x128x64,,320.899,,273.24798703193665,260.506,Random,resident,,,15,,measured,,,930
32.278,,,matmul-64x128x64,,307.032,,274.97598528862,261.85,Predicted,resident,,,15,,measured,,,930
32.264,,,matmul-64x128x64,,322.397,,290.71998596191406,277.209,Current,resident,,,15,,measured,,,930
32.435,,,matmul-64x128x64,,255.894,,224.2880016565323,210.843,Predicted,resident,,,16,,measured,,,930
32.882,,,matmul-64x128x64,,252.412,,220.8320051431656,208.219,Current,resident,,,16,,measured,,,930
32.296,,,matmul-64x128x64,,306.763,,275.29600262641907,261.914,Random,resident,,,16,,measured,,,930
33.767,,,matmul-64x128x64,,253.131,,221.02400660514832,208.38,Current,resident,,,17,,measured,,,930
32.51,,,matmul-64x128x64,,313.763,,282.04798698425293,269.498,Predicted,resident,,,17,,measured,,,930
32.901,,,matmul-64x128x64,,305.02,,273.6000120639801,260.73,Random,resident,,,17,,measured,,,930
32.639,,,matmul-64x128x64,,256.911,,224.86400604248047,212.155,Predicted,resident,,,18,,measured,,,930
32.462,,,matmul-64x128x64,,322.485,,290.3999984264374,278.457,Current,resident,,,18,,measured,,,930
32.004999999999995,,,matmul-64x128x64,,304.435,,272.8959918022156,260.474,Random,resident,,,18,,measured,,,930
33.053,,,matmul-64x128x64,,307.663,,275.64799785614014,262.938,Predicted,resident,,,19,,measured,,,930
33.307,,,matmul-64x128x64,,352.723,,304.54400181770325,277.178,Current,resident,,,19,,measured,,,930
31.954,,,matmul-64x128x64,,305.446,,273.27999472618103,260.25,Random,resident,,,19,,measured,,,930
32.148,,,matmul-64x128x64,,252.561,,220.768004655838,208.155,Current,resident,,,20,,measured,,,930
32.884,,,matmul-64x128x64,,271.014,,239.1359955072403,226.138,Random,resident,,,20,,measured,,,930
32.736,,,matmul-64x128x64,,314.717,,283.1999957561493,269.85,Predicted,resident,,,20,,measured,,,930
32.102000000000004,,,matmul-64x128x64,,254.818,,223.4240025281906,210.971,Predicted,resident,,,21,,measured,,,930
33.644999999999996,,,matmul-64x128x64,,322.491,,290.8160090446472,277.914,Current,resident,,,21,,measured,,,930
32.807,,,matmul-64x128x64,,305.625,,273.9520072937012,261.05,Random,resident,,,21,,measured,,,930
31.248,,,matmul-64x128x64,,270.794,,238.8480007648468,226.523,Random,resident,,,22,,measured,,,930
49.370999999999995,,,matmul-64x128x64,,326.306,,276.16000175476074,263.642,Predicted,resident,,,22,,measured,,,930
33.41,,,matmul-64x128x64,,327.167,,295.3279912471771,281.849,Current,resident,,,22,,measured,,,930
34.297,,,matmul-64x128x64,,256.892,,224.12799298763275,210.875,Predicted,resident,,,23,,measured,,,930
32.687,,,matmul-64x128x64,,252.889,,220.99199891090393,208.252,Current,resident,,,23,,measured,,,930
32.176,,,matmul-64x128x64,,307.803,,276.095986366272,262.618,Random,resident,,,23,,measured,,,930
31.787,,,matmul-64x128x64,,270.719,,239.45599794387817,226.331,Random,resident,,,24,,measured,,,930
33.163,,,matmul-64x128x64,,313.765,,281.5360128879547,268.698,Predicted,resident,,,24,,measured,,,930
32.886,,,matmul-64x128x64,,322.77,,291.04000329971313,277.946,Current,resident,,,24,,measured,,,930
32.556,,,matmul-64x128x64,,255.459,,223.77599775791168,210.811,Predicted,resident,,,25,,measured,,,930
32.480000000000004,,,matmul-64x128x64,,252.455,,221.44000232219696,208.38,Current,resident,,,25,,measured,,,930
32.721,,,matmul-64x128x64,,306.929,,274.87999200820923,262.106,Random,resident,,,25,,measured,,,930
33.092999999999996,,,matmul-64x128x64,,308.9,,276.5119969844818,263.738,Predicted,resident,,,26,,measured,,,930
32.416,,,matmul-64x128x64,,271.739,,239.42400515079498,226.651,Random,resident,,,26,,measured,,,930
34.341,,,matmul-64x128x64,,326.333,,294.3359911441803,281.402,Current,resident,,,26,,measured,,,930
32.275,,,matmul-64x128x64,,252.771,,220.38400173187256,208.219,Current,resident,,,27,,measured,,,930
32.804,,,matmul-64x128x64,,310.51,,278.59199047088623,265.146,Predicted,resident,,,27,,measured,,,930
32.319,,,matmul-64x128x64,,305.866,,274.2399871349335,261.018,Random,resident,,,27,,measured,,,930
33.483000000000004,,,matmul-64x128x64,,258.03,,226.1119931936264,212.827,Predicted,resident,,,28,,measured,,,930
33.38,,,matmul-64x128x64,,342.715,,292.7359938621521,279.546,Current,resident,,,28,,measured,,,930
33.019999999999996,,,matmul-64x128x64,,305.108,,273.75999093055725,260.858,Random,resident,,,28,,measured,,,930
32.313,,,matmul-64x128x64,,269.934,,238.0799949169159,225.818,Random,resident,,,29,,measured,,,930
33.045,,,matmul-64x128x64,,307.311,,275.519996881485,262.586,Predicted,resident,,,29,,measured,,,930
32.721000000000004,,,matmul-64x128x64,,322.205,,291.29600524902344,278.33,Current,resident,,,29,,measured,,,930
32.073,,,matmul-64x128x64,,254.236,,220.64000368118286,208.124,Current,resident,,,30,,measured,,,930
33.154,,,matmul-64x128x64,,307.878,,274.7519910335541,260.794,Random,resident,,,30,,measured,,,930
33.801,,,matmul-64x128x64,,309.172,,276.8000066280365,263.93,Predicted,resident,,,30,,measured,,,930
31.894,,,matmul-64x128x64,,285.211,,239.80799317359924,226.811,Random,resident,,,31,,measured,,,930
33.741,,,matmul-64x128x64,,256.921,,225.43999552726746,212.635,Predicted,resident,,,31,,measured,,,930
32.587,,,matmul-64x128x64,,325.372,,293.11999678611755,280.41,Current,resident,,,31,,measured,,,930
32.477000000000004,,,matmul-64x128x64,,253.445,,221.11999988555908,208.155,Current,resident,,,32,,measured,,,930
32.498000000000005,,,matmul-64x128x64,,256.137,,223.80800545215607,210.843,Predicted,resident,,,32,,measured,,,930
32.149,,,matmul-64x128x64,,305.514,,273.9199995994568,261.018,Random,resident,,,32,,measured,,,930
31.464,,,matmul-64x128x64,,269.676,,238.27199637889862,225.851,Random,resident,,,33,,measured,,,930
33.007999999999996,,,matmul-64x128x64,,323.969,,292.4160063266754,279.641,Current,resident,,,33,,measured,,,930
32.788,,,matmul-64x128x64,,309.099,,277.47198939323425,264.89,Predicted,resident,,,33,,measured,,,930
33.247,,,matmul-64x128x64,,252.773,,220.70400416851044,208.124,Current,resident,,,34,,measured,,,930
33.545,,,matmul-64x128x64,,255.834,,223.7119972705841,210.651,Predicted,resident,,,34,,measured,,,930
33.055,,,matmul-64x128x64,,307.536,,275.2000093460083,263.002,Random,resident,,,34,,measured,,,930
33.349000000000004,,,matmul-64x128x64,,323.548,,291.5840148925781,278.586,Current,resident,,,35,,measured,,,930
31.978,,,matmul-64x128x64,,271.207,,239.07199501991272,225.915,Random,resident,,,35,,measured,,,930
32.870000000000005,,,matmul-64x128x64,,312.279,,280.44798970222473,267.77,Predicted,resident,,,35,,measured,,,930
33.263000000000005,,,matmul-64x128x64,,272.647,,240.89600145816803,227.707,Random,resident,,,36,,measured,,,930
34.766,,,matmul-64x128x64,,327.452,,295.4240143299103,282.297,Current,resident,,,36,,measured,,,930
32.095,,,matmul-64x128x64,,309.679,,278.0480086803436,265.21,Predicted,resident,,,36,,measured,,,930
32.897000000000006,,,matmul-64x128x64,,253.824,,221.69600427150726,208.443,Current,resident,,,37,,measured,,,930
32.302,,,matmul-64x128x64,,255.164,,223.4240025281906,210.779,Predicted,resident,,,37,,measured,,,930
32.831,,,matmul-64x128x64,,307.357,,275.61599016189575,262.682,Random,resident,,,37,,measured,,,930
32.099,,,matmul-64x128x64,,270.307,,238.81599307060242,226.139,Random,resident,,,38,,measured,,,930
33.031,,,matmul-64x128x64,,321.756,,290.2719974517822,277.337,Current,resident,,,38,,measured,,,930
32.934,,,matmul-64x128x64,,311.852,,280.2239954471588,267.45,Predicted,resident,,,38,,measured,,,930
33.692,,,matmul-64x128x64,,306.353,,274.4640111923218,261.37,Random,resident,,,39,,measured,,,930
32.730000000000004,,,matmul-64x128x64,,322.032,,290.1439964771271,277.21,Current,resident,,,39,,measured,,,930
33.036,,,matmul-64x128x64,,308.274,,276.6079902648926,263.802,Predicted,resident,,,39,,measured,,,930
31.994,,,matmul-64x128x64,,255.103,,223.7119972705841,210.843,Predicted,resident,,,40,,measured,,,930
33.184,,,matmul-64x128x64,,252.32,,220.70400416851044,208.123,Current,resident,,,40,,measured,,,930
32.714999999999996,,,matmul-64x128x64,,306.261,,274.4320034980774,261.37,Random,resident,,,40,,measured,,,930
31.997999999999998,,,matmul-64x128x64,,253.498,,221.24800086021423,208.412,Current,resident,,,41,,measured,,,930
33.164,,,matmul-64x128x64,,310.643,,279.04000878334045,266.106,Predicted,resident,,,41,,measured,,,930
33.183,,,matmul-64x128x64,,305.128,,273.1519937515259,260.122,Random,resident,,,41,,measured,,,930
32.284,,,matmul-64x128x64,,270.885,,239.00799453258514,226.426,Random,resident,,,42,,measured,,,930
34.328,,,matmul-64x128x64,,321.508,,289.63199257850647,277.082,Current,resident,,,42,,measured,,,930
33.845,,,matmul-64x128x64,,309.632,,277.8559923171997,265.274,Predicted,resident,,,42,,measured,,,930
33.468,,,matmul-64x128x64,,306.687,,274.4640111923218,261.562,Random,resident,,,43,,measured,,,930
36.151,,,matmul-64x128x64,,322.856,,289.72798585891724,276.889,Current,resident,,,43,,measured,,,930
32.75,,,matmul-64x128x64,,310.117,,277.5680124759674,264.09,Predicted,resident,,,43,,measured,,,930
32.781,,,matmul-64x128x64,,253.17,,221.3120013475418,208.283,Current,resident,,,44,,measured,,,930
32.513,,,matmul-64x128x64,,307.739,,275.519996881485,262.682,Random,resident,,,44,,measured,,,930
32.887,,,matmul-64x128x64,,308.68,,277.15200185775757,264.346,Predicted,resident,,,44,,measured,,,930
32.71,,,matmul-64x128x64,,255.083,,223.23200106620789,210.876,Predicted,resident,,,45,,measured,,,930
32.552,,,matmul-64x128x64,,271.998,,240.1919960975647,226.779,Random,resident,,,45,,measured,,,930
33.337,,,matmul-64x128x64,,327.112,,295.1360046863556,282.49,Current,resident,,,45,,measured,,,930
32.455,,,matmul-64x128x64,,285.816,,239.74399268627167,226.811,Random,resident,,,46,,measured,,,930
32.797,,,matmul-64x128x64,,252.469,,220.44800221920013,208.092,Current,resident,,,46,,measured,,,930
33.522,,,matmul-64x128x64,,315.03,,282.81599283218384,270.106,Predicted,resident,,,46,,measured,,,930
33.436,,,matmul-64x128x64,,306.84,,274.4959890842438,261.114,Random,resident,,,47,,measured,,,930
32.294,,,matmul-64x128x64,,321.927,,290.1119887828827,277.241,Current,resident,,,47,,measured,,,930
33.009,,,matmul-64x128x64,,309.016,,277.21598744392395,264.282,Predicted,resident,,,47,,measured,,,930
32.044,,,matmul-64x128x64,,254.717,,223.07200729846954,210.683,Predicted,resident,,,48,,measured,,,930
32.839,,,matmul-64x128x64,,305.917,,273.79199862480164,260.666,Random,resident,,,48,,measured,,,930
49.371,,,matmul-64x128x64,,322.273,,290.367990732193,277.562,Current,resident,,,48,,measured,,,930
31.915,,,matmul-64x128x64,,270.115,,238.46399784088135,225.915,Random,resident,,,49,,measured,,,930
32.44,,,matmul-64x128x64,,313.028,,280.92798590660095,268.154,Predicted,resident,,,49,,measured,,,930
32.895,,,matmul-64x128x64,,322.817,,291.26399755477905,278.65,Current,resident,,,49,,measured,,,930
32.265,,,matmul-64x128x64,,305.84,,274.0800082683563,261.306,Random,resident,,,50,,measured,,,930
33.774,,,matmul-64x128x64,,309.42,,277.50399708747864,263.802,Predicted,resident,,,50,,measured,,,930
33.228,,,matmul-64x128x64,,322.466,,290.75199365615845,278.01,Current,resident,,,50,,measured,,,930
33.274,,,matmul-64x128x64,,253.181,,220.67199647426605,208.315,Current,resident,,,51,,measured,,,930
32.362,,,matmul-64x128x64,,305.878,,273.8560140132904,260.506,Random,resident,,,51,,measured,,,930
32.545,,,matmul-64x128x64,,307.966,,275.4879891872406,262.587,Predicted,resident,,,51,,measured,,,930
32.06,,,matmul-64x128x64,,255.289,,223.4880030155182,210.844,Predicted,resident,,,52,,measured,,,930
33.445,,,matmul-64x128x64,,353.079,,317.27999448776245,278.137,Current,resident,,,52,,measured,,,930
32.275999999999996,,,matmul-64x128x64,,304.904,,273.50398898124695,260.57,Random,resident,,,52,,measured,,,930
31.875,,,matmul-64x128x64,,269.433,,237.88799345493317,225.563,Random,resident,,,53,,measured,,,930
38.999,,,matmul-64x128x64,,306.955,,274.97598528862,262.01,Predicted,resident,,,53,,measured,,,930
32.325,,,matmul-64x128x64,,321.964,,289.95200991630554,277.242,Current,resident,,,53,,measured,,,930
32.135999999999996,,,matmul-64x128x64,,252.048,,220.38400173187256,208.027,Current,resident,,,54,,measured,,,930
32.639,,,matmul-64x128x64,,255.01,,223.32799434661865,210.907,Predicted,resident,,,54,,measured,,,930
32.739999999999995,,,matmul-64x128x64,,305.881,,274.399995803833,261.722,Random,resident,,,54,,measured,,,930
33.06,,,matmul-64x128x64,,256.868,,225.21600127220154,212.539,Predicted,resident,,,55,,measured,,,930
32.469,,,matmul-64x128x64,,272.281,,240.22400379180908,227.227,Random,resident,,,55,,measured,,,930
32.968,,,matmul-64x128x64,,325.923,,294.0160036087036,280.602,Current,resident,,,55,,measured,,,930
33.051,,,matmul-64x128x64,,310.878,,278.9439857006073,265.562,Predicted,resident,,,56,,measured,,,930
34.801,,,matmul-64x128x64,,260.261,,222.1119999885559,208.156,Current,resident,,,56,,measured,,,930
32.503,,,matmul-64x128x64,,308.296,,276.2559950351715,263.066,Random,resident,,,56,,measured,,,930
32.148,,,matmul-64x128x64,,269.9,,238.43200504779816,226.01,Random,resident,,,57,,measured,,,930
32.582,,,matmul-64x128x64,,252.674,,220.99199891090393,208.315,Current,resident,,,57,,measured,,,930
32.974,,,matmul-64x128x64,,340.141,,279.6480059623718,266.01,Predicted,resident,,,57,,measured,,,930
32.835,,,matmul-64x128x64,,254.762,,223.1999933719635,210.875,Predicted,resident,,,58,,measured,,,930
32.266,,,matmul-64x128x64,,306.208,,274.2399871349335,261.722,Random,resident,,,58,,measured,,,930
45.075,,,matmul-64x128x64,,322.784,,289.98398780822754,278.042,Current,resident,,,58,,measured,,,930
32.002,,,matmul-64x128x64,,252.351,,220.768004655838,208.283,Current,resident,,,59,,measured,,,930
32.881,,,matmul-64x128x64,,270.033,,238.71999979019165,226.235,Random,resident,,,59,,measured,,,930
33.253,,,matmul-64x128x64,,312.208,,279.776006937027,267.002,Predicted,resident,,,59,,measured,,,930
32.378,,,matmul-64x128x64,,254.408,,223.4240025281906,210.875,Predicted,resident,,,60,,measured,,,930
31.772,,,matmul-64x128x64,,272.322,,240.57599902153015,227.611,Random,resident,,,60,,measured,,,930
32.137,,,matmul-64x128x64,,329.933,,298.5599935054779,285.754,Current,resident,,,60,,measured,,,930
32.369,,,matmul-64x128x64,,308.664,,277.0879864692688,264.378,Predicted,resident,,,61,,measured,,,930
33.187,,,matmul-64x128x64,,253.073,,221.3120013475418,208.443,Current,resident,,,61,,measured,,,930
32.467,,,matmul-64x128x64,,306.205,,274.56000447273254,261.914,Random,resident,,,61,,measured,,,930
33.523,,,matmul-64x128x64,,309.165,,277.3439884185791,264.25,Predicted,resident,,,62,,measured,,,930
32.068,,,matmul-64x128x64,,270.89,,239.1359955072403,226.555,Random,resident,,,62,,measured,,,930
33.144,,,matmul-64x128x64,,325.676,,293.88800263404846,281.082,Current,resident,,,62,,measured,,,930
32.086,,,matmul-64x128x64,,293.499,,238.5919988155365,225.787,Random,resident,,,63,,measured,,,930
33.099000000000004,,,matmul-64x128x64,,311.895,,280.35199642181396,267.322,Predicted,resident,,,63,,measured,,,930
32.891999999999996,,,matmul-64x128x64,,321.748,,290.52799940109253,277.722,Current,resident,,,63,,measured,,,930
33.037,226.29600000000005,0.0,matmul-64x128x64,220996.6769996754,714.3,364112.0760000562,223.4880030155182,208.763,Current,one_shot,260014.17000017717,259299.87000017718,0,,warmup,0.0,38007.920000382,930
34.489,262.832,0.0,matmul-64x128x64,220996.6769996754,768.145,401482.485000377,278.1760096549988,263.578,Random,one_shot,297384.579000498,296616.434000498,0,37316.564000320795,warmup,0.0,38007.920000382,930
34.186,261.498,0.0,matmul-64x128x64,174459.18700013863,773.897,322589.32800068666,288.7679934501648,274.042,Predicted,one_shot,218491.42200080765,217717.52500080765,0,,warmup,6024.364999575482,37232.894000226224,930
34.09,167.06900000000002,0.0,matmul-64x128x64,174459.18700013863,611.354,322426.78500068665,225.98400712013245,211.355,Predicted,one_shot,218328.87900080765,217717.52500080765,1,,warmup,6024.364999575482,37232.894000226224,930
32.836,256.894,0.0,matmul-64x128x64,220996.6769996754,745.61,401459.95000037696,270.6240117549896,256.058,Random,one_shot,297362.04400049796,296616.434000498,1,37316.564000320795,warmup,0.0,38007.920000382,930
34.586,261.902,0.0,matmul-64x128x64,220996.6769996754,777.347,364175.1230000562,293.5999929904938,278.874,Current,one_shot,260077.2170001772,259299.87000017718,1,,warmup,0.0,38007.920000382,930
33.019000000000005,296.55899999999997,0.0,matmul-64x128x64,220996.6769996754,785.155,401499.495000377,271.4880108833313,256.411,Random,one_shot,297401.589000498,296616.434000498,2,37316.564000320795,warmup,0.0,38007.920000382,930
33.936,231.419,0.0,matmul-64x128x64,220996.6769996754,696.098,364093.8740000562,247.74399399757385,233.179,Current,one_shot,259995.96800017718,259299.87000017718,2,,warmup,0.0,38007.920000382,930
34.795,251.391,0.0,matmul-64x128x64,174459.18700013863,788.958,322604.3890006867,300.00001192092896,270.746,Predicted,one_shot,218506.48300080767,217717.52500080765,2,,warmup,6024.364999575482,37232.894000226224,930
33.39,233.204,0.0,matmul-64x128x64,220996.6769996754,727.801,401442.14100037696,278.3679962158203,263.45,Random,one_shot,297344.23500049795,296616.434000498,3,37316.564000320795,warmup,0.0,38007.920000382,930
33.193,231.102,0.0,matmul-64x128x64,220996.6769996754,739.252,364137.02800005616,288.60801458358765,273.178,Current,one_shot,260039.1220001772,259299.87000017718,3,,warmup,0.0,38007.920000382,930
34.136,238.837,0.0,matmul-64x128x64,174459.18700013863,741.135,322556.56600068667,285.91999411582947,270.458,Predicted,one_shot,218458.66000080766,217717.52500080765,3,,warmup,6024.364999575482,37232.894000226224,930
45.638000000000005,193.198,0.0,matmul-64x128x64,174459.18700013863,776.895,322592.3260006866,232.60800540447235,210.715,Predicted,one_shot,218494.42000080764,217717.52500080765,4,,warmup,6024.364999575482,37232.894000226224,930
46.536,272.91200000000003,0.0,matmul-64x128x64,220996.6769996754,909.727,401624.067000377,285.0559949874878,263.386,Random,one_shot,297526.161000498,296616.434000498,4,37316.564000320795,warmup,0.0,38007.920000382,930
46.711,309.11899999999997,0.0,matmul-64x128x64,220996.6769996754,958.623,364356.3990000562,298.5920011997223,277.114,Current,one_shot,260258.49300017717,259299.87000017718,4,,warmup,0.0,38007.920000382,930
45.619,194.797,0.0,matmul-64x128x64,220996.6769996754,777.606,364175.3820000562,230.24000227451324,208.731,Current,one_shot,260077.47600017718,259299.87000017718,5,,warmup,0.0,38007.920000382,930
34.219,240.778,0.0,matmul-64x128x64,220996.6769996754,734.55,401448.89000037697,269.0240144729614,253.914,Random,one_shot,297350.98400049796,296616.434000498,5,37316.564000320795,warmup,0.0,38007.920000382,930
33.988,246.37800000000001,0.0,matmul-64x128x64,174459.18700013863,755.467,322570.89800068666,290.912002325058,275.706,Predicted,one_shot,218472.99200080766,217717.52500080765,5,,warmup,6024.364999575482,37232.894000226224,930
41.056,152.649,0.0,matmul-64x128x64,174459.18700013863,602.783,322418.21400068665,225.5679965019226,211.004,Predicted,one_shot,218320.30800080765,217717.52500080765,6,,warmup,6024.364999575482,37232.894000226224,930
34.464,233.775,0.0,matmul-64x128x64,220996.6769996754,745.926,364143.70200005616,294.1119968891144,279.386,Current,one_shot,260045.7960001772,259299.87000017718,6,,warmup,0.0,38007.920000382,930
33.028999999999996,235.087,0.0,matmul-64x128x64,220996.6769996754,727.608,401441.948000377,277.536004781723,262.522,Random,one_shot,297344.042000498,296616.434000498,6,37316.564000320795,warmup,0.0,38007.920000382,930
33.62,235.97399999999996,0.0,matmul-64x128x64,174459.18700013863,750.706,322566.13700068666,290.97598791122437,275.706,Predicted,one_shot,218468.23100080766,217717.52500080765,7,,warmup,6024.364999575482,37232.894000226224,930
32.966,231.809,0.0,matmul-64x128x64,220996.6769996754,720.291,401434.631000377,271.7120051383972,256.826,Random,one_shot,297336.725000498,296616.434000498,7,37316.564000320795,warmup,0.0,38007.920000382,930
34.738,236.912,0.0,matmul-64x128x64,220996.6769996754,745.118,364142.8940000562,290.8479869365692,276.122,Current,one_shot,260044.98800017717,259299.87000017718,7,,warmup,0.0,38007.920000382,930
35.119,232.812,0.0,matmul-64x128x64,174459.18700013863,738.542,322553.9730006866,286.3999903202057,271.418,Predicted,one_shot,218456.06700080764,217717.52500080765,8,,warmup,6024.364999575482,37232.894000226224,930
33.551,232.29000000000002,0.0,matmul-64x128x64,220996.6769996754,758.373,401472.713000377,278.49599719047546,263.258,Random,one_shot,297374.807000498,296616.434000498,8,37316.564000320795,warmup,0.0,38007.920000382,930
35.206,230.52099999999996,0.0,matmul-64x128x64,220996.6769996754,748.043,364145.8190000562,296.86400294303894,276.698,Current,one_shot,260047.91300017718,259299.87000017718,8,,warmup,0.0,38007.920000382,930
33.867,235.84700000000004,0.0,matmul-64x128x64,174459.18700013863,741.214,322556.64500068664,287.29599714279175,272.186,Predicted,one_shot,218458.73900080766,217717.52500080765,9,,warmup,6024.364999575482,37232.894000226224,930
33.032,234.465,0.0,matmul-64x128x64,220996.6769996754,728.224,401442.56400037697,278.6880135536194,263.546,Random,one_shot,297344.65800049796,296616.434000498,9,37316.564000320795,warmup,0.0,38007.920000382,930
33.86,230.24200000000002,0.0,matmul-64x128x64,220996.6769996754,736.371,364134.1470000562,288.672000169754,273.625,Current,one_shot,260036.2410001772,259299.87000017718,9,,warmup,0.0,38007.920000382,930
33.411,144.566,0.0,matmul-64x128x64,220996.6769996754,583.771,363981.5470000562,223.36000204086304,208.603,Current,one_shot,259883.6410001772,259299.87000017718,10,,warmup,0.0,38007.920000382,930
34.112,237.883,0.0,matmul-64x128x64,174459.18700013863,741.441,322556.87200068665,287.03999519348145,271.834,Predicted,one_shot,218458.96600080765,217717.52500080765,10,,warmup,6024.364999575482,37232.894000226224,930
33.854,233.643,0.0,matmul-64x128x64,220996.6769996754,1001.585,401715.925000377,279.00800108909607,263.226,Random,one_shot,297618.019000498,296616.434000498,10,37316.564000320795,warmup,0.0,38007.920000382,930
33.821,229.118,0.0,matmul-64x128x64,174459.18700013863,710.0,322525.43100068666,260.4160010814667,245.466,Predicted,one_shot,218427.52500080765,217717.52500080765,11,,warmup,6024.364999575482,37232.894000226224,930
32.522,228.33599999999998,0.0,matmul-64x128x64,220996.6769996754,716.608,401430.948000377,271.5519964694977,256.794,Random,one_shot,297333.042000498,296616.434000498,11,37316.564000320795,warmup,0.0,38007.920000382,930
33.665,237.234,0.0,matmul-64x128x64,220996.6769996754,745.994,364143.7700000562,289.8879945278168,274.713,Current,one_shot,260045.8640001772,259299.87000017718,11,,warmup,0.0,38007.920000382,930
34.033,230.756,0.0,matmul-64x128x64,220996.6769996754,720.038,401434.378000377,271.13598585128784,256.347,Random,one_shot,297336.472000498,296616.434000498,12,37316.564000320795,warmup,0.0,38007.920000382,930
33.9,230.17700000000002,0.0,matmul-64x128x64,220996.6769996754,697.984,364095.7600000562,250.11199712753296,235.451,Current,one_shot,259997.85400017718,259299.87000017718,12,,warmup,0.0,38007.920000382,930
34.216,232.957,0.0,matmul-64x128x64,174459.18700013863,736.218,322551.64900068665,286.01598739624023,271.29,Predicted,one_shot,218453.74300080765,217717.52500080765,12,,warmup,6024.364999575482,37232.894000226224,930
33.372,147.031,0.0,matmul-64x128x64,174459.18700013863,621.867,322437.2980006867,227.80799865722656,212.7,Predicted,one_shot,218339.39200080765,217717.52500080765,13,,warmup,6024.364999575482,37232.894000226224,930
33.287,229.91100000000003,0.0,matmul-64x128x64,220996.6769996754,723.062,401437.40200037695,277.7920067310333,263.098,Random,one_shot,297339.49600049795,296616.434000498,13,37316.564000320795,warmup,0.0,38007.920000382,930
33.346000000000004,230.09699999999998,0.0,matmul-64x128x64,220996.6769996754,734.454,364132.2300000562,289.72798585891724,274.746,Current,one_shot,260034.32400017718,259299.87000017718,13,,warmup,0.0,38007.920000382,930
32.821,144.959,0.0,matmul-64x128x64,220996.6769996754,597.029,363994.80500005616,223.07200729846954,208.571,Current,one_shot,259896.8990001772,259299.87000017718,14,,warmup,0.0,38007.920000382,930
33.678,231.975,0.0,matmul-64x128x64,220996.6769996754,717.22,401431.56000037695,270.7200050354004,255.802,Random,one_shot,297333.65400049795,296616.434000498,14,37316.564000320795,warmup,0.0,38007.920000382,930
35.099000000000004,234.282,0.0,matmul-64x128x64,174459.18700013863,739.699,322555.1300006866,289.7599935531616,274.874,Predicted,one_shot,218457.22400080765,217717.52500080765,14,,warmup,6024.364999575482,37232.894000226224,930
34.480000000000004,227.483,0.0,matmul-64x128x64,220996.6769996754,717.413,401431.753000377,271.64798974990845,256.73,Random,one_shot,297333.847000498,296616.434000498,15,37316.564000320795,warmup,0.0,38007.920000382,930
34.068,232.92899999999997,0.0,matmul-64x128x64,220996.6769996754,737.645,364135.4210000562,290.20801186561584,275.354,Current,one_shot,260037.51500017717,259299.87000017718,15,,warmup,0.0,38007.920000382,930
34.195,275.44399999999996,0.0,matmul-64x128x64,174459.18700013863,776.687,322592.11800068663,286.9119942188263,271.386,Predicted,one_shot,218494.21200080766,217717.52500080765,15,,warmup,6024.364999575482,37232.894000226224,930
34.673,233.528,0.0,matmul-64x128x64,220996.6769996754,695.379,364093.15500005614,246.848002076149,232.187,Current,one_shot,259995.24900017717,259299.87000017718,0,,measured,0.0,38007.920000382,930
33.327,229.283,0.0,matmul-64x128x64,174459.18700013863,695.961,322511.39200068667,251.2960135936737,236.635,Predicted,one_shot,218413.48600080766,217717.52500080765,0,,measured,6024.364999575482,37232.894000226224,930
33.656,237.012,0.0,matmul-64x128x64,220996.6769996754,729.443,401443.783000377,278.52800488471985,263.162,Random,one_shot,297345.877000498,296616.434000498,0,37316.564000320795,measured,0.0,38007.920000382,930
32.521,148.05000000000004,0.0,matmul-64x128x64,220996.6769996754,603.327,401317.66700037697,240.38399755954742,225.851,Random,one_shot,297219.76100049797,296616.434000498,1,37316.564000320795,measured,0.0,38007.920000382,930
51.201,237.493,0.0,matmul-64x128x64,220996.6769996754,803.703,364201.47900005616,290.0480031967163,275.13,Current,one_shot,260103.5730001772,259299.87000017718,1,,measured,0.0,38007.920000382,930
34.964,234.80300000000003,0.0,matmul-64x128x64,174459.18700013863,742.082,322557.51300068665,288.63999247550964,273.53,Predicted,one_shot,218459.60700080765,217717.52500080765,1,,measured,6024.364999575482,37232.894000226224,930
33.101,148.627,0.0,matmul-64x128x64,174459.18700013863,589.28,322404.7110006866,226.17599368095398,211.195,Predicted,one_shot,218306.80500080765,217717.52500080765,2,,measured,6024.364999575482,37232.894000226224,930
33.057,296.75399999999996,0.0,matmul-64x128x64,220996.6769996754,791.25,401505.590000377,278.0799865722656,263.258,Random,one_shot,297407.684000498,296616.434000498,2,37316.564000320795,measured,0.0,38007.920000382,930
35.372,229.78800000000004,0.0,matmul-64x128x64,220996.6769996754,736.875,364134.6510000562,287.9360020160675,273.21,Current,one_shot,260036.74500017718,259299.87000017718,2,,measured,0.0,38007.920000382,930
33.249,144.05600000000004,0.0,matmul-64x128x64,220996.6769996754,583.112,363980.88800005615,223.39199483394623,208.732,Current,one_shot,259882.98200017717,259299.87000017718,3,,measured,0.0,38007.920000382,930
33.181,226.751,0.0,matmul-64x128x64,220996.6769996754,712.703,401427.04300037696,270.8800137042999,255.995,Random,one_shot,297329.13700049795,296616.434000498,3,37316.564000320795,measured,0.0,38007.920000382,930
33.763999999999996,230.585,0.0,matmul-64x128x64,174459.18700013863,735.072,322550.50300068664,291.00799560546875,275.61,Predicted,one_shot,218452.59700080764,217717.52500080765,3,,measured,6024.364999575482,37232.894000226224,930
62.169999999999995,228.011,0.0,matmul-64x128x64,220996.6769996754,744.418,401458.758000377,271.93599939346313,257.178,Random,one_shot,297360.852000498,296616.434000498,4,37316.564000320795,measured,0.0,38007.920000382,930
34.035,229.035,0.0,matmul-64x128x64,174459.18700013863,704.084,322519.51500068663,259.5199942588806,244.538,Predicted,one_shot,218421.60900080766,217717.52500080765,4,,measured,6024.364999575482,37232.894000226224,930
34.877,230.237,0.0,matmul-64x128x64,220996.6769996754,740.34,364138.11600005615,295.3920066356659,280.665,Current,one_shot,260040.21000017718,259299.87000017718,4,,measured,0.0,38007.920000382,930
33.757,228.891,0.0,matmul-64x128x64,220996.6769996754,763.314,401477.654000377,277.3439884185791,261.978,Random,one_shot,297379.748000498,296616.434000498,5,37316.564000320795,measured,0.0,38007.920000382,930
34.788,231.93700000000004,0.0,matmul-64x128x64,174459.18700013863,738.009,322553.4400006867,289.72798585891724,274.745,Predicted,one_shot,218455.53400080765,217717.52500080765,5,,measured,6024.364999575482,37232.894000226224,930
33.831,230.282,0.0,matmul-64x128x64,220996.6769996754,739.16,364136.9360000562,294.5280075073242,279.642,Current,one_shot,260039.03000017718,259299.87000017718,5,,measured,0.0,38007.920000382,930
34.819,229.848,0.0,matmul-64x128x64,174459.18700013863,701.337,322516.76800068666,255.13601303100586,240.315,Predicted,one_shot,218418.86200080765,217717.52500080765,6,,measured,6024.364999575482,37232.894000226224,930
34.773,226.92499999999998,0.0,matmul-64x128x64,220996.6769996754,683.43,364081.2060000562,239.42400515079498,224.443,Current,one_shot,259983.30000017717,259299.87000017718,6,,measured,0.0,38007.920000382,930
34.271,232.635,0.0,matmul-64x128x64,220996.6769996754,731.002,401445.34200037696,277.9200077056885,262.81,Random,one_shot,297347.43600049795,296616.434000498,6,37316.564000320795,measured,0.0,38007.920000382,930
34.401,234.822,0.0,matmul-64x128x64,220996.6769996754,719.971,364117.7470000562,250.33599138259888,234.875,Current,one_shot,260019.84100017717,259299.87000017718,7,,measured,0.0,38007.920000382,930
33.622,230.25900000000001,0.0,matmul-64x128x64,174459.18700013863,731.198,322546.6290006867,286.27198934555054,271.29,Predicted,one_shot,218448.72300080766,217717.52500080765,7,,measured,6024.364999575482,37232.894000226224,930
33.778,234.04,0.0,matmul-64x128x64,220996.6769996754,727.538,401441.878000377,278.27200293540955,262.938,Random,one_shot,297343.972000498,296616.434000498,7,37316.564000320795,measured,0.0,38007.920000382,930
35.114,230.72700000000003,0.0,matmul-64x128x64,220996.6769996754,735.818,364133.59400005615,287.26398944854736,272.282,Current,one_shot,260035.68800017718,259299.87000017718,8,,measured,0.0,38007.920000382,930
34.35,232.51,0.0,matmul-64x128x64,174459.18700013863,738.455,322553.8860006867,286.1439883708954,271.034,Predicted,one_shot,218455.98000080764,217717.52500080765,8,,measured,6024.364999575482,37232.894000226224,930
33.372,230.752,0.0,matmul-64x128x64,220996.6769996754,726.195,401440.535000377,278.1760096549988,263.098,Random,one_shot,297342.629000498,296616.434000498,8,37316.564000320795,measured,0.0,38007.920000382,930
33.826,228.38499999999996,0.0,matmul-64x128x64,174459.18700013863,705.493,322520.9240006866,260.8959972858429,245.755,Predicted,one_shot,218423.01800080764,217717.52500080765,9,,measured,6024.364999575482,37232.894000226224,930
32.656,228.7,0.0,matmul-64x128x64,220996.6769996754,714.874,401429.214000377,271.2959945201874,256.378,Random,one_shot,297331.308000498,296616.434000498,9,37316.564000320795,measured,0.0,38007.920000382,930
33.989999999999995,228.61799999999997,0.0,matmul-64x128x64,220996.6769996754,734.867,364132.64300005615,289.8879945278168,275.066,Current,one_shot,260034.73700017718,259299.87000017718,9,,measured,0.0,38007.920000382,930
34.620000000000005,233.70999999999998,0.0,matmul-64x128x64,174459.18700013863,1032.644,322848.0750006867,288.12798857688904,272.377,Predicted,one_shot,218750.16900080765,217717.52500080765,10,,measured,6024.364999575482,37232.894000226224,930
33.671,230.62600000000003,0.0,matmul-64x128x64,220996.6769996754,693.239,364091.0150000562,243.71199309825897,228.826,Current,one_shot,259993.10900017718,259299.87000017718,10,,measured,0.0,38007.920000382,930
33.063,233.06699999999998,0.0,matmul-64x128x64,220996.6769996754,727.796,401442.13600037695,279.2640030384064,263.514,Random,one_shot,297344.23000049795,296616.434000498,10,37316.564000320795,measured,0.0,38007.920000382,930
34.665,309.304,0.0,matmul-64x128x64,220996.6769996754,798.215,364195.99100005615,268.22400093078613,234.682,Current,one_shot,260098.08500017718,259299.87000017718,11,,measured,0.0,38007.920000382,930
33.48,230.28899999999996,0.0,matmul-64x128x64,220996.6769996754,715.342,401429.682000377,270.24000883102417,255.546,Random,one_shot,297331.776000498,296616.434000498,11,37316.564000320795,measured,0.0,38007.920000382,930
33.544000000000004,231.93499999999997,0.0,matmul-64x128x64,174459.18700013863,736.618,322552.0490006866,290.6239926815033,275.514,Predicted,one_shot,218454.14300080764,217717.52500080765,11,,measured,6024.364999575482,37232.894000226224,930
33.839,229.837,0.0,matmul-64x128x64,220996.6769996754,737.035,364134.8110000562,293.3439910411835,278.33,Current,one_shot,260036.90500017718,259299.87000017718,12,,measured,0.0,38007.920000382,930
33.876,230.18699999999998,0.0,matmul-64x128x64,220996.6769996754,720.408,401434.748000377,277.0560085773468,262.171,Random,one_shot,297336.84200049797,296616.434000498,12,37316.564000320795,measured,0.0,38007.920000382,930
35.787,275.083,0.0,matmul-64x128x64,174459.18700013863,798.223,322613.65400068666,289.72798585891724,274.554,Predicted,one_shot,218515.74800080765,217717.52500080765,12,,measured,6024.364999575482,37232.894000226224,930
32.859,145.17,0.0,matmul-64x128x64,174459.18700013863,586.549,322401.98000068666,226.20800137519836,211.515,Predicted,one_shot,218304.07400080765,217717.52500080765,13,,measured,6024.364999575482,37232.894000226224,930
34.052,231.442,0.0,matmul-64x128x64,220996.6769996754,742.827,364140.6030000562,294.07998919487,279.29,Current,one_shot,260042.69700017717,259299.87000017718,13,,measured,0.0,38007.920000382,930
33.733999999999995,231.68999999999997,0.0,matmul-64x128x64,220996.6769996754,725.693,401440.033000377,277.0560085773468,262.01,Random,one_shot,297342.127000498,296616.434000498,13,37316.564000320795,measured,0.0,38007.920000382,930
32.938,146.99,0.0,matmul-64x128x64,220996.6769996754,602.594,401316.93400037696,241.15200340747833,226.139,Random,one_shot,297219.02800049796,296616.434000498,14,37316.564000320795,measured,0.0,38007.920000382,930
34.003,257.843,0.0,matmul-64x128x64,174459.18700013863,764.77,322580.2010006866,289.8559868335724,274.585,Predicted,one_shot,218482.29500080764,217717.52500080765,14,,measured,6024.364999575482,37232.894000226224,930
33.56,231.61700000000002,0.0,matmul-64x128x64,220996.6769996754,744.168,364141.9440000562,296.2239980697632,280.89,Current,one_shot,260044.03800017718,259299.87000017718,14,,measured,0.0,38007.920000382,930
33.306,230.726,0.0,matmul-64x128x64,220996.6769996754,722.397,401436.737000377,276.5760123729706,261.754,Random,one_shot,297338.831000498,296616.434000498,15,37316.564000320795,measured,0.0,38007.920000382,930
34.828,230.064,0.0,matmul-64x128x64,174459.18700013863,736.062,322551.49300068663,289.8879945278168,274.842,Predicted,one_shot,218453.58700080766,217717.52500080765,15,,measured,6024.364999575482,37232.894000226224,930
34.93,230.73399999999998,0.0,matmul-64x128x64,220996.6769996754,742.002,364139.77800005616,294.68798637390137,279.865,Current,one_shot,260041.8720001772,259299.87000017718,15,,measured,0.0,38007.920000382,930
33.603,227.273,0.0,matmul-64x128x64,174459.18700013863,696.68,322512.11100068665,255.10400533676147,240.571,Predicted,one_shot,218414.20500080765,217717.52500080765,16,,measured,6024.364999575482,37232.894000226224,930
32.788,228.11199999999997,0.0,matmul-64x128x64,220996.6769996754,727.082,364124.8580000562,241.56799912452698,226.939,Current,one_shot,260026.95200017717,259299.87000017718,16,,measured,0.0,38007.920000382,930
33.895,229.643,0.0,matmul-64x128x64,220996.6769996754,721.938,401436.278000377,277.3120105266571,262.522,Random,one_shot,297338.372000498,296616.434000498,16,37316.564000320795,measured,0.0,38007.920000382,930
34.059,228.751,0.0,matmul-64x128x64,220996.6769996754,693.989,364091.7650000562,250.40000677108765,235.226,Current,one_shot,259993.85900017718,259299.87000017718,17,,measured,0.0,38007.920000382,930
34.797,228.43899999999996,0.0,matmul-64x128x64,174459.18700013863,731.241,322546.67200068664,286.52799129486084,271.642,Predicted,one_shot,218448.76600080766,217717.52500080765,17,,measured,6024.364999575482,37232.894000226224,930
33.32,228.48099999999997,0.0,matmul-64x128x64,220996.6769996754,721.061,401435.40100037697,277.7920067310333,262.938,Random,one_shot,297337.49500049796,296616.434000498,17,37316.564000320795,measured,0.0,38007.920000382,930
47.287,228.96300000000002,0.0,matmul-64x128x64,174459.18700013863,725.213,322540.64400068665,267.2320008277893,246.139,Predicted,one_shot,218442.73800080764,217717.52500080765,18,,measured,6024.364999575482,37232.894000226224,930
34.213,229.252,0.0,matmul-64x128x64,220996.6769996754,740.57,364138.3460000562,295.7119941711426,280.793,Current,one_shot,260040.4400001772,259299.87000017718,18,,measured,0.0,38007.920000382,930
34.492999999999995,229.83700000000002,0.0,matmul-64x128x64,220996.6769996754,723.198,401437.53800037695,278.11199426651,263.13,Random,one_shot,297339.63200049795,296616.434000498,18,37316.564000320795,measured,0.0,38007.920000382,930
34.203,230.875,0.0,matmul-64x128x64,174459.18700013863,740.102,322555.5330006867,294.20799016952515,278.425,Predicted,one_shot,218457.62700080767,217717.52500080765,19,,measured,6024.364999575482,37232.894000226224,930
34.191,228.841,0.0,matmul-64x128x64,220996.6769996754,736.946,364134.7220000562,293.15200448036194,278.746,Current,one_shot,260036.81600017718,259299.87000017718,19,,measured,0.0,38007.920000382,930
33.35,229.76299999999998,0.0,matmul-64x128x64,220996.6769996754,721.068,401435.408000377,276.89599990844727,262.458,Random,one_shot,297337.502000498,296616.434000498,19,37316.564000320795,measured,0.0,38007.920000382,930
33.492999999999995,227.554,0.0,matmul-64x128x64,220996.6769996754,690.814,364088.5900000562,249.9839961528778,235.291,Current,one_shot,259990.6840001772,259299.87000017718,20,,measured,0.0,38007.920000382,930
33.939,231.37300000000002,0.0,matmul-64x128x64,220996.6769996754,717.408,401431.748000377,270.7839906215668,255.93,Random,one_shot,297333.84200049797,296616.434000498,20,37316.564000320795,measured,0.0,38007.920000382,930
33.914,253.386,0.0,matmul-64x128x64,174459.18700013863,775.285,322590.71600068663,290.71998596191406,275.897,Predicted,one_shot,218492.81000080766,217717.52500080765,20,,measured,6024.364999575482,37232.894000226224,930
33.098,146.62099999999998,0.0,matmul-64x128x64,174459.18700013863,587.264,322402.6950006867,226.27200186252594,211.419,Predicted,one_shot,218304.78900080765,217717.52500080765,21,,measured,6024.364999575482,37232.894000226224,930
49.447,229.44799999999998,0.0,matmul-64x128x64,220996.6769996754,765.415,364163.1910000562,305.184006690979,279.642,Current,one_shot,260065.2850001772,259299.87000017718,21,,measured,0.0,38007.920000382,930
33.174,252.999,0.0,matmul-64x128x64,220996.6769996754,775.872,401490.21200037695,277.21598744392395,261.978,Random,one_shot,297392.30600049795,296616.434000498,21,37316.564000320795,measured,0.0,38007.920000382,930
32.251999999999995,147.477,0.0,matmul-64x128x64,220996.6769996754,601.866,401316.20600037696,241.40800535678864,226.682,Random,one_shot,297218.30000049795,296616.434000498,22,37316.564000320795,measured,0.0,38007.920000382,930
54.05200000000001,238.269,0.0,matmul-64x128x64,174459.18700013863,788.436,322603.86700068665,289.5359992980957,273.754,Predicted,one_shot,218505.96100080764,217717.52500080765,22,,measured,6024.364999575482,37232.894000226224,930
34.211,239.459,0.0,matmul-64x128x64,220996.6769996754,750.916,364148.69200005615,294.8159873485565,280.121,Current,one_shot,260050.78600017718,259299.87000017718,22,,measured,0.0,38007.920000382,930
33.656,234.008,0.0,matmul-64x128x64,174459.18700013863,706.525,322521.9560006866,255.61600923538208,240.442,Predicted,one_shot,218424.05000080765,217717.52500080765,23,,measured,6024.364999575482,37232.894000226224,930
33.507999999999996,232.886,0.0,matmul-64x128x64,220996.6769996754,737.919,364135.6950000562,241.98399484157562,226.843,Current,one_shot,260037.78900017717,259299.87000017718,23,,measured,0.0,38007.920000382,930
33.422,236.10700000000003,0.0,matmul-64x128x64,220996.6769996754,728.388,401442.72800037696,277.0240008831024,262.138,Random,one_shot,297344.82200049795,296616.434000498,23,37316.564000320795,measured,0.0,38007.920000382,930
32.059,148.958,0.0,matmul-64x128x64,220996.6769996754,604.761,401319.101000377,240.76800048351288,226.171,Random,one_shot,297221.195000498,296616.434000498,24,37316.564000320795,measured,0.0,38007.920000382,930
33.937,232.408,0.0,matmul-64x128x64,174459.18700013863,736.908,322552.33900068665,288.83200883865356,273.626,Predicted,one_shot,218454.43300080765,217717.52500080765,24,,measured,6024.364999575482,37232.894000226224,930
33.969,231.975,0.0,matmul-64x128x64,220996.6769996754,744.611,364142.3870000562,295.26400566101074,280.697,Current,one_shot,260044.48100017718,259299.87000017718,24,,measured,0.0,38007.920000382,930
35.336,229.797,0.0,matmul-64x128x64,174459.18700013863,1172.633,322988.06400068663,258.36798548698425,240.506,Predicted,one_shot,218890.15800080766,217717.52500080765,25,,measured,6024.364999575482,37232.894000226224,930
33.805,263.218,0.0,matmul-64x128x64,220996.6769996754,725.109,364122.8850000562,240.92799425125122,225.915,Current,one_shot,260024.97900017718,259299.87000017718,25,,measured,0.0,38007.920000382,930
33.605000000000004,268.038,0.0,matmul-64x128x64,220996.6769996754,761.502,401475.84200037696,277.536004781723,262.715,Random,one_shot,297377.93600049795,296616.434000498,25,37316.564000320795,measured,0.0,38007.920000382,930
35.421,235.207,0.0,matmul-64x128x64,174459.18700013863,745.138,322560.56900068664,289.2799973487854,274.106,Predicted,one_shot,218462.66300080766,217717.52500080765,26,,measured,6024.364999575482,37232.894000226224,930
35.498999999999995,230.82799999999995,0.0,matmul-64x128x64,220996.6769996754,723.5,401437.840000377,272.3200023174286,257.563,Random,one_shot,297339.934000498,296616.434000498,26,37316.564000320795,measured,0.0,38007.920000382,930
44.119,297.888,0.0,matmul-64x128x64,220996.6769996754,878.528,364276.3040000562,296.7360019683838,275.13,Current,one_shot,260178.39800017717,259299.87000017718,26,,measured,0.0,38007.920000382,930
42.497,165.66799999999998,0.0,matmul-64x128x64,220996.6769996754,707.974,364105.75000005617,229.63200509548187,208.731,Current,one_shot,260007.84400017717,259299.87000017718,27,,measured,0.0,38007.920000382,930
37.294,245.95100000000002,0.0,matmul-64x128x64,174459.18700013863,840.58,322656.0110006867,297.21599817276,274.042,Predicted,one_shot,218558.10500080764,217717.52500080765,27,,measured,6024.364999575482,37232.894000226224,930
33.626000000000005,239.69200000000004,0.0,matmul-64x128x64,220996.6769996754,738.14,401452.480000377,277.8880000114441,262.906,Random,one_shot,297354.574000498,296616.434000498,27,37316.564000320795,measured,0.0,38007.920000382,930
51.069,232.61999999999995,0.0,matmul-64x128x64,174459.18700013863,736.646,322552.07700068667,267.2320008277893,244.73,Predicted,one_shot,218454.17100080766,217717.52500080765,28,,measured,6024.364999575482,37232.894000226224,930
33.863,236.92099999999996,0.0,matmul-64x128x64,220996.6769996754,748.126,364145.9020000562,294.17601227760315,279.482,Current,one_shot,260047.99600017717,259299.87000017718,28,,measured,0.0,38007.920000382,930
33.349000000000004,254.67200000000003,0.0,matmul-64x128x64,220996.6769996754,760.727,401475.067000377,277.0240008831024,262.17,Random,one_shot,297377.161000498,296616.434000498,28,37316.564000320795,measured,0.0,38007.920000382,930
42.906,144.913,0.0,matmul-64x128x64,220996.6769996754,627.2,401341.540000377,240.4160052537918,225.819,Random,one_shot,297243.634000498,296616.434000498,29,37316.564000320795,measured,0.0,38007.920000382,930
38.947,253.259,0.0,matmul-64x128x64,174459.18700013863,767.965,322583.3960006867,291.0720109939575,275.578,Predicted,one_shot,218485.49000080765,217717.52500080765,29,,measured,6024.364999575482,37232.894000226224,930
33.867000000000004,238.01099999999997,0.0,matmul-64x128x64,220996.6769996754,747.94,364145.7160000562,294.9120104312897,280.058,Current,one_shot,260047.81000017718,259299.87000017718,29,,measured,0.0,38007.920000382,930
32.546,146.89800000000002,0.0,matmul-64x128x64,220996.6769996754,585.445,363983.2210000562,223.4240025281906,208.827,Current,one_shot,259885.3150001772,259299.87000017718,30,,measured,0.0,38007.920000382,930
34.547,232.20200000000006,0.0,matmul-64x128x64,220996.6769996754,727.359,401441.699000377,277.0879864692688,262.298,Random,one_shot,297343.793000498,296616.434000498,30,37316.564000320795,measured,0.0,38007.920000382,930
34.338,235.029,0.0,matmul-64x128x64,174459.18700013863,746.099,322561.53000068665,289.08801078796387,273.37,Predicted,one_shot,218463.62400080764,217717.52500080765,30,,measured,6024.364999575482,37232.894000226224,930
34.405,227.676,0.0,matmul-64x128x64,220996.6769996754,716.875,401431.215000377,271.5519964694977,256.634,Random,one_shot,297333.309000498,296616.434000498,31,37316.564000320795,measured,0.0,38007.920000382,930
34.546,228.39099999999996,0.0,matmul-64x128x64,174459.18700013863,703.509,322518.9400006867,259.6159875392914,244.763,Predicted,one_shot,218421.03400080765,217717.52500080765,31,,measured,6024.364999575482,37232.894000226224,930
33.783,230.374,0.0,matmul-64x128x64,220996.6769996754,744.605,364142.38100005616,298.0799973011017,282.842,Current,one_shot,260044.4750001772,259299.87000017718,31,,measured,0.0,38007.920000382,930
32.578,146.26100000000002,0.0,matmul-64x128x64,220996.6769996754,584.212,363981.9880000562,222.6240038871765,208.859,Current,one_shot,259884.08200017718,259299.87000017718,32,,measured,0.0,38007.920000382,930
33.643,229.95499999999998,0.0,matmul-64x128x64,174459.18700013863,696.336,322511.76700068667,252.3840069770813,237.755,Predicted,one_shot,218413.86100080766,217717.52500080765,32,,measured,6024.364999575482,37232.894000226224,930
34.03,229.43699999999998,0.0,matmul-64x128x64,220996.6769996754,720.829,401435.169000377,277.8240144252777,263.259,Random,one_shot,297337.263000498,296616.434000498,32,37316.564000320795,measured,0.0,38007.920000382,930
32.531,144.749,0.0,matmul-64x128x64,220996.6769996754,598.348,401312.688000377,240.31999707221985,225.595,Random,one_shot,297214.782000498,296616.434000498,33,37316.564000320795,measured,0.0,38007.920000382,930
35.161,230.37399999999997,0.0,matmul-64x128x64,220996.6769996754,735.313,364133.08900005615,288.2879972457886,273.497,Current,one_shot,260035.18300017717,259299.87000017718,33,,measured,0.0,38007.920000382,930
33.905,231.234,0.0,matmul-64x128x64,174459.18700013863,732.403,322547.83400068665,286.20800375938416,271.258,Predicted,one_shot,218449.92800080765,217717.52500080765,33,,measured,6024.364999575482,37232.894000226224,930
33.821,230.73199999999997,0.0,matmul-64x128x64,220996.6769996754,692.312,364090.0880000562,246.5600073337555,231.611,Current,one_shot,259992.18200017718,259299.87000017718,34,,measured,0.0,38007.920000382,930
35.448,230.46100000000004,0.0,matmul-64x128x64,174459.18700013863,730.339,322545.77000068664,265.1839852333069,235.963,Predicted,one_shot,218447.86400080766,217717.52500080765,34,,measured,6024.364999575482,37232.894000226224,930
33.435,233.864,0.0,matmul-64x128x64,220996.6769996754,726.778,401441.11800037697,278.56001257896423,263.322,Random,one_shot,297343.21200049797,296616.434000498,34,37316.564000320795,measured,0.0,38007.920000382,930
35.244,232.58100000000002,0.0,matmul-64x128x64,220996.6769996754,736.713,364134.4890000562,288.12798857688904,273.274,Current,one_shot,260036.58300017717,259299.87000017718,35,,measured,0.0,38007.920000382,930
33.339,230.229,0.0,matmul-64x128x64,220996.6769996754,716.745,401431.085000377,270.81599831581116,256.218,Random,one_shot,297333.17900049797,296616.434000498,35,37316.564000320795,measured,0.0,38007.920000382,930
48.156,255.116,0.0,matmul-64x128x64,174459.18700013863,843.309,322658.74000068667,310.43198704719543,274.298,Predicted,one_shot,218560.83400080766,217717.52500080765,35,,measured,6024.364999575482,37232.894000226224,930
33.55,255.62400000000002,0.0,matmul-64x128x64,220996.6769996754,784.138,401498.47800037696,271.36000990867615,256.346,Random,one_shot,297400.57200049795,296616.434000498,36,37316.564000320795,measured,0.0,38007.920000382,930
66.465,269.01599999999996,0.0,matmul-64x128x64,220996.6769996754,825.487,364223.26300005615,292.35199093818665,276.282,Current,one_shot,260125.35700017717,259299.87000017718,36,,measured,0.0,38007.920000382,930
34.379,262.918,0.0,matmul-64x128x64,174459.18700013863,826.899,322642.3300006867,293.1840121746063,277.018,Predicted,one_shot,218544.42400080766,217717.52500080765,36,,measured,6024.364999575482,37232.894000226224,930
34.605000000000004,298.07,0.0,matmul-64x128x64,220996.6769996754,903.926,364301.70200005616,252.44799256324768,236.73,Current,one_shot,260203.7960001772,259299.87000017718,37,,measured,0.0,38007.920000382,930
35.235,257.628,0.0,matmul-64x128x64,174459.18700013863,730.532,322545.96300068666,251.19999051094055,235.546,Predicted,one_shot,218448.05700080766,217717.52500080765,37,,measured,6024.364999575482,37232.894000226224,930
80.229,265.87199999999996,0.0,matmul-64x128x64,220996.6769996754,862.74,401577.08000037697,279.231995344162,263.546,Random,one_shot,297479.17400049797,296616.434000498,37,37316.564000320795,measured,0.0,38007.920000382,930
33.552,201.422,0.0,matmul-64x128x64,220996.6769996754,663.854,401378.19400037697,241.7600005865097,226.715,Random,one_shot,297280.28800049797,296616.434000498,38,37316.564000320795,measured,0.0,38007.920000382,930
36.25,273.281,0.0,matmul-64x128x64,220996.6769996754,792.666,364190.44200005615,290.5600070953369,273.402,Current,one_shot,260092.53600017718,259299.87000017718,38,,measured,0.0,38007.920000382,930
35.426,266.90999999999997,0.0,matmul-64x128x64,174459.18700013863,792.699,322608.1300006866,288.672000169754,271.065,Predicted,one_shot,218510.22400080765,217717.52500080765,38,,measured,6024.364999575482,37232.894000226224,930
35.253,270.93,0.0,matmul-64x128x64,220996.6769996754,779.984,401494.324000377,279.83999252319336,263.194,Random,one_shot,297396.418000498,296616.434000498,39,37316.564000320795,measured,0.0,38007.920000382,930
34.202,267.19,0.0,matmul-64x128x64,220996.6769996754,810.142,364207.9180000562,289.98398780822754,273.946,Current,one_shot,260110.01200017717,259299.87000017718,39,,measured,0.0,38007.920000382,930
35.596000000000004,267.961,0.0,matmul-64x128x64,174459.18700013863,778.58,322594.0110006867,288.7359857559204,271.802,Predicted,one_shot,218496.10500080764,217717.52500080765,39,,measured,6024.364999575482,37232.894000226224,930
33.963,229.97399999999996,0.0,matmul-64x128x64,174459.18700013863,676.156,322491.5870006867,226.8799990415573,210.939,Predicted,one_shot,218393.68100080764,217717.52500080765,40,,measured,6024.364999575482,37232.894000226224,930
34.998999999999995,281.675,0.0,matmul-64x128x64,220996.6769996754,1181.677,364579.4530000562,246.11200392246246,229.883,Current,one_shot,260481.54700017718,259299.87000017718,40,,measured,0.0,38007.920000382,930
34.077,297.10799999999995,0.0,matmul-64x128x64,220996.6769996754,833.519,401547.85900037695,279.35999631881714,263.034,Random,one_shot,297449.95300049795,296616.434000498,40,37316.564000320795,measured,0.0,38007.920000382,930
35.086,249.53500000000003,0.0,matmul-64x128x64,220996.6769996754,721.449,364119.2250000562,251.00800395011902,235.899,Current,one_shot,260021.31900017717,259299.87000017718,41,,measured,0.0,38007.920000382,930
35.429,257.256,0.0,matmul-64x128x64,174459.18700013863,765.623,322581.0540006866,287.1359884738922,271.897,Predicted,one_shot,218483.14800080765,217717.52500080765,41,,measured,6024.364999575482,37232.894000226224,930
33.914,274.29999999999995,0.0,matmul-64x128x64,220996.6769996754,772.196,401486.536000377,279.1999876499176,262.714,Random,one_shot,297388.630000498,296616.434000498,41,37316.564000320795,measured,0.0,38007.920000382,930
33.697,174.675,0.0,matmul-64x128x64,220996.6769996754,637.677,401352.017000377,243.16799640655518,226.395,Random,one_shot,297254.111000498,296616.434000498,42,37316.564000320795,measured,0.0,38007.920000382,930
63.806,262.84700000000004,0.0,matmul-64x128x64,220996.6769996754,816.336,364214.1120000562,288.03199529647827,272.282,Current,one_shot,260116.2060001772,259299.87000017718,42,,measured,0.0,38007.920000382,930
45.129000000000005,280.299,0.0,matmul-64x128x64,174459.18700013863,828.775,322644.2060006866,287.55199909210205,271.034,Predicted,one_shot,218546.30000080765,217717.52500080765,42,,measured,6024.364999575482,37232.894000226224,930
53.791,285.494,0.0,matmul-64x128x64,220996.6769996754,807.527,401521.867000377,279.7439992427826,263.738,Random,one_shot,297423.961000498,296616.434000498,43,37316.564000320795,measured,0.0,38007.920000382,930
35.31,266.03499999999997,0.0,matmul-64x128x64,220996.6769996754,811.083,364208.85900005617,288.7040078639984,272.986,Current,one_shot,260110.9530001772,259299.87000017718,43,,measured,0.0,38007.920000382,930
34.322,266.06399999999996,0.0,matmul-64x128x64,174459.18700013863,794.82,322610.25100068667,287.6160144805908,270.938,Predicted,one_shot,218512.34500080766,217717.52500080765,43,,measured,6024.364999575482,37232.894000226224,930
33.933,240.10399999999998,0.0,matmul-64x128x64,220996.6769996754,703.853,364101.6290000562,244.00000274181366,229.018,Current,one_shot,260003.72300017718,259299.87000017718,44,,measured,0.0,38007.920000382,930
34.072,253.048,0.0,matmul-64x128x64,220996.6769996754,749.77,401464.110000377,278.4320116043091,263.002,Random,one_shot,297366.204000498,296616.434000498,44,37316.564000320795,measured,0.0,38007.920000382,930
35.117999999999995,309.034,0.0,matmul-64x128x64,174459.18700013863,821.436,322636.86700068665,289.08801078796387,273.722,Predicted,one_shot,218538.96100080764,217717.52500080765,44,,measured,6024.364999575482,37232.894000226224,930
33.218,150.29100000000003,0.0,matmul-64x128x64,174459.18700013863,594.297,322409.7280006866,226.17599368095398,211.483,Predicted,one_shot,218311.82200080765,217717.52500080765,45,,measured,6024.364999575482,37232.894000226224,930
33.172000000000004,246.29800000000003,0.0,matmul-64x128x64,220996.6769996754,732.962,401447.302000377,269.6639895439148,254.554,Random,one_shot,297349.396000498,296616.434000498,45,37316.564000320795,measured,0.0,38007.920000382,930
34.475,248.207,0.0,matmul-64x128x64,220996.6769996754,792.826,364190.6020000562,290.71998596191406,275.354,Current,one_shot,260092.69600017718,259299.87000017718,45,,measured,0.0,38007.920000382,930
34.125,235.471,0.0,matmul-64x128x64,220996.6769996754,729.32,401443.660000377,271.67999744415283,256.794,Random,one_shot,297345.754000498,296616.434000498,46,37316.564000320795,measured,0.0,38007.920000382,930
35.388,237.24200000000005,0.0,matmul-64x128x64,220996.6769996754,716.842,364114.6180000562,254.65598702430725,234.715,Current,one_shot,260016.71200017718,259299.87000017718,46,,measured,0.0,38007.920000382,930
34.309,246.15900000000002,0.0,matmul-64x128x64,174459.18700013863,754.43,322569.86100068665,286.52799129486084,271.258,Predicted,one_shot,218471.95500080765,217717.52500080765,46,,measured,6024.364999575482,37232.894000226224,930
33.555,235.238,0.0,matmul-64x128x64,220996.6769996754,733.034,401447.37400037696,277.8559923171997,262.938,Random,one_shot,297349.46800049796,296616.434000498,47,37316.564000320795,measured,0.0,38007.920000382,930
34.62,239.16500000000002,0.0,matmul-64x128x64,220996.6769996754,750.901,364148.6770000562,288.4800136089325,273.433,Current,one_shot,260050.7710001772,259299.87000017718,47,,measured,0.0,38007.920000382,930
35.281,242.66900000000004,0.0,matmul-64x128x64,174459.18700013863,750.111,322565.54200068663,287.23201155662537,271.258,Predicted,one_shot,218467.63600080766,217717.52500080765,47,,measured,6024.364999575482,37232.894000226224,930
33.155,155.09300000000005,0.0,matmul-64x128x64,174459.18700013863,601.61,322417.04100068664,227.13600099086761,212.603,Predicted,one_shot,218319.13500080764,217717.52500080765,48,,measured,6024.364999575482,37232.894000226224,930
34.078,246.314,0.0,matmul-64x128x64,220996.6769996754,746.732,401461.072000377,278.49599719047546,263.546,Random,one_shot,297363.166000498,296616.434000498,48,37316.564000320795,measured,0.0,38007.920000382,930
33.871,249.44900000000007,0.0,matmul-64x128x64,220996.6769996754,758.071,364155.8470000562,287.87198662757874,272.858,Current,one_shot,260057.94100017718,259299.87000017718,48,,measured,0.0,38007.920000382,930
34.298,283.485,0.0,matmul-64x128x64,220996.6769996754,774.181,401488.52100037696,270.9439992904663,255.898,Random,one_shot,297390.61500049796,296616.434000498,49,37316.564000320795,measured,0.0,38007.920000382,930
34.728,253.26600000000002,0.0,matmul-64x128x64,174459.18700013863,763.264,322578.6950006867,288.2879972457886,272.858,Predicted,one_shot,218480.78900080765,217717.52500080765,49,,measured,6024.364999575482,37232.894000226224,930
34.338,255.57399999999998,0.0,matmul-64x128x64,220996.6769996754,772.595,364170.37100005616,295.1039969921112,279.706,Current,one_shot,260072.46500017718,259299.87000017718,49,,measured,0.0,38007.920000382,930
33.852000000000004,255.006,0.0,matmul-64x128x64,220996.6769996754,753.176,401467.51600037696,278.30401062965393,261.85,Random,one_shot,297369.61000049795,296616.434000498,50,37316.564000320795,measured,0.0,38007.920000382,930
35.009,256.19100000000003,0.0,matmul-64x128x64,174459.18700013863,768.648,322584.07900068664,289.44000601768494,273.818,Predicted,one_shot,218486.17300080764,217717.52500080765,50,,measured,6024.364999575482,37232.894000226224,930
34.903,283.231,0.0,matmul-64x128x64,220996.6769996754,801.836,364199.6120000562,295.1360046863556,278.554,Current,one_shot,260101.7060001772,259299.87000017718,50,,measured,0.0,38007.920000382,930
33.178,147.64399999999998,0.0,matmul-64x128x64,220996.6769996754,590.733,363988.5090000562,224.16000068187714,209.019,Current,one_shot,259890.6030001772,259299.87000017718,51,,measured,0.0,38007.920000382,930
33.123999999999995,255.44899999999998,0.0,matmul-64x128x64,220996.6769996754,750.52,401464.860000377,277.69601345062256,261.946,Random,one_shot,297366.954000498,296616.434000498,51,37316.564000320795,measured,0.0,38007.920000382,930
34.835,255.537,0.0,matmul-64x128x64,174459.18700013863,764.483,322579.91400068667,289.3120050430298,273.69,Predicted,one_shot,218482.00800080766,217717.52500080765,51,,measured,6024.364999575482,37232.894000226224,930
36.217,149.584,0.0,matmul-64x128x64,174459.18700013863,600.553,322415.9840006867,226.04799270629883,211.068,Predicted,one_shot,218318.07800080767,217717.52500080765,52,,measured,6024.364999575482,37232.894000226224,930
35.229,242.47499999999997,0.0,matmul-64x128x64,220996.6769996754,766.705,364164.48100005614,298.46400022506714,283.066,Current,one_shot,260066.57500017717,259299.87000017718,52,,measured,0.0,38007.920000382,930
33.778999999999996,242.957,0.0,matmul-64x128x64,220996.6769996754,740.949,401455.289000377,278.11199426651,262.522,Random,one_shot,297357.383000498,296616.434000498,52,37316.564000320795,measured,0.0,38007.920000382,930
33.572,148.002,0.0,matmul-64x128x64,220996.6769996754,609.914,401324.25400037697,240.79999327659607,226.075,Random,one_shot,297226.34800049796,296616.434000498,53,37316.564000320795,measured,0.0,38007.920000382,930
35.411,257.24,0.0,matmul-64x128x64,174459.18700013863,860.77,322676.2010006866,290.0800108909607,274.074,Predicted,one_shot,218578.29500080764,217717.52500080765,53,,measured,6024.364999575482,37232.894000226224,930
33.532,246.88600000000002,0.0,matmul-64x128x64,220996.6769996754,764.998,364162.7740000562,295.9040105342865,280.506,Current,one_shot,260064.86800017717,259299.87000017718,53,,measured,0.0,38007.920000382,930
32.873999999999995,148.241,0.0,matmul-64x128x64,220996.6769996754,591.945,363989.7210000562,224.09600019454956,209.115,Current,one_shot,259891.8150001772,259299.87000017718,54,,measured,0.0,38007.920000382,930
33.629999999999995,243.13,0.0,matmul-64x128x64,174459.18700013863,715.244,322530.67500068666,252.3519992828369,237.338,Predicted,one_shot,218432.76900080766,217717.52500080765,54,,measured,6024.364999575482,37232.894000226224,930
33.619,242.05299999999997,0.0,matmul-64x128x64,220996.6769996754,739.651,401453.991000377,279.00800108909607,263.386,Random,one_shot,297356.085000498,296616.434000498,54,37316.564000320795,measured,0.0,38007.920000382,930
33.984,249.659,0.0,matmul-64x128x64,174459.18700013863,731.093,322546.52400068665,261.1840069293976,245.69,Predicted,one_shot,218448.61800080765,217717.52500080765,55,,measured,6024.364999575482,37232.894000226224,930
35.51,244.44,0.0,matmul-64x128x64,220996.6769996754,1098.155,401812.495000377,274.6880054473877,257.018,Random,one_shot,297714.589000498,296616.434000498,55,37316.564000320795,measured,0.0,38007.920000382,930
35.037,250.56600000000003,0.0,matmul-64x128x64,220996.6769996754,765.399,364163.17500005616,290.912002325058,275.13,Current,one_shot,260065.26900017718,259299.87000017718,55,,measured,0.0,38007.920000382,930
35.242000000000004,249.40800000000002,0.0,matmul-64x128x64,174459.18700013863,759.802,322575.2330006866,287.1040105819702,271.45,Predicted,one_shot,218477.32700080765,217717.52500080765,56,,measured,6024.364999575482,37232.894000226224,930
34.55,247.672,0.0,matmul-64x128x64,220996.6769996754,714.936,364112.71200005617,247.45599925518036,231.867,Current,one_shot,260014.80600017717,259299.87000017718,56,,measured,0.0,38007.920000382,930
34.68,297.831,0.0,matmul-64x128x64,220996.6769996754,801.519,401515.85900037695,278.81601452827454,263.578,Random,one_shot,297417.95300049795,296616.434000498,56,37316.564000320795,measured,0.0,38007.920000382,930
32.166,161.852,0.0,matmul-64x128x64,220996.6769996754,621.708,401336.04800037696,242.01600253582,226.651,Random,one_shot,297238.14200049796,296616.434000498,57,37316.564000320795,measured,0.0,38007.920000382,930
34.553,244.12500000000003,0.0,matmul-64x128x64,220996.6769996754,714.048,364111.8240000562,250.75200200080872,235.162,Current,one_shot,260013.9180001772,259299.87000017718,57,,measured,0.0,38007.920000382,930
35.437,291.65899999999993,0.0,matmul-64x128x64,174459.18700013863,808.28,322623.7110006866,289.15199637413025,271.866,Predicted,one_shot,218525.80500080765,217717.52500080765,57,,measured,6024.364999575482,37232.894000226224,930
34.143,167.861,0.0,matmul-64x128x64,174459.18700013863,618.045,322433.47600068664,226.9120067358017,211.003,Predicted,one_shot,218335.57000080767,217717.52500080765,58,,measured,6024.364999575482,37232.894000226224,930
34.579,267.516,0.0,matmul-64x128x64,220996.6769996754,818.82,401533.160000377,279.2640030384064,263.162,Random,one_shot,297435.254000498,296616.434000498,58,37316.564000320795,measured,0.0,38007.920000382,930
70.686,266.872,0.0,matmul-64x128x64,220996.6769996754,842.417,364240.1930000562,292.4799919128418,272.954,Current,one_shot,260142.28700017717,259299.87000017718,58,,measured,0.0,38007.920000382,930
33.681,173.684,0.0,matmul-64x128x64,220996.6769996754,622.618,364020.3940000562,224.63999688625336,208.955,Current,one_shot,259922.48800017717,259299.87000017718,59,,measured,0.0,38007.920000382,930
34.267,260.51399999999995,0.0,matmul-64x128x64,220996.6769996754,754.287,401468.627000377,270.8800137042999,255.898,Random,one_shot,297370.721000498,296616.434000498,59,37316.564000320795,measured,0.0,38007.920000382,930
35.587,271.912,0.0,matmul-64x128x64,174459.18700013863,795.571,322611.00200068665,292.60799288749695,274.81,Predicted,one_shot,218513.09600080765,217717.52500080765,59,,measured,6024.364999575482,37232.894000226224,930
33.419,224.008,0.0,matmul-64x128x64,174459.18700013863,672.466,322487.8970006866,227.13600099086761,211.291,Predicted,one_shot,218389.99100080764,217717.52500080765,60,,measured,6024.364999575482,37232.894000226224,930
33.872,257.231,0.0,matmul-64x128x64,220996.6769996754,751.983,401466.323000377,272.3200023174286,257.274,Random,one_shot,297368.417000498,296616.434000498,60,37316.564000320795,measured,0.0,38007.920000382,930
34.55,253.04899999999998,0.0,matmul-64x128x64,220996.6769996754,763.99,364161.7660000562,290.20801186561584,275.322,Current,one_shot,260063.86000017717,259299.87000017718,60,,measured,0.0,38007.920000382,930
34.586,239.28300000000002,0.0,matmul-64x128x64,174459.18700013863,750.572,322566.00300068664,288.2559895515442,272.666,Predicted,one_shot,218468.09700080764,217717.52500080765,61,,measured,6024.364999575482,37232.894000226224,930
36.346000000000004,230.32900000000004,0.0,matmul-64x128x64,220996.6769996754,700.619,364098.3950000562,246.75199389457703,231.706,Current,one_shot,260000.4890001772,259299.87000017718,61,,measured,0.0,38007.920000382,930
42.817,233.42100000000002,0.0,matmul-64x128x64,220996.6769996754,752.984,401467.324000377,277.0240008831024,261.979,Random,one_shot,297369.418000498,296616.434000498,61,37316.564000320795,measured,0.0,38007.920000382,930
35.329,234.91199999999998,0.0,matmul-64x128x64,174459.18700013863,750.618,322566.0490006866,290.0480031967163,274.17,Predicted,one_shot,218468.14300080764,217717.52500080765,62,,measured,6024.364999575482,37232.894000226224,930
35.963,242.004,0.0,matmul-64x128x64,220996.6769996754,743.799,401458.139000377,272.2879946231842,257.05,Random,one_shot,297360.233000498,296616.434000498,62,37316.564000320795,measured,0.0,38007.920000382,930
34.347,247.228,0.0,matmul-64x128x64,220996.6769996754,760.937,364158.7130000562,290.43200612068176,274.842,Current,one_shot,260060.80700017718,259299.87000017718,62,,measured,0.0,38007.920000382,930
49.672,289.239,0.0,matmul-64x128x64,220996.6769996754,934.844,401649.18400037696,279.4240117073059,257.242,Random,one_shot,297551.27800049796,296616.434000498,63,37316.564000320795,measured,0.0,38007.920000382,930
50.108999999999995,298.45799999999997,0.0,matmul-64x128x64,174459.18700013863,969.916,322785.3470006867,297.85600304603577,273.625,Predicted,one_shot,218687.44100080765,217717.52500080765,63,,measured,6024.364999575482,37232.894000226224,930
49.976,305.495,0.0,matmul-64x128x64,220996.6769996754,990.067,364387.8430000562,306.2720000743866,278.842,Current,one_shot,260289.9370001772,259299.87000017718,63,,measured,0.0,38007.920000382,930
